<document name="About.js" url="About.js.html" visibility="default" rawName="About.js" fullName="About.js" staticName="Anguilla.About.js">
  <members>
    <properties>
      <property name="Tridion" url=".Anguilla.About.js.Tridion.html" visibility="public" rawName="Tridion" fullName="Tridion" staticName="About.js.Tridion" synopsis="About.js.Tridion: Object;" synopsisExtended="About.js.Tridion: &lt;a href=&quot;&quot;&gt;Object&lt;/a&gt;;" type="Object" virtual="true">
        <members>
          <properties>
            <property name="Controls" url=".Anguilla.About.js.Tridion.Controls.html" visibility="static" rawName="Tridion.Controls" fullName="Tridion.Controls" staticName="Tridion.Controls" synopsis="Tridion.Controls: Object;" synopsisExtended="Tridion.Controls: &lt;a href=&quot;&quot;&gt;Object&lt;/a&gt;;" type="Object" virtual="true">
              <members>
                <classes>
                  <class name="AboutControl" url=".Anguilla.About.js.Tridion.Controls.AboutControl.html" visibility="static" rawName="Tridion.Controls.AboutControl" fullName="Tridion.Controls.AboutControl" staticName="Controls.AboutControl" synopsis="var x: AboutControl = new AboutControl(element: HTMLElement);" synopsisExtended="var x: &lt;a href=&quot;.Anguilla.About.js.Tridion.Controls.AboutControl.html&quot;&gt;AboutControl&lt;/a&gt; = new AboutControl(element: HTMLElement);" type="Object">
                    <arguments value="element">
                      <argument name="element" type="HTMLElement" description="The html element that represents this control." />
                    </arguments>
                    <extends />
                    <documentation rawString="&#xA; * Implements the About Control&#xA; * @param {HTMLElement} element The html element that represents this control.&#xA; * @constructor&#xA; ">
                      <summary>Implements the About Control</summary>
                    </documentation>
                    <members>
                      <methods>
                        <method name="initialize" url=".Anguilla.About.js.Tridion.Controls.AboutControl.initialize.html" visibility="private" rawName="Tridion.Controls.AboutControl.prototype.initialize" fullName="Tridion.Controls.AboutControl.initialize" staticName="AboutControl.initialize" synopsis="initialize(): Void" synopsisExtended="initialize(): Void" type="Object">
                          <documentation rawString="&#xA; * Initializes the About Control&#xA; * @private&#xA; ">
                            <summary>Initializes the About Control</summary>
                          </documentation>
                        </method>
                        <method name="_onBtnClick" url=".Anguilla.About.js.Tridion.Controls.AboutControl._onBtnClick.html" visibility="private" rawName="Tridion.Controls.AboutControl.prototype._onBtnClick" fullName="Tridion.Controls.AboutControl._onBtnClick" staticName="AboutControl._onBtnClick" synopsis="_onBtnClick(event: DOMEvent): Void" synopsisExtended="_onBtnClick(event: DOMEvent): Void" type="Object">
                          <arguments value="">
                            <argument name="event" type="DOMEvent" description="The DOM click event that occured." />
                          </arguments>
                          <documentation rawString="&#xA; * Handles the click event on button.&#xA; * @param {DOMEvent} event The DOM click event that occured.&#xA; * @private &#xA; ">
                            <summary>Handles the click event on button.</summary>
                          </documentation>
                        </method>
                        <method name="_onPopupClosed" url=".Anguilla.About.js.Tridion.Controls.AboutControl._onPopupClosed.html" visibility="private" rawName="Tridion.Controls.AboutControl.prototype._onPopupClosed" fullName="Tridion.Controls.AboutControl._onPopupClosed" staticName="AboutControl._onPopupClosed" synopsis="_onPopupClosed(): Void" synopsisExtended="_onPopupClosed(): Void" type="Object">
                          <documentation rawString="&#xA; * Handles the popup unload even.&#xA; * @private &#xA; ">
                            <summary>Handles the popup unload even.</summary>
                          </documentation>
                        </method>
                      </methods>
                    </members>
                  </class>
                </classes>
              </members>
            </property>
          </properties>
        </members>
      </property>
    </properties>
  </members>
</document>