<class name="ActivityHistory.js" url="ActivityHistory.js.html" visibility="default" rawName="ActivityHistory.js" fullName="ActivityHistory.js" staticName="Anguilla.ActivityHistory.js">
  <documentation rawString="&#xA; * Represents an Activity History object.&#xA; * @namespace {Tridion.ContentManager}&#xA; * @param {String} id the Id of this item.&#xA; * @constructor&#xA; ">
    <summary>Represents an Activity History object.</summary>
  </documentation>
  <members>
    <properties>
      <property name="Tridion" url=".Anguilla.ActivityHistory.js.Tridion.html" visibility="public" rawName="Tridion" fullName="Tridion" staticName="ActivityHistory.js.Tridion" synopsis="ActivityHistory.js.Tridion: Object;" synopsisExtended="ActivityHistory.js.Tridion: &lt;a href=&quot;&quot;&gt;Object&lt;/a&gt;;" type="Object" virtual="true">
        <members>
          <properties>
            <property name="ContentManager" url=".Anguilla.ActivityHistory.js.Tridion.ContentManager.html" visibility="static" rawName="Tridion.ContentManager" fullName="Tridion.ContentManager" staticName="Tridion.ContentManager" synopsis="Tridion.ContentManager: Object;" synopsisExtended="Tridion.ContentManager: &lt;a href=&quot;&quot;&gt;Object&lt;/a&gt;;" type="Object" virtual="true">
              <members>
                <classes>
                  <class name="ActivityHistory" url=".Anguilla.ActivityHistory.js.Tridion.ContentManager.ActivityHistory.html" visibility="static" rawName="Tridion.ContentManager.ActivityHistory" fullName="Tridion.ContentManager.ActivityHistory" staticName="ContentManager.ActivityHistory" synopsis="var x: ActivityHistory = new ActivityHistory(id: String);" synopsisExtended="var x: &lt;a href=&quot;.Anguilla.ActivityHistory.js.Tridion.ContentManager.ActivityHistory.html&quot;&gt;ActivityHistory&lt;/a&gt; = new ActivityHistory(id: String);" type="Object">
                    <arguments value="id">
                      <argument name="id" type="String" description="the Id of this item." />
                    </arguments>
                    <extends />
                    <documentation rawString="&#xA; * Represents an Activity History object.&#xA; * @namespace {Tridion.ContentManager}&#xA; * @param {String} id the Id of this item.&#xA; * @constructor&#xA; ">
                      <summary>Represents an Activity History object.</summary>
                    </documentation>
                    <members>
                      <methods>
                        <method name="getItemType" url=".Anguilla.ActivityHistory.js.Tridion.ContentManager.ActivityHistory.getItemType.html" visibility="prototype" rawName="Tridion.ContentManager.ActivityHistory.prototype.getItemType" fullName="Tridion.ContentManager.ActivityHistory.getItemType" staticName="ActivityHistory.getItemType" synopsis="getItemType(): Tridion.Constants.ItemType" synopsisExtended="getItemType(): Tridion.Constants.ItemType" type="Object">
                          <documentation rawString="&#xA; * Returns the type of Activity History.&#xA; * @return {Tridion.Constants.ItemType} The type of the Activity History.&#xA; ">
                            <summary>Returns the type of Activity History.</summary>
                          </documentation>
                          <returns type="Tridion.Constants.ItemType" description="The type of the Activity History." />
                        </method>
                        <method name="invalidateReadOnlyProperties" url=".Anguilla.ActivityHistory.js.Tridion.ContentManager.ActivityHistory.invalidateReadOnlyProperties.html" visibility="prototype" rawName="Tridion.ContentManager.ActivityHistory.prototype.invalidateReadOnlyProperties" fullName="Tridion.ContentManager.ActivityHistory.invalidateReadOnlyProperties" staticName="ActivityHistory.invalidateReadOnlyProperties" synopsis="invalidateReadOnlyProperties(): Void" synopsisExtended="invalidateReadOnlyProperties(): Void" type="Object">
                          <documentation rawString="&#xA; * Invalidates the cached properties that are persistent during the editing session before save.&#xA; ">
                            <summary>Invalidates the cached properties that are persistent during the editing session before save.</summary>
                          </documentation>
                        </method>
                        <method name="isDataStatic" url=".Anguilla.ActivityHistory.js.Tridion.ContentManager.ActivityHistory.isDataStatic.html" visibility="prototype" rawName="Tridion.ContentManager.ActivityHistory.prototype.isDataStatic" fullName="Tridion.ContentManager.ActivityHistory.isDataStatic" staticName="ActivityHistory.isDataStatic" synopsis="isDataStatic(): Void" synopsisExtended="isDataStatic(): Void" type="Object" />
                        <method name="getApprovalStatusTitle" url=".Anguilla.ActivityHistory.js.Tridion.ContentManager.ActivityHistory.getApprovalStatusTitle.html" visibility="prototype" rawName="Tridion.ContentManager.ActivityHistory.prototype.getApprovalStatusTitle" fullName="Tridion.ContentManager.ActivityHistory.getApprovalStatusTitle" staticName="ActivityHistory.getApprovalStatusTitle" synopsis="getApprovalStatusTitle(): String" synopsisExtended="getApprovalStatusTitle(): String" type="Object">
                          <documentation rawString="&#xA; * Returns the Activity Type of Activity Instance.&#xA; * @return {String} The Activity Type of the Activity Instance.&#xA; ">
                            <summary>Returns the Activity Type of Activity Instance.</summary>
                          </documentation>
                          <returns type="String" description="The Activity Type of the Activity Instance." />
                        </method>
                        <method name="getSuspendDate" url=".Anguilla.ActivityHistory.js.Tridion.ContentManager.ActivityHistory.getSuspendDate.html" visibility="prototype" rawName="Tridion.ContentManager.ActivityHistory.prototype.getSuspendDate" fullName="Tridion.ContentManager.ActivityHistory.getSuspendDate" staticName="ActivityHistory.getSuspendDate" synopsis="getSuspendDate(): Void" synopsisExtended="getSuspendDate(): Void" type="Object" />
                        <method name="getProcessHistoryId" url=".Anguilla.ActivityHistory.js.Tridion.ContentManager.ActivityHistory.getProcessHistoryId.html" visibility="prototype" rawName="Tridion.ContentManager.ActivityHistory.prototype.getProcessHistoryId" fullName="Tridion.ContentManager.ActivityHistory.getProcessHistoryId" staticName="ActivityHistory.getProcessHistoryId" synopsis="getProcessHistoryId(): Void" synopsisExtended="getProcessHistoryId(): Void" type="Object" />
                        <method name="getProcessHistoryTitle" url=".Anguilla.ActivityHistory.js.Tridion.ContentManager.ActivityHistory.getProcessHistoryTitle.html" visibility="prototype" rawName="Tridion.ContentManager.ActivityHistory.prototype.getProcessHistoryTitle" fullName="Tridion.ContentManager.ActivityHistory.getProcessHistoryTitle" staticName="ActivityHistory.getProcessHistoryTitle" synopsis="getProcessHistoryTitle(): Void" synopsisExtended="getProcessHistoryTitle(): Void" type="Object" />
                        <method name="getProcessHistory" url=".Anguilla.ActivityHistory.js.Tridion.ContentManager.ActivityHistory.getProcessHistory.html" visibility="prototype" rawName="Tridion.ContentManager.ActivityHistory.prototype.getProcessHistory" fullName="Tridion.ContentManager.ActivityHistory.getProcessHistory" staticName="ActivityHistory.getProcessHistory" synopsis="getProcessHistory(): Void" synopsisExtended="getProcessHistory(): Void" type="Object" />
                        <method name="finish" url=".Anguilla.ActivityHistory.js.Tridion.ContentManager.ActivityHistory.finish.html" visibility="prototype" rawName="Tridion.ContentManager.ActivityHistory.prototype.finish" fullName="Tridion.ContentManager.ActivityHistory.finish" staticName="ActivityHistory.finish" synopsis="finish(finishMessage: Object, nextActivityTitle: Object, nextActivityId: Object, nextAssignee: Object): Void" synopsisExtended="finish(finishMessage: Object, nextActivityTitle: Object, nextActivityId: Object, nextAssignee: Object): Void" type="Object">
                          <arguments value="finishMessage, nextActivityTitle, nextActivityId, nextAssignee">
                            <argument name="finishMessage" type="Object" />
                            <argument name="nextActivityTitle" type="Object" />
                            <argument name="nextActivityId" type="Object" />
                            <argument name="nextAssignee" type="Object" />
                          </arguments>
                        </method>
                        <method name="start" url=".Anguilla.ActivityHistory.js.Tridion.ContentManager.ActivityHistory.start.html" visibility="prototype" rawName="Tridion.ContentManager.ActivityHistory.prototype.start" fullName="Tridion.ContentManager.ActivityHistory.start" staticName="ActivityHistory.start" synopsis="start(): Void" synopsisExtended="start(): Void" type="Object" />
                        <method name="assign" url=".Anguilla.ActivityHistory.js.Tridion.ContentManager.ActivityHistory.assign.html" visibility="prototype" rawName="Tridion.ContentManager.ActivityHistory.prototype.assign" fullName="Tridion.ContentManager.ActivityHistory.assign" staticName="ActivityHistory.assign" synopsis="assign(assigneeId: Object): Void" synopsisExtended="assign(assigneeId: Object): Void" type="Object">
                          <arguments value="assigneeId">
                            <argument name="assigneeId" type="Object" />
                          </arguments>
                        </method>
                        <method name="restart" url=".Anguilla.ActivityHistory.js.Tridion.ContentManager.ActivityHistory.restart.html" visibility="prototype" rawName="Tridion.ContentManager.ActivityHistory.prototype.restart" fullName="Tridion.ContentManager.ActivityHistory.restart" staticName="ActivityHistory.restart" synopsis="restart(): Void" synopsisExtended="restart(): Void" type="Object" />
                        <method name="applyListItemXml" url=".Anguilla.ActivityHistory.js.Tridion.ContentManager.ActivityHistory.applyListItemXml.html" visibility="prototype" rawName="Tridion.ContentManager.ActivityHistory.prototype.applyListItemXml" fullName="Tridion.ContentManager.ActivityHistory.applyListItemXml" staticName="ActivityHistory.applyListItemXml" synopsis="applyListItemXml(node: Object, parent: Object, timestamp: Object, isStatic: Object): Void" synopsisExtended="applyListItemXml(node: Object, parent: Object, timestamp: Object, isStatic: Object): Void" type="Object">
                          <arguments value="node, parent, timestamp, isStatic">
                            <argument name="node" type="Object" />
                            <argument name="parent" type="Object" />
                            <argument name="timestamp" type="Object" />
                            <argument name="isStatic" type="Object" />
                          </arguments>
                        </method>
                        <method name="_getResourceString" url=".Anguilla.ActivityHistory.js.Tridion.ContentManager.ActivityHistory._getResourceString.html" visibility="prototype" rawName="Tridion.ContentManager.ActivityHistory.prototype._getResourceString" fullName="Tridion.ContentManager.ActivityHistory._getResourceString" staticName="ActivityHistory._getResourceString" synopsis="_getResourceString(key: Object): Void" synopsisExtended="_getResourceString(key: Object): Void" type="Object">
                          <arguments value="key">
                            <argument name="key" type="Object" />
                          </arguments>
                        </method>
                      </methods>
                    </members>
                  </class>
                </classes>
              </members>
            </property>
          </properties>
        </members>
      </property>
    </properties>
  </members>
</class>