<document name="AddressBar.js" url="AddressBar.js.html" visibility="default" rawName="AddressBar.js" fullName="AddressBar.js" staticName="Anguilla.AddressBar.js">
  <members>
    <properties>
      <property name="Tridion" url=".Anguilla.AddressBar.js.Tridion.html" visibility="public" rawName="Tridion" fullName="Tridion" staticName="AddressBar.js.Tridion" synopsis="AddressBar.js.Tridion: Object;" synopsisExtended="AddressBar.js.Tridion: &lt;a href=&quot;&quot;&gt;Object&lt;/a&gt;;" type="Object" virtual="true">
        <members>
          <properties>
            <property name="Controls" url=".Anguilla.AddressBar.js.Tridion.Controls.html" visibility="static" rawName="Tridion.Controls" fullName="Tridion.Controls" staticName="Tridion.Controls" synopsis="Tridion.Controls: Object;" synopsisExtended="Tridion.Controls: &lt;a href=&quot;&quot;&gt;Object&lt;/a&gt;;" type="Object" virtual="true">
              <members>
                <classes>
                  <class name="AddressBar" url=".Anguilla.AddressBar.js.Tridion.Controls.AddressBar.html" visibility="static" rawName="Tridion.Controls.AddressBar" fullName="Tridion.Controls.AddressBar" staticName="Controls.AddressBar" synopsis="var x: AddressBar = new AddressBar(element: Object);" synopsisExtended="var x: &lt;a href=&quot;.Anguilla.AddressBar.js.Tridion.Controls.AddressBar.html&quot;&gt;AddressBar&lt;/a&gt; = new AddressBar(element: Object);" type="Object">
                    <arguments value="element">
                      <argument name="element" type="Object" />
                    </arguments>
                    <extends />
                    <members>
                      <methods>
                        <method name="initialize" url=".Anguilla.AddressBar.js.Tridion.Controls.AddressBar.initialize.html" visibility="prototype" rawName="Tridion.Controls.AddressBar.prototype.initialize" fullName="Tridion.Controls.AddressBar.initialize" staticName="AddressBar.initialize" synopsis="initialize(): Void" synopsisExtended="initialize(): Void" type="Object" />
                        <method name="_onAddressBarItemClick" url=".Anguilla.AddressBar.js.Tridion.Controls.AddressBar._onAddressBarItemClick.html" visibility="prototype" rawName="Tridion.Controls.AddressBar.prototype._onAddressBarItemClick" fullName="Tridion.Controls.AddressBar._onAddressBarItemClick" staticName="AddressBar._onAddressBarItemClick" synopsis="_onAddressBarItemClick(event: Object): Void" synopsisExtended="_onAddressBarItemClick(event: Object): Void" type="Object">
                          <arguments value="event">
                            <argument name="event" type="Object" />
                          </arguments>
                        </method>
                        <method name="_onAddressBarItemKeydown" url=".Anguilla.AddressBar.js.Tridion.Controls.AddressBar._onAddressBarItemKeydown.html" visibility="prototype" rawName="Tridion.Controls.AddressBar.prototype._onAddressBarItemKeydown" fullName="Tridion.Controls.AddressBar._onAddressBarItemKeydown" staticName="AddressBar._onAddressBarItemKeydown" synopsis="_onAddressBarItemKeydown(event: Object): Void" synopsisExtended="_onAddressBarItemKeydown(event: Object): Void" type="Object">
                          <arguments value="event">
                            <argument name="event" type="Object" />
                          </arguments>
                        </method>
                        <method name="_isValidKey" url=".Anguilla.AddressBar.js.Tridion.Controls.AddressBar._isValidKey.html" visibility="prototype" rawName="Tridion.Controls.AddressBar.prototype._isValidKey" fullName="Tridion.Controls.AddressBar._isValidKey" staticName="AddressBar._isValidKey" synopsis="_isValidKey(keyCode: Object): Void" synopsisExtended="_isValidKey(keyCode: Object): Void" type="Object">
                          <arguments value="keyCode">
                            <argument name="keyCode" type="Object" />
                          </arguments>
                        </method>
                        <method name="_getAdressbarItems" url=".Anguilla.AddressBar.js.Tridion.Controls.AddressBar._getAdressbarItems.html" visibility="prototype" rawName="Tridion.Controls.AddressBar.prototype._getAdressbarItems" fullName="Tridion.Controls.AddressBar._getAdressbarItems" staticName="AddressBar._getAdressbarItems" synopsis="_getAdressbarItems(selector: Object): Void" synopsisExtended="_getAdressbarItems(selector: Object): Void" type="Object">
                          <arguments value="selector">
                            <argument name="selector" type="Object" />
                          </arguments>
                        </method>
                        <method name="getContextUri" url=".Anguilla.AddressBar.js.Tridion.Controls.AddressBar.getContextUri.html" visibility="prototype" rawName="Tridion.Controls.AddressBar.prototype.getContextUri" fullName="Tridion.Controls.AddressBar.getContextUri" staticName="AddressBar.getContextUri" synopsis="getContextUri(): Void" synopsisExtended="getContextUri(): Void" type="Object" />
                        <method name="setData" url=".Anguilla.AddressBar.js.Tridion.Controls.AddressBar.setData.html" visibility="prototype" rawName="Tridion.Controls.AddressBar.prototype.setData" fullName="Tridion.Controls.AddressBar.setData" staticName="AddressBar.setData" synopsis="setData(value: Object, redraw: Object): Void" synopsisExtended="setData(value: Object, redraw: Object): Void" type="Object">
                          <arguments value="value, redraw">
                            <argument name="value" type="Object" />
                            <argument name="redraw" type="Object" />
                          </arguments>
                        </method>
                        <method name="getData" url=".Anguilla.AddressBar.js.Tridion.Controls.AddressBar.getData.html" visibility="prototype" rawName="Tridion.Controls.AddressBar.prototype.getData" fullName="Tridion.Controls.AddressBar.getData" staticName="AddressBar.getData" synopsis="getData(): Void" synopsisExtended="getData(): Void" type="Object" />
                        <method name="setSeparator" url=".Anguilla.AddressBar.js.Tridion.Controls.AddressBar.setSeparator.html" visibility="prototype" rawName="Tridion.Controls.AddressBar.prototype.setSeparator" fullName="Tridion.Controls.AddressBar.setSeparator" staticName="AddressBar.setSeparator" synopsis="setSeparator(value: Object): Void" synopsisExtended="setSeparator(value: Object): Void" type="Object">
                          <arguments value="value">
                            <argument name="value" type="Object" />
                          </arguments>
                        </method>
                        <method name="_render" url=".Anguilla.AddressBar.js.Tridion.Controls.AddressBar._render.html" visibility="prototype" rawName="Tridion.Controls.AddressBar.prototype._render" fullName="Tridion.Controls.AddressBar._render" staticName="AddressBar._render" synopsis="_render(): Void" synopsisExtended="_render(): Void" type="Object" />
                        <method name="createItem" url=".Anguilla.AddressBar.js.Tridion.Controls.AddressBar.createItem.html" visibility="prototype" rawName="Tridion.Controls.AddressBar.prototype.createItem" fullName="Tridion.Controls.AddressBar.createItem" staticName="AddressBar.createItem" synopsis="createItem(index: Object, uri: Object, title: Object): Void" synopsisExtended="createItem(index: Object, uri: Object, title: Object): Void" type="Object">
                          <arguments value="index, uri, title">
                            <argument name="index" type="Object" />
                            <argument name="uri" type="Object" />
                            <argument name="title" type="Object" />
                          </arguments>
                        </method>
                        <method name="_createSeparator" url=".Anguilla.AddressBar.js.Tridion.Controls.AddressBar._createSeparator.html" visibility="prototype" rawName="Tridion.Controls.AddressBar.prototype._createSeparator" fullName="Tridion.Controls.AddressBar._createSeparator" staticName="AddressBar._createSeparator" synopsis="_createSeparator(): Void" synopsisExtended="_createSeparator(): Void" type="Object" />
                        <method name="_createEllipsisSeparator" url=".Anguilla.AddressBar.js.Tridion.Controls.AddressBar._createEllipsisSeparator.html" visibility="prototype" rawName="Tridion.Controls.AddressBar.prototype._createEllipsisSeparator" fullName="Tridion.Controls.AddressBar._createEllipsisSeparator" staticName="AddressBar._createEllipsisSeparator" synopsis="_createEllipsisSeparator(): Void" synopsisExtended="_createEllipsisSeparator(): Void" type="Object" />
                        <method name="_cleanup" url=".Anguilla.AddressBar.js.Tridion.Controls.AddressBar._cleanup.html" visibility="prototype" rawName="Tridion.Controls.AddressBar.prototype._cleanup" fullName="Tridion.Controls.AddressBar._cleanup" staticName="AddressBar._cleanup" synopsis="_cleanup(): Void" synopsisExtended="_cleanup(): Void" type="Object" />
                        <method name="_addEventHandlers" url=".Anguilla.AddressBar.js.Tridion.Controls.AddressBar._addEventHandlers.html" visibility="prototype" rawName="Tridion.Controls.AddressBar.prototype._addEventHandlers" fullName="Tridion.Controls.AddressBar._addEventHandlers" staticName="AddressBar._addEventHandlers" synopsis="_addEventHandlers(): Void" synopsisExtended="_addEventHandlers(): Void" type="Object" />
                        <method name="_removeEventHandlers" url=".Anguilla.AddressBar.js.Tridion.Controls.AddressBar._removeEventHandlers.html" visibility="prototype" rawName="Tridion.Controls.AddressBar.prototype._removeEventHandlers" fullName="Tridion.Controls.AddressBar._removeEventHandlers" staticName="AddressBar._removeEventHandlers" synopsis="_removeEventHandlers(): Void" synopsisExtended="_removeEventHandlers(): Void" type="Object" />
                        <method name="addElementEventHandlers" url=".Anguilla.AddressBar.js.Tridion.Controls.AddressBar.addElementEventHandlers.html" visibility="prototype" rawName="Tridion.Controls.AddressBar.prototype.addElementEventHandlers" fullName="Tridion.Controls.AddressBar.addElementEventHandlers" staticName="AddressBar.addElementEventHandlers" synopsis="addElementEventHandlers(element: Object): Void" synopsisExtended="addElementEventHandlers(element: Object): Void" type="Object">
                          <arguments value="element">
                            <argument name="element" type="Object" />
                          </arguments>
                        </method>
                        <method name="removeElementEventHandlers" url=".Anguilla.AddressBar.js.Tridion.Controls.AddressBar.removeElementEventHandlers.html" visibility="prototype" rawName="Tridion.Controls.AddressBar.prototype.removeElementEventHandlers" fullName="Tridion.Controls.AddressBar.removeElementEventHandlers" staticName="AddressBar.removeElementEventHandlers" synopsis="removeElementEventHandlers(element: Object): Void" synopsisExtended="removeElementEventHandlers(element: Object): Void" type="Object">
                          <arguments value="element">
                            <argument name="element" type="Object" />
                          </arguments>
                        </method>
                        <method name="disposeInterface" url=".Anguilla.AddressBar.js.Tridion.Controls.AddressBar.disposeInterface.html" visibility="prototype" rawName="Tridion.Controls.AddressBar.prototype.disposeInterface" fullName="Tridion.Controls.AddressBar.disposeInterface" staticName="AddressBar.disposeInterface" synopsis="disposeInterface(): Void" synopsisExtended="disposeInterface(): Void" type="Object" />
                      </methods>
                    </members>
                  </class>
                </classes>
              </members>
            </property>
          </properties>
        </members>
      </property>
    </properties>
  </members>
</document>