<document name="Animation.js" url="Animation.js.html" visibility="default" rawName="Animation.js" fullName="Animation.js" staticName="Anguilla.Animation.js">
  <members>
    <properties>
      <property name="Tridion" url=".Anguilla.Animation.js.Tridion.html" visibility="public" rawName="Tridion" fullName="Tridion" staticName="Animation.js.Tridion" synopsis="Animation.js.Tridion: Object;" synopsisExtended="Animation.js.Tridion: &lt;a href=&quot;&quot;&gt;Object&lt;/a&gt;;" type="Object" virtual="true">
        <members>
          <properties>
            <property name="Utils" url=".Anguilla.Animation.js.Tridion.Utils.html" visibility="static" rawName="Tridion.Utils" fullName="Tridion.Utils" staticName="Tridion.Utils" synopsis="Tridion.Utils: Object;" synopsisExtended="Tridion.Utils: &lt;a href=&quot;&quot;&gt;Object&lt;/a&gt;;" type="Object" virtual="true">
              <members>
                <properties>
                  <property name="Animation" url=".Anguilla.Animation.js.Tridion.Utils.Animation.html" visibility="static" rawName="Tridion.Utils.Animation" fullName="Tridion.Utils.Animation" staticName="Utils.Animation" synopsis="Utils.Animation: Object;" synopsisExtended="Utils.Animation: &lt;a href=&quot;&quot;&gt;Object&lt;/a&gt;;" type="Object" />
                </properties>
              </members>
            </property>
          </properties>
        </members>
      </property>
      <property name="$animation" url=".Anguilla.Animation.js.$animation.html" visibility="public" rawName="$animation" fullName="$animation" staticName="Animation.js.$animation" synopsis="Animation.js.$animation: Object;" synopsisExtended="Animation.js.$animation: &lt;a href=&quot;&quot;&gt;Object&lt;/a&gt;;" type="Object" virtual="true">
        <members>
          <methods>
            <method name="add" url=".Anguilla.Animation.js.$animation.add.html" visibility="static" rawName="$animation.add" fullName="$animation.add" staticName="$animation.add" synopsis="add(animationDetails: Object): Void" synopsisExtended="add(animationDetails: Object): Void" type="Object">
              <arguments value="animationDetails">
                <argument name="animationDetails" type="Object" />
              </arguments>
            </method>
            <method name="isActive" url=".Anguilla.Animation.js.$animation.isActive.html" visibility="static" rawName="$animation.isActive" fullName="$animation.isActive" staticName="$animation.isActive" synopsis="isActive(): Void" synopsisExtended="isActive(): Void" type="Object" />
            <method name="stop" url=".Anguilla.Animation.js.$animation.stop.html" visibility="static" rawName="$animation.stop" fullName="$animation.stop" staticName="$animation.stop" synopsis="stop(index: Object): Void" synopsisExtended="stop(index: Object): Void" type="Object">
              <arguments value="index">
                <argument name="index" type="Object" />
              </arguments>
            </method>
            <method name="_remove" url=".Anguilla.Animation.js.$animation._remove.html" visibility="static" rawName="$animation._remove" fullName="$animation._remove" staticName="$animation._remove" synopsis="_remove(index: Object): Void" synopsisExtended="_remove(index: Object): Void" type="Object">
              <arguments value="index">
                <argument name="index" type="Object" />
              </arguments>
            </method>
            <method name="_process" url=".Anguilla.Animation.js.$animation._process.html" visibility="static" rawName="$animation._process" fullName="$animation._process" staticName="$animation._process" synopsis="_process(index: Object, currentTime: Object): Void" synopsisExtended="_process(index: Object, currentTime: Object): Void" type="Object">
              <arguments value="index, currentTime">
                <argument name="index" type="Object" />
                <argument name="currentTime" type="Object" />
              </arguments>
            </method>
            <method name="_runSequence" url=".Anguilla.Animation.js.$animation._runSequence.html" visibility="static" rawName="$animation._runSequence" fullName="$animation._runSequence" staticName="$animation._runSequence" synopsis="_runSequence(): Void" synopsisExtended="_runSequence(): Void" type="Object" />
            <method name="_run" url=".Anguilla.Animation.js.$animation._run.html" visibility="static" rawName="$animation._run" fullName="$animation._run" staticName="$animation._run" synopsis="_run(): Void" synopsisExtended="_run(): Void" type="Object" />
            <method name="_start" url=".Anguilla.Animation.js.$animation._start.html" visibility="static" rawName="$animation._start" fullName="$animation._start" staticName="$animation._start" synopsis="_start(): Void" synopsisExtended="_start(): Void" type="Object" />
            <method name="_parseParams" url=".Anguilla.Animation.js.$animation._parseParams.html" visibility="static" rawName="$animation._parseParams" fullName="$animation._parseParams" staticName="$animation._parseParams" synopsis="_parseParams(animationDetails: Object): Void" synopsisExtended="_parseParams(animationDetails: Object): Void" type="Object">
              <arguments value="animationDetails">
                <argument name="animationDetails" type="Object" />
              </arguments>
            </method>
            <method name="_interpolateColor" url=".Anguilla.Animation.js.$animation._interpolateColor.html" visibility="static" rawName="$animation._interpolateColor" fullName="$animation._interpolateColor" staticName="$animation._interpolateColor" synopsis="_interpolateColor(colA: Object, colB: Object, p: Object): Void" synopsisExtended="_interpolateColor(colA: Object, colB: Object, p: Object): Void" type="Object">
              <arguments value="colA, colB, p">
                <argument name="colA" type="Object" />
                <argument name="colB" type="Object" />
                <argument name="p" type="Object" />
              </arguments>
            </method>
            <method name="_interpolateProperty" url=".Anguilla.Animation.js.$animation._interpolateProperty.html" visibility="static" rawName="$animation._interpolateProperty" fullName="$animation._interpolateProperty" staticName="$animation._interpolateProperty" synopsis="_interpolateProperty(valA: Object, valB: Object, p: Object): Void" synopsisExtended="_interpolateProperty(valA: Object, valB: Object, p: Object): Void" type="Object">
              <arguments value="valA, valB, p">
                <argument name="valA" type="Object" />
                <argument name="valB" type="Object" />
                <argument name="p" type="Object" />
              </arguments>
            </method>
            <method name="_expandDimensionProperty" url=".Anguilla.Animation.js.$animation._expandDimensionProperty.html" visibility="static" rawName="$animation._expandDimensionProperty" fullName="$animation._expandDimensionProperty" staticName="$animation._expandDimensionProperty" synopsis="_expandDimensionProperty(value: Object): Void" synopsisExtended="_expandDimensionProperty(value: Object): Void" type="Object">
              <arguments value="value">
                <argument name="value" type="Object" />
              </arguments>
            </method>
            <method name="_incrementProperty" url=".Anguilla.Animation.js.$animation._incrementProperty.html" visibility="static" rawName="$animation._incrementProperty" fullName="$animation._incrementProperty" staticName="$animation._incrementProperty" synopsis="_incrementProperty(from: Object, by: Object): Void" synopsisExtended="_incrementProperty(from: Object, by: Object): Void" type="Object">
              <arguments value="from, by">
                <argument name="from" type="Object" />
                <argument name="by" type="Object" />
              </arguments>
            </method>
          </methods>
          <properties>
            <property name="curve" url=".Anguilla.Animation.js.$animation.curve.html" visibility="instance" rawName="$animation.curve" fullName="$animation.curve" staticName="$animation.curve" synopsis="$animation.curve: Object;" synopsisExtended="$animation.curve: &lt;a href=&quot;&quot;&gt;Object&lt;/a&gt;;" type="Object">
              <members>
                <methods>
                  <method name="step" url=".Anguilla.Animation.js.$animation.curve.step.html" visibility="instance" rawName="step" fullName="step" staticName="curve.step" synopsis="step(x: Object): Void" synopsisExtended="step(x: Object): Void" type="Object">
                    <arguments value="x">
                      <argument name="x" type="Object" />
                    </arguments>
                  </method>
                  <method name="sine_accel" url=".Anguilla.Animation.js.$animation.curve.sine_accel.html" visibility="instance" rawName="sine_accel" fullName="sine_accel" staticName="curve.sine_accel" synopsis="sine_accel(x: Object): Void" synopsisExtended="sine_accel(x: Object): Void" type="Object">
                    <arguments value="x">
                      <argument name="x" type="Object" />
                    </arguments>
                  </method>
                  <method name="sine_decel" url=".Anguilla.Animation.js.$animation.curve.sine_decel.html" visibility="instance" rawName="sine_decel" fullName="sine_decel" staticName="curve.sine_decel" synopsis="sine_decel(x: Object): Void" synopsisExtended="sine_decel(x: Object): Void" type="Object">
                    <arguments value="x">
                      <argument name="x" type="Object" />
                    </arguments>
                  </method>
                  <method name="sinesquare" url=".Anguilla.Animation.js.$animation.curve.sinesquare.html" visibility="instance" rawName="sinesquare" fullName="sinesquare" staticName="curve.sinesquare" synopsis="sinesquare(x: Object): Void" synopsisExtended="sinesquare(x: Object): Void" type="Object">
                    <arguments value="x">
                      <argument name="x" type="Object" />
                    </arguments>
                  </method>
                  <method name="logistic" url=".Anguilla.Animation.js.$animation.curve.logistic.html" visibility="instance" rawName="logistic" fullName="logistic" staticName="curve.logistic" synopsis="logistic(x: Object): Void" synopsisExtended="logistic(x: Object): Void" type="Object">
                    <arguments value="x">
                      <argument name="x" type="Object" />
                    </arguments>
                  </method>
                  <method name="quadratic_accel" url=".Anguilla.Animation.js.$animation.curve.quadratic_accel.html" visibility="instance" rawName="quadratic_accel" fullName="quadratic_accel" staticName="curve.quadratic_accel" synopsis="quadratic_accel(x: Object): Void" synopsisExtended="quadratic_accel(x: Object): Void" type="Object">
                    <arguments value="x">
                      <argument name="x" type="Object" />
                    </arguments>
                  </method>
                  <method name="quadratic_decel" url=".Anguilla.Animation.js.$animation.curve.quadratic_decel.html" visibility="instance" rawName="quadratic_decel" fullName="quadratic_decel" staticName="curve.quadratic_decel" synopsis="quadratic_decel(x: Object): Void" synopsisExtended="quadratic_decel(x: Object): Void" type="Object">
                    <arguments value="x">
                      <argument name="x" type="Object" />
                    </arguments>
                  </method>
                  <method name="quadratic" url=".Anguilla.Animation.js.$animation.curve.quadratic.html" visibility="instance" rawName="quadratic" fullName="quadratic" staticName="curve.quadratic" synopsis="quadratic(x: Object): Void" synopsisExtended="quadratic(x: Object): Void" type="Object">
                    <arguments value="x">
                      <argument name="x" type="Object" />
                    </arguments>
                  </method>
                  <method name="cubic_accel" url=".Anguilla.Animation.js.$animation.curve.cubic_accel.html" visibility="instance" rawName="cubic_accel" fullName="cubic_accel" staticName="curve.cubic_accel" synopsis="cubic_accel(x: Object): Void" synopsisExtended="cubic_accel(x: Object): Void" type="Object">
                    <arguments value="x">
                      <argument name="x" type="Object" />
                    </arguments>
                  </method>
                  <method name="cubic_decel" url=".Anguilla.Animation.js.$animation.curve.cubic_decel.html" visibility="instance" rawName="cubic_decel" fullName="cubic_decel" staticName="curve.cubic_decel" synopsis="cubic_decel(x: Object): Void" synopsisExtended="cubic_decel(x: Object): Void" type="Object">
                    <arguments value="x">
                      <argument name="x" type="Object" />
                    </arguments>
                  </method>
                  <method name="cubic" url=".Anguilla.Animation.js.$animation.curve.cubic.html" visibility="instance" rawName="cubic" fullName="cubic" staticName="curve.cubic" synopsis="cubic(x: Object): Void" synopsisExtended="cubic(x: Object): Void" type="Object">
                    <arguments value="x">
                      <argument name="x" type="Object" />
                    </arguments>
                  </method>
                  <method name="circle_accel" url=".Anguilla.Animation.js.$animation.curve.circle_accel.html" visibility="instance" rawName="circle_accel" fullName="circle_accel" staticName="curve.circle_accel" synopsis="circle_accel(x: Object): Void" synopsisExtended="circle_accel(x: Object): Void" type="Object">
                    <arguments value="x">
                      <argument name="x" type="Object" />
                    </arguments>
                  </method>
                  <method name="circle_decel" url=".Anguilla.Animation.js.$animation.curve.circle_decel.html" visibility="instance" rawName="circle_decel" fullName="circle_decel" staticName="curve.circle_decel" synopsis="circle_decel(x: Object): Void" synopsisExtended="circle_decel(x: Object): Void" type="Object">
                    <arguments value="x">
                      <argument name="x" type="Object" />
                    </arguments>
                  </method>
                  <method name="circle" url=".Anguilla.Animation.js.$animation.curve.circle.html" visibility="instance" rawName="circle" fullName="circle" staticName="curve.circle" synopsis="circle(x: Object): Void" synopsisExtended="circle(x: Object): Void" type="Object">
                    <arguments value="x">
                      <argument name="x" type="Object" />
                    </arguments>
                  </method>
                  <method name="bounce" url=".Anguilla.Animation.js.$animation.curve.bounce.html" visibility="instance" rawName="bounce" fullName="bounce" staticName="curve.bounce" synopsis="bounce(x: Object): Void" synopsisExtended="bounce(x: Object): Void" type="Object">
                    <arguments value="x">
                      <argument name="x" type="Object" />
                    </arguments>
                  </method>
                  <method name="exponential_accel" url=".Anguilla.Animation.js.$animation.curve.exponential_accel.html" visibility="instance" rawName="exponential_accel" fullName="exponential_accel" staticName="curve.exponential_accel" synopsis="exponential_accel(x: Object): Void" synopsisExtended="exponential_accel(x: Object): Void" type="Object">
                    <arguments value="x">
                      <argument name="x" type="Object" />
                    </arguments>
                  </method>
                  <method name="exponential_decel" url=".Anguilla.Animation.js.$animation.curve.exponential_decel.html" visibility="instance" rawName="exponential_decel" fullName="exponential_decel" staticName="curve.exponential_decel" synopsis="exponential_decel(x: Object): Void" synopsisExtended="exponential_decel(x: Object): Void" type="Object">
                    <arguments value="x">
                      <argument name="x" type="Object" />
                    </arguments>
                  </method>
                  <method name="exponential" url=".Anguilla.Animation.js.$animation.curve.exponential.html" visibility="instance" rawName="exponential" fullName="exponential" staticName="curve.exponential" synopsis="exponential(x: Object): Void" synopsisExtended="exponential(x: Object): Void" type="Object">
                    <arguments value="x">
                      <argument name="x" type="Object" />
                    </arguments>
                  </method>
                  <method name="overshoot" url=".Anguilla.Animation.js.$animation.curve.overshoot.html" visibility="instance" rawName="overshoot" fullName="overshoot" staticName="curve.overshoot" synopsis="overshoot(x: Object): Void" synopsisExtended="overshoot(x: Object): Void" type="Object">
                    <arguments value="x">
                      <argument name="x" type="Object" />
                    </arguments>
                  </method>
                  <method name="elastic" url=".Anguilla.Animation.js.$animation.curve.elastic.html" visibility="instance" rawName="elastic" fullName="elastic" staticName="curve.elastic" synopsis="elastic(x: Object): Void" synopsisExtended="elastic(x: Object): Void" type="Object">
                    <arguments value="x">
                      <argument name="x" type="Object" />
                    </arguments>
                  </method>
                </methods>
                <properties>
                  <property name="linear" url=".Anguilla.Animation.js.$animation.curve.linear.html" visibility="instance" rawName="linear" fullName="linear" staticName="curve.linear" synopsis="curve.linear: Object;" synopsisExtended="curve.linear: &lt;a href=&quot;&quot;&gt;Object&lt;/a&gt;;" type="Object" />
                </properties>
              </members>
            </property>
          </properties>
        </members>
      </property>
    </properties>
  </members>
</document>