<document name="AssignActivity.js" url="AssignActivity.js.html" visibility="default" rawName="AssignActivity.js" fullName="AssignActivity.js" staticName="Anguilla.AssignActivity.js">
  <members>
    <properties>
      <property name="Tridion" url=".Anguilla.AssignActivity.js.Tridion.html" visibility="public" rawName="Tridion" fullName="Tridion" staticName="AssignActivity.js.Tridion" synopsis="AssignActivity.js.Tridion: Object;" synopsisExtended="AssignActivity.js.Tridion: &lt;a href=&quot;&quot;&gt;Object&lt;/a&gt;;" type="Object" virtual="true">
        <members>
          <properties>
            <property name="Cme" url=".Anguilla.AssignActivity.js.Tridion.Cme.html" visibility="static" rawName="Tridion.Cme" fullName="Tridion.Cme" staticName="Tridion.Cme" synopsis="Tridion.Cme: Object;" synopsisExtended="Tridion.Cme: &lt;a href=&quot;&quot;&gt;Object&lt;/a&gt;;" type="Object" virtual="true">
              <members>
                <properties>
                  <property name="Views" url=".Anguilla.AssignActivity.js.Tridion.Cme.Views.html" visibility="static" rawName="Tridion.Cme.Views" fullName="Tridion.Cme.Views" staticName="Cme.Views" synopsis="Cme.Views: Object;" synopsisExtended="Cme.Views: &lt;a href=&quot;&quot;&gt;Object&lt;/a&gt;;" type="Object" virtual="true">
                    <members>
                      <classes>
                        <class name="AssignActivity" url=".Anguilla.AssignActivity.js.Tridion.Cme.Views.AssignActivity.html" visibility="static" rawName="Tridion.Cme.Views.AssignActivity" fullName="Tridion.Cme.Views.AssignActivity" staticName="Views.AssignActivity" synopsis="var x: AssignActivity = new AssignActivity();" synopsisExtended="var x: &lt;a href=&quot;.Anguilla.AssignActivity.js.Tridion.Cme.Views.AssignActivity.html&quot;&gt;AssignActivity&lt;/a&gt; = new AssignActivity();" type="Object">
                          <extends />
                          <documentation rawString="&#xA; * Implements Shared Item Options popup view.&#xA; * @constructor&#xA; ">
                            <summary>Implements Shared Item Options popup view.</summary>
                          </documentation>
                          <members>
                            <methods>
                              <method name="_onListDefinitionLoaded" url=".Anguilla.AssignActivity.js.Tridion.Cme.Views.AssignActivity._onListDefinitionLoaded.html" visibility="prototype" rawName="Tridion.Cme.Views.AssignActivity.prototype._onListDefinitionLoaded" fullName="Tridion.Cme.Views.AssignActivity._onListDefinitionLoaded" staticName="AssignActivity._onListDefinitionLoaded" synopsis="_onListDefinitionLoaded(definitions: XMLDocument): Void" synopsisExtended="_onListDefinitionLoaded(definitions: XMLDocument): Void" type="Object">
                                <arguments value="definition">
                                  <argument name="definitions" type="XMLDocument" description="Definitions XML document." />
                                </arguments>
                                <documentation rawString="&#xA; * Handles the definitions XML document is load event.&#xA; * @param {XMLDocument} definitions Definitions XML document.&#xA; ">
                                  <summary>Handles the definitions XML document is load event.</summary>
                                </documentation>
                              </method>
                              <method name="_onListDefinitionLoadFailed" url=".Anguilla.AssignActivity.js.Tridion.Cme.Views.AssignActivity._onListDefinitionLoadFailed.html" visibility="prototype" rawName="Tridion.Cme.Views.AssignActivity.prototype._onListDefinitionLoadFailed" fullName="Tridion.Cme.Views.AssignActivity._onListDefinitionLoadFailed" staticName="AssignActivity._onListDefinitionLoadFailed" synopsis="_onListDefinitionLoadFailed(): Void" synopsisExtended="_onListDefinitionLoadFailed(): Void" type="Object">
                                <documentation rawString="&#xA; * Handles the definitions XML document load faild event.&#xA; ">
                                  <summary>Handles the definitions XML document load faild event.</summary>
                                </documentation>
                              </method>
                              <method name="_populateListTrustee" url=".Anguilla.AssignActivity.js.Tridion.Cme.Views.AssignActivity._populateListTrustee.html" visibility="prototype" rawName="Tridion.Cme.Views.AssignActivity.prototype._populateListTrustee" fullName="Tridion.Cme.Views.AssignActivity._populateListTrustee" staticName="AssignActivity._populateListTrustee" synopsis="_populateListTrustee(): Void" synopsisExtended="_populateListTrustee(): Void" type="Object">
                                <documentation rawString="&#xA; * Populates list trustees&#xA; ">
                                  <summary>Populates list trustees</summary>
                                </documentation>
                              </method>
                              <method name="initialize" url=".Anguilla.AssignActivity.js.Tridion.Cme.Views.AssignActivity.initialize.html" visibility="private" rawName="Tridion.Cme.Views.AssignActivity.prototype.initialize" fullName="Tridion.Cme.Views.AssignActivity.initialize" staticName="AssignActivity.initialize" synopsis="initialize(): Void" synopsisExtended="initialize(): Void" type="Object">
                                <documentation rawString="&#xA; * Initializes Shared Item Options popup view.&#xA; * @private&#xA; ">
                                  <summary>Initializes Shared Item Options popup view.</summary>
                                </documentation>
                              </method>
                              <method name="_onWorkItemLoaded" url=".Anguilla.AssignActivity.js.Tridion.Cme.Views.AssignActivity._onWorkItemLoaded.html" visibility="private" rawName="Tridion.Cme.Views.AssignActivity.prototype._onWorkItemLoaded" fullName="Tridion.Cme.Views.AssignActivity._onWorkItemLoaded" staticName="AssignActivity._onWorkItemLoaded" synopsis="_onWorkItemLoaded(itemId: String): Void" synopsisExtended="_onWorkItemLoaded(itemId: String): Void" type="Object">
                                <arguments value="event">
                                  <argument name="itemId" type="String" description="TCM item id." />
                                </arguments>
                                <documentation rawString="&#xA; * Populates Item activity info&#xA; * @param {String} itemId TCM item id.&#xA; * @private&#xA; ">
                                  <summary>Populates Item activity info</summary>
                                </documentation>
                              </method>
                              <method name="_populateActivityInfo" url=".Anguilla.AssignActivity.js.Tridion.Cme.Views.AssignActivity._populateActivityInfo.html" visibility="private" rawName="Tridion.Cme.Views.AssignActivity.prototype._populateActivityInfo" fullName="Tridion.Cme.Views.AssignActivity._populateActivityInfo" staticName="AssignActivity._populateActivityInfo" synopsis="_populateActivityInfo(itemId: String): Void" synopsisExtended="_populateActivityInfo(itemId: String): Void" type="Object">
                                <arguments value="activityInstanceId">
                                  <argument name="itemId" type="String" description="TCM item id." />
                                </arguments>
                                <documentation rawString="&#xA; * Populates Item activity info&#xA; * @param {String} itemId TCM item id.&#xA; * @private&#xA; ">
                                  <summary>Populates Item activity info</summary>
                                </documentation>
                                <members>
                                  <methods>
                                    <method name="AssignActivity$_onActivityInstanceLoad" url=".Anguilla.AssignActivity.js.Tridion.Cme.Views.AssignActivity._populateActivityInfo.AssignActivity$_onActivityInstanceLoad.html" visibility="private" rawName="AssignActivity$_onActivityInstanceLoad" fullName="AssignActivity$_onActivityInstanceLoad" staticName="_populateActivityInfo.AssignActivity$_onActivityInstanceLoad" synopsis="AssignActivity$_onActivityInstanceLoad(event: Object): Void" synopsisExtended="AssignActivity$_onActivityInstanceLoad(event: Object): Void" type="Object">
                                      <arguments value="event">
                                        <argument name="event" type="Object" />
                                      </arguments>
                                    </method>
                                  </methods>
                                </members>
                              </method>
                              <method name="_populatePopup" url=".Anguilla.AssignActivity.js.Tridion.Cme.Views.AssignActivity._populatePopup.html" visibility="private" rawName="Tridion.Cme.Views.AssignActivity.prototype._populatePopup" fullName="Tridion.Cme.Views.AssignActivity._populatePopup" staticName="AssignActivity._populatePopup" synopsis="_populatePopup(): Void" synopsisExtended="_populatePopup(): Void" type="Object">
                                <documentation rawString="&#xA; * Populates assign activity dialog&#xA; * @private &#xA; ">
                                  <summary>Populates assign activity dialog</summary>
                                </documentation>
                              </method>
                              <method name="_onAssignButtonClicked" url=".Anguilla.AssignActivity.js.Tridion.Cme.Views.AssignActivity._onAssignButtonClicked.html" visibility="private" rawName="Tridion.Cme.Views.AssignActivity.prototype._onAssignButtonClicked" fullName="Tridion.Cme.Views.AssignActivity._onAssignButtonClicked" staticName="AssignActivity._onAssignButtonClicked" synopsis="_onAssignButtonClicked(event: DOMEvent): Void" synopsisExtended="_onAssignButtonClicked(event: DOMEvent): Void" type="Object">
                                <arguments value="event">
                                  <argument name="event" type="DOMEvent" description="The DOM click event that occured." />
                                </arguments>
                                <documentation rawString="&#xA;* Reacts to the DOM click event.&#xA;* @param {DOMEvent} event The DOM click event that occured.&#xA;* @private&#xA;">
                                  <summary>Reacts to the DOM click event.</summary>
                                </documentation>
                              </method>
                              <method name="_onCancelButtonClicked" url=".Anguilla.AssignActivity.js.Tridion.Cme.Views.AssignActivity._onCancelButtonClicked.html" visibility="private" rawName="Tridion.Cme.Views.AssignActivity.prototype._onCancelButtonClicked" fullName="Tridion.Cme.Views.AssignActivity._onCancelButtonClicked" staticName="AssignActivity._onCancelButtonClicked" synopsis="_onCancelButtonClicked(event: DOMEvent): Void" synopsisExtended="_onCancelButtonClicked(event: DOMEvent): Void" type="Object">
                                <arguments value="event">
                                  <argument name="event" type="DOMEvent" description="The DOM click event that occured." />
                                </arguments>
                                <documentation rawString="&#xA; * Reacts to the DOM click event.&#xA; * @param {DOMEvent} event The DOM click event that occured.&#xA; * @private&#xA; ">
                                  <summary>Reacts to the DOM click event.</summary>
                                </documentation>
                              </method>
                              <method name="_onTrusteeListSelectionChange" url=".Anguilla.AssignActivity.js.Tridion.Cme.Views.AssignActivity._onTrusteeListSelectionChange.html" visibility="private" rawName="Tridion.Cme.Views.AssignActivity.prototype._onTrusteeListSelectionChange" fullName="Tridion.Cme.Views.AssignActivity._onTrusteeListSelectionChange" staticName="AssignActivity._onTrusteeListSelectionChange" synopsis="_onTrusteeListSelectionChange(event: DOMEvent): Void" synopsisExtended="_onTrusteeListSelectionChange(event: DOMEvent): Void" type="Object">
                                <arguments value="event">
                                  <argument name="event" type="DOMEvent" description="The DOM click event that occured." />
                                </arguments>
                                <documentation rawString="&#xA; * Reacts to the DOM click event.&#xA; * @param {DOMEvent} event The DOM click event that occured.&#xA; * @private&#xA; ">
                                  <summary>Reacts to the DOM click event.</summary>
                                </documentation>
                              </method>
                            </methods>
                            <properties>
                              <property name="ListDefinition" url=".Anguilla.AssignActivity.js.Tridion.Cme.Views.AssignActivity.ListDefinition.html" visibility="static" rawName="Tridion.Cme.Views.AssignActivity.ListDefinition" fullName="Tridion.Cme.Views.AssignActivity.ListDefinition" staticName="AssignActivity.ListDefinition" synopsis="AssignActivity.ListDefinition: Object;" synopsisExtended="AssignActivity.ListDefinition: &lt;a href=&quot;&quot;&gt;Object&lt;/a&gt;;" type="Object">
                                <documentation rawString="&#xA; * Defines the List activity trustees definition Path&#xA; ">
                                  <summary>Defines the List activity trustees definition Path</summary>
                                </documentation>
                              </property>
                            </properties>
                          </members>
                        </class>
                      </classes>
                    </members>
                  </property>
                </properties>
              </members>
            </property>
          </properties>
        </members>
      </property>
    </properties>
  </members>
</document>