<document name="BundleRequiredReminderMessage.js" url="BundleRequiredReminderMessage.js.html" visibility="default" rawName="BundleRequiredReminderMessage.js" fullName="BundleRequiredReminderMessage.js" staticName="Anguilla.BundleRequiredReminderMessage.js">
  <members>
    <properties>
      <property name="Tridion" url=".Anguilla.BundleRequiredReminderMessage.js.Tridion.html" visibility="public" rawName="Tridion" fullName="Tridion" staticName="BundleRequiredReminderMessage.js.Tridion" synopsis="BundleRequiredReminderMessage.js.Tridion: Object;" synopsisExtended="BundleRequiredReminderMessage.js.Tridion: &lt;a href=&quot;&quot;&gt;Object&lt;/a&gt;;" type="Object" virtual="true">
        <members>
          <properties>
            <property name="Cme" url=".Anguilla.BundleRequiredReminderMessage.js.Tridion.Cme.html" visibility="static" rawName="Tridion.Cme" fullName="Tridion.Cme" staticName="Tridion.Cme" synopsis="Tridion.Cme: Object;" synopsisExtended="Tridion.Cme: &lt;a href=&quot;&quot;&gt;Object&lt;/a&gt;;" type="Object" virtual="true">
              <members>
                <properties>
                  <property name="MessageCenter" url=".Anguilla.BundleRequiredReminderMessage.js.Tridion.Cme.MessageCenter.html" visibility="static" rawName="Tridion.Cme.MessageCenter" fullName="Tridion.Cme.MessageCenter" staticName="Cme.MessageCenter" synopsis="Cme.MessageCenter: Object;" synopsisExtended="Cme.MessageCenter: &lt;a href=&quot;&quot;&gt;Object&lt;/a&gt;;" type="Object" virtual="true">
                    <members>
                      <classes>
                        <class name="BundleRequiredReminderMessage" url=".Anguilla.BundleRequiredReminderMessage.js.Tridion.Cme.MessageCenter.BundleRequiredReminderMessage.html" visibility="static" rawName="Tridion.Cme.MessageCenter.BundleRequiredReminderMessage" fullName="Tridion.Cme.MessageCenter.BundleRequiredReminderMessage" staticName="MessageCenter.BundleRequiredReminderMessage" synopsis="var x: BundleRequiredReminderMessage = new BundleRequiredReminderMessage(title: Object, description: Object, targetWindow: Object, modalWindow: Object, itemId: Object);" synopsisExtended="var x: &lt;a href=&quot;.Anguilla.BundleRequiredReminderMessage.js.Tridion.Cme.MessageCenter.BundleRequiredReminderMessage.html&quot;&gt;BundleRequiredReminderMessage&lt;/a&gt; = new BundleRequiredReminderMessage(title: Object, description: Object, targetWindow: Object, modalWindow: Object, itemId: Object);" type="Object">
                          <arguments value="title, description, targetWindow, modalWindow, itemId">
                            <argument name="title" type="Object" />
                            <argument name="description" type="Object" />
                            <argument name="targetWindow" type="Object" />
                            <argument name="modalWindow" type="Object" />
                            <argument name="itemId" type="Object" />
                          </arguments>
                          <extends />
                          <members>
                            <methods>
                              <method name="initialize" url=".Anguilla.BundleRequiredReminderMessage.js.Tridion.Cme.MessageCenter.BundleRequiredReminderMessage.initialize.html" visibility="prototype" rawName="Tridion.Cme.MessageCenter.BundleRequiredReminderMessage.prototype.initialize" fullName="Tridion.Cme.MessageCenter.BundleRequiredReminderMessage.initialize" staticName="BundleRequiredReminderMessage.initialize" synopsis="initialize(): Void" synopsisExtended="initialize(): Void" type="Object" />
                              <method name="disposeInterface" url=".Anguilla.BundleRequiredReminderMessage.js.Tridion.Cme.MessageCenter.BundleRequiredReminderMessage.disposeInterface.html" visibility="prototype" rawName="Tridion.Cme.MessageCenter.BundleRequiredReminderMessage.prototype.disposeInterface" fullName="Tridion.Cme.MessageCenter.BundleRequiredReminderMessage.disposeInterface" staticName="BundleRequiredReminderMessage.disposeInterface" synopsis="disposeInterface(): Void" synopsisExtended="disposeInterface(): Void" type="Object" />
                              <method name="addButtons" url=".Anguilla.BundleRequiredReminderMessage.js.Tridion.Cme.MessageCenter.BundleRequiredReminderMessage.addButtons.html" visibility="prototype" rawName="Tridion.Cme.MessageCenter.BundleRequiredReminderMessage.prototype.addButtons" fullName="Tridion.Cme.MessageCenter.BundleRequiredReminderMessage.addButtons" staticName="BundleRequiredReminderMessage.addButtons" synopsis="addButtons(): Void" synopsisExtended="addButtons(): Void" type="Object" />
                              <method name="addToBundle" url=".Anguilla.BundleRequiredReminderMessage.js.Tridion.Cme.MessageCenter.BundleRequiredReminderMessage.addToBundle.html" visibility="prototype" rawName="Tridion.Cme.MessageCenter.BundleRequiredReminderMessage.prototype.addToBundle" fullName="Tridion.Cme.MessageCenter.BundleRequiredReminderMessage.addToBundle" staticName="BundleRequiredReminderMessage.addToBundle" synopsis="addToBundle(): Void" synopsisExtended="addToBundle(): Void" type="Object" />
                              <method name="_handleItemAddComplete" url=".Anguilla.BundleRequiredReminderMessage.js.Tridion.Cme.MessageCenter.BundleRequiredReminderMessage._handleItemAddComplete.html" visibility="prototype" rawName="Tridion.Cme.MessageCenter.BundleRequiredReminderMessage.prototype._handleItemAddComplete" fullName="Tridion.Cme.MessageCenter.BundleRequiredReminderMessage._handleItemAddComplete" staticName="BundleRequiredReminderMessage._handleItemAddComplete" synopsis="_handleItemAddComplete(event: Object): Void" synopsisExtended="_handleItemAddComplete(event: Object): Void" type="Object">
                                <arguments value="event">
                                  <argument name="event" type="Object" />
                                </arguments>
                              </method>
                            </methods>
                          </members>
                        </class>
                      </classes>
                    </members>
                  </property>
                </properties>
              </members>
            </property>
          </properties>
        </members>
      </property>
      <property name="$messages" url=".Anguilla.BundleRequiredReminderMessage.js.$messages.html" visibility="public" rawName="$messages" fullName="$messages" staticName="BundleRequiredReminderMessage.js.$messages" synopsis="BundleRequiredReminderMessage.js.$messages: Object;" synopsisExtended="BundleRequiredReminderMessage.js.$messages: &lt;a href=&quot;&quot;&gt;Object&lt;/a&gt;;" type="Object" virtual="true">
        <members>
          <methods>
            <method name="registerBundleRequiredReminderMessage" url=".Anguilla.BundleRequiredReminderMessage.js.$messages.registerBundleRequiredReminderMessage.html" visibility="static" rawName="$messages.registerBundleRequiredReminderMessage" fullName="$messages.registerBundleRequiredReminderMessage" staticName="$messages.registerBundleRequiredReminderMessage" synopsis="registerBundleRequiredReminderMessage(title: Object, description: Object, local: Object, modal: Object, itemId: Object): Void" synopsisExtended="registerBundleRequiredReminderMessage(title: Object, description: Object, local: Object, modal: Object, itemId: Object): Void" type="Object">
              <arguments value="title, description, local, modal, itemId">
                <argument name="title" type="Object" />
                <argument name="description" type="Object" />
                <argument name="local" type="Object" />
                <argument name="modal" type="Object" />
                <argument name="itemId" type="Object" />
              </arguments>
            </method>
          </methods>
        </members>
      </property>
    </properties>
  </members>
</document>