<document name="Button.js" url="Button.js.html" visibility="default" rawName="Button.js" fullName="Button.js" staticName="Anguilla.Button.js">
  <members>
    <properties>
      <property name="Tridion" url=".Anguilla.Button.js.Tridion.html" visibility="public" rawName="Tridion" fullName="Tridion" staticName="Button.js.Tridion" synopsis="Button.js.Tridion: Object;" synopsisExtended="Button.js.Tridion: &lt;a href=&quot;&quot;&gt;Object&lt;/a&gt;;" type="Object" virtual="true">
        <members>
          <properties>
            <property name="Controls" url=".Anguilla.Button.js.Tridion.Controls.html" visibility="static" rawName="Tridion.Controls" fullName="Tridion.Controls" staticName="Tridion.Controls" synopsis="Tridion.Controls: Object;" synopsisExtended="Tridion.Controls: &lt;a href=&quot;&quot;&gt;Object&lt;/a&gt;;" type="Object" virtual="true">
              <members>
                <classes>
                  <class name="Button" url=".Anguilla.Button.js.Tridion.Controls.Button.html" visibility="static" rawName="Tridion.Controls.Button" fullName="Tridion.Controls.Button" staticName="Controls.Button" synopsis="var x: Button = new Button(element: Object);" synopsisExtended="var x: &lt;a href=&quot;.Anguilla.Button.js.Tridion.Controls.Button.html&quot;&gt;Button&lt;/a&gt; = new Button(element: Object);" type="Object">
                    <arguments value="element">
                      <argument name="element" type="Object" />
                    </arguments>
                    <extends />
                    <documentation rawString="&#xA; * Implements a basic button control&#xA; * @constructor&#xA; * @event click Fires after the button was clicked.&#xA; * @event mouseover&#xA; * @event mouseout&#xA; * @event mousedown&#xA; * @event keydown&#xA; * @event keypress&#xA; * @event blur&#xA; * @event focus&#xA; ">
                      <summary>Implements a basic button control</summary>
                    </documentation>
                    <members>
                      <methods>
                        <method name="initialize" url=".Anguilla.Button.js.Tridion.Controls.Button.initialize.html" visibility="prototype" rawName="Tridion.Controls.Button.prototype.initialize" fullName="Tridion.Controls.Button.initialize" staticName="Button.initialize" synopsis="initialize(): Void" synopsisExtended="initialize(): Void" type="Object" />
                        <method name="disable" url=".Anguilla.Button.js.Tridion.Controls.Button.disable.html" visibility="prototype" rawName="Tridion.Controls.Button.prototype.disable" fullName="Tridion.Controls.Button.disable" staticName="Button.disable" synopsis="disable(): Void" synopsisExtended="disable(): Void" type="Object">
                          <documentation rawString="&#xA; * Disables this instance.&#xA; ">
                            <summary>Disables this instance.</summary>
                          </documentation>
                        </method>
                        <method name="enable" url=".Anguilla.Button.js.Tridion.Controls.Button.enable.html" visibility="prototype" rawName="Tridion.Controls.Button.prototype.enable" fullName="Tridion.Controls.Button.enable" staticName="Button.enable" synopsis="enable(): Void" synopsisExtended="enable(): Void" type="Object">
                          <documentation rawString="&#xA; * Enables this instance.&#xA; ">
                            <summary>Enables this instance.</summary>
                          </documentation>
                        </method>
                        <method name="hide" url=".Anguilla.Button.js.Tridion.Controls.Button.hide.html" visibility="prototype" rawName="Tridion.Controls.Button.prototype.hide" fullName="Tridion.Controls.Button.hide" staticName="Button.hide" synopsis="hide(): Void" synopsisExtended="hide(): Void" type="Object">
                          <documentation rawString="&#xA; * Hides this instance via style.display.&#xA; ">
                            <summary>Hides this instance via style.display.</summary>
                          </documentation>
                        </method>
                        <method name="show" url=".Anguilla.Button.js.Tridion.Controls.Button.show.html" visibility="prototype" rawName="Tridion.Controls.Button.prototype.show" fullName="Tridion.Controls.Button.show" staticName="Button.show" synopsis="show(): Void" synopsisExtended="show(): Void" type="Object">
                          <documentation rawString="&#xA; * Shows this instance via style.display.&#xA; ">
                            <summary>Shows this instance via style.display.</summary>
                          </documentation>
                        </method>
                        <method name="isHidden" url=".Anguilla.Button.js.Tridion.Controls.Button.isHidden.html" visibility="prototype" rawName="Tridion.Controls.Button.prototype.isHidden" fullName="Tridion.Controls.Button.isHidden" staticName="Button.isHidden" synopsis="isHidden(): Void" synopsisExtended="isHidden(): Void" type="Object" />
                        <method name="visible" url=".Anguilla.Button.js.Tridion.Controls.Button.visible.html" visibility="prototype" rawName="Tridion.Controls.Button.prototype.visible" fullName="Tridion.Controls.Button.visible" staticName="Button.visible" synopsis="visible(value: Object): Void" synopsisExtended="visible(value: Object): Void" type="Object">
                          <arguments value="value">
                            <argument name="value" type="Object" />
                          </arguments>
                          <documentation rawString="&#xA; * Shows / hides this instance via style.visibility.&#xA; ">
                            <summary>Shows / hides this instance via style.visibility.</summary>
                          </documentation>
                        </method>
                        <method name="getType" url=".Anguilla.Button.js.Tridion.Controls.Button.getType.html" visibility="prototype" rawName="Tridion.Controls.Button.prototype.getType" fullName="Tridion.Controls.Button.getType" staticName="Button.getType" synopsis="getType(): Tridion.Controls.Button.Type" synopsisExtended="getType(): Tridion.Controls.Button.Type" type="Object">
                          <documentation rawString="&#xA; * Gets the type of this button&#xA; * @returns {Tridion.Controls.Button.Type} The type of this button&#xA; ">
                            <summary>Gets the type of this button</summary>
                          </documentation>
                          <returns type="Tridion.Controls.Button.Type" description="The type of this button" />
                        </method>
                        <method name="getTooltip" url=".Anguilla.Button.js.Tridion.Controls.Button.getTooltip.html" visibility="prototype" rawName="Tridion.Controls.Button.prototype.getTooltip" fullName="Tridion.Controls.Button.getTooltip" staticName="Button.getTooltip" synopsis="getTooltip(): String" synopsisExtended="getTooltip(): String" type="Object">
                          <documentation rawString="&#xA; * Gets the tooltip of this button&#xA; * @returns {String} The tooltip text of this button&#xA; ">
                            <summary>Gets the tooltip of this button</summary>
                          </documentation>
                          <returns type="String" description="The tooltip text of this button" />
                        </method>
                        <method name="getText" url=".Anguilla.Button.js.Tridion.Controls.Button.getText.html" visibility="prototype" rawName="Tridion.Controls.Button.prototype.getText" fullName="Tridion.Controls.Button.getText" staticName="Button.getText" synopsis="getText(): String" synopsisExtended="getText(): String" type="Object">
                          <documentation rawString="&#xA; * Gets the text of this button&#xA; * @returns {String} The text of this button&#xA; ">
                            <summary>Gets the text of this button</summary>
                          </documentation>
                          <returns type="String" description="The text of this button" />
                        </method>
                        <method name="getCommandName" url=".Anguilla.Button.js.Tridion.Controls.Button.getCommandName.html" visibility="prototype" rawName="Tridion.Controls.Button.prototype.getCommandName" fullName="Tridion.Controls.Button.getCommandName" staticName="Button.getCommandName" synopsis="getCommandName(): String" synopsisExtended="getCommandName(): String" type="Object">
                          <documentation rawString="&#xA; * Gets the name of the command associated with the button&#xA; * @returns {String} The text of this button&#xA; ">
                            <summary>Gets the name of the command associated with the button</summary>
                          </documentation>
                          <returns type="String" description="The text of this button" />
                        </method>
                        <method name="setCommandName" url=".Anguilla.Button.js.Tridion.Controls.Button.setCommandName.html" visibility="prototype" rawName="Tridion.Controls.Button.prototype.setCommandName" fullName="Tridion.Controls.Button.setCommandName" staticName="Button.setCommandName" synopsis="setCommandName(value: String): Void" synopsisExtended="setCommandName(value: String): Void" type="Object">
                          <arguments value="value">
                            <argument name="value" type="String" description="The command id as a string" />
                          </arguments>
                          <documentation rawString="&#xA; * Sets the name of the command associated with the button&#xA; * @param {String} value The command id as a string&#xA; ">
                            <summary>Sets the name of the command associated with the button</summary>
                          </documentation>
                        </method>
                        <method name="setTabIndex" url=".Anguilla.Button.js.Tridion.Controls.Button.setTabIndex.html" visibility="prototype" rawName="Tridion.Controls.Button.prototype.setTabIndex" fullName="Tridion.Controls.Button.setTabIndex" staticName="Button.setTabIndex" synopsis="setTabIndex(tabIndex: Number): Void" synopsisExtended="setTabIndex(tabIndex: Number): Void" type="Object">
                          <arguments value="value">
                            <argument name="tabIndex" type="Number" description="The tabIndex value to set" />
                          </arguments>
                          <documentation rawString="&#xA; * Sets the button's tabIndex attribute&#xA; * @param {Number} tabIndex The tabIndex value to set&#xA; ">
                            <summary>Sets the button's tabIndex attribute</summary>
                          </documentation>
                        </method>
                        <method name="setType" url=".Anguilla.Button.js.Tridion.Controls.Button.setType.html" visibility="prototype" rawName="Tridion.Controls.Button.prototype.setType" fullName="Tridion.Controls.Button.setType" staticName="Button.setType" synopsis="setType(type: Tridion.Controls.Button.Type): Void" synopsisExtended="setType(type: Tridion.Controls.Button.Type): Void" type="Object">
                          <arguments value="type">
                            <argument name="type" type="Tridion.Controls.Button.Type" description="The type of the button to set" />
                          </arguments>
                          <documentation rawString="&#xA; * Sets the type of this button&#xA; * @param {Tridion.Controls.Button.Type} type The type of the button to set&#xA; ">
                            <summary>Sets the type of this button</summary>
                          </documentation>
                        </method>
                        <method name="setTooltip" url=".Anguilla.Button.js.Tridion.Controls.Button.setTooltip.html" visibility="prototype" rawName="Tridion.Controls.Button.prototype.setTooltip" fullName="Tridion.Controls.Button.setTooltip" staticName="Button.setTooltip" synopsis="setTooltip(value: String): Void" synopsisExtended="setTooltip(value: String): Void" type="Object">
                          <arguments value="value">
                            <argument name="value" type="String" description="The tooltip to set" />
                          </arguments>
                          <documentation rawString="&#xA; * Sets the tooltip of this button&#xA; * @param {String} value The tooltip to set&#xA; ">
                            <summary>Sets the tooltip of this button</summary>
                          </documentation>
                        </method>
                        <method name="setText" url=".Anguilla.Button.js.Tridion.Controls.Button.setText.html" visibility="prototype" rawName="Tridion.Controls.Button.prototype.setText" fullName="Tridion.Controls.Button.setText" staticName="Button.setText" synopsis="setText(value: String): Void" synopsisExtended="setText(value: String): Void" type="Object">
                          <arguments value="value">
                            <argument name="value" type="String" description="The text to set" />
                          </arguments>
                          <documentation rawString="&#xA; * Sets the text of this button&#xA; * @param {String} value The text to set&#xA; ">
                            <summary>Sets the text of this button</summary>
                          </documentation>
                        </method>
                        <method name="isDisabled" url=".Anguilla.Button.js.Tridion.Controls.Button.isDisabled.html" visibility="prototype" rawName="Tridion.Controls.Button.prototype.isDisabled" fullName="Tridion.Controls.Button.isDisabled" staticName="Button.isDisabled" synopsis="isDisabled(): Void" synopsisExtended="isDisabled(): Void" type="Object" />
                        <method name="toggle" url=".Anguilla.Button.js.Tridion.Controls.Button.toggle.html" visibility="prototype" rawName="Tridion.Controls.Button.prototype.toggle" fullName="Tridion.Controls.Button.toggle" staticName="Button.toggle" synopsis="toggle(): Void" synopsisExtended="toggle(): Void" type="Object" />
                        <method name="toggleOn" url=".Anguilla.Button.js.Tridion.Controls.Button.toggleOn.html" visibility="prototype" rawName="Tridion.Controls.Button.prototype.toggleOn" fullName="Tridion.Controls.Button.toggleOn" staticName="Button.toggleOn" synopsis="toggleOn(): Void" synopsisExtended="toggleOn(): Void" type="Object" />
                        <method name="toggleOff" url=".Anguilla.Button.js.Tridion.Controls.Button.toggleOff.html" visibility="prototype" rawName="Tridion.Controls.Button.prototype.toggleOff" fullName="Tridion.Controls.Button.toggleOff" staticName="Button.toggleOff" synopsis="toggleOff(): Void" synopsisExtended="toggleOff(): Void" type="Object" />
                        <method name="isOn" url=".Anguilla.Button.js.Tridion.Controls.Button.isOn.html" visibility="prototype" rawName="Tridion.Controls.Button.prototype.isOn" fullName="Tridion.Controls.Button.isOn" staticName="Button.isOn" synopsis="isOn(): Void" synopsisExtended="isOn(): Void" type="Object" />
                        <method name="isToggleButton" url=".Anguilla.Button.js.Tridion.Controls.Button.isToggleButton.html" visibility="prototype" rawName="Tridion.Controls.Button.prototype.isToggleButton" fullName="Tridion.Controls.Button.isToggleButton" staticName="Button.isToggleButton" synopsis="isToggleButton(): Void" synopsisExtended="isToggleButton(): Void" type="Object" />
                        <method name="onmouseover" url=".Anguilla.Button.js.Tridion.Controls.Button.onmouseover.html" visibility="prototype" rawName="Tridion.Controls.Button.prototype.onmouseover" fullName="Tridion.Controls.Button.onmouseover" staticName="Button.onmouseover" synopsis="onmouseover(e: Object): Void" synopsisExtended="onmouseover(e: Object): Void" type="Object">
                          <arguments value="e">
                            <argument name="e" type="Object" />
                          </arguments>
                          <documentation rawString="&#xA; * Reacts to the DOM mouseover event. Fires the &lt;c&gt;mouseover&lt;/c&gt; event.&#xA; ">
                            <summary>Reacts to the DOM mouseover event. Fires the &lt;c&gt;mouseover&lt;/c&gt; event.</summary>
                          </documentation>
                        </method>
                        <method name="onmouseout" url=".Anguilla.Button.js.Tridion.Controls.Button.onmouseout.html" visibility="prototype" rawName="Tridion.Controls.Button.prototype.onmouseout" fullName="Tridion.Controls.Button.onmouseout" staticName="Button.onmouseout" synopsis="onmouseout(e: Object): Void" synopsisExtended="onmouseout(e: Object): Void" type="Object">
                          <arguments value="e">
                            <argument name="e" type="Object" />
                          </arguments>
                          <documentation rawString="&#xA; * Reacts to the DOM mouseout event. Fires the &lt;c&gt;mouseout&lt;/c&gt; event.&#xA; ">
                            <summary>Reacts to the DOM mouseout event. Fires the &lt;c&gt;mouseout&lt;/c&gt; event.</summary>
                          </documentation>
                        </method>
                        <method name="onmousedown" url=".Anguilla.Button.js.Tridion.Controls.Button.onmousedown.html" visibility="prototype" rawName="Tridion.Controls.Button.prototype.onmousedown" fullName="Tridion.Controls.Button.onmousedown" staticName="Button.onmousedown" synopsis="onmousedown(e: Object): Void" synopsisExtended="onmousedown(e: Object): Void" type="Object">
                          <arguments value="e">
                            <argument name="e" type="Object" />
                          </arguments>
                          <documentation rawString="&#xA; * Reacts to the DOM mousedown event. Fires the &lt;c&gt;mousedown&lt;/c&gt; event.&#xA; ">
                            <summary>Reacts to the DOM mousedown event. Fires the &lt;c&gt;mousedown&lt;/c&gt; event.</summary>
                          </documentation>
                        </method>
                        <method name="onmouseup" url=".Anguilla.Button.js.Tridion.Controls.Button.onmouseup.html" visibility="prototype" rawName="Tridion.Controls.Button.prototype.onmouseup" fullName="Tridion.Controls.Button.onmouseup" staticName="Button.onmouseup" synopsis="onmouseup(e: Object): Void" synopsisExtended="onmouseup(e: Object): Void" type="Object">
                          <arguments value="e">
                            <argument name="e" type="Object" />
                          </arguments>
                          <documentation rawString="&#xA; * Reacts to the DOM mouseup event. Fires the &lt;c&gt;mouseup&lt;/c&gt; event.&#xA; ">
                            <summary>Reacts to the DOM mouseup event. Fires the &lt;c&gt;mouseup&lt;/c&gt; event.</summary>
                          </documentation>
                        </method>
                        <method name="onkeydown" url=".Anguilla.Button.js.Tridion.Controls.Button.onkeydown.html" visibility="prototype" rawName="Tridion.Controls.Button.prototype.onkeydown" fullName="Tridion.Controls.Button.onkeydown" staticName="Button.onkeydown" synopsis="onkeydown(e: Object): Void" synopsisExtended="onkeydown(e: Object): Void" type="Object">
                          <arguments value="e">
                            <argument name="e" type="Object" />
                          </arguments>
                          <documentation rawString="&#xA; * Reacts to the DOM keydown event. Fires the &lt;c&gt;keydown&lt;/c&gt; event.&#xA; ">
                            <summary>Reacts to the DOM keydown event. Fires the &lt;c&gt;keydown&lt;/c&gt; event.</summary>
                          </documentation>
                        </method>
                        <method name="onkeyup" url=".Anguilla.Button.js.Tridion.Controls.Button.onkeyup.html" visibility="prototype" rawName="Tridion.Controls.Button.prototype.onkeyup" fullName="Tridion.Controls.Button.onkeyup" staticName="Button.onkeyup" synopsis="onkeyup(e: Object): Void" synopsisExtended="onkeyup(e: Object): Void" type="Object">
                          <arguments value="e">
                            <argument name="e" type="Object" />
                          </arguments>
                          <documentation rawString="&#xA; * Reacts to the DOM keyup event. Fires the &lt;c&gt;keyup&lt;/c&gt; event.&#xA; ">
                            <summary>Reacts to the DOM keyup event. Fires the &lt;c&gt;keyup&lt;/c&gt; event.</summary>
                          </documentation>
                        </method>
                        <method name="onkeypress" url=".Anguilla.Button.js.Tridion.Controls.Button.onkeypress.html" visibility="prototype" rawName="Tridion.Controls.Button.prototype.onkeypress" fullName="Tridion.Controls.Button.onkeypress" staticName="Button.onkeypress" synopsis="onkeypress(e: Object): Void" synopsisExtended="onkeypress(e: Object): Void" type="Object">
                          <arguments value="e">
                            <argument name="e" type="Object" />
                          </arguments>
                          <documentation rawString="&#xA; * Reacts to the DOM keypress event. Fires the &lt;c&gt;keypress&lt;/c&gt; event.&#xA; ">
                            <summary>Reacts to the DOM keypress event. Fires the &lt;c&gt;keypress&lt;/c&gt; event.</summary>
                          </documentation>
                        </method>
                        <method name="isValidKey" url=".Anguilla.Button.js.Tridion.Controls.Button.isValidKey.html" visibility="prototype" rawName="Tridion.Controls.Button.prototype.isValidKey" fullName="Tridion.Controls.Button.isValidKey" staticName="Button.isValidKey" synopsis="isValidKey(keyCode: Object): Void" synopsisExtended="isValidKey(keyCode: Object): Void" type="Object">
                          <arguments value="keyCode">
                            <argument name="keyCode" type="Object" />
                          </arguments>
                        </method>
                        <method name="onclick" url=".Anguilla.Button.js.Tridion.Controls.Button.onclick.html" visibility="prototype" rawName="Tridion.Controls.Button.prototype.onclick" fullName="Tridion.Controls.Button.onclick" staticName="Button.onclick" synopsis="onclick(e: Object): Void" synopsisExtended="onclick(e: Object): Void" type="Object">
                          <arguments value="e">
                            <argument name="e" type="Object" />
                          </arguments>
                          <documentation rawString="&#xA; * Reacts to the DOM click event. Fires the &lt;c&gt;click&lt;/c&gt; event.&#xA; ">
                            <summary>Reacts to the DOM click event. Fires the &lt;c&gt;click&lt;/c&gt; event.</summary>
                          </documentation>
                        </method>
                        <method name="onfocus" url=".Anguilla.Button.js.Tridion.Controls.Button.onfocus.html" visibility="prototype" rawName="Tridion.Controls.Button.prototype.onfocus" fullName="Tridion.Controls.Button.onfocus" staticName="Button.onfocus" synopsis="onfocus(e: Object): Void" synopsisExtended="onfocus(e: Object): Void" type="Object">
                          <arguments value="e">
                            <argument name="e" type="Object" />
                          </arguments>
                        </method>
                        <method name="onblur" url=".Anguilla.Button.js.Tridion.Controls.Button.onblur.html" visibility="prototype" rawName="Tridion.Controls.Button.prototype.onblur" fullName="Tridion.Controls.Button.onblur" staticName="Button.onblur" synopsis="onblur(e: Object): Void" synopsisExtended="onblur(e: Object): Void" type="Object">
                          <arguments value="e">
                            <argument name="e" type="Object" />
                          </arguments>
                          <documentation rawString="&#xA; * Reacts to the DOM blur event. Fires the &lt;c&gt;blur&lt;/c&gt; event.&#xA; ">
                            <summary>Reacts to the DOM blur event. Fires the &lt;c&gt;blur&lt;/c&gt; event.</summary>
                          </documentation>
                        </method>
                        <method name="press" url=".Anguilla.Button.js.Tridion.Controls.Button.press.html" visibility="prototype" rawName="Tridion.Controls.Button.prototype.press" fullName="Tridion.Controls.Button.press" staticName="Button.press" synopsis="press(): Void" synopsisExtended="press(): Void" type="Object" />
                        <method name="depress" url=".Anguilla.Button.js.Tridion.Controls.Button.depress.html" visibility="prototype" rawName="Tridion.Controls.Button.prototype.depress" fullName="Tridion.Controls.Button.depress" staticName="Button.depress" synopsis="depress(): Void" synopsisExtended="depress(): Void" type="Object" />
                        <method name="createElement" url=".Anguilla.Button.js.Tridion.Controls.Button.createElement.html" visibility="static" rawName="Tridion.Controls.Button.createElement" fullName="Tridion.Controls.Button.createElement" staticName="Button.createElement" synopsis="createElement(settings: Object, doc: Object): Void" synopsisExtended="createElement(settings: Object, doc: Object): Void" type="Object">
                          <arguments value="settings, doc">
                            <argument name="settings" type="Object" />
                            <argument name="doc" type="Object" />
                          </arguments>
                        </method>
                      </methods>
                      <properties>
                        <property name="p" url=".Anguilla.Button.js.Tridion.Controls.Button.p.html" visibility="static" rawName="p" fullName="p" staticName="Button.p" synopsis="Button.p: Object;" synopsisExtended="Button.p: &lt;a href=&quot;&quot;&gt;Object&lt;/a&gt;;" type="Object" virtual="true">
                          <members>
                            <properties>
                              <property name="type" url=".Anguilla.Button.js.Tridion.Controls.Button.p.type.html" visibility="static" rawName="p.type" fullName="p.type" staticName="p.type" synopsis="p.type: Tridion.Controls.Button.Type;" synopsisExtended="p.type: &lt;a href=&quot;&quot;&gt;Tridion.Controls.Button.Type&lt;/a&gt;;" type="Tridion.Controls.Button.Type">
                                <documentation rawString="&#xA;	* Defines the type of this button&#xA;	* @type {Tridion.Controls.Button.Type}&#xA;	">
                                  <summary>Defines the type of this button</summary>
                                </documentation>
                              </property>
                              <property name="down" url=".Anguilla.Button.js.Tridion.Controls.Button.p.down.html" visibility="static" rawName="p.down" fullName="p.down" staticName="p.down" synopsis="p.down: Boolean;" synopsisExtended="p.down: &lt;a href=&quot;&quot;&gt;Boolean&lt;/a&gt;;" type="Boolean">
                                <documentation rawString="&#xA;	* A value indicating whether this button is toggled (toggle buttons only).&#xA;	* @type Boolean&#xA;	">
                                  <summary>A value indicating whether this button is toggled (toggle buttons only).</summary>
                                </documentation>
                              </property>
                              <property name="commandName" url=".Anguilla.Button.js.Tridion.Controls.Button.p.commandName.html" visibility="static" rawName="p.commandName" fullName="p.commandName" staticName="p.commandName" synopsis="p.commandName: String;" synopsisExtended="p.commandName: &lt;a href=&quot;&quot;&gt;String&lt;/a&gt;;" type="String">
                                <documentation rawString="&#xA;	* The name of the command that this button executes.&#xA;	* @type String&#xA;	">
                                  <summary>The name of the command that this button executes.</summary>
                                </documentation>
                              </property>
                            </properties>
                          </members>
                        </property>
                      </properties>
                      <enumerations>
                        <enumeration name="Type" url=".Anguilla.Button.js.Tridion.Controls.Button.Type.html" visibility="instance" rawName="Tridion.Controls.Button.Type" fullName="Tridion.Controls.Button.Type" staticName="Button.Type" synopsis="Button.Type: Object;" synopsisExtended="Button.Type: &lt;a href=&quot;&quot;&gt;Object&lt;/a&gt;;" type="Object">
                          <documentation rawString="&#xA; * Defines the button types&#xA; * @enum&#xA; ">
                            <summary>Defines the button types</summary>
                          </documentation>
                          <members>
                            <values>
                              <value name="BUTTON" url=".Anguilla.Button.js.Tridion.Controls.Button.Type.BUTTON.html" visibility="instance" rawName="BUTTON" fullName="BUTTON" staticName="Type.BUTTON" type="Object" />
                              <value name="TOGGLEBUTTON" url=".Anguilla.Button.js.Tridion.Controls.Button.Type.TOGGLEBUTTON.html" visibility="instance" rawName="TOGGLEBUTTON" fullName="TOGGLEBUTTON" staticName="Type.TOGGLEBUTTON" type="Object" />
                            </values>
                          </members>
                        </enumeration>
                      </enumerations>
                      <events>
                        <event name="click" url=".Anguilla.Button.js.Tridion.Controls.Button.click.html" visibility="prototype" rawName="click" fullName="click" staticName="Button.click" type="Object">
                          <documentation rawString="">
                            <summary>Fires after the button was clicked.</summary>
                          </documentation>
                        </event>
                        <event name="mouseover" url=".Anguilla.Button.js.Tridion.Controls.Button.mouseover.html" visibility="prototype" rawName="mouseover" fullName="mouseover" staticName="Button.mouseover" type="Object">
                          <documentation rawString="" />
                        </event>
                        <event name="mouseout" url=".Anguilla.Button.js.Tridion.Controls.Button.mouseout.html" visibility="prototype" rawName="mouseout" fullName="mouseout" staticName="Button.mouseout" type="Object">
                          <documentation rawString="" />
                        </event>
                        <event name="mousedown" url=".Anguilla.Button.js.Tridion.Controls.Button.mousedown.html" visibility="prototype" rawName="mousedown" fullName="mousedown" staticName="Button.mousedown" type="Object">
                          <documentation rawString="" />
                        </event>
                        <event name="keydown" url=".Anguilla.Button.js.Tridion.Controls.Button.keydown.html" visibility="prototype" rawName="keydown" fullName="keydown" staticName="Button.keydown" type="Object">
                          <documentation rawString="" />
                        </event>
                        <event name="keypress" url=".Anguilla.Button.js.Tridion.Controls.Button.keypress.html" visibility="prototype" rawName="keypress" fullName="keypress" staticName="Button.keypress" type="Object">
                          <documentation rawString="" />
                        </event>
                        <event name="blur" url=".Anguilla.Button.js.Tridion.Controls.Button.blur.html" visibility="prototype" rawName="blur" fullName="blur" staticName="Button.blur" type="Object">
                          <documentation rawString="" />
                        </event>
                        <event name="focus" url=".Anguilla.Button.js.Tridion.Controls.Button.focus.html" visibility="prototype" rawName="focus" fullName="focus" staticName="Button.focus" type="Object">
                          <documentation rawString="" />
                        </event>
                      </events>
                    </members>
                  </class>
                </classes>
              </members>
            </property>
          </properties>
        </members>
      </property>
    </properties>
  </members>
</document>