<class name="CategoriesManagement.js" url="CategoriesManagement.js.html" visibility="default" rawName="CategoriesManagement.js" fullName="CategoriesManagement.js" staticName="Anguilla.CategoriesManagement.js">
  <documentation rawString="&#xA; * Represents a categories management folder.&#xA; * @namespace {Tridion.ContentManager}&#xA; * @constructor&#xA; * @param {String} id&#xA; ">
    <summary>Represents a categories management folder.</summary>
  </documentation>
  <members>
    <properties>
      <property name="Tridion" url=".Anguilla.CategoriesManagement.js.Tridion.html" visibility="public" rawName="Tridion" fullName="Tridion" staticName="CategoriesManagement.js.Tridion" synopsis="CategoriesManagement.js.Tridion: Object;" synopsisExtended="CategoriesManagement.js.Tridion: &lt;a href=&quot;&quot;&gt;Object&lt;/a&gt;;" type="Object" virtual="true">
        <members>
          <properties>
            <property name="Cme" url=".Anguilla.CategoriesManagement.js.Tridion.Cme.html" visibility="static" rawName="Tridion.Cme" fullName="Tridion.Cme" staticName="Tridion.Cme" synopsis="Tridion.Cme: Object;" synopsisExtended="Tridion.Cme: &lt;a href=&quot;&quot;&gt;Object&lt;/a&gt;;" type="Object" virtual="true">
              <members>
                <properties>
                  <property name="Model" url=".Anguilla.CategoriesManagement.js.Tridion.Cme.Model.html" visibility="static" rawName="Tridion.Cme.Model" fullName="Tridion.Cme.Model" staticName="Cme.Model" synopsis="Cme.Model: Object;" synopsisExtended="Cme.Model: &lt;a href=&quot;&quot;&gt;Object&lt;/a&gt;;" type="Object" virtual="true">
                    <members>
                      <classes>
                        <class name="CategoriesManagement" url=".Anguilla.CategoriesManagement.js.Tridion.Cme.Model.CategoriesManagement.html" visibility="static" rawName="Tridion.Cme.Model.CategoriesManagement" fullName="Tridion.Cme.Model.CategoriesManagement" staticName="Model.CategoriesManagement" synopsis="var x: CategoriesManagement = new CategoriesManagement(id: Object);" synopsisExtended="var x: &lt;a href=&quot;.Anguilla.CategoriesManagement.js.Tridion.Cme.Model.CategoriesManagement.html&quot;&gt;CategoriesManagement&lt;/a&gt; = new CategoriesManagement(id: Object);" type="Object">
                          <arguments value="id">
                            <argument name="id" type="Object" />
                          </arguments>
                          <extends />
                          <documentation rawString="&#xA; * Represents a categories management folder.&#xA; * @namespace {Tridion.ContentManager}&#xA; * @constructor&#xA; * @param {String} id&#xA; ">
                            <summary>Represents a categories management folder.</summary>
                          </documentation>
                          <members>
                            <methods>
                              <method name="getItemType" url=".Anguilla.CategoriesManagement.js.Tridion.Cme.Model.CategoriesManagement.getItemType.html" visibility="prototype" rawName="Tridion.Cme.Model.CategoriesManagement.prototype.getItemType" fullName="Tridion.Cme.Model.CategoriesManagement.getItemType" staticName="CategoriesManagement.getItemType" synopsis="getItemType(): String" synopsisExtended="getItemType(): String" type="Object">
                                <documentation rawString="&#xA; * Gets an Item type of Categories Management&#xA; * @returns {String} Type of the item&#xA; ">
                                  <summary>Gets an Item type of Categories Management</summary>
                                </documentation>
                                <returns type="String" description="Type of the item" />
                              </method>
                              <method name="getPublicationId" url=".Anguilla.CategoriesManagement.js.Tridion.Cme.Model.CategoriesManagement.getPublicationId.html" visibility="prototype" rawName="Tridion.Cme.Model.CategoriesManagement.prototype.getPublicationId" fullName="Tridion.Cme.Model.CategoriesManagement.getPublicationId" staticName="CategoriesManagement.getPublicationId" synopsis="getPublicationId(): String" synopsisExtended="getPublicationId(): String" type="Object">
                                <documentation rawString="&#xA; * Returns the id of the Item Publication containing this Item.&#xA; * @return {String} the id of Item Publication.&#xA; ">
                                  <summary>Returns the id of the Item Publication containing this Item.</summary>
                                </documentation>
                                <returns type="String" description="the id of Item Publication." />
                              </method>
                              <method name="isStaticLoaded" url=".Anguilla.CategoriesManagement.js.Tridion.Cme.Model.CategoriesManagement.isStaticLoaded.html" visibility="prototype" rawName="Tridion.Cme.Model.CategoriesManagement.prototype.isStaticLoaded" fullName="Tridion.Cme.Model.CategoriesManagement.isStaticLoaded" staticName="CategoriesManagement.isStaticLoaded" synopsis="isStaticLoaded(): Boolean" synopsisExtended="isStaticLoaded(): Boolean" type="Object">
                                <documentation rawString="&#xA; * Determine if the item's static xml has been loaded.&#xA; * @return {Boolean}&#xA; ">
                                  <summary>Determine if the item's static xml has been loaded.</summary>
                                </documentation>
                                <returns type="Boolean" />
                              </method>
                              <method name="isLoaded" url=".Anguilla.CategoriesManagement.js.Tridion.Cme.Model.CategoriesManagement.isLoaded.html" visibility="prototype" rawName="Tridion.Cme.Model.CategoriesManagement.prototype.isLoaded" fullName="Tridion.Cme.Model.CategoriesManagement.isLoaded" staticName="CategoriesManagement.isLoaded" synopsis="isLoaded(): Boolean" synopsisExtended="isLoaded(): Boolean" type="Object">
                                <documentation rawString="&#xA; * Determine if the item's xml has been loaded.&#xA; * @return {Boolean}&#xA; ">
                                  <summary>Determine if the item's xml has been loaded.</summary>
                                </documentation>
                                <returns type="Boolean" />
                              </method>
                              <method name="getItemIcon" url=".Anguilla.CategoriesManagement.js.Tridion.Cme.Model.CategoriesManagement.getItemIcon.html" visibility="prototype" rawName="Tridion.Cme.Model.CategoriesManagement.prototype.getItemIcon" fullName="Tridion.Cme.Model.CategoriesManagement.getItemIcon" staticName="CategoriesManagement.getItemIcon" synopsis="getItemIcon(): String" synopsisExtended="getItemIcon(): String" type="Object">
                                <documentation rawString="&#xA;Get item icon.&#xA;@return {String} the base filename of the icon.&#xA;">
                                  <description>Get item icon.</description>
                                </documentation>
                                <returns type="String" description="the base filename of the icon." />
                              </method>
                              <method name="getTitle" url=".Anguilla.CategoriesManagement.js.Tridion.Cme.Model.CategoriesManagement.getTitle.html" visibility="prototype" rawName="Tridion.Cme.Model.CategoriesManagement.prototype.getTitle" fullName="Tridion.Cme.Model.CategoriesManagement.getTitle" staticName="CategoriesManagement.getTitle" synopsis="getTitle(): String" synopsisExtended="getTitle(): String" type="Object">
                                <documentation rawString="&#xA; * Gets the folder title.&#xA; * @returns {String} The item title&#xA; ">
                                  <summary>Gets the folder title.</summary>
                                </documentation>
                                <returns type="String" description="The item title" />
                              </method>
                              <method name="getStaticTitle" url=".Anguilla.CategoriesManagement.js.Tridion.Cme.Model.CategoriesManagement.getStaticTitle.html" visibility="prototype" rawName="Tridion.Cme.Model.CategoriesManagement.prototype.getStaticTitle" fullName="Tridion.Cme.Model.CategoriesManagement.getStaticTitle" staticName="CategoriesManagement.getStaticTitle" synopsis="getStaticTitle(): String" synopsisExtended="getStaticTitle(): String" type="Object">
                                <documentation rawString="&#xA; * Gets the folder static title.&#xA; * @returns {String} The item title&#xA; ">
                                  <summary>Gets the folder static title.</summary>
                                </documentation>
                                <returns type="String" description="The item title" />
                              </method>
                              <method name="getOrganizationalItemId" url=".Anguilla.CategoriesManagement.js.Tridion.Cme.Model.CategoriesManagement.getOrganizationalItemId.html" visibility="prototype" rawName="Tridion.Cme.Model.CategoriesManagement.prototype.getOrganizationalItemId" fullName="Tridion.Cme.Model.CategoriesManagement.getOrganizationalItemId" staticName="CategoriesManagement.getOrganizationalItemId" synopsis="getOrganizationalItemId(): String" synopsisExtended="getOrganizationalItemId(): String" type="Object">
                                <documentation rawString="&#xA; * Returns the id of the Organizational Item containing this Item.&#xA; * @return {String} the id of Organizational Item.&#xA; ">
                                  <summary>Returns the id of the Organizational Item containing this Item.</summary>
                                </documentation>
                                <returns type="String" description="the id of Organizational Item." />
                              </method>
                              <method name="setOrganizationalItemId" url=".Anguilla.CategoriesManagement.js.Tridion.Cme.Model.CategoriesManagement.setOrganizationalItemId.html" visibility="prototype" rawName="Tridion.Cme.Model.CategoriesManagement.prototype.setOrganizationalItemId" fullName="Tridion.Cme.Model.CategoriesManagement.setOrganizationalItemId" staticName="CategoriesManagement.setOrganizationalItemId" synopsis="setOrganizationalItemId(the: String): Void" synopsisExtended="setOrganizationalItemId(the: String): Void" type="Object">
                                <arguments value="value">
                                  <argument name="the" type="String" description="id of Organizational Item." />
                                </arguments>
                                <documentation rawString="&#xA; * Sets the Item Organizational Item id.&#xA; * @param {String} the id of Organizational Item.&#xA; ">
                                  <summary>Sets the Item Organizational Item id.</summary>
                                </documentation>
                              </method>
                              <method name="getOrganizationalItem" url=".Anguilla.CategoriesManagement.js.Tridion.Cme.Model.CategoriesManagement.getOrganizationalItem.html" visibility="prototype" rawName="Tridion.Cme.Model.CategoriesManagement.prototype.getOrganizationalItem" fullName="Tridion.Cme.Model.CategoriesManagement.getOrganizationalItem" staticName="CategoriesManagement.getOrganizationalItem" synopsis="getOrganizationalItem(): Tridion.ContentManager.OrganizationalItem" synopsisExtended="getOrganizationalItem(): Tridion.ContentManager.OrganizationalItem" type="Object">
                                <documentation rawString="&#xA; * Returns the Organizational Item containing this Item.&#xA; * @return {Tridion.ContentManager.OrganizationalItem} value the Organizational Item which contains this Item.&#xA; ">
                                  <summary>Returns the Organizational Item containing this Item.</summary>
                                </documentation>
                                <returns type="Tridion.ContentManager.OrganizationalItem" description="value the Organizational Item which contains this Item." />
                              </method>
                              <method name="setOrganizationalItem" url=".Anguilla.CategoriesManagement.js.Tridion.Cme.Model.CategoriesManagement.setOrganizationalItem.html" visibility="prototype" rawName="Tridion.Cme.Model.CategoriesManagement.prototype.setOrganizationalItem" fullName="Tridion.Cme.Model.CategoriesManagement.setOrganizationalItem" staticName="CategoriesManagement.setOrganizationalItem" synopsis="setOrganizationalItem(value: Tridion.ContentManager.OrganizationalItem): Void" synopsisExtended="setOrganizationalItem(value: Tridion.ContentManager.OrganizationalItem): Void" type="Object">
                                <arguments value="value">
                                  <argument name="value" type="Tridion.ContentManager.OrganizationalItem" description="the Organizational Item which contains this Item." />
                                </arguments>
                                <documentation rawString="&#xA; * Sets the Item Organizational Item.&#xA; * @param {Tridion.ContentManager.OrganizationalItem} value the Organizational Item which contains this Item.&#xA; ">
                                  <summary>Sets the Item Organizational Item.</summary>
                                </documentation>
                              </method>
                            </methods>
                          </members>
                        </class>
                      </classes>
                    </members>
                  </property>
                </properties>
              </members>
            </property>
          </properties>
        </members>
      </property>
    </properties>
  </members>
</class>