<document name="Checkbox.js" url="Checkbox.js.html" visibility="default" rawName="Checkbox.js" fullName="Checkbox.js" staticName="Anguilla.Checkbox.js">
  <members>
    <properties>
      <property name="Tridion" url=".Anguilla.Checkbox.js.Tridion.html" visibility="public" rawName="Tridion" fullName="Tridion" staticName="Checkbox.js.Tridion" synopsis="Checkbox.js.Tridion: Object;" synopsisExtended="Checkbox.js.Tridion: &lt;a href=&quot;&quot;&gt;Object&lt;/a&gt;;" type="Object" virtual="true">
        <members>
          <properties>
            <property name="Controls" url=".Anguilla.Checkbox.js.Tridion.Controls.html" visibility="static" rawName="Tridion.Controls" fullName="Tridion.Controls" staticName="Tridion.Controls" synopsis="Tridion.Controls: Object;" synopsisExtended="Tridion.Controls: &lt;a href=&quot;&quot;&gt;Object&lt;/a&gt;;" type="Object" virtual="true">
              <members>
                <properties>
                  <property name="KeywordSelectControl" url=".Anguilla.Checkbox.js.Tridion.Controls.KeywordSelectControl.html" visibility="static" rawName="Tridion.Controls.KeywordSelectControl" fullName="Tridion.Controls.KeywordSelectControl" staticName="Controls.KeywordSelectControl" synopsis="Controls.KeywordSelectControl: Object;" synopsisExtended="Controls.KeywordSelectControl: &lt;a href=&quot;&quot;&gt;Object&lt;/a&gt;;" type="Object" virtual="true">
                    <members>
                      <classes>
                        <class name="Checkbox" url=".Anguilla.Checkbox.js.Tridion.Controls.KeywordSelectControl.Checkbox.html" visibility="static" rawName="Tridion.Controls.KeywordSelectControl.Checkbox" fullName="Tridion.Controls.KeywordSelectControl.Checkbox" staticName="KeywordSelectControl.Checkbox" synopsis="var x: Checkbox = new Checkbox(element: Object, settings: Object);" synopsisExtended="var x: &lt;a href=&quot;.Anguilla.Checkbox.js.Tridion.Controls.KeywordSelectControl.Checkbox.html&quot;&gt;Checkbox&lt;/a&gt; = new Checkbox(element: Object, settings: Object);" type="Object">
                          <arguments value="element, settings">
                            <argument name="element" type="Object" />
                            <argument name="settings" type="Object" />
                          </arguments>
                          <extends />
                          <documentation rawString="&#xA; * Implements the Checkbox control in KeywordSelect.&#xA; * @constructor&#xA; ">
                            <summary>Implements the Checkbox control in KeywordSelect.</summary>
                          </documentation>
                          <members>
                            <methods>
                              <method name="_onItemDraw" url=".Anguilla.Checkbox.js.Tridion.Controls.KeywordSelectControl.Checkbox._onItemDraw.html" visibility="prototype" rawName="Tridion.Controls.KeywordSelectControl.Checkbox.prototype._onItemDraw" fullName="Tridion.Controls.KeywordSelectControl.Checkbox._onItemDraw" staticName="Checkbox._onItemDraw" synopsis="_onItemDraw(): Void" synopsisExtended="_onItemDraw(): Void" type="Object">
                                <documentation rawString="&#xA; * Handles draw event from input control control.&#xA; ">
                                  <summary>Handles draw event from input control control.</summary>
                                </documentation>
                              </method>
                              <method name="applyReadOnly" url=".Anguilla.Checkbox.js.Tridion.Controls.KeywordSelectControl.Checkbox.applyReadOnly.html" visibility="prototype" rawName="Tridion.Controls.KeywordSelectControl.Checkbox.prototype.applyReadOnly" fullName="Tridion.Controls.KeywordSelectControl.Checkbox.applyReadOnly" staticName="Checkbox.applyReadOnly" synopsis="applyReadOnly(value: Boolean): Void" synopsisExtended="applyReadOnly(value: Boolean): Void" type="Object">
                                <arguments value="value">
                                  <argument name="value" type="Boolean" description="True to set the controls to readonly, otherwise false" />
                                </arguments>
                                <documentation rawString="&#xA; * Applies Readonly mode to the input control.&#xA; * @param {Boolean} value True to set the controls to readonly, otherwise false&#xA; ">
                                  <summary>Applies Readonly mode to the input control.</summary>
                                </documentation>
                              </method>
                              <method name="hasData" url=".Anguilla.Checkbox.js.Tridion.Controls.KeywordSelectControl.Checkbox.hasData.html" visibility="prototype" rawName="Tridion.Controls.KeywordSelectControl.Checkbox.prototype.hasData" fullName="Tridion.Controls.KeywordSelectControl.Checkbox.hasData" staticName="Checkbox.hasData" synopsis="hasData(): Void" synopsisExtended="hasData(): Void" type="Object">
                                <documentation rawString="&#xA; * Checks if input control has values.&#xA; ">
                                  <summary>Checks if input control has values.</summary>
                                </documentation>
                              </method>
                              <method name="setValues" url=".Anguilla.Checkbox.js.Tridion.Controls.KeywordSelectControl.Checkbox.setValues.html" visibility="prototype" rawName="Tridion.Controls.KeywordSelectControl.Checkbox.prototype.setValues" fullName="Tridion.Controls.KeywordSelectControl.Checkbox.setValues" staticName="Checkbox.setValues" synopsis="setValues(value: Array): Void" synopsisExtended="setValues(value: Array): Void" type="Object">
                                <arguments value="values">
                                  <argument name="value" type="Array" description="Array of input control values." />
                                </arguments>
                                <documentation rawString="&#xA; * Sets the input control values.&#xA; * @param {Array} value Array of input control values. &#xA; ">
                                  <summary>Sets the input control values.</summary>
                                </documentation>
                              </method>
                              <method name="getValues" url=".Anguilla.Checkbox.js.Tridion.Controls.KeywordSelectControl.Checkbox.getValues.html" visibility="prototype" rawName="Tridion.Controls.KeywordSelectControl.Checkbox.prototype.getValues" fullName="Tridion.Controls.KeywordSelectControl.Checkbox.getValues" staticName="Checkbox.getValues" synopsis="getValues(): Array" synopsisExtended="getValues(): Array" type="Object">
                                <documentation rawString="&#xA; * Gets the input control values.&#xA; * @returns {Array} Array of input control values. &#xA; ">
                                  <summary>Gets the input control values.</summary>
                                </documentation>
                                <returns type="Array" description="Array of input control values." />
                              </method>
                              <method name="focus" url=".Anguilla.Checkbox.js.Tridion.Controls.KeywordSelectControl.Checkbox.focus.html" visibility="prototype" rawName="Tridion.Controls.KeywordSelectControl.Checkbox.prototype.focus" fullName="Tridion.Controls.KeywordSelectControl.Checkbox.focus" staticName="Checkbox.focus" synopsis="focus(index: Object): Void" synopsisExtended="focus(index: Object): Void" type="Object">
                                <arguments value="index">
                                  <argument name="index" type="Object" />
                                </arguments>
                                <documentation rawString="&#xA; * Do focus current control.&#xA; ">
                                  <summary>Do focus current control.</summary>
                                </documentation>
                              </method>
                              <method name="initialize" url=".Anguilla.Checkbox.js.Tridion.Controls.KeywordSelectControl.Checkbox.initialize.html" visibility="private" rawName="Tridion.Controls.KeywordSelectControl.Checkbox.prototype.initialize" fullName="Tridion.Controls.KeywordSelectControl.Checkbox.initialize" staticName="Checkbox.initialize" synopsis="initialize(): Void" synopsisExtended="initialize(): Void" type="Object">
                                <documentation rawString="&#xA; * Initializes the Checkbox Control for KeywordSelect.&#xA; * @private&#xA; ">
                                  <summary>Initializes the Checkbox Control for KeywordSelect.</summary>
                                </documentation>
                              </method>
                              <method name="_onXsltProcessorLoaded" url=".Anguilla.Checkbox.js.Tridion.Controls.KeywordSelectControl.Checkbox._onXsltProcessorLoaded.html" visibility="private" rawName="Tridion.Controls.KeywordSelectControl.Checkbox.prototype._onXsltProcessorLoaded" fullName="Tridion.Controls.KeywordSelectControl.Checkbox._onXsltProcessorLoaded" staticName="Checkbox._onXsltProcessorLoaded" synopsis="_onXsltProcessorLoaded(xsltProcessor: XSLTProcessor): Void" synopsisExtended="_onXsltProcessorLoaded(xsltProcessor: XSLTProcessor): Void" type="Object">
                                <arguments value="xsltProcessor">
                                  <argument name="xsltProcessor" type="XSLTProcessor" description="Loaded XSLT processor." />
                                </arguments>
                                <documentation rawString="&#xA; * Handles the XSLT processor is loaded.&#xA; * @param {XSLTProcessor} xsltProcessor Loaded XSLT processor.&#xA; * @private&#xA; ">
                                  <summary>Handles the XSLT processor is loaded.</summary>
                                </documentation>
                              </method>
                              <method name="createElement" url=".Anguilla.Checkbox.js.Tridion.Controls.KeywordSelectControl.Checkbox.createElement.html" visibility="static" rawName="Tridion.Controls.KeywordSelectControl.Checkbox.createElement" fullName="Tridion.Controls.KeywordSelectControl.Checkbox.createElement" staticName="Checkbox.createElement" synopsis="createElement(): HTMLElement" synopsisExtended="createElement(): HTMLElement" type="Object">
                                <documentation rawString="&#xA; * Static method for creating control's HTML layout.&#xA; * @returns {HTMLElement} The HTML element which will represent this control.&#xA; ">
                                  <summary>Static method for creating control's HTML layout.</summary>
                                </documentation>
                                <returns type="HTMLElement" description="The HTML element which will represent this control." />
                              </method>
                            </methods>
                            <properties>
                              <property name="XSLT_FILE" url=".Anguilla.Checkbox.js.Tridion.Controls.KeywordSelectControl.Checkbox.XSLT_FILE.html" visibility="static" rawName="Tridion.Controls.KeywordSelectControl.Checkbox.XSLT_FILE" fullName="Tridion.Controls.KeywordSelectControl.Checkbox.XSLT_FILE" staticName="Checkbox.XSLT_FILE" synopsis="Checkbox.XSLT_FILE: Object;" synopsisExtended="Checkbox.XSLT_FILE: &lt;a href=&quot;&quot;&gt;Object&lt;/a&gt;;" type="Object">
                                <documentation rawString="&#xA; * Defines the XSLT processor file path&#xA; ">
                                  <summary>Defines the XSLT processor file path</summary>
                                </documentation>
                              </property>
                              <property name="XsltProcessor" url=".Anguilla.Checkbox.js.Tridion.Controls.KeywordSelectControl.Checkbox.XsltProcessor.html" visibility="static" rawName="Tridion.Controls.KeywordSelectControl.Checkbox.XsltProcessor" fullName="Tridion.Controls.KeywordSelectControl.Checkbox.XsltProcessor" staticName="Checkbox.XsltProcessor" synopsis="Checkbox.XsltProcessor: Object;" synopsisExtended="Checkbox.XsltProcessor: &lt;a href=&quot;&quot;&gt;Object&lt;/a&gt;;" type="Object">
                                <documentation rawString="&#xA; * Defines the XSLT processor&#xA; ">
                                  <summary>Defines the XSLT processor</summary>
                                </documentation>
                              </property>
                            </properties>
                          </members>
                        </class>
                      </classes>
                    </members>
                  </property>
                </properties>
              </members>
            </property>
          </properties>
        </members>
      </property>
    </properties>
  </members>
</document>