<document name="Command.js" url="Command.js.html" visibility="default" rawName="Command.js" fullName="Command.js" staticName="Anguilla.Command.js">
  <members>
    <properties>
      <property name="Tridion" url=".Anguilla.Command.js.Tridion.html" visibility="public" rawName="Tridion" fullName="Tridion" staticName="Command.js.Tridion" synopsis="Command.js.Tridion: Object;" synopsisExtended="Command.js.Tridion: &lt;a href=&quot;&quot;&gt;Object&lt;/a&gt;;" type="Object" virtual="true">
        <members>
          <properties>
            <property name="Cme" url=".Anguilla.Command.js.Tridion.Cme.html" visibility="static" rawName="Tridion.Cme" fullName="Tridion.Cme" staticName="Tridion.Cme" synopsis="Tridion.Cme: Object;" synopsisExtended="Tridion.Cme: &lt;a href=&quot;&quot;&gt;Object&lt;/a&gt;;" type="Object" virtual="true">
              <members>
                <classes>
                  <class name="Command" url=".Anguilla.Command.js.Tridion.Cme.Command.html" visibility="static" rawName="Tridion.Cme.Command" fullName="Tridion.Cme.Command" staticName="Cme.Command" synopsis="var x: Command = new Command(name: String);" synopsisExtended="var x: &lt;a href=&quot;.Anguilla.Command.js.Tridion.Cme.Command.html&quot;&gt;Command&lt;/a&gt; = new Command(name: String);" type="Object">
                    <arguments value="name, action">
                      <argument name="name" type="String" description="The name of the command." />
                    </arguments>
                    <extends />
                    <documentation rawString="&#xA; * The base class for commands.&#xA; * @event beforeexecute Fires immediately before the command executes.&#xA; * @event afterexecute Fires immediately after the command executes.&#xA; * @param {String} name The name of the command.&#xA; ">
                      <summary>The base class for commands.</summary>
                    </documentation>
                    <members>
                      <methods>
                        <method name="getCombinedBitsAttributeNames" url=".Anguilla.Command.js.Tridion.Cme.Command.getCombinedBitsAttributeNames.html" visibility="prototype" rawName="Tridion.Cme.Command.prototype.getCombinedBitsAttributeNames" fullName="Tridion.Cme.Command.getCombinedBitsAttributeNames" staticName="Command.getCombinedBitsAttributeNames" synopsis="getCombinedBitsAttributeNames(listId: String): String" synopsisExtended="getCombinedBitsAttributeNames(listId: String): String" type="Object">
                          <arguments value="listId">
                            <argument name="listId" type="String" description="Owning list ID" />
                          </arguments>
                          <documentation rawString="&#xA; * Gets combined bits attribute name&#xA; * @param {String} listId Owning list ID&#xA; * @returns {String} Attributes names.&#xA; ">
                            <summary>Gets combined bits attribute name</summary>
                          </documentation>
                          <returns type="String" description="Attributes names." />
                        </method>
                        <method name="_isEnabled" url=".Anguilla.Command.js.Tridion.Cme.Command._isEnabled.html" visibility="prototype" rawName="Tridion.Cme.Command.prototype._isEnabled" fullName="Tridion.Cme.Command._isEnabled" staticName="Command._isEnabled" synopsis="_isEnabled(selection: Tridion.Core.Selection): Boolean" synopsisExtended="_isEnabled(selection: Tridion.Core.Selection): Boolean" type="Object">
                          <arguments value="selection">
                            <argument name="selection" type="Tridion.Core.Selection" description="The current selection" />
                          </arguments>
                          <documentation rawString="&#xA; * Returns a value indicating whether this command can be executed on selected item(s)&#xA; * @param {Tridion.Core.Selection} selection The current selection&#xA; * @returns {Boolean} &lt;c&gt;true&lt;/c&gt; if this command can be executed; otherwise false.&#xA; ">
                            <summary>Returns a value indicating whether this command can be executed on selected item(s)</summary>
                          </documentation>
                          <returns type="Boolean" description="&lt;c&gt;true&lt;/c&gt; if this command can be executed; otherwise false." />
                        </method>
                        <method name="_isAvailable" url=".Anguilla.Command.js.Tridion.Cme.Command._isAvailable.html" visibility="prototype" rawName="Tridion.Cme.Command.prototype._isAvailable" fullName="Tridion.Cme.Command._isAvailable" staticName="Command._isAvailable" synopsis="_isAvailable(selection: Tridion.Core.Selection): Boolean" synopsisExtended="_isAvailable(selection: Tridion.Core.Selection): Boolean" type="Object">
                          <arguments value="selection">
                            <argument name="selection" type="Tridion.Core.Selection" description="The current selection" />
                          </arguments>
                          <documentation rawString="&#xA; * Returns a value indicating whether this command can applicable for the selected item(s)&#xA; * @param {Tridion.Core.Selection} selection The current selection&#xA; * @returns {Boolean} &lt;c&gt;true&lt;/c&gt; if this command can be executed; otherwise false.&#xA; ">
                            <summary>Returns a value indicating whether this command can applicable for the selected item(s)</summary>
                          </documentation>
                          <returns type="Boolean" description="&lt;c&gt;true&lt;/c&gt; if this command can be executed; otherwise false." />
                        </method>
                        <method name="_execute" url=".Anguilla.Command.js.Tridion.Cme.Command._execute.html" visibility="prototype" rawName="Tridion.Cme.Command.prototype._execute" fullName="Tridion.Cme.Command._execute" staticName="Command._execute" synopsis="_execute(selection: Tridion.Core.Selection): Void" synopsisExtended="_execute(selection: Tridion.Core.Selection): Void" type="Object">
                          <arguments value="selection">
                            <argument name="selection" type="Tridion.Core.Selection" description="The current selection." />
                          </arguments>
                          <documentation rawString="&#xA; * Executes this command on the selection.&#xA; * Override this method to implement the actual functionality.&#xA; * @param {Tridion.Core.Selection} selection The current selection.&#xA; ">
                            <summary>Executes this command on the selection.</summary>
                            <description>Override this method to implement the actual functionality.</description>
                          </documentation>
                        </method>
                        <method name="isActionAvailable" url=".Anguilla.Command.js.Tridion.Cme.Command.isActionAvailable.html" visibility="prototype" rawName="Tridion.Cme.Command.prototype.isActionAvailable" fullName="Tridion.Cme.Command.isActionAvailable" staticName="Command.isActionAvailable" synopsis="isActionAvailable(selection: Tridion.Core.Selection, action: String): Boolean" synopsisExtended="isActionAvailable(selection: Tridion.Core.Selection, action: String): Boolean" type="Object">
                          <arguments value="selection, action">
                            <argument name="selection" type="Tridion.Core.Selection" description="The current selection" />
                            <argument name="action" type="String" description="The bitmask of action" />
                          </arguments>
                          <documentation rawString="&#xA; * Returns a value indicating whether this action can applicable for the selected item(s)&#xA; * @param {Tridion.Core.Selection} selection The current selection&#xA; * @param {String} action The bitmask of action &#xA; * @returns {Boolean} &lt;c&gt;true&lt;/c&gt; if this command can be executed; otherwise false.&#xA; ">
                            <summary>Returns a value indicating whether this action can applicable for the selected item(s)</summary>
                          </documentation>
                          <returns type="Boolean" description="&lt;c&gt;true&lt;/c&gt; if this command can be executed; otherwise false." />
                        </method>
                        <method name="isActionEnabled" url=".Anguilla.Command.js.Tridion.Cme.Command.isActionEnabled.html" visibility="prototype" rawName="Tridion.Cme.Command.prototype.isActionEnabled" fullName="Tridion.Cme.Command.isActionEnabled" staticName="Command.isActionEnabled" synopsis="isActionEnabled(selection: Tridion.Core.Selection, action: String): Boolean" synopsisExtended="isActionEnabled(selection: Tridion.Core.Selection, action: String): Boolean" type="Object">
                          <arguments value="selection, action">
                            <argument name="selection" type="Tridion.Core.Selection" description="The current selection" />
                            <argument name="action" type="String" description="The bitmask of action" />
                          </arguments>
                          <documentation rawString="&#xA; * Returns a value indicating whether this action can be executed on selected item(s)&#xA; * @param {Tridion.Core.Selection} selection The current selection&#xA; * @param {String} action The bitmask of action  &#xA; * @returns {Boolean} &lt;c&gt;true&lt;/c&gt; if this command can be executed; otherwise false.&#xA; ">
                            <summary>Returns a value indicating whether this action can be executed on selected item(s)</summary>
                          </documentation>
                          <returns type="Boolean" description="&lt;c&gt;true&lt;/c&gt; if this command can be executed; otherwise false." />
                        </method>
                        <method name="setSelectionParentToFirstItem" url=".Anguilla.Command.js.Tridion.Cme.Command.setSelectionParentToFirstItem.html" visibility="prototype" rawName="Tridion.Cme.Command.prototype.setSelectionParentToFirstItem" fullName="Tridion.Cme.Command.setSelectionParentToFirstItem" staticName="Command.setSelectionParentToFirstItem" synopsis="setSelectionParentToFirstItem(selection: Tridion.Cme.Selection): Tridion.Cme.Selection" synopsisExtended="setSelectionParentToFirstItem(selection: Tridion.Cme.Selection): Tridion.Cme.Selection" type="Object">
                          <arguments value="selection">
                            <argument name="selection" type="Tridion.Cme.Selection" description="The selection object to modify." />
                          </arguments>
                          <documentation rawString="&#xA; * Sets the parent item of the selection object to the first selected organization item.&#xA; * @param {Tridion.Cme.Selection} selection The selection object to modify.&#xA; * @return {Tridion.Cme.Selection} The modified selection.&#xA; ">
                            <summary>Sets the parent item of the selection object to the first selected organization item.</summary>
                          </documentation>
                          <returns type="Tridion.Cme.Selection" description="The modified selection." />
                        </method>
                      </methods>
                      <events>
                        <event name="beforeexecute" url=".Anguilla.Command.js.Tridion.Cme.Command.beforeexecute.html" visibility="prototype" rawName="beforeexecute" fullName="beforeexecute" staticName="Command.beforeexecute" type="Object">
                          <documentation rawString="">
                            <summary>Fires immediately before the command executes.</summary>
                          </documentation>
                        </event>
                        <event name="afterexecute" url=".Anguilla.Command.js.Tridion.Cme.Command.afterexecute.html" visibility="prototype" rawName="afterexecute" fullName="afterexecute" staticName="Command.afterexecute" type="Object">
                          <documentation rawString="">
                            <summary>Fires immediately after the command executes.</summary>
                          </documentation>
                        </event>
                      </events>
                    </members>
                  </class>
                </classes>
              </members>
            </property>
          </properties>
        </members>
      </property>
    </properties>
  </members>
</document>