<document name="Communicator.svc.js" url="Communicator.svc.js.html" visibility="default" rawName="Communicator.svc.js" fullName="Communicator.svc.js" staticName="Anguilla.Communicator.svc.js">
  <members>
    <properties>
      <property name="$communicator" url=".Anguilla.Communicator.svc.js.$communicator.html" visibility="public" rawName="$communicator" fullName="$communicator" staticName="Communicator.svc.js.$communicator" synopsis="Communicator.svc.js.$communicator: Object;" synopsisExtended="Communicator.svc.js.$communicator: &lt;a href=&quot;&quot;&gt;Object&lt;/a&gt;;" type="Object" virtual="true">
        <members>
          <methods>
            <method name="invokeAggregated" url=".Anguilla.Communicator.svc.js.$communicator.invokeAggregated.html" visibility="static" rawName="$communicator.invokeAggregated" fullName="$communicator.invokeAggregated" staticName="$communicator.invokeAggregated" synopsis="invokeAggregated(): Void" synopsisExtended="invokeAggregated(): Void" type="Object" />
            <method name="onRequestsLoaded" url=".Anguilla.Communicator.svc.js.$communicator.onRequestsLoaded.html" visibility="static" rawName="$communicator.onRequestsLoaded" fullName="$communicator.onRequestsLoaded" staticName="$communicator.onRequestsLoaded" synopsis="onRequestsLoaded(results: Object, requests: Object): Void" synopsisExtended="onRequestsLoaded(results: Object, requests: Object): Void" type="Object">
              <arguments value="results, requests">
                <argument name="results" type="Object" />
                <argument name="requests" type="Object" />
              </arguments>
            </method>
            <method name="onRequestsFailed" url=".Anguilla.Communicator.svc.js.$communicator.onRequestsFailed.html" visibility="static" rawName="$communicator.onRequestsFailed" fullName="$communicator.onRequestsFailed" staticName="$communicator.onRequestsFailed" synopsis="onRequestsFailed(error: Object, requests: Object): Void" synopsisExtended="onRequestsFailed(error: Object, requests: Object): Void" type="Object">
              <arguments value="error, requests">
                <argument name="error" type="Object" />
                <argument name="requests" type="Object" />
              </arguments>
            </method>
            <method name="onRequestLoaded" url=".Anguilla.Communicator.svc.js.$communicator.onRequestLoaded.html" visibility="static" rawName="$communicator.onRequestLoaded" fullName="$communicator.onRequestLoaded" staticName="$communicator.onRequestLoaded" synopsis="onRequestLoaded(result: Object, request: Object, thread: Object): Void" synopsisExtended="onRequestLoaded(result: Object, request: Object, thread: Object): Void" type="Object">
              <arguments value="result, request, thread">
                <argument name="result" type="Object" />
                <argument name="request" type="Object" />
                <argument name="thread" type="Object" />
              </arguments>
            </method>
            <method name="onRequestFailed" url=".Anguilla.Communicator.svc.js.$communicator.onRequestFailed.html" visibility="static" rawName="$communicator.onRequestFailed" fullName="$communicator.onRequestFailed" staticName="$communicator.onRequestFailed" synopsis="onRequestFailed(error: Object, request: Object, thread: Object): Void" synopsisExtended="onRequestFailed(error: Object, request: Object, thread: Object): Void" type="Object">
              <arguments value="error, request, thread">
                <argument name="error" type="Object" />
                <argument name="request" type="Object" />
                <argument name="thread" type="Object" />
              </arguments>
            </method>
            <method name="invokeSynchronous" url=".Anguilla.Communicator.svc.js.$communicator.invokeSynchronous.html" visibility="static" rawName="$communicator.invokeSynchronous" fullName="$communicator.invokeSynchronous" staticName="$communicator.invokeSynchronous" synopsis="invokeSynchronous(request: Object): Void" synopsisExtended="invokeSynchronous(request: Object): Void" type="Object">
              <arguments value="request">
                <argument name="request" type="Object" />
              </arguments>
            </method>
            <method name="addRequest" url=".Anguilla.Communicator.svc.js.$communicator.addRequest.html" visibility="static" rawName="$communicator.addRequest" fullName="$communicator.addRequest" staticName="$communicator.addRequest" synopsis="addRequest(request: Object): Void" synopsisExtended="addRequest(request: Object): Void" type="Object">
              <arguments value="request">
                <argument name="request" type="Object" />
              </arguments>
            </method>
          </methods>
        </members>
      </property>
    </properties>
  </members>
</document>