<document name="ComponentPropertyPanel.ascx.js" url="ComponentPropertyPanel.ascx.js.html" visibility="default" rawName="ComponentPropertyPanel.ascx.js" fullName="ComponentPropertyPanel.ascx.js" staticName="Anguilla.ComponentPropertyPanel.ascx.js">
  <members>
    <properties>
      <property name="Tridion" url=".Anguilla.ComponentPropertyPanel.ascx.js.Tridion.html" visibility="public" rawName="Tridion" fullName="Tridion" staticName="ComponentPropertyPanel.ascx.js.Tridion" synopsis="ComponentPropertyPanel.ascx.js.Tridion: Object;" synopsisExtended="ComponentPropertyPanel.ascx.js.Tridion: &lt;a href=&quot;&quot;&gt;Object&lt;/a&gt;;" type="Object" virtual="true">
        <members>
          <properties>
            <property name="Cme" url=".Anguilla.ComponentPropertyPanel.ascx.js.Tridion.Cme.html" visibility="static" rawName="Tridion.Cme" fullName="Tridion.Cme" staticName="Tridion.Cme" synopsis="Tridion.Cme: Object;" synopsisExtended="Tridion.Cme: &lt;a href=&quot;&quot;&gt;Object&lt;/a&gt;;" type="Object" virtual="true">
              <members>
                <properties>
                  <property name="Pages" url=".Anguilla.ComponentPropertyPanel.ascx.js.Tridion.Cme.Pages.html" visibility="static" rawName="Tridion.Cme.Pages" fullName="Tridion.Cme.Pages" staticName="Cme.Pages" synopsis="Cme.Pages: Object;" synopsisExtended="Cme.Pages: &lt;a href=&quot;&quot;&gt;Object&lt;/a&gt;;" type="Object" virtual="true">
                    <members>
                      <properties>
                        <property name="PropertyPanels" url=".Anguilla.ComponentPropertyPanel.ascx.js.Tridion.Cme.Pages.PropertyPanels.html" visibility="static" rawName="Tridion.Cme.Pages.PropertyPanels" fullName="Tridion.Cme.Pages.PropertyPanels" staticName="Pages.PropertyPanels" synopsis="Pages.PropertyPanels: Object;" synopsisExtended="Pages.PropertyPanels: &lt;a href=&quot;&quot;&gt;Object&lt;/a&gt;;" type="Object" virtual="true">
                          <members>
                            <methods>
                              <method name="ComponentPropertyPanel" url=".Anguilla.ComponentPropertyPanel.ascx.js.Tridion.Cme.Pages.PropertyPanels.ComponentPropertyPanel.html" visibility="static" rawName="Tridion.Cme.Pages.PropertyPanels.ComponentPropertyPanel" fullName="Tridion.Cme.Pages.PropertyPanels.ComponentPropertyPanel" staticName="PropertyPanels.ComponentPropertyPanel" synopsis="ComponentPropertyPanel(): Void" synopsisExtended="ComponentPropertyPanel(): Void" type="Object">
                                <members>
                                  <classes>
                                    <class name="ComponentPropertyPanel" url=".Anguilla.ComponentPropertyPanel.ascx.js.Tridion.Cme.Pages.PropertyPanels.ComponentPropertyPanel.ComponentPropertyPanel.html" visibility="private" rawName="ComponentPropertyPanel" fullName="ComponentPropertyPanel" staticName="ComponentPropertyPanel.ComponentPropertyPanel" synopsis="var x: ComponentPropertyPanel = new ComponentPropertyPanel(element: Object);" synopsisExtended="var x: &lt;a href=&quot;.Anguilla.ComponentPropertyPanel.ascx.js.Tridion.Cme.Pages.PropertyPanels.ComponentPropertyPanel.ComponentPropertyPanel.html&quot;&gt;ComponentPropertyPanel&lt;/a&gt; = new ComponentPropertyPanel(element: Object);" type="Object">
                                      <arguments value="element">
                                        <argument name="element" type="Object" />
                                      </arguments>
                                      <extends />
                                      <members>
                                        <methods>
                                          <method name="initialize" url=".Anguilla.ComponentPropertyPanel.ascx.js.Tridion.Cme.Pages.PropertyPanels.ComponentPropertyPanel.ComponentPropertyPanel.initialize.html" visibility="prototype" rawName="ComponentPropertyPanel.prototype.initialize" fullName="ComponentPropertyPanel.initialize" staticName="ComponentPropertyPanel.initialize" synopsis="initialize(): Void" synopsisExtended="initialize(): Void" type="Object" />
                                          <method name="_onShowMoreButtonClick" url=".Anguilla.ComponentPropertyPanel.ascx.js.Tridion.Cme.Pages.PropertyPanels.ComponentPropertyPanel.ComponentPropertyPanel._onShowMoreButtonClick.html" visibility="prototype" rawName="ComponentPropertyPanel.prototype._onShowMoreButtonClick" fullName="ComponentPropertyPanel._onShowMoreButtonClick" staticName="ComponentPropertyPanel._onShowMoreButtonClick" synopsis="_onShowMoreButtonClick(e: Object): Void" synopsisExtended="_onShowMoreButtonClick(e: Object): Void" type="Object">
                                            <arguments value="e">
                                              <argument name="e" type="Object" />
                                            </arguments>
                                          </method>
                                          <method name="setItem" url=".Anguilla.ComponentPropertyPanel.ascx.js.Tridion.Cme.Pages.PropertyPanels.ComponentPropertyPanel.ComponentPropertyPanel.setItem.html" visibility="prototype" rawName="ComponentPropertyPanel.prototype.setItem" fullName="ComponentPropertyPanel.setItem" staticName="ComponentPropertyPanel.setItem" synopsis="setItem(component: Object): Void" synopsisExtended="setItem(component: Object): Void" type="Object">
                                            <arguments value="component">
                                              <argument name="component" type="Object" />
                                            </arguments>
                                          </method>
                                          <method name="update" url=".Anguilla.ComponentPropertyPanel.ascx.js.Tridion.Cme.Pages.PropertyPanels.ComponentPropertyPanel.ComponentPropertyPanel.update.html" visibility="prototype" rawName="ComponentPropertyPanel.prototype.update" fullName="ComponentPropertyPanel.update" staticName="ComponentPropertyPanel.update" synopsis="update(): Void" synopsisExtended="update(): Void" type="Object" />
                                          <method name="loadProperties" url=".Anguilla.ComponentPropertyPanel.ascx.js.Tridion.Cme.Pages.PropertyPanels.ComponentPropertyPanel.ComponentPropertyPanel.loadProperties.html" visibility="prototype" rawName="ComponentPropertyPanel.prototype.loadProperties" fullName="ComponentPropertyPanel.loadProperties" staticName="ComponentPropertyPanel.loadProperties" synopsis="loadProperties(): Void" synopsisExtended="loadProperties(): Void" type="Object">
                                            <members>
                                              <methods>
                                                <method name="handleComponentPropertyStaticLoad" url=".Anguilla.ComponentPropertyPanel.ascx.js.Tridion.Cme.Pages.PropertyPanels.ComponentPropertyPanel.ComponentPropertyPanel.loadProperties.handleComponentPropertyStaticLoad.html" visibility="private" rawName="handleComponentPropertyStaticLoad" fullName="handleComponentPropertyStaticLoad" staticName="loadProperties.handleComponentPropertyStaticLoad" synopsis="handleComponentPropertyStaticLoad(event: Object): Void" synopsisExtended="handleComponentPropertyStaticLoad(event: Object): Void" type="Object">
                                                  <arguments value="event">
                                                    <argument name="event" type="Object" />
                                                  </arguments>
                                                </method>
                                              </methods>
                                            </members>
                                          </method>
                                          <method name="repaint" url=".Anguilla.ComponentPropertyPanel.ascx.js.Tridion.Cme.Pages.PropertyPanels.ComponentPropertyPanel.ComponentPropertyPanel.repaint.html" visibility="prototype" rawName="ComponentPropertyPanel.prototype.repaint" fullName="ComponentPropertyPanel.repaint" staticName="ComponentPropertyPanel.repaint" synopsis="repaint(): Void" synopsisExtended="repaint(): Void" type="Object" />
                                          <method name="clear" url=".Anguilla.ComponentPropertyPanel.ascx.js.Tridion.Cme.Pages.PropertyPanels.ComponentPropertyPanel.ComponentPropertyPanel.clear.html" visibility="prototype" rawName="ComponentPropertyPanel.prototype.clear" fullName="ComponentPropertyPanel.clear" staticName="ComponentPropertyPanel.clear" synopsis="clear(): Void" synopsisExtended="clear(): Void" type="Object" />
                                        </methods>
                                      </members>
                                    </class>
                                  </classes>
                                  <methods>
                                    <method name="handleComponentStateChange" url=".Anguilla.ComponentPropertyPanel.ascx.js.Tridion.Cme.Pages.PropertyPanels.ComponentPropertyPanel.handleComponentStateChange.html" visibility="private" rawName="handleComponentStateChange" fullName="handleComponentStateChange" staticName="ComponentPropertyPanel.handleComponentStateChange" synopsis="handleComponentStateChange(event: Object): Void" synopsisExtended="handleComponentStateChange(event: Object): Void" type="Object">
                                      <arguments value="event">
                                        <argument name="event" type="Object" />
                                      </arguments>
                                    </method>
                                  </methods>
                                </members>
                              </method>
                            </methods>
                          </members>
                        </property>
                      </properties>
                    </members>
                  </property>
                </properties>
              </members>
            </property>
          </properties>
        </members>
      </property>
    </properties>
  </members>
</document>