<class name="ComponentPresentation.js" url="ComponentPresentation.js.html" visibility="default" rawName="ComponentPresentation.js" fullName="ComponentPresentation.js" staticName="Anguilla.ComponentPresentation.js">
  <documentation rawString="&#xA; * Represents a Component Presentation object.&#xA; * @namespace {Tridion.ContentManager}&#xA; * @param {Tridion.ContentManager.Page} page The Page object which contains this Component Presentation.&#xA; * @param {Tridion.ContentManager.Component} component The Component object which is contains in this Component Presentation.&#xA; * @param {Tridion.ContentManager.ComponentTemplate} componentTemplate The Component Template object which is contains in this Component Presentation.&#xA; * @constructor&#xA; * @event change Fires when Component Presentation changed.&#xA; ">
    <summary>Represents a Component Presentation object.</summary>
  </documentation>
  <members>
    <properties>
      <property name="Tridion" url=".Anguilla.ComponentPresentation.js.Tridion.html" visibility="public" rawName="Tridion" fullName="Tridion" staticName="ComponentPresentation.js.Tridion" synopsis="ComponentPresentation.js.Tridion: Object;" synopsisExtended="ComponentPresentation.js.Tridion: &lt;a href=&quot;&quot;&gt;Object&lt;/a&gt;;" type="Object" virtual="true">
        <members>
          <properties>
            <property name="ContentManager" url=".Anguilla.ComponentPresentation.js.Tridion.ContentManager.html" visibility="static" rawName="Tridion.ContentManager" fullName="Tridion.ContentManager" staticName="Tridion.ContentManager" synopsis="Tridion.ContentManager: Object;" synopsisExtended="Tridion.ContentManager: &lt;a href=&quot;&quot;&gt;Object&lt;/a&gt;;" type="Object" virtual="true">
              <members>
                <classes>
                  <class name="ComponentPresentation" url=".Anguilla.ComponentPresentation.js.Tridion.ContentManager.ComponentPresentation.html" visibility="static" rawName="Tridion.ContentManager.ComponentPresentation" fullName="Tridion.ContentManager.ComponentPresentation" staticName="ContentManager.ComponentPresentation" synopsis="var x: ComponentPresentation = new ComponentPresentation(page: Tridion.ContentManager.Page, component: Tridion.ContentManager.Component, componentTemplate: Tridion.ContentManager.ComponentTemplate);" synopsisExtended="var x: &lt;a href=&quot;.Anguilla.ComponentPresentation.js.Tridion.ContentManager.ComponentPresentation.html&quot;&gt;ComponentPresentation&lt;/a&gt; = new ComponentPresentation(page: Tridion.ContentManager.Page, component: Tridion.ContentManager.Component, componentTemplate: Tridion.ContentManager.ComponentTemplate);" type="Object">
                    <arguments value="page, component, componentTemplate">
                      <argument name="page" type="Tridion.ContentManager.Page" description="The Page object which contains this Component Presentation." />
                      <argument name="component" type="Tridion.ContentManager.Component" description="The Component object which is contains in this Component Presentation." />
                      <argument name="componentTemplate" type="Tridion.ContentManager.ComponentTemplate" description="The Component Template object which is contains in this Component Presentation." />
                    </arguments>
                    <extends />
                    <documentation rawString="&#xA; * Represents a Component Presentation object.&#xA; * @namespace {Tridion.ContentManager}&#xA; * @param {Tridion.ContentManager.Page} page The Page object which contains this Component Presentation.&#xA; * @param {Tridion.ContentManager.Component} component The Component object which is contains in this Component Presentation.&#xA; * @param {Tridion.ContentManager.ComponentTemplate} componentTemplate The Component Template object which is contains in this Component Presentation.&#xA; * @constructor&#xA; * @event change Fires when Component Presentation changed.&#xA; ">
                      <summary>Represents a Component Presentation object.</summary>
                    </documentation>
                    <members>
                      <methods>
                        <method name="setPageId" url=".Anguilla.ComponentPresentation.js.Tridion.ContentManager.ComponentPresentation.setPageId.html" visibility="prototype" rawName="Tridion.ContentManager.ComponentPresentation.prototype.setPageId" fullName="Tridion.ContentManager.ComponentPresentation.setPageId" staticName="ComponentPresentation.setPageId" synopsis="setPageId(value: String): Void" synopsisExtended="setPageId(value: String): Void" type="Object">
                          <arguments value="value">
                            <argument name="value" type="String" description="The Id of the Page." />
                          </arguments>
                          <documentation rawString="&#xA; * Sets Page Id.&#xA; * @param {String} value The Id of the Page.&#xA; ">
                            <summary>Sets Page Id.</summary>
                          </documentation>
                        </method>
                        <method name="getXml" url=".Anguilla.ComponentPresentation.js.Tridion.ContentManager.ComponentPresentation.getXml.html" visibility="prototype" rawName="Tridion.ContentManager.ComponentPresentation.prototype.getXml" fullName="Tridion.ContentManager.ComponentPresentation.getXml" staticName="ComponentPresentation.getXml" synopsis="getXml(): String" synopsisExtended="getXml(): String" type="Object">
                          <documentation rawString="&#xA; * Returns Component Presentation's xml.&#xA; * @return {String} The xml string.&#xA; ">
                            <summary>Returns Component Presentation's xml.</summary>
                          </documentation>
                          <returns type="String" description="The xml string." />
                        </method>
                        <method name="invalidateXmlNode" url=".Anguilla.ComponentPresentation.js.Tridion.ContentManager.ComponentPresentation.invalidateXmlNode.html" visibility="prototype" rawName="Tridion.ContentManager.ComponentPresentation.prototype.invalidateXmlNode" fullName="Tridion.ContentManager.ComponentPresentation.invalidateXmlNode" staticName="ComponentPresentation.invalidateXmlNode" synopsis="invalidateXmlNode(xpath: String): Void" synopsisExtended="invalidateXmlNode(xpath: String): Void" type="Object">
                          <arguments value="xpath">
                            <argument name="xpath" type="String" description="Not used." />
                          </arguments>
                          <documentation rawString="&#xA; * Invalidates cached xml nodes of this Component Presentations.&#xA; * @param {String} xpath Not used.&#xA; ">
                            <summary>Invalidates cached xml nodes of this Component Presentations.</summary>
                          </documentation>
                        </method>
                        <method name="getXmlNode" url=".Anguilla.ComponentPresentation.js.Tridion.ContentManager.ComponentPresentation.getXmlNode.html" visibility="prototype" rawName="Tridion.ContentManager.ComponentPresentation.prototype.getXmlNode" fullName="Tridion.ContentManager.ComponentPresentation.getXmlNode" staticName="ComponentPresentation.getXmlNode" synopsis="getXmlNode(): Object" synopsisExtended="getXmlNode(): Object" type="Object">
                          <documentation rawString="&#xA; * Returns Component Presentations xml node from Page's xml.&#xA; * @return {Object} The xml node.&#xA; ">
                            <summary>Returns Component Presentations xml node from Page's xml.</summary>
                          </documentation>
                          <returns type="Object" description="The xml node." />
                        </method>
                        <method name="createXmlNode" url=".Anguilla.ComponentPresentation.js.Tridion.ContentManager.ComponentPresentation.createXmlNode.html" visibility="prototype" rawName="Tridion.ContentManager.ComponentPresentation.prototype.createXmlNode" fullName="Tridion.ContentManager.ComponentPresentation.createXmlNode" staticName="ComponentPresentation.createXmlNode" synopsis="createXmlNode(): Object" synopsisExtended="createXmlNode(): Object" type="Object">
                          <documentation rawString="&#xA; * Creates new Component Presentations xml node.&#xA; * @return {Object} The new xml node.&#xA; ">
                            <summary>Creates new Component Presentations xml node.</summary>
                          </documentation>
                          <returns type="Object" description="The new xml node." />
                        </method>
                        <method name="getComponentId" url=".Anguilla.ComponentPresentation.js.Tridion.ContentManager.ComponentPresentation.getComponentId.html" visibility="prototype" rawName="Tridion.ContentManager.ComponentPresentation.prototype.getComponentId" fullName="Tridion.ContentManager.ComponentPresentation.getComponentId" staticName="ComponentPresentation.getComponentId" synopsis="getComponentId(): String" synopsisExtended="getComponentId(): String" type="Object">
                          <documentation rawString="&#xA; * Returns Component Id.&#xA; * @return {String} The Component Id.&#xA; ">
                            <summary>Returns Component Id.</summary>
                          </documentation>
                          <returns type="String" description="The Component Id." />
                        </method>
                        <method name="getComponent" url=".Anguilla.ComponentPresentation.js.Tridion.ContentManager.ComponentPresentation.getComponent.html" visibility="prototype" rawName="Tridion.ContentManager.ComponentPresentation.prototype.getComponent" fullName="Tridion.ContentManager.ComponentPresentation.getComponent" staticName="ComponentPresentation.getComponent" synopsis="getComponent(): Tridion.ContentManager.Component" synopsisExtended="getComponent(): Tridion.ContentManager.Component" type="Object">
                          <documentation rawString="&#xA; * Returns Component object.&#xA; * @return {Tridion.ContentManager.Component} The Component object.&#xA; ">
                            <summary>Returns Component object.</summary>
                          </documentation>
                          <returns type="Tridion.ContentManager.Component" description="The Component object." />
                        </method>
                        <method name="setComponent" url=".Anguilla.ComponentPresentation.js.Tridion.ContentManager.ComponentPresentation.setComponent.html" visibility="prototype" rawName="Tridion.ContentManager.ComponentPresentation.prototype.setComponent" fullName="Tridion.ContentManager.ComponentPresentation.setComponent" staticName="ComponentPresentation.setComponent" synopsis="setComponent(component: Tridion.ContentManager.Component, context: Object): Void" synopsisExtended="setComponent(component: Tridion.ContentManager.Component, context: Object): Void" type="Object">
                          <arguments value="component, context">
                            <argument name="component" type="Tridion.ContentManager.Component" description="The Component object." />
                            <argument name="context" type="Object" description="The context where the method is used." />
                          </arguments>
                          <documentation rawString="&#xA; * Sets Component object.&#xA; * @param {Tridion.ContentManager.Component} component The Component object.&#xA; * @param {Object} context The context where the method is used.&#xA; ">
                            <summary>Sets Component object.</summary>
                          </documentation>
                        </method>
                        <method name="getComponentTemplateId" url=".Anguilla.ComponentPresentation.js.Tridion.ContentManager.ComponentPresentation.getComponentTemplateId.html" visibility="prototype" rawName="Tridion.ContentManager.ComponentPresentation.prototype.getComponentTemplateId" fullName="Tridion.ContentManager.ComponentPresentation.getComponentTemplateId" staticName="ComponentPresentation.getComponentTemplateId" synopsis="getComponentTemplateId(): String" synopsisExtended="getComponentTemplateId(): String" type="Object">
                          <documentation rawString="&#xA; * Returns Component Template Id.&#xA; * @return {String} The Component Template Id.&#xA; ">
                            <summary>Returns Component Template Id.</summary>
                          </documentation>
                          <returns type="String" description="The Component Template Id." />
                        </method>
                        <method name="getComponentTemplate" url=".Anguilla.ComponentPresentation.js.Tridion.ContentManager.ComponentPresentation.getComponentTemplate.html" visibility="prototype" rawName="Tridion.ContentManager.ComponentPresentation.prototype.getComponentTemplate" fullName="Tridion.ContentManager.ComponentPresentation.getComponentTemplate" staticName="ComponentPresentation.getComponentTemplate" synopsis="getComponentTemplate(): Tridion.ContentManager.ComponentTemplate" synopsisExtended="getComponentTemplate(): Tridion.ContentManager.ComponentTemplate" type="Object">
                          <documentation rawString="&#xA; * Returns Component Template object.&#xA; * @return {Tridion.ContentManager.ComponentTemplate} The Component Template object.&#xA; ">
                            <summary>Returns Component Template object.</summary>
                          </documentation>
                          <returns type="Tridion.ContentManager.ComponentTemplate" description="The Component Template object." />
                        </method>
                        <method name="setComponentTemplate" url=".Anguilla.ComponentPresentation.js.Tridion.ContentManager.ComponentPresentation.setComponentTemplate.html" visibility="prototype" rawName="Tridion.ContentManager.ComponentPresentation.prototype.setComponentTemplate" fullName="Tridion.ContentManager.ComponentPresentation.setComponentTemplate" staticName="ComponentPresentation.setComponentTemplate" synopsis="setComponentTemplate(componentTemplate: Tridion.ContentManager.ComponentTemplate, context: Object): Void" synopsisExtended="setComponentTemplate(componentTemplate: Tridion.ContentManager.ComponentTemplate, context: Object): Void" type="Object">
                          <arguments value="componentTemplate, context">
                            <argument name="componentTemplate" type="Tridion.ContentManager.ComponentTemplate" description="The Component Template object." />
                            <argument name="context" type="Object" description="The context where the method is used." />
                          </arguments>
                          <documentation rawString="&#xA; * Sets Component Template object.&#xA; * @param {Tridion.ContentManager.ComponentTemplate} componentTemplate The Component Template object.&#xA; * @param {Object} context The context where the method is used.&#xA; ">
                            <summary>Sets Component Template object.</summary>
                          </documentation>
                        </method>
                        <method name="updateValue" url=".Anguilla.ComponentPresentation.js.Tridion.ContentManager.ComponentPresentation.updateValue.html" visibility="prototype" rawName="Tridion.ContentManager.ComponentPresentation.prototype.updateValue" fullName="Tridion.ContentManager.ComponentPresentation.updateValue" staticName="ComponentPresentation.updateValue" synopsis="updateValue(xpath: String, value: String, context: Object): Boolean" synopsisExtended="updateValue(xpath: String, value: String, context: Object): Boolean" type="Object">
                          <arguments value="xpath, value, context">
                            <argument name="xpath" type="String" description="The xpath to use in order to locate the data in xml." />
                            <argument name="value" type="String" description="The update text value." />
                            <argument name="context" type="Object" description="The context where the method is used." />
                          </arguments>
                          <documentation rawString="&#xA; * Updates a specific node with new text value.&#xA; * @param {String} xpath The xpath to use in order to locate the data in xml.&#xA; * @param {String} value The update text value.&#xA; * @param {Object} context The context where the method is used.&#xA; * @return {Boolean} &lt;c&gt;true&lt;/c&gt; if updating the xml succeeded; otherwise &lt;c&gt;false&lt;/c&gt;.&#xA; ">
                            <summary>Updates a specific node with new text value.</summary>
                          </documentation>
                          <returns type="Boolean" description="&lt;c&gt;true&lt;/c&gt; if updating the xml succeeded; otherwise &lt;c&gt;false&lt;/c&gt;." />
                        </method>
                        <method name="updateXml" url=".Anguilla.ComponentPresentation.js.Tridion.ContentManager.ComponentPresentation.updateXml.html" visibility="prototype" rawName="Tridion.ContentManager.ComponentPresentation.prototype.updateXml" fullName="Tridion.ContentManager.ComponentPresentation.updateXml" staticName="ComponentPresentation.updateXml" synopsis="updateXml(xpath: String, value: String, context: Object): Boolean" synopsisExtended="updateXml(xpath: String, value: String, context: Object): Boolean" type="Object">
                          <arguments value="xpath, xml, context">
                            <argument name="xpath" type="String" description="The xpath to use in order to locate the data in xml." />
                            <argument name="value" type="String" description="The update xml string." />
                            <argument name="context" type="Object" description="The context where the method is used." />
                          </arguments>
                          <documentation rawString="&#xA; * Updates a specific node with new xml.&#xA; * @param {String} xpath The xpath to use in order to locate the data in xml.&#xA; * @param {String} value The update xml string.&#xA; * @param {Object} context The context where the method is used.&#xA; * @return {Boolean} &lt;c&gt;true&lt;/c&gt; if updating the xml succeeded; otherwise &lt;c&gt;false&lt;/c&gt;.&#xA; ">
                            <summary>Updates a specific node with new xml.</summary>
                          </documentation>
                          <returns type="Boolean" description="&lt;c&gt;true&lt;/c&gt; if updating the xml succeeded; otherwise &lt;c&gt;false&lt;/c&gt;." />
                        </method>
                        <method name="appendXml" url=".Anguilla.ComponentPresentation.js.Tridion.ContentManager.ComponentPresentation.appendXml.html" visibility="prototype" rawName="Tridion.ContentManager.ComponentPresentation.prototype.appendXml" fullName="Tridion.ContentManager.ComponentPresentation.appendXml" staticName="ComponentPresentation.appendXml" synopsis="appendXml(xpath: String, xml: String, context: Object): Boolean" synopsisExtended="appendXml(xpath: String, xml: String, context: Object): Boolean" type="Object">
                          <arguments value="xpath, xml, context">
                            <argument name="xpath" type="String" description="The xpath to the node where to append." />
                            <argument name="xml" type="String" description="The new xml string." />
                            <argument name="context" type="Object" description="The context where the method is used." />
                          </arguments>
                          <documentation rawString="&#xA; * Adds xml to a specific node.&#xA; * @param {String} xpath The xpath to the node where to append.&#xA; * @param {String} xml The new xml string.&#xA; * @param {Object} context The context where the method is used.&#xA; * @return {Boolean} &lt;c&gt;true&lt;/c&gt; if appending to xml succeeded; otherwise &lt;c&gt;false&lt;/c&gt;.&#xA; ">
                            <summary>Adds xml to a specific node.</summary>
                          </documentation>
                          <returns type="Boolean" description="&lt;c&gt;true&lt;/c&gt; if appending to xml succeeded; otherwise &lt;c&gt;false&lt;/c&gt;." />
                        </method>
                        <method name="removeXml" url=".Anguilla.ComponentPresentation.js.Tridion.ContentManager.ComponentPresentation.removeXml.html" visibility="prototype" rawName="Tridion.ContentManager.ComponentPresentation.prototype.removeXml" fullName="Tridion.ContentManager.ComponentPresentation.removeXml" staticName="ComponentPresentation.removeXml" synopsis="removeXml(xpath: String, parentXpath: String, context: Object): Boolean" synopsisExtended="removeXml(xpath: String, parentXpath: String, context: Object): Boolean" type="Object">
                          <arguments value="xpath, parentXpath, context">
                            <argument name="xpath" type="String" description="The xpath to the node to be removed." />
                            <argument name="parentXpath" type="String" description="The xpath to the parent node of the node to be removed." />
                            <argument name="context" type="Object" description="The context where the method is used." />
                          </arguments>
                          <documentation rawString="&#xA; * Removes a specific node from xml.&#xA; * @param {String} xpath The xpath to the node to be removed.&#xA; * @param {String} parentXpath The xpath to the parent node of the node to be removed.&#xA; * @param {Object} context The context where the method is used.&#xA; * @return {Boolean} &lt;c&gt;true&lt;/c&gt; if removing from xml succeeded; otherwise &lt;c&gt;false&lt;/c&gt;.&#xA;">
                            <summary>Removes a specific node from xml.</summary>
                          </documentation>
                          <returns type="Boolean" description="&lt;c&gt;true&lt;/c&gt; if removing from xml succeeded; otherwise &lt;c&gt;false&lt;/c&gt;." />
                        </method>
                        <method name="getTargetGroupConditionsXmlNode" url=".Anguilla.ComponentPresentation.js.Tridion.ContentManager.ComponentPresentation.getTargetGroupConditionsXmlNode.html" visibility="prototype" rawName="Tridion.ContentManager.ComponentPresentation.prototype.getTargetGroupConditionsXmlNode" fullName="Tridion.ContentManager.ComponentPresentation.getTargetGroupConditionsXmlNode" staticName="ComponentPresentation.getTargetGroupConditionsXmlNode" synopsis="getTargetGroupConditionsXmlNode(): Object" synopsisExtended="getTargetGroupConditionsXmlNode(): Object" type="Object">
                          <documentation rawString="&#xA; * Returns Target Group conditions xml node.&#xA; * @return {Object} The Target Group conditions xml node.&#xA; ">
                            <summary>Returns Target Group conditions xml node.</summary>
                          </documentation>
                          <returns type="Object" description="The Target Group conditions xml node." />
                        </method>
                        <method name="getTargetGroupConditionsXml" url=".Anguilla.ComponentPresentation.js.Tridion.ContentManager.ComponentPresentation.getTargetGroupConditionsXml.html" visibility="prototype" rawName="Tridion.ContentManager.ComponentPresentation.prototype.getTargetGroupConditionsXml" fullName="Tridion.ContentManager.ComponentPresentation.getTargetGroupConditionsXml" staticName="ComponentPresentation.getTargetGroupConditionsXml" synopsis="getTargetGroupConditionsXml(): String" synopsisExtended="getTargetGroupConditionsXml(): String" type="Object">
                          <documentation rawString="&#xA; * Returns Target Group conditions xml.&#xA; * @return {String} The Target Group conditions xml string.&#xA; ">
                            <summary>Returns Target Group conditions xml.</summary>
                          </documentation>
                          <returns type="String" description="The Target Group conditions xml string." />
                        </method>
                        <method name="setTargetGroupCondition" url=".Anguilla.ComponentPresentation.js.Tridion.ContentManager.ComponentPresentation.setTargetGroupCondition.html" visibility="prototype" rawName="Tridion.ContentManager.ComponentPresentation.prototype.setTargetGroupCondition" fullName="Tridion.ContentManager.ComponentPresentation.setTargetGroupCondition" staticName="ComponentPresentation.setTargetGroupCondition" synopsis="setTargetGroupCondition(targetGroup: Tridion.ContentManager.TargetGroup, include: Boolean, context: Object): Void" synopsisExtended="setTargetGroupCondition(targetGroup: Tridion.ContentManager.TargetGroup, include: Boolean, context: Object): Void" type="Object">
                          <arguments value="targetGroup, include, context">
                            <argument name="targetGroup" type="Tridion.ContentManager.TargetGroup" description="The Target Group object." />
                            <argument name="include" type="Boolean" description="Indicates conditions type. Default value &quot;false&quot;. Optional." />
                            <argument name="context" type="Object" description="The context where the method is used." />
                          </arguments>
                          <documentation rawString="&#xA; * Sets Target Group conditions with certain type.&#xA; * @param {Tridion.ContentManager.TargetGroup} targetGroup The Target Group object.&#xA; * @param {Boolean} include Indicates conditions type. Default value &quot;false&quot;. Optional.&#xA; * @param {Object} context The context where the method is used.&#xA; ">
                            <summary>Sets Target Group conditions with certain type.</summary>
                          </documentation>
                        </method>
                        <method name="removeTargetGroupCondition" url=".Anguilla.ComponentPresentation.js.Tridion.ContentManager.ComponentPresentation.removeTargetGroupCondition.html" visibility="prototype" rawName="Tridion.ContentManager.ComponentPresentation.prototype.removeTargetGroupCondition" fullName="Tridion.ContentManager.ComponentPresentation.removeTargetGroupCondition" staticName="ComponentPresentation.removeTargetGroupCondition" synopsis="removeTargetGroupCondition(targetGroup: Tridion.ContentManager.TargetGroup, context: Object): Void" synopsisExtended="removeTargetGroupCondition(targetGroup: Tridion.ContentManager.TargetGroup, context: Object): Void" type="Object">
                          <arguments value="targetGroup, context">
                            <argument name="targetGroup" type="Tridion.ContentManager.TargetGroup" description="The Target Group object." />
                            <argument name="context" type="Object" description="The context where the method is used." />
                          </arguments>
                          <documentation rawString="&#xA; * Removes Target Group conditions.&#xA; * @param {Tridion.ContentManager.TargetGroup} targetGroup The Target Group object.&#xA; * @param {Object} context The context where the method is used.&#xA; ">
                            <summary>Removes Target Group conditions.</summary>
                          </documentation>
                        </method>
                        <method name="removeAllTargetGroupConditions" url=".Anguilla.ComponentPresentation.js.Tridion.ContentManager.ComponentPresentation.removeAllTargetGroupConditions.html" visibility="prototype" rawName="Tridion.ContentManager.ComponentPresentation.prototype.removeAllTargetGroupConditions" fullName="Tridion.ContentManager.ComponentPresentation.removeAllTargetGroupConditions" staticName="ComponentPresentation.removeAllTargetGroupConditions" synopsis="removeAllTargetGroupConditions(include: Boolean, context: Object): Void" synopsisExtended="removeAllTargetGroupConditions(include: Boolean, context: Object): Void" type="Object">
                          <arguments value="included, context">
                            <argument name="include" type="Boolean" description="Indicates conditions type. Default value &quot;false&quot;. Optional." />
                            <argument name="context" type="Object" description="The context where the method is used." />
                          </arguments>
                          <documentation rawString="&#xA; * Removes all Target Group conditions with certain type.&#xA; * @param {Boolean} include Indicates conditions type. Default value &quot;false&quot;. Optional.&#xA; * @param {Object} context The context where the method is used.&#xA; ">
                            <summary>Removes all Target Group conditions with certain type.</summary>
                          </documentation>
                        </method>
                        <method name="pack" url=".Anguilla.ComponentPresentation.js.Tridion.ContentManager.ComponentPresentation.pack.html" visibility="prototype" rawName="Tridion.ContentManager.ComponentPresentation.prototype.pack" fullName="Tridion.ContentManager.ComponentPresentation.pack" staticName="ComponentPresentation.pack" synopsis="pack(): Void" synopsisExtended="pack(): Void" type="Object" />
                        <method name="unpack" url=".Anguilla.ComponentPresentation.js.Tridion.ContentManager.ComponentPresentation.unpack.html" visibility="prototype" rawName="Tridion.ContentManager.ComponentPresentation.prototype.unpack" fullName="Tridion.ContentManager.ComponentPresentation.unpack" staticName="ComponentPresentation.unpack" synopsis="unpack(data: Object): Void" synopsisExtended="unpack(data: Object): Void" type="Object">
                          <arguments value="data">
                            <argument name="data" type="Object" />
                          </arguments>
                        </method>
                      </methods>
                      <events>
                        <event name="change" url=".Anguilla.ComponentPresentation.js.Tridion.ContentManager.ComponentPresentation.change.html" visibility="prototype" rawName="change" fullName="change" staticName="ComponentPresentation.change" type="Object">
                          <documentation rawString="">
                            <summary>Fires when Component Presentation changed.</summary>
                          </documentation>
                        </event>
                      </events>
                    </members>
                  </class>
                </classes>
              </members>
            </property>
          </properties>
        </members>
      </property>
    </properties>
    <events>
      <event name="change" url=".Anguilla.ComponentPresentation.js.change.html" visibility="prototype" rawName="change" fullName="change" staticName="ComponentPresentation.js.change" type="Object">
        <documentation rawString="">
          <summary>Fires when Component Presentation changed.</summary>
        </documentation>
      </event>
    </events>
  </members>
</class>