<document name="ComponentTemplate.js" url="ComponentTemplate.js.html" visibility="default" rawName="ComponentTemplate.js" fullName="ComponentTemplate.js" staticName="Anguilla.ComponentTemplate.js">
  <members>
    <properties>
      <property name="Tridion" url=".Anguilla.ComponentTemplate.js.Tridion.html" visibility="public" rawName="Tridion" fullName="Tridion" staticName="ComponentTemplate.js.Tridion" synopsis="ComponentTemplate.js.Tridion: Object;" synopsisExtended="ComponentTemplate.js.Tridion: &lt;a href=&quot;&quot;&gt;Object&lt;/a&gt;;" type="Object" virtual="true">
        <members>
          <properties>
            <property name="Cme" url=".Anguilla.ComponentTemplate.js.Tridion.Cme.html" visibility="static" rawName="Tridion.Cme" fullName="Tridion.Cme" staticName="Tridion.Cme" synopsis="Tridion.Cme: Object;" synopsisExtended="Tridion.Cme: &lt;a href=&quot;&quot;&gt;Object&lt;/a&gt;;" type="Object" virtual="true">
              <members>
                <properties>
                  <property name="Views" url=".Anguilla.ComponentTemplate.js.Tridion.Cme.Views.html" visibility="static" rawName="Tridion.Cme.Views" fullName="Tridion.Cme.Views" staticName="Cme.Views" synopsis="Cme.Views: Object;" synopsisExtended="Cme.Views: &lt;a href=&quot;&quot;&gt;Object&lt;/a&gt;;" type="Object" virtual="true">
                    <members>
                      <classes>
                        <class name="ComponentTemplate" url=".Anguilla.ComponentTemplate.js.Tridion.Cme.Views.ComponentTemplate.html" visibility="static" rawName="Tridion.Cme.Views.ComponentTemplate" fullName="Tridion.Cme.Views.ComponentTemplate" staticName="Views.ComponentTemplate" synopsis="var x: ComponentTemplate = new ComponentTemplate(element: HTMLElement);" synopsisExtended="var x: &lt;a href=&quot;.Anguilla.ComponentTemplate.js.Tridion.Cme.Views.ComponentTemplate.html&quot;&gt;ComponentTemplate&lt;/a&gt; = new ComponentTemplate(element: HTMLElement);" type="Object">
                          <arguments value="element">
                            <argument name="element" type="HTMLElement" description="The html element that represents this control." />
                          </arguments>
                          <extends />
                          <documentation rawString="&#xA; * Implements Component Template view.&#xA; * @param {HTMLElement} element The html element that represents this control.   &#xA; * @constructor&#xA; ">
                            <summary>Implements Component Template view.</summary>
                          </documentation>
                          <members>
                            <methods>
                              <method name="onRefresh" url=".Anguilla.ComponentTemplate.js.Tridion.Cme.Views.ComponentTemplate.onRefresh.html" visibility="prototype" rawName="Tridion.Cme.Views.ComponentTemplate.prototype.onRefresh" fullName="Tridion.Cme.Views.ComponentTemplate.onRefresh" staticName="ComponentTemplate.onRefresh" synopsis="onRefresh(The: e.): Void" synopsisExtended="onRefresh(The: e.): Void" type="Object">
                                <arguments value="e">
                                  <argument name="The" type="e." description="event is fired from the &lt;c&gt;Tridion.DisplayController&lt;/c&gt;." />
                                </arguments>
                                <documentation rawString="&#xA; * Reacts on Display Refresh event.&#xA; * @param {Tridion.Core.Event} e. The event is fired from the &lt;c&gt;Tridion.DisplayController&lt;/c&gt;.&#xA; ">
                                  <summary>Reacts on Display Refresh event.</summary>
                                </documentation>
                              </method>
                              <method name="updateView" url=".Anguilla.ComponentTemplate.js.Tridion.Cme.Views.ComponentTemplate.updateView.html" visibility="prototype" rawName="Tridion.Cme.Views.ComponentTemplate.prototype.updateView" fullName="Tridion.Cme.Views.ComponentTemplate.updateView" staticName="ComponentTemplate.updateView" synopsis="updateView(): Void" synopsisExtended="updateView(): Void" type="Object">
                                <documentation rawString="&#xA; * Updating view representation.&#xA; ">
                                  <summary>Updating view representation.</summary>
                                </documentation>
                              </method>
                              <method name="setOutputFormat" url=".Anguilla.ComponentTemplate.js.Tridion.Cme.Views.ComponentTemplate.setOutputFormat.html" visibility="prototype" rawName="Tridion.Cme.Views.ComponentTemplate.prototype.setOutputFormat" fullName="Tridion.Cme.Views.ComponentTemplate.setOutputFormat" staticName="ComponentTemplate.setOutputFormat" synopsis="setOutputFormat(outputFormat: String): Void" synopsisExtended="setOutputFormat(outputFormat: String): Void" type="Object">
                                <arguments value="outputFormat">
                                  <argument name="outputFormat" type="String" description="Output format value." />
                                </arguments>
                                <documentation rawString="&#xA;* Sets the Output Format dropdown value.&#xA;* @param {String} outputFormat Output format value. &#xA;">
                                  <summary>Sets the Output Format dropdown value.</summary>
                                </documentation>
                              </method>
                              <method name="toggleAllowOnPageBlock" url=".Anguilla.ComponentTemplate.js.Tridion.Cme.Views.ComponentTemplate.toggleAllowOnPageBlock.html" visibility="prototype" rawName="Tridion.Cme.Views.ComponentTemplate.prototype.toggleAllowOnPageBlock" fullName="Tridion.Cme.Views.ComponentTemplate.toggleAllowOnPageBlock" staticName="ComponentTemplate.toggleAllowOnPageBlock" synopsis="toggleAllowOnPageBlock(): Void" synopsisExtended="toggleAllowOnPageBlock(): Void" type="Object">
                                <documentation rawString="&#xA; * Toggle allow on Page block&#xA; ">
                                  <summary>Toggle allow on Page block</summary>
                                </documentation>
                              </method>
                              <method name="onItemChanged" url=".Anguilla.ComponentTemplate.js.Tridion.Cme.Views.ComponentTemplate.onItemChanged.html" visibility="prototype" rawName="Tridion.Cme.Views.ComponentTemplate.prototype.onItemChanged" fullName="Tridion.Cme.Views.ComponentTemplate.onItemChanged" staticName="ComponentTemplate.onItemChanged" synopsis="onItemChanged(The: event.): Void" synopsisExtended="onItemChanged(The: event.): Void" type="Object">
                                <arguments value="event">
                                  <argument name="The" type="event." description="event fired from the Item." />
                                </arguments>
                                <documentation rawString="&#xA; * Handles the change event in Item.&#xA; * @param {Tridion.Core.Event} event. The event fired from the Item.&#xA; ">
                                  <summary>Handles the change event in Item.</summary>
                                </documentation>
                              </method>
                              <method name="onFieldsChanged" url=".Anguilla.ComponentTemplate.js.Tridion.Cme.Views.ComponentTemplate.onFieldsChanged.html" visibility="prototype" rawName="Tridion.Cme.Views.ComponentTemplate.prototype.onFieldsChanged" fullName="Tridion.Cme.Views.ComponentTemplate.onFieldsChanged" staticName="ComponentTemplate.onFieldsChanged" synopsis="onFieldsChanged(The: event.): Void" synopsisExtended="onFieldsChanged(The: event.): Void" type="Object">
                                <arguments value="event">
                                  <argument name="The" type="event." description="event is the event fired from the Fields." />
                                </arguments>
                                <documentation rawString="&#xA; * Handles the change events from Fields.&#xA; * @param {Tridion.Core.Event} event. The event is the event fired from the Fields.&#xA; ">
                                  <summary>Handles the change events from Fields.</summary>
                                </documentation>
                              </method>
                              <method name="collectFieldData" url=".Anguilla.ComponentTemplate.js.Tridion.Cme.Views.ComponentTemplate.collectFieldData.html" visibility="prototype" rawName="Tridion.Cme.Views.ComponentTemplate.prototype.collectFieldData" fullName="Tridion.Cme.Views.ComponentTemplate.collectFieldData" staticName="ComponentTemplate.collectFieldData" synopsis="collectFieldData(Field: field.): Void" synopsisExtended="collectFieldData(Field: field.): Void" type="Object">
                                <arguments value="field">
                                  <argument name="Field" type="field." description="which data was changed." />
                                </arguments>
                                <documentation rawString="&#xA; * Collects Data from field.&#xA; * @param {Object} field. Field which data was changed.&#xA; ">
                                  <summary>Collects Data from field.</summary>
                                </documentation>
                              </method>
                              <method name="onMetadataSchemaLoadContent" url=".Anguilla.ComponentTemplate.js.Tridion.Cme.Views.ComponentTemplate.onMetadataSchemaLoadContent.html" visibility="prototype" rawName="Tridion.Cme.Views.ComponentTemplate.prototype.onMetadataSchemaLoadContent" fullName="Tridion.Cme.Views.ComponentTemplate.onMetadataSchemaLoadContent" staticName="ComponentTemplate.onMetadataSchemaLoadContent" synopsis="onMetadataSchemaLoadContent(The: event.): Void" synopsisExtended="onMetadataSchemaLoadContent(The: event.): Void" type="Object">
                                <arguments value="event">
                                  <argument name="The" type="event." description="event fired from metadata schema dropdown." />
                                </arguments>
                                <documentation rawString="&#xA; * Handles the content load Event from metadata schema dropdown.&#xA; * @param {Tridion.Core.Event} event. The event fired from metadata schema dropdown.&#xA; ">
                                  <summary>Handles the content load Event from metadata schema dropdown.</summary>
                                </documentation>
                                <members>
                                  <methods>
                                    <method name="ComponentTemplate$onMetadataSchemaLoadContent$listLoaded" url=".Anguilla.ComponentTemplate.js.Tridion.Cme.Views.ComponentTemplate.onMetadataSchemaLoadContent.ComponentTemplate$onMetadataSchemaLoadContent$listLoaded.html" visibility="private" rawName="ComponentTemplate$onMetadataSchemaLoadContent$listLoaded" fullName="ComponentTemplate$onMetadataSchemaLoadContent$listLoaded" staticName="onMetadataSchemaLoadContent.ComponentTemplate$onMetadataSchemaLoadContent$listLoaded" synopsis="ComponentTemplate$onMetadataSchemaLoadContent$listLoaded(): Void" synopsisExtended="ComponentTemplate$onMetadataSchemaLoadContent$listLoaded(): Void" type="Object" />
                                  </methods>
                                </members>
                              </method>
                              <method name="getParameterSchemasList" url=".Anguilla.ComponentTemplate.js.Tridion.Cme.Views.ComponentTemplate.getParameterSchemasList.html" visibility="prototype" rawName="Tridion.Cme.Views.ComponentTemplate.prototype.getParameterSchemasList" fullName="Tridion.Cme.Views.ComponentTemplate.getParameterSchemasList" staticName="ComponentTemplate.getParameterSchemasList" synopsis="getParameterSchemasList(): Object" synopsisExtended="getParameterSchemasList(): Object" type="Object">
                                <documentation rawString="&#xA; * Gets List of parameter schemas.&#xA; * @returns {Object} List schemas object.&#xA; ">
                                  <summary>Gets List of parameter schemas.</summary>
                                </documentation>
                                <returns type="Object" description="List schemas object." />
                              </method>
                              <method name="onParameterSchemaLoadContent" url=".Anguilla.ComponentTemplate.js.Tridion.Cme.Views.ComponentTemplate.onParameterSchemaLoadContent.html" visibility="prototype" rawName="Tridion.Cme.Views.ComponentTemplate.prototype.onParameterSchemaLoadContent" fullName="Tridion.Cme.Views.ComponentTemplate.onParameterSchemaLoadContent" staticName="ComponentTemplate.onParameterSchemaLoadContent" synopsis="onParameterSchemaLoadContent(The: event.): Void" synopsisExtended="onParameterSchemaLoadContent(The: event.): Void" type="Object">
                                <arguments value="event">
                                  <argument name="The" type="event." description="event fired from parameter schema dropdown." />
                                </arguments>
                                <documentation rawString="&#xA; * Handles the content load Event from parameter schema dropdown.&#xA; * @param {Tridion.Core.Event} event. The event fired from parameter schema dropdown.&#xA; ">
                                  <summary>Handles the content load Event from parameter schema dropdown.</summary>
                                </documentation>
                                <members>
                                  <methods>
                                    <method name="ComponentTemplate$onParameterSchemaLoadContent$listLoaded" url=".Anguilla.ComponentTemplate.js.Tridion.Cme.Views.ComponentTemplate.onParameterSchemaLoadContent.ComponentTemplate$onParameterSchemaLoadContent$listLoaded.html" visibility="private" rawName="ComponentTemplate$onParameterSchemaLoadContent$listLoaded" fullName="ComponentTemplate$onParameterSchemaLoadContent$listLoaded" staticName="onParameterSchemaLoadContent.ComponentTemplate$onParameterSchemaLoadContent$listLoaded" synopsis="ComponentTemplate$onParameterSchemaLoadContent$listLoaded(): Void" synopsisExtended="ComponentTemplate$onParameterSchemaLoadContent$listLoaded(): Void" type="Object" />
                                  </methods>
                                </members>
                              </method>
                              <method name="initialize" url=".Anguilla.ComponentTemplate.js.Tridion.Cme.Views.ComponentTemplate.initialize.html" visibility="private" rawName="Tridion.Cme.Views.ComponentTemplate.prototype.initialize" fullName="Tridion.Cme.Views.ComponentTemplate.initialize" staticName="ComponentTemplate.initialize" synopsis="initialize(): Void" synopsisExtended="initialize(): Void" type="Object">
                                <documentation rawString="&#xA; * Initializes Component Template view.&#xA; * @private&#xA; ">
                                  <summary>Initializes Component Template view.</summary>
                                </documentation>
                              </method>
                              <method name="onItemValidate" url=".Anguilla.ComponentTemplate.js.Tridion.Cme.Views.ComponentTemplate.onItemValidate.html" visibility="private" rawName="Tridion.Cme.Views.ComponentTemplate.prototype.onItemValidate" fullName="Tridion.Cme.Views.ComponentTemplate.onItemValidate" staticName="ComponentTemplate.onItemValidate" synopsis="onItemValidate(The: event.): Bollean" synopsisExtended="onItemValidate(The: event.): Bollean" type="Object">
                                <arguments value="event">
                                  <argument name="The" type="event." description="event is the event fired from the &lt;c&gt;Tridion.FormatArea&lt;/c&gt;." />
                                </arguments>
                                <documentation rawString="&#xA; * Handles the validate event in Item.&#xA; * @param {Tridion.Core.Event} event. The event is the event fired from the &lt;c&gt;Tridion.FormatArea&lt;/c&gt;.&#xA; * @returns {Bollean} True if item is Valid.&#xA; * @private&#xA; ">
                                  <summary>Handles the validate event in Item.</summary>
                                </documentation>
                                <members>
                                  <methods>
                                    <method name="ComponentTemplate$onItemValidate$onModalPopupUnloaded" url=".Anguilla.ComponentTemplate.js.Tridion.Cme.Views.ComponentTemplate.onItemValidate.ComponentTemplate$onItemValidate$onModalPopupUnloaded.html" visibility="private" rawName="ComponentTemplate$onItemValidate$onModalPopupUnloaded" fullName="ComponentTemplate$onItemValidate$onModalPopupUnloaded" staticName="onItemValidate.ComponentTemplate$onItemValidate$onModalPopupUnloaded" synopsis="ComponentTemplate$onItemValidate$onModalPopupUnloaded(): Void" synopsisExtended="ComponentTemplate$onItemValidate$onModalPopupUnloaded(): Void" type="Object" />
                                  </methods>
                                </members>
                                <returns type="Bollean" description="True if item is Valid." />
                              </method>
                            </methods>
                          </members>
                        </class>
                      </classes>
                    </members>
                  </property>
                </properties>
              </members>
            </property>
          </properties>
        </members>
      </property>
    </properties>
  </members>
</document>