<document name="ComponentLinkField.js" url="ComponentLinkField.js.html" visibility="default" rawName="ComponentLinkField.js" fullName="ComponentLinkField.js" staticName="Anguilla.ComponentLinkField.js">
  <members>
    <properties>
      <property name="Tridion" url=".Anguilla.ComponentLinkField.js.Tridion.html" visibility="public" rawName="Tridion" fullName="Tridion" staticName="ComponentLinkField.js.Tridion" synopsis="ComponentLinkField.js.Tridion: Object;" synopsisExtended="ComponentLinkField.js.Tridion: &lt;a href=&quot;&quot;&gt;Object&lt;/a&gt;;" type="Object" virtual="true">
        <members>
          <properties>
            <property name="Controls" url=".Anguilla.ComponentLinkField.js.Tridion.Controls.html" visibility="static" rawName="Tridion.Controls" fullName="Tridion.Controls" staticName="Tridion.Controls" synopsis="Tridion.Controls: Object;" synopsisExtended="Tridion.Controls: &lt;a href=&quot;&quot;&gt;Object&lt;/a&gt;;" type="Object" virtual="true">
              <members>
                <properties>
                  <property name="FieldDesigner" url=".Anguilla.ComponentLinkField.js.Tridion.Controls.FieldDesigner.html" visibility="static" rawName="Tridion.Controls.FieldDesigner" fullName="Tridion.Controls.FieldDesigner" staticName="Controls.FieldDesigner" synopsis="Controls.FieldDesigner: Object;" synopsisExtended="Controls.FieldDesigner: &lt;a href=&quot;&quot;&gt;Object&lt;/a&gt;;" type="Object" virtual="true">
                    <members>
                      <classes>
                        <class name="ComponentLinkField" url=".Anguilla.ComponentLinkField.js.Tridion.Controls.FieldDesigner.ComponentLinkField.html" visibility="static" rawName="Tridion.Controls.FieldDesigner.ComponentLinkField" fullName="Tridion.Controls.FieldDesigner.ComponentLinkField" staticName="FieldDesigner.ComponentLinkField" synopsis="var x: ComponentLinkField = new ComponentLinkField(element: Object);" synopsisExtended="var x: &lt;a href=&quot;.Anguilla.ComponentLinkField.js.Tridion.Controls.FieldDesigner.ComponentLinkField.html&quot;&gt;ComponentLinkField&lt;/a&gt; = new ComponentLinkField(element: Object);" type="Object">
                          <arguments value="element">
                            <argument name="element" type="Object" />
                          </arguments>
                          <extends />
                          <documentation rawString="&#xA;* Implements the FieldDesigner.FieldTypes Single line text field control&#xA;* @constructor&#xA;">
                            <summary>Implements the FieldDesigner.FieldTypes Single line text field control</summary>
                          </documentation>
                          <members>
                            <methods>
                              <method name="setDisabled" url=".Anguilla.ComponentLinkField.js.Tridion.Controls.FieldDesigner.ComponentLinkField.setDisabled.html" visibility="prototype" rawName="Tridion.Controls.FieldDesigner.ComponentLinkField.prototype.setDisabled" fullName="Tridion.Controls.FieldDesigner.ComponentLinkField.setDisabled" staticName="ComponentLinkField.setDisabled" synopsis="setDisabled(isReadOnly: Boolean): Void" synopsisExtended="setDisabled(isReadOnly: Boolean): Void" type="Object">
                                <arguments value="isReadOnly">
                                  <argument name="isReadOnly" type="Boolean" description="True to set the control to readonly, otherwise false" />
                                </arguments>
                                <documentation rawString="&#xA; * Sets the value of the readOnly property and updates the state of the browse and open buttons accordingly&#xA; * @param {Boolean} isReadOnly True to set the control to readonly, otherwise false&#xA; ">
                                  <summary>Sets the value of the readOnly property and updates the state of the browse and open buttons accordingly</summary>
                                </documentation>
                              </method>
                              <method name="getFieldXml" url=".Anguilla.ComponentLinkField.js.Tridion.Controls.FieldDesigner.ComponentLinkField.getFieldXml.html" visibility="prototype" rawName="Tridion.Controls.FieldDesigner.ComponentLinkField.prototype.getFieldXml" fullName="Tridion.Controls.FieldDesigner.ComponentLinkField.getFieldXml" staticName="ComponentLinkField.getFieldXml" synopsis="getFieldXml(): XMLDocument" synopsisExtended="getFieldXml(): XMLDocument" type="Object">
                                <documentation rawString="&#xA; * Gets field Xml.&#xA; * @returns {XMLDocument} The XML representation of fields.&#xA; ">
                                  <summary>Gets field Xml.</summary>
                                </documentation>
                                <returns type="XMLDocument" description="The XML representation of fields." />
                              </method>
                              <method name="setFieldXml" url=".Anguilla.ComponentLinkField.js.Tridion.Controls.FieldDesigner.ComponentLinkField.setFieldXml.html" visibility="prototype" rawName="Tridion.Controls.FieldDesigner.ComponentLinkField.prototype.setFieldXml" fullName="Tridion.Controls.FieldDesigner.ComponentLinkField.setFieldXml" staticName="ComponentLinkField.setFieldXml" synopsis="setFieldXml(fieldXml: XMLElement): Void" synopsisExtended="setFieldXml(fieldXml: XMLElement): Void" type="Object">
                                <arguments value="fieldXml">
                                  <argument name="fieldXml" type="XMLElement" description="The XML representation of fields." />
                                </arguments>
                                <documentation rawString="&#xA; * Sets field Xml.&#xA; * @param {XMLElement} fieldXml The XML representation of fields.&#xA; ">
                                  <summary>Sets field Xml.</summary>
                                </documentation>
                              </method>
                              <method name="_onAllowMultimediaLinksChange" url=".Anguilla.ComponentLinkField.js.Tridion.Controls.FieldDesigner.ComponentLinkField._onAllowMultimediaLinksChange.html" visibility="prototype" rawName="Tridion.Controls.FieldDesigner.ComponentLinkField.prototype._onAllowMultimediaLinksChange" fullName="Tridion.Controls.FieldDesigner.ComponentLinkField._onAllowMultimediaLinksChange" staticName="ComponentLinkField._onAllowMultimediaLinksChange" synopsis="_onAllowMultimediaLinksChange(event: Tridion.Core.Event): Void" synopsisExtended="_onAllowMultimediaLinksChange(event: Tridion.Core.Event): Void" type="Object">
                                <arguments value="event">
                                  <argument name="event" type="Tridion.Core.Event" description="The event is the event fired from the &lt;c&gt;Tridion.Controls.List&lt;/c&gt; control." />
                                </arguments>
                                <documentation rawString="&#xA; * Handles the change events from List.&#xA; * @param {Tridion.Core.Event} event The event is the event fired from the &lt;c&gt;Tridion.Controls.List&lt;/c&gt; control.&#xA; ">
                                  <summary>Handles the change events from List.</summary>
                                </documentation>
                              </method>
                              <method name="_getType" url=".Anguilla.ComponentLinkField.js.Tridion.Controls.FieldDesigner.ComponentLinkField._getType.html" visibility="private" rawName="Tridion.Controls.FieldDesigner.ComponentLinkField.prototype._getType" fullName="Tridion.Controls.FieldDesigner.ComponentLinkField._getType" staticName="ComponentLinkField._getType" synopsis="_getType(): String" synopsisExtended="_getType(): String" type="Object">
                                <documentation rawString="&#xA; * Gets the field Type.&#xA; * @returns {String} The type of the field.&#xA; * @private &#xA; ">
                                  <summary>Gets the field Type.</summary>
                                </documentation>
                                <returns type="String" description="The type of the field." />
                              </method>
                              <method name="_initializeRelatedFields" url=".Anguilla.ComponentLinkField.js.Tridion.Controls.FieldDesigner.ComponentLinkField._initializeRelatedFields.html" visibility="private" rawName="Tridion.Controls.FieldDesigner.ComponentLinkField.prototype._initializeRelatedFields" fullName="Tridion.Controls.FieldDesigner.ComponentLinkField._initializeRelatedFields" staticName="ComponentLinkField._initializeRelatedFields" synopsis="_initializeRelatedFields(): Void" synopsisExtended="_initializeRelatedFields(): Void" type="Object">
                                <documentation rawString="&#xA; * Related fields initilization.&#xA; * @private &#xA; ">
                                  <summary>Related fields initilization.</summary>
                                </documentation>
                              </method>
                              <method name="_deinitializeRelatedFields" url=".Anguilla.ComponentLinkField.js.Tridion.Controls.FieldDesigner.ComponentLinkField._deinitializeRelatedFields.html" visibility="private" rawName="Tridion.Controls.FieldDesigner.ComponentLinkField.prototype._deinitializeRelatedFields" fullName="Tridion.Controls.FieldDesigner.ComponentLinkField._deinitializeRelatedFields" staticName="ComponentLinkField._deinitializeRelatedFields" synopsis="_deinitializeRelatedFields(): Void" synopsisExtended="_deinitializeRelatedFields(): Void" type="Object">
                                <documentation rawString="&#xA; * Related fields deinitilization.&#xA; * @private &#xA; ">
                                  <summary>Related fields deinitilization.</summary>
                                </documentation>
                              </method>
                              <method name="_attachFieldsEvents" url=".Anguilla.ComponentLinkField.js.Tridion.Controls.FieldDesigner.ComponentLinkField._attachFieldsEvents.html" visibility="private" rawName="Tridion.Controls.FieldDesigner.ComponentLinkField.prototype._attachFieldsEvents" fullName="Tridion.Controls.FieldDesigner.ComponentLinkField._attachFieldsEvents" staticName="ComponentLinkField._attachFieldsEvents" synopsis="_attachFieldsEvents(): Void" synopsisExtended="_attachFieldsEvents(): Void" type="Object">
                                <documentation rawString="&#xA; * Attaching fields events.&#xA; * @private &#xA; ">
                                  <summary>Attaching fields events.</summary>
                                </documentation>
                              </method>
                              <method name="_deattachFieldsEvents" url=".Anguilla.ComponentLinkField.js.Tridion.Controls.FieldDesigner.ComponentLinkField._deattachFieldsEvents.html" visibility="private" rawName="Tridion.Controls.FieldDesigner.ComponentLinkField.prototype._deattachFieldsEvents" fullName="Tridion.Controls.FieldDesigner.ComponentLinkField._deattachFieldsEvents" staticName="ComponentLinkField._deattachFieldsEvents" synopsis="_deattachFieldsEvents(): Void" synopsisExtended="_deattachFieldsEvents(): Void" type="Object">
                                <documentation rawString="&#xA; * Removing fields events.&#xA; * @private &#xA; ">
                                  <summary>Removing fields events.</summary>
                                </documentation>
                              </method>
                              <method name="_displayRelatedFields" url=".Anguilla.ComponentLinkField.js.Tridion.Controls.FieldDesigner.ComponentLinkField._displayRelatedFields.html" visibility="private" rawName="Tridion.Controls.FieldDesigner.ComponentLinkField.prototype._displayRelatedFields" fullName="Tridion.Controls.FieldDesigner.ComponentLinkField._displayRelatedFields" staticName="ComponentLinkField._displayRelatedFields" synopsis="_displayRelatedFields(isDisplayed: Boolean): Void" synopsisExtended="_displayRelatedFields(isDisplayed: Boolean): Void" type="Object">
                                <arguments value="isDisplayed">
                                  <argument name="isDisplayed" type="Boolean" description="true to display the fields, otherwise false" />
                                </arguments>
                                <documentation rawString="&#xA; * Display field related fields&#xA; * @private  &#xA; * @param {Boolean} isDisplayed true to display the fields, otherwise false&#xA; ">
                                  <summary>Display field related fields</summary>
                                </documentation>
                              </method>
                              <method name="_getListAvailableSchemas" url=".Anguilla.ComponentLinkField.js.Tridion.Controls.FieldDesigner.ComponentLinkField._getListAvailableSchemas.html" visibility="private" rawName="Tridion.Controls.FieldDesigner.ComponentLinkField.prototype._getListAvailableSchemas" fullName="Tridion.Controls.FieldDesigner.ComponentLinkField._getListAvailableSchemas" staticName="ComponentLinkField._getListAvailableSchemas" synopsis="_getListAvailableSchemas(): Tridion.ContentManager.ListSchemas" synopsisExtended="_getListAvailableSchemas(): Tridion.ContentManager.ListSchemas" type="Object">
                                <documentation rawString="&#xA; * Gets list available schemas.&#xA; * @private&#xA; * @returns {Tridion.ContentManager.ListSchemas} List Available Schemas.&#xA; ">
                                  <summary>Gets list available schemas.</summary>
                                </documentation>
                                <returns type="Tridion.ContentManager.ListSchemas" description="List Available Schemas." />
                              </method>
                              <method name="_updateItemSelectControlFilter" url=".Anguilla.ComponentLinkField.js.Tridion.Controls.FieldDesigner.ComponentLinkField._updateItemSelectControlFilter.html" visibility="private" rawName="Tridion.Controls.FieldDesigner.ComponentLinkField.prototype._updateItemSelectControlFilter" fullName="Tridion.Controls.FieldDesigner.ComponentLinkField._updateItemSelectControlFilter" staticName="ComponentLinkField._updateItemSelectControlFilter" synopsis="_updateItemSelectControlFilter(): Void" synopsisExtended="_updateItemSelectControlFilter(): Void" type="Object">
                                <documentation rawString="&#xA; * Updates list items filter&#xA; * @private  &#xA; ">
                                  <summary>Updates list items filter</summary>
                                </documentation>
                              </method>
                            </methods>
                          </members>
                        </class>
                      </classes>
                    </members>
                  </property>
                </properties>
              </members>
            </property>
          </properties>
        </members>
      </property>
    </properties>
  </members>
</document>