<document name="ControlRegistry.js" url="ControlRegistry.js.html" visibility="default" rawName="ControlRegistry.js" fullName="ControlRegistry.js" staticName="Anguilla.ControlRegistry.js">
  <members>
    <properties>
      <property name="Tridion" url=".Anguilla.ControlRegistry.js.Tridion.html" visibility="public" rawName="Tridion" fullName="Tridion" staticName="ControlRegistry.js.Tridion" synopsis="ControlRegistry.js.Tridion: Object;" synopsisExtended="ControlRegistry.js.Tridion: &lt;a href=&quot;&quot;&gt;Object&lt;/a&gt;;" type="Object" virtual="true">
        <members>
          <properties>
            <property name="ControlRegistry" url=".Anguilla.ControlRegistry.js.Tridion.ControlRegistry.html" visibility="instance" rawName="Tridion.ControlRegistry" fullName="Tridion.ControlRegistry" staticName="Tridion.ControlRegistry" synopsis="Tridion.ControlRegistry: Object;" synopsisExtended="Tridion.ControlRegistry: &lt;a href=&quot;&quot;&gt;Object&lt;/a&gt;;" type="Object">
              <documentation rawString="&#xA; * Maintains a registry of initialized controls.&#xA; ">
                <summary>Maintains a registry of initialized controls.</summary>
              </documentation>
              <members>
                <methods>
                  <method name="dispose" url=".Anguilla.ControlRegistry.js.Tridion.ControlRegistry.dispose.html" visibility="instance" rawName="dispose" fullName="dispose" staticName="ControlRegistry.dispose" synopsis="dispose(): Void" synopsisExtended="dispose(): Void" type="Object" />
                  <method name="addStaticConstructor" url=".Anguilla.ControlRegistry.js.Tridion.ControlRegistry.addStaticConstructor.html" visibility="instance" rawName="addStaticConstructor" fullName="addStaticConstructor" staticName="ControlRegistry.addStaticConstructor" synopsis="addStaticConstructor(type: Object): Void" synopsisExtended="addStaticConstructor(type: Object): Void" type="Object">
                    <arguments value="type">
                      <argument name="type" type="Object" />
                    </arguments>
                  </method>
                  <method name="runStaticConstructors" url=".Anguilla.ControlRegistry.js.Tridion.ControlRegistry.runStaticConstructors.html" visibility="instance" rawName="runStaticConstructors" fullName="runStaticConstructors" staticName="ControlRegistry.runStaticConstructors" synopsis="runStaticConstructors(callback: Object): Void" synopsisExtended="runStaticConstructors(callback: Object): Void" type="Object">
                    <arguments value="callback">
                      <argument name="callback" type="Object" />
                    </arguments>
                    <members>
                      <methods>
                        <method name="setupDone" url=".Anguilla.ControlRegistry.js.Tridion.ControlRegistry.runStaticConstructors.setupDone.html" visibility="private" rawName="setupDone" fullName="setupDone" staticName="runStaticConstructors.setupDone" synopsis="setupDone(): Void" synopsisExtended="setupDone(): Void" type="Object" />
                      </methods>
                    </members>
                  </method>
                  <method name="doneStaticConstructor" url=".Anguilla.ControlRegistry.js.Tridion.ControlRegistry.doneStaticConstructor.html" visibility="instance" rawName="doneStaticConstructor" fullName="doneStaticConstructor" staticName="ControlRegistry.doneStaticConstructor" synopsis="doneStaticConstructor(callback: Object): Void" synopsisExtended="doneStaticConstructor(callback: Object): Void" type="Object">
                    <arguments value="callback">
                      <argument name="callback" type="Object" />
                    </arguments>
                  </method>
                  <method name="getTypeConstructor" url=".Anguilla.ControlRegistry.js.Tridion.ControlRegistry.getTypeConstructor.html" visibility="instance" rawName="getTypeConstructor" fullName="getTypeConstructor" staticName="ControlRegistry.getTypeConstructor" synopsis="getTypeConstructor(type: Object): Void" synopsisExtended="getTypeConstructor(type: Object): Void" type="Object">
                    <arguments value="type">
                      <argument name="type" type="Object" />
                    </arguments>
                  </method>
                  <method name="getControl" url=".Anguilla.ControlRegistry.js.Tridion.ControlRegistry.getControl.html" visibility="instance" rawName="getControl" fullName="getControl" staticName="ControlRegistry.getControl" synopsis="getControl(element: Object, type: Object, settings: Object): Void" synopsisExtended="getControl(element: Object, type: Object, settings: Object): Void" type="Object">
                    <arguments value="element, type, settings">
                      <argument name="element" type="Object" />
                      <argument name="type" type="Object" />
                      <argument name="settings" type="Object" />
                    </arguments>
                  </method>
                  <method name="hasControl" url=".Anguilla.ControlRegistry.js.Tridion.ControlRegistry.hasControl.html" visibility="instance" rawName="hasControl" fullName="hasControl" staticName="ControlRegistry.hasControl" synopsis="hasControl(element: Object, type: Object): Void" synopsisExtended="hasControl(element: Object, type: Object): Void" type="Object">
                    <arguments value="element, type">
                      <argument name="element" type="Object" />
                      <argument name="type" type="Object" />
                    </arguments>
                  </method>
                  <method name="disposeControlsForElement" url=".Anguilla.ControlRegistry.js.Tridion.ControlRegistry.disposeControlsForElement.html" visibility="instance" rawName="disposeControlsForElement" fullName="disposeControlsForElement" staticName="ControlRegistry.disposeControlsForElement" synopsis="disposeControlsForElement(element: Object, type: Object): Void" synopsisExtended="disposeControlsForElement(element: Object, type: Object): Void" type="Object">
                    <arguments value="element, type">
                      <argument name="element" type="Object" />
                      <argument name="type" type="Object" />
                    </arguments>
                  </method>
                  <method name="disposeControl" url=".Anguilla.ControlRegistry.js.Tridion.ControlRegistry.disposeControl.html" visibility="instance" rawName="disposeControl" fullName="disposeControl" staticName="ControlRegistry.disposeControl" synopsis="disposeControl(control: Object): Void" synopsisExtended="disposeControl(control: Object): Void" type="Object">
                    <arguments value="control">
                      <argument name="control" type="Object" />
                    </arguments>
                  </method>
                  <method name="getAllControls" url=".Anguilla.ControlRegistry.js.Tridion.ControlRegistry.getAllControls.html" visibility="instance" rawName="getAllControls" fullName="getAllControls" staticName="ControlRegistry.getAllControls" synopsis="getAllControls(type: Object): Void" synopsisExtended="getAllControls(type: Object): Void" type="Object">
                    <arguments value="type">
                      <argument name="type" type="Object" />
                    </arguments>
                  </method>
                  <method name="createControl" url=".Anguilla.ControlRegistry.js.Tridion.ControlRegistry.createControl.html" visibility="instance" rawName="createControl" fullName="createControl" staticName="ControlRegistry.createControl" synopsis="createControl(type: Object, settings: Object, document: Object): Void" synopsisExtended="createControl(type: Object, settings: Object, document: Object): Void" type="Object">
                    <arguments value="type, settings, document">
                      <argument name="type" type="Object" />
                      <argument name="settings" type="Object" />
                      <argument name="document" type="Object" />
                    </arguments>
                  </method>
                </methods>
                <properties>
                  <property name="staticConstructorsCount" url=".Anguilla.ControlRegistry.js.Tridion.ControlRegistry.staticConstructorsCount.html" visibility="instance" rawName="staticConstructorsCount" fullName="staticConstructorsCount" staticName="ControlRegistry.staticConstructorsCount" synopsis="ControlRegistry.staticConstructorsCount: Object;" synopsisExtended="ControlRegistry.staticConstructorsCount: &lt;a href=&quot;&quot;&gt;Object&lt;/a&gt;;" type="Object" />
                </properties>
              </members>
            </property>
          </properties>
        </members>
      </property>
    </properties>
  </members>
</document>