<document name="ContextMenu.js" url="ContextMenu.js.html" visibility="default" rawName="ContextMenu.js" fullName="ContextMenu.js" staticName="Anguilla.ContextMenu.js">
  <members>
    <properties>
      <property name="Tridion" url=".Anguilla.ContextMenu.js.Tridion.html" visibility="public" rawName="Tridion" fullName="Tridion" staticName="ContextMenu.js.Tridion" synopsis="ContextMenu.js.Tridion: Object;" synopsisExtended="ContextMenu.js.Tridion: &lt;a href=&quot;&quot;&gt;Object&lt;/a&gt;;" type="Object" virtual="true">
        <members>
          <properties>
            <property name="Controls" url=".Anguilla.ContextMenu.js.Tridion.Controls.html" visibility="static" rawName="Tridion.Controls" fullName="Tridion.Controls" staticName="Tridion.Controls" synopsis="Tridion.Controls: Object;" synopsisExtended="Tridion.Controls: &lt;a href=&quot;&quot;&gt;Object&lt;/a&gt;;" type="Object" virtual="true">
              <members>
                <classes>
                  <class name="ContextMenu" url=".Anguilla.ContextMenu.js.Tridion.Controls.ContextMenu.html" visibility="static" rawName="Tridion.Controls.ContextMenu" fullName="Tridion.Controls.ContextMenu" staticName="Controls.ContextMenu" synopsis="var x: ContextMenu = new ContextMenu(element: HTMLElement);" synopsisExtended="var x: &lt;a href=&quot;.Anguilla.ContextMenu.js.Tridion.Controls.ContextMenu.html&quot;&gt;ContextMenu&lt;/a&gt; = new ContextMenu(element: HTMLElement);" type="Object">
                    <arguments value="element">
                      <argument name="element" type="HTMLElement" description="The HTML element that represents this control." />
                    </arguments>
                    <extends />
                    <documentation rawString="&#xA; * Implements the ContextMenu control&#xA; * @constructor&#xA; * @event click Fired when a context menu item iis clicked. The data for the event is&#xA; * &lt;c&gt;{ command: {String} }&lt;/c&gt; where &lt;c&gt;command&lt;/c&gt; is the name of the command associated with the menu item that was&#xA; * clicked.&#xA; * @event show Fired when the context menu is shown.&#xA; * @event hide Fired when the context menu is hidden.&#xA; * @event escape Fired when the context menu is hidden using the ESCAPE key.&#xA; * @param {HTMLElement} element The HTML element that represents this control.&#xA; ">
                      <summary>Implements the ContextMenu control</summary>
                    </documentation>
                    <members>
                      <methods>
                        <method name="onBlur" url=".Anguilla.ContextMenu.js.Tridion.Controls.ContextMenu.onBlur.html" visibility="prototype" rawName="Tridion.Controls.ContextMenu.prototype.onBlur" fullName="Tridion.Controls.ContextMenu.onBlur" staticName="ContextMenu.onBlur" synopsis="onBlur(event: Object): Void" synopsisExtended="onBlur(event: Object): Void" type="Object">
                          <arguments value="event">
                            <argument name="event" type="Object" />
                          </arguments>
                        </method>
                        <method name="onMouseDown" url=".Anguilla.ContextMenu.js.Tridion.Controls.ContextMenu.onMouseDown.html" visibility="prototype" rawName="Tridion.Controls.ContextMenu.prototype.onMouseDown" fullName="Tridion.Controls.ContextMenu.onMouseDown" staticName="ContextMenu.onMouseDown" synopsis="onMouseDown(event: Object): Void" synopsisExtended="onMouseDown(event: Object): Void" type="Object">
                          <arguments value="event">
                            <argument name="event" type="Object" />
                          </arguments>
                        </method>
                        <method name="setCycleSelectionOn" url=".Anguilla.ContextMenu.js.Tridion.Controls.ContextMenu.setCycleSelectionOn.html" visibility="prototype" rawName="Tridion.Controls.ContextMenu.prototype.setCycleSelectionOn" fullName="Tridion.Controls.ContextMenu.setCycleSelectionOn" staticName="ContextMenu.setCycleSelectionOn" synopsis="setCycleSelectionOn(): Void" synopsisExtended="setCycleSelectionOn(): Void" type="Object">
                          <documentation rawString="&#xA; * Set Cycle Selection On&#xA; ">
                            <summary>Set Cycle Selection On</summary>
                          </documentation>
                        </method>
                        <method name="setCycleSelectionOff" url=".Anguilla.ContextMenu.js.Tridion.Controls.ContextMenu.setCycleSelectionOff.html" visibility="prototype" rawName="Tridion.Controls.ContextMenu.prototype.setCycleSelectionOff" fullName="Tridion.Controls.ContextMenu.setCycleSelectionOff" staticName="ContextMenu.setCycleSelectionOff" synopsis="setCycleSelectionOff(): Void" synopsisExtended="setCycleSelectionOff(): Void" type="Object">
                          <documentation rawString="&#xA; * Set Cycle Selection Off&#xA; ">
                            <summary>Set Cycle Selection Off</summary>
                          </documentation>
                        </method>
                        <method name="_disableItem" url=".Anguilla.ContextMenu.js.Tridion.Controls.ContextMenu._disableItem.html" visibility="prototype" rawName="Tridion.Controls.ContextMenu.prototype._disableItem" fullName="Tridion.Controls.ContextMenu._disableItem" staticName="ContextMenu._disableItem" synopsis="_disableItem(item: HTMLElement): Void" synopsisExtended="_disableItem(item: HTMLElement): Void" type="Object">
                          <arguments value="item">
                            <argument name="item" type="HTMLElement" description="HTML LI Item object" />
                          </arguments>
                          <documentation rawString="&#xA; * Disable menu item&#xA; * @param {HTMLElement} item HTML LI Item object&#xA; ">
                            <summary>Disable menu item</summary>
                          </documentation>
                        </method>
                        <method name="_enableItem" url=".Anguilla.ContextMenu.js.Tridion.Controls.ContextMenu._enableItem.html" visibility="prototype" rawName="Tridion.Controls.ContextMenu.prototype._enableItem" fullName="Tridion.Controls.ContextMenu._enableItem" staticName="ContextMenu._enableItem" synopsis="_enableItem(item: HTMLElement): Void" synopsisExtended="_enableItem(item: HTMLElement): Void" type="Object">
                          <arguments value="item">
                            <argument name="item" type="HTMLElement" description="HTML LI Item object" />
                          </arguments>
                          <documentation rawString="&#xA; * Enable menu item&#xA; * @param {HTMLElement} item HTML LI Item object&#xA; ">
                            <summary>Enable menu item</summary>
                          </documentation>
                        </method>
                        <method name="_showItem" url=".Anguilla.ContextMenu.js.Tridion.Controls.ContextMenu._showItem.html" visibility="prototype" rawName="Tridion.Controls.ContextMenu.prototype._showItem" fullName="Tridion.Controls.ContextMenu._showItem" staticName="ContextMenu._showItem" synopsis="_showItem(item: HTMLElement): Void" synopsisExtended="_showItem(item: HTMLElement): Void" type="Object">
                          <arguments value="item">
                            <argument name="item" type="HTMLElement" description="HTML LI Item object" />
                          </arguments>
                          <documentation rawString="&#xA; * Show menu item&#xA; * @param {HTMLElement} item HTML LI Item object&#xA; ">
                            <summary>Show menu item</summary>
                          </documentation>
                        </method>
                        <method name="_hideItem" url=".Anguilla.ContextMenu.js.Tridion.Controls.ContextMenu._hideItem.html" visibility="prototype" rawName="Tridion.Controls.ContextMenu.prototype._hideItem" fullName="Tridion.Controls.ContextMenu._hideItem" staticName="ContextMenu._hideItem" synopsis="_hideItem(item: HTMLElement): Void" synopsisExtended="_hideItem(item: HTMLElement): Void" type="Object">
                          <arguments value="item">
                            <argument name="item" type="HTMLElement" description="HTML LI Item object" />
                          </arguments>
                          <documentation rawString="&#xA; * Hide menu item&#xA; * @param {HTMLElement} item HTML LI Item object&#xA; ">
                            <summary>Hide menu item</summary>
                          </documentation>
                        </method>
                        <method name="_show" url=".Anguilla.ContextMenu.js.Tridion.Controls.ContextMenu._show.html" visibility="prototype" rawName="Tridion.Controls.ContextMenu.prototype._show" fullName="Tridion.Controls.ContextMenu._show" staticName="ContextMenu._show" synopsis="_show(): Void" synopsisExtended="_show(): Void" type="Object" />
                        <method name="show" url=".Anguilla.ContextMenu.js.Tridion.Controls.ContextMenu.show.html" visibility="prototype" rawName="Tridion.Controls.ContextMenu.prototype.show" fullName="Tridion.Controls.ContextMenu.show" staticName="ContextMenu.show" synopsis="show(event: DOMEvent, selection: Tridion.Core.Selection): Void" synopsisExtended="show(event: DOMEvent, selection: Tridion.Core.Selection): Void" type="Object">
                          <arguments value="event, selection">
                            <argument name="event" type="DOMEvent" description="The DOM event that occured." />
                            <argument name="selection" type="Tridion.Core.Selection" description="The current selection. Optional." />
                          </arguments>
                          <documentation rawString="&#xA; * Displays the ContextMenu&#xA; * @param {DOMEvent} event The DOM event that occured.&#xA; * @param {Tridion.Core.Selection} selection The current selection. Optional.&#xA; ">
                            <summary>Displays the ContextMenu</summary>
                          </documentation>
                          <members>
                            <methods>
                              <method name="ContextMenu$show$removeScrollHandlers" url=".Anguilla.ContextMenu.js.Tridion.Controls.ContextMenu.show.ContextMenu$show$removeScrollHandlers.html" visibility="private" rawName="ContextMenu$show$removeScrollHandlers" fullName="ContextMenu$show$removeScrollHandlers" staticName="show.ContextMenu$show$removeScrollHandlers" synopsis="ContextMenu$show$removeScrollHandlers(evt: Object): Void" synopsisExtended="ContextMenu$show$removeScrollHandlers(evt: Object): Void" type="Object">
                                <arguments value="evt">
                                  <argument name="evt" type="Object" />
                                </arguments>
                              </method>
                            </methods>
                          </members>
                        </method>
                        <method name="getCoordinates" url=".Anguilla.ContextMenu.js.Tridion.Controls.ContextMenu.getCoordinates.html" visibility="prototype" rawName="Tridion.Controls.ContextMenu.prototype.getCoordinates" fullName="Tridion.Controls.ContextMenu.getCoordinates" staticName="ContextMenu.getCoordinates" synopsis="getCoordinates(event: DOMEvent): Object" synopsisExtended="getCoordinates(event: DOMEvent): Object" type="Object">
                          <arguments value="event">
                            <argument name="event" type="DOMEvent" description="The DOM event that occured." />
                          </arguments>
                          <documentation rawString="&#xA;* Returns coordinates where to show context menu.&#xA;* @param {DOMEvent} event The DOM event that occured.&#xA;* @return {Object} Coordinates where to show context menu.&#xA;">
                            <summary>Returns coordinates where to show context menu.</summary>
                          </documentation>
                          <returns type="Object" description="Coordinates where to show context menu." />
                        </method>
                        <method name="hide" url=".Anguilla.ContextMenu.js.Tridion.Controls.ContextMenu.hide.html" visibility="prototype" rawName="Tridion.Controls.ContextMenu.prototype.hide" fullName="Tridion.Controls.ContextMenu.hide" staticName="ContextMenu.hide" synopsis="hide(event: Object): Void" synopsisExtended="hide(event: Object): Void" type="Object">
                          <arguments value="event">
                            <argument name="event" type="Object" />
                          </arguments>
                          <documentation rawString="&#xA; * Hides the ContextMenu&#xA; ">
                            <summary>Hides the ContextMenu</summary>
                          </documentation>
                        </method>
                        <method name="updateState" url=".Anguilla.ContextMenu.js.Tridion.Controls.ContextMenu.updateState.html" visibility="prototype" rawName="Tridion.Controls.ContextMenu.prototype.updateState" fullName="Tridion.Controls.ContextMenu.updateState" staticName="ContextMenu.updateState" synopsis="updateState(selection: Object): Void" synopsisExtended="updateState(selection: Object): Void" type="Object">
                          <arguments value="selection">
                            <argument name="selection" type="Object" />
                          </arguments>
                        </method>
                        <method name="insertItem" url=".Anguilla.ContextMenu.js.Tridion.Controls.ContextMenu.insertItem.html" visibility="prototype" rawName="Tridion.Controls.ContextMenu.prototype.insertItem" fullName="Tridion.Controls.ContextMenu.insertItem" staticName="ContextMenu.insertItem" synopsis="insertItem(parentMenu: Object, insertBeforeItem: Object, itemProperties: Object): Void" synopsisExtended="insertItem(parentMenu: Object, insertBeforeItem: Object, itemProperties: Object): Void" type="Object">
                          <arguments value="parentMenu, insertBeforeItem, itemProperties">
                            <argument name="parentMenu" type="Object" />
                            <argument name="insertBeforeItem" type="Object" />
                            <argument name="itemProperties" type="Object" />
                          </arguments>
                        </method>
                        <method name="_initializeItem" url=".Anguilla.ContextMenu.js.Tridion.Controls.ContextMenu._initializeItem.html" visibility="prototype" rawName="Tridion.Controls.ContextMenu.prototype._initializeItem" fullName="Tridion.Controls.ContextMenu._initializeItem" staticName="ContextMenu._initializeItem" synopsis="_initializeItem(item: Object): Void" synopsisExtended="_initializeItem(item: Object): Void" type="Object">
                          <arguments value="item">
                            <argument name="item" type="Object" />
                          </arguments>
                        </method>
                        <method name="_updateState" url=".Anguilla.ContextMenu.js.Tridion.Controls.ContextMenu._updateState.html" visibility="prototype" rawName="Tridion.Controls.ContextMenu.prototype._updateState" fullName="Tridion.Controls.ContextMenu._updateState" staticName="ContextMenu._updateState" synopsis="_updateState(selection: Object, menu: Object): Void" synopsisExtended="_updateState(selection: Object, menu: Object): Void" type="Object">
                          <arguments value="selection, menu">
                            <argument name="selection" type="Object" />
                            <argument name="menu" type="Object" />
                          </arguments>
                        </method>
                        <method name="_updateItemState" url=".Anguilla.ContextMenu.js.Tridion.Controls.ContextMenu._updateItemState.html" visibility="prototype" rawName="Tridion.Controls.ContextMenu.prototype._updateItemState" fullName="Tridion.Controls.ContextMenu._updateItemState" staticName="ContextMenu._updateItemState" synopsis="_updateItemState(element: Object, selection: Object): Void" synopsisExtended="_updateItemState(element: Object, selection: Object): Void" type="Object">
                          <arguments value="element, selection">
                            <argument name="element" type="Object" />
                            <argument name="selection" type="Object" />
                          </arguments>
                        </method>
                        <method name="_isDisabled" url=".Anguilla.ContextMenu.js.Tridion.Controls.ContextMenu._isDisabled.html" visibility="prototype" rawName="Tridion.Controls.ContextMenu.prototype._isDisabled" fullName="Tridion.Controls.ContextMenu._isDisabled" staticName="ContextMenu._isDisabled" synopsis="_isDisabled(item: Object): Void" synopsisExtended="_isDisabled(item: Object): Void" type="Object">
                          <arguments value="item">
                            <argument name="item" type="Object" />
                          </arguments>
                        </method>
                        <method name="_isHidden" url=".Anguilla.ContextMenu.js.Tridion.Controls.ContextMenu._isHidden.html" visibility="prototype" rawName="Tridion.Controls.ContextMenu.prototype._isHidden" fullName="Tridion.Controls.ContextMenu._isHidden" staticName="ContextMenu._isHidden" synopsis="_isHidden(item: Object): Void" synopsisExtended="_isHidden(item: Object): Void" type="Object">
                          <arguments value="item">
                            <argument name="item" type="Object" />
                          </arguments>
                        </method>
                        <method name="_setItemEnabled" url=".Anguilla.ContextMenu.js.Tridion.Controls.ContextMenu._setItemEnabled.html" visibility="prototype" rawName="Tridion.Controls.ContextMenu.prototype._setItemEnabled" fullName="Tridion.Controls.ContextMenu._setItemEnabled" staticName="ContextMenu._setItemEnabled" synopsis="_setItemEnabled(item: HTMLElement, state: Boolean): Void" synopsisExtended="_setItemEnabled(item: HTMLElement, state: Boolean): Void" type="Object">
                          <arguments value="item, state">
                            <argument name="item" type="HTMLElement" description="HTML LI Item object" />
                            <argument name="state" type="Boolean" description="A value indicating whether the item should be enabled" />
                          </arguments>
                          <documentation rawString="&#xA; * Enables or disables a menu item&#xA; * @param {HTMLElement} item HTML LI Item object&#xA; * @param {Boolean} state A value indicating whether the item should be enabled&#xA; ">
                            <summary>Enables or disables a menu item</summary>
                          </documentation>
                        </method>
                        <method name="_getItemIndex" url=".Anguilla.ContextMenu.js.Tridion.Controls.ContextMenu._getItemIndex.html" visibility="prototype" rawName="Tridion.Controls.ContextMenu.prototype._getItemIndex" fullName="Tridion.Controls.ContextMenu._getItemIndex" staticName="ContextMenu._getItemIndex" synopsis="_getItemIndex(item: Object): Void" synopsisExtended="_getItemIndex(item: Object): Void" type="Object">
                          <arguments value="item">
                            <argument name="item" type="Object" />
                          </arguments>
                        </method>
                        <method name="_getItemByIndex" url=".Anguilla.ContextMenu.js.Tridion.Controls.ContextMenu._getItemByIndex.html" visibility="prototype" rawName="Tridion.Controls.ContextMenu.prototype._getItemByIndex" fullName="Tridion.Controls.ContextMenu._getItemByIndex" staticName="ContextMenu._getItemByIndex" synopsis="_getItemByIndex(menu: Object, index: Object): Void" synopsisExtended="_getItemByIndex(menu: Object, index: Object): Void" type="Object">
                          <arguments value="menu, index">
                            <argument name="menu" type="Object" />
                            <argument name="index" type="Object" />
                          </arguments>
                        </method>
                        <method name="_getActiveItems" url=".Anguilla.ContextMenu.js.Tridion.Controls.ContextMenu._getActiveItems.html" visibility="prototype" rawName="Tridion.Controls.ContextMenu.prototype._getActiveItems" fullName="Tridion.Controls.ContextMenu._getActiveItems" staticName="ContextMenu._getActiveItems" synopsis="_getActiveItems(menu: Object): Void" synopsisExtended="_getActiveItems(menu: Object): Void" type="Object">
                          <arguments value="menu">
                            <argument name="menu" type="Object" />
                          </arguments>
                        </method>
                        <method name="_isMenuElement" url=".Anguilla.ContextMenu.js.Tridion.Controls.ContextMenu._isMenuElement.html" visibility="prototype" rawName="Tridion.Controls.ContextMenu.prototype._isMenuElement" fullName="Tridion.Controls.ContextMenu._isMenuElement" staticName="ContextMenu._isMenuElement" synopsis="_isMenuElement(node: Object): Void" synopsisExtended="_isMenuElement(node: Object): Void" type="Object">
                          <arguments value="node">
                            <argument name="node" type="Object" />
                          </arguments>
                        </method>
                        <method name="_closeHideTimer" url=".Anguilla.ContextMenu.js.Tridion.Controls.ContextMenu._closeHideTimer.html" visibility="prototype" rawName="Tridion.Controls.ContextMenu.prototype._closeHideTimer" fullName="Tridion.Controls.ContextMenu._closeHideTimer" staticName="ContextMenu._closeHideTimer" synopsis="_closeHideTimer(): Void" synopsisExtended="_closeHideTimer(): Void" type="Object" />
                        <method name="_closeShowTimer" url=".Anguilla.ContextMenu.js.Tridion.Controls.ContextMenu._closeShowTimer.html" visibility="prototype" rawName="Tridion.Controls.ContextMenu.prototype._closeShowTimer" fullName="Tridion.Controls.ContextMenu._closeShowTimer" staticName="ContextMenu._closeShowTimer" synopsis="_closeShowTimer(): Void" synopsisExtended="_closeShowTimer(): Void" type="Object" />
                        <method name="initialize" url=".Anguilla.ContextMenu.js.Tridion.Controls.ContextMenu.initialize.html" visibility="private" rawName="Tridion.Controls.ContextMenu.prototype.initialize" fullName="Tridion.Controls.ContextMenu.initialize" staticName="ContextMenu.initialize" synopsis="initialize(): Void" synopsisExtended="initialize(): Void" type="Object">
                          <documentation rawString="&#xA; * Initializes the ContextMenu instance&#xA; * @private&#xA; ">
                            <summary>Initializes the ContextMenu instance</summary>
                          </documentation>
                        </method>
                        <method name="setPosition" url=".Anguilla.ContextMenu.js.Tridion.Controls.ContextMenu.setPosition.html" visibility="private" rawName="Tridion.Controls.ContextMenu.prototype.setPosition" fullName="Tridion.Controls.ContextMenu.setPosition" staticName="ContextMenu.setPosition" synopsis="setPosition(Object: Object): Void" synopsisExtended="setPosition(Object: Object): Void" type="Object">
                          <arguments value="coords">
                            <argument name="Object" type="Object" description="which defines the positioning coordinates" />
                          </arguments>
                          <documentation rawString="&#xA; * Set menu position&#xA; * @private&#xA; * @param {Object} Object which defines the positioning coordinates&#xA; ">
                            <summary>Set menu position</summary>
                          </documentation>
                        </method>
                        <method name="_getPrevItem" url=".Anguilla.ContextMenu.js.Tridion.Controls.ContextMenu._getPrevItem.html" visibility="private" rawName="Tridion.Controls.ContextMenu.prototype._getPrevItem" fullName="Tridion.Controls.ContextMenu._getPrevItem" staticName="ContextMenu._getPrevItem" synopsis="_getPrevItem(): HTMLElement" synopsisExtended="_getPrevItem(): HTMLElement" type="Object">
                          <documentation rawString="&#xA; * Gets the previous item node, relative to the selected node within currently focused menu&#xA; * @private&#xA; * @returns {HTMLElement} The previous item node.&#xA; ">
                            <summary>Gets the previous item node, relative to the selected node within currently focused menu</summary>
                          </documentation>
                          <returns type="HTMLElement" description="The previous item node." />
                        </method>
                        <method name="_getNextItem" url=".Anguilla.ContextMenu.js.Tridion.Controls.ContextMenu._getNextItem.html" visibility="private" rawName="Tridion.Controls.ContextMenu.prototype._getNextItem" fullName="Tridion.Controls.ContextMenu._getNextItem" staticName="ContextMenu._getNextItem" synopsis="_getNextItem(): HTMLElement" synopsisExtended="_getNextItem(): HTMLElement" type="Object">
                          <documentation rawString="&#xA; * Gets the next item node, relative to the selected node within the currently focused menu.&#xA; * @private&#xA; * @returns {HTMLElement} The next item node.&#xA; ">
                            <summary>Gets the next item node, relative to the selected node within the currently focused menu.</summary>
                          </documentation>
                          <returns type="HTMLElement" description="The next item node." />
                        </method>
                        <method name="_getFirstItem" url=".Anguilla.ContextMenu.js.Tridion.Controls.ContextMenu._getFirstItem.html" visibility="private" rawName="Tridion.Controls.ContextMenu.prototype._getFirstItem" fullName="Tridion.Controls.ContextMenu._getFirstItem" staticName="ContextMenu._getFirstItem" synopsis="_getFirstItem(): HTMLElement" synopsisExtended="_getFirstItem(): HTMLElement" type="Object">
                          <documentation rawString="&#xA; * Gets the first item node within the currently focused menu.&#xA; * @private&#xA; * @returns {HTMLElement} The first item node within the currently focused menu.&#xA; ">
                            <summary>Gets the first item node within the currently focused menu.</summary>
                          </documentation>
                          <returns type="HTMLElement" description="The first item node within the currently focused menu." />
                        </method>
                        <method name="_getLastItem" url=".Anguilla.ContextMenu.js.Tridion.Controls.ContextMenu._getLastItem.html" visibility="private" rawName="Tridion.Controls.ContextMenu.prototype._getLastItem" fullName="Tridion.Controls.ContextMenu._getLastItem" staticName="ContextMenu._getLastItem" synopsis="_getLastItem(): HTMLElement" synopsisExtended="_getLastItem(): HTMLElement" type="Object">
                          <documentation rawString="&#xA; * Gets the last item node within the currently focused menu.&#xA; * @private&#xA; * @returns {HTMLElement} The last item node within the currently focused menu.&#xA; ">
                            <summary>Gets the last item node within the currently focused menu.</summary>
                          </documentation>
                          <returns type="HTMLElement" description="The last item node within the currently focused menu." />
                        </method>
                        <method name="_getSelectedItem" url=".Anguilla.ContextMenu.js.Tridion.Controls.ContextMenu._getSelectedItem.html" visibility="private" rawName="Tridion.Controls.ContextMenu.prototype._getSelectedItem" fullName="Tridion.Controls.ContextMenu._getSelectedItem" staticName="ContextMenu._getSelectedItem" synopsis="_getSelectedItem(): HTMLElement" synopsisExtended="_getSelectedItem(): HTMLElement" type="Object">
                          <documentation rawString="&#xA; * Gets the selected node within the currently focused menu.&#xA; * @private&#xA; * @returns {HTMLElement} The selected node within the currently focused menu.&#xA; ">
                            <summary>Gets the selected node within the currently focused menu.</summary>
                          </documentation>
                          <returns type="HTMLElement" description="The selected node within the currently focused menu." />
                        </method>
                        <method name="_onKeyDown" url=".Anguilla.ContextMenu.js.Tridion.Controls.ContextMenu._onKeyDown.html" visibility="private" rawName="Tridion.Controls.ContextMenu.prototype._onKeyDown" fullName="Tridion.Controls.ContextMenu._onKeyDown" staticName="ContextMenu._onKeyDown" synopsis="_onKeyDown(event: Event): Void" synopsisExtended="_onKeyDown(event: Event): Void" type="Object">
                          <arguments value="event">
                            <argument name="event" type="Event" description="The event that occured" />
                          </arguments>
                          <documentation rawString="&#xA; * Add key event handling to context menu&#xA; * @private&#xA; * @param {Event} event The event that occured&#xA; ">
                            <summary>Add key event handling to context menu</summary>
                          </documentation>
                        </method>
                        <method name="_onItemClick" url=".Anguilla.ContextMenu.js.Tridion.Controls.ContextMenu._onItemClick.html" visibility="private" rawName="Tridion.Controls.ContextMenu.prototype._onItemClick" fullName="Tridion.Controls.ContextMenu._onItemClick" staticName="ContextMenu._onItemClick" synopsis="_onItemClick(event: Event): Void" synopsisExtended="_onItemClick(event: Event): Void" type="Object">
                          <arguments value="event">
                            <argument name="event" type="Event" description="The event that occured" />
                          </arguments>
                          <documentation rawString="&#xA; * Dispatches a click event on the ContextMenu when an item is clicked&#xA; * @private&#xA; * @param {Event} event The event that occured&#xA; ">
                            <summary>Dispatches a click event on the ContextMenu when an item is clicked</summary>
                          </documentation>
                        </method>
                        <method name="_runItemCallBack" url=".Anguilla.ContextMenu.js.Tridion.Controls.ContextMenu._runItemCallBack.html" visibility="private" rawName="Tridion.Controls.ContextMenu.prototype._runItemCallBack" fullName="Tridion.Controls.ContextMenu._runItemCallBack" staticName="ContextMenu._runItemCallBack" synopsis="_runItemCallBack(HTML: HTMLElement): Void" synopsisExtended="_runItemCallBack(HTML: HTMLElement): Void" type="Object">
                          <arguments value="item">
                            <argument name="HTML" type="HTMLElement" description="LI Item object" />
                          </arguments>
                          <documentation rawString="&#xA; * Run item callback&#xA; * @private&#xA; * @param {HTMLElement} HTML LI Item object&#xA; ">
                            <summary>Run item callback</summary>
                          </documentation>
                        </method>
                        <method name="_onItemMouseOver" url=".Anguilla.ContextMenu.js.Tridion.Controls.ContextMenu._onItemMouseOver.html" visibility="private" rawName="Tridion.Controls.ContextMenu.prototype._onItemMouseOver" fullName="Tridion.Controls.ContextMenu._onItemMouseOver" staticName="ContextMenu._onItemMouseOver" synopsis="_onItemMouseOver(e: DOMEvent): Void" synopsisExtended="_onItemMouseOver(e: DOMEvent): Void" type="Object">
                          <arguments value="e">
                            <argument name="e" type="DOMEvent" description="The event that occured." />
                          </arguments>
                          <documentation rawString="&#xA; * Highlights the item and opens the submenu (if any)&#xA; * @private&#xA; * @param {DOMEvent} e The event that occured.&#xA; ">
                            <summary>Highlights the item and opens the submenu (if any)</summary>
                          </documentation>
                        </method>
                        <method name="_onContextMenu" url=".Anguilla.ContextMenu.js.Tridion.Controls.ContextMenu._onContextMenu.html" visibility="private" rawName="Tridion.Controls.ContextMenu.prototype._onContextMenu" fullName="Tridion.Controls.ContextMenu._onContextMenu" staticName="ContextMenu._onContextMenu" synopsis="_onContextMenu(e: DOMEvent): Void" synopsisExtended="_onContextMenu(e: DOMEvent): Void" type="Object">
                          <arguments value="e">
                            <argument name="e" type="DOMEvent" description="The event that occured." />
                          </arguments>
                          <documentation rawString="&#xA; * Event handler for item &lt;c&gt;contextmenu&lt;/c&gt; events.&#xA; * Prevents the browser's context menu from showing up unless CTRL key is pressed.&#xA; * @private&#xA; * @param {DOMEvent} e The event that occured.&#xA; ">
                            <summary>Event handler for item &lt;c&gt;contextmenu&lt;/c&gt; events.</summary>
                            <description>Prevents the browser's context menu from showing up unless CTRL key is pressed.</description>
                          </documentation>
                        </method>
                        <method name="_hightlightItem" url=".Anguilla.ContextMenu.js.Tridion.Controls.ContextMenu._hightlightItem.html" visibility="private" rawName="Tridion.Controls.ContextMenu.prototype._hightlightItem" fullName="Tridion.Controls.ContextMenu._hightlightItem" staticName="ContextMenu._hightlightItem" synopsis="_hightlightItem(HTML: HTMLElement): Void" synopsisExtended="_hightlightItem(HTML: HTMLElement): Void" type="Object">
                          <arguments value="item">
                            <argument name="HTML" type="HTMLElement" description="LI menu item" />
                          </arguments>
                          <documentation rawString="&#xA; * Highlights the item&#xA; * @private&#xA; * @param {HTMLElement} HTML LI menu item&#xA; ">
                            <summary>Highlights the item</summary>
                          </documentation>
                        </method>
                        <method name="_openItemSubmenu" url=".Anguilla.ContextMenu.js.Tridion.Controls.ContextMenu._openItemSubmenu.html" visibility="private" rawName="Tridion.Controls.ContextMenu.prototype._openItemSubmenu" fullName="Tridion.Controls.ContextMenu._openItemSubmenu" staticName="ContextMenu._openItemSubmenu" synopsis="_openItemSubmenu(item: HTMLElement): Void" synopsisExtended="_openItemSubmenu(item: HTMLElement): Void" type="Object">
                          <arguments value="item">
                            <argument name="item" type="HTMLElement" description="HTML LI menu item" />
                          </arguments>
                          <documentation rawString="&#xA; * Highlights the item&#xA; * @private&#xA; * @param {HTMLElement} item HTML LI menu item&#xA; ">
                            <summary>Highlights the item</summary>
                          </documentation>
                        </method>
                        <method name="_getSubMenu" url=".Anguilla.ContextMenu.js.Tridion.Controls.ContextMenu._getSubMenu.html" visibility="private" rawName="Tridion.Controls.ContextMenu.prototype._getSubMenu" fullName="Tridion.Controls.ContextMenu._getSubMenu" staticName="ContextMenu._getSubMenu" synopsis="_getSubMenu(item: HTMLElement): Void" synopsisExtended="_getSubMenu(item: HTMLElement): Void" type="Object">
                          <arguments value="item">
                            <argument name="item" type="HTMLElement" description="HTML LI menu item" />
                          </arguments>
                          <documentation rawString="&#xA; * Returns a reference to item's submenu (if any)&#xA; * @private&#xA; * @param {HTMLElement} item HTML LI menu item&#xA; ">
                            <summary>Returns a reference to item's submenu (if any)</summary>
                          </documentation>
                        </method>
                        <method name="_showSubMenu" url=".Anguilla.ContextMenu.js.Tridion.Controls.ContextMenu._showSubMenu.html" visibility="private" rawName="Tridion.Controls.ContextMenu.prototype._showSubMenu" fullName="Tridion.Controls.ContextMenu._showSubMenu" staticName="ContextMenu._showSubMenu" synopsis="_showSubMenu(HTML: HTMLElement): Void" synopsisExtended="_showSubMenu(HTML: HTMLElement): Void" type="Object">
                          <arguments value="submenu">
                            <argument name="HTML" type="HTMLElement" description="UL submenu object" />
                          </arguments>
                          <documentation rawString="&#xA; * Displays the specified SubMenu&#xA; * @private&#xA; * @param {HTMLElement} HTML UL submenu object&#xA; ">
                            <summary>Displays the specified SubMenu</summary>
                          </documentation>
                        </method>
                        <method name="_hideSubMenus" url=".Anguilla.ContextMenu.js.Tridion.Controls.ContextMenu._hideSubMenus.html" visibility="private" rawName="Tridion.Controls.ContextMenu.prototype._hideSubMenus" fullName="Tridion.Controls.ContextMenu._hideSubMenus" staticName="ContextMenu._hideSubMenus" synopsis="_hideSubMenus(item: HTMLElement): Void" synopsisExtended="_hideSubMenus(item: HTMLElement): Void" type="Object">
                          <arguments value="menu">
                            <argument name="item" type="HTMLElement" description="The html element that represents the submenu" />
                          </arguments>
                          <documentation rawString="&#xA; * Hides the item's submenu and all open descendant submenues&#xA; * @private&#xA; * @param {HTMLElement} item The html element that represents the submenu&#xA; ">
                            <summary>Hides the item's submenu and all open descendant submenues</summary>
                          </documentation>
                        </method>
                      </methods>
                      <events>
                        <event name="click" url=".Anguilla.ContextMenu.js.Tridion.Controls.ContextMenu.click.html" visibility="prototype" rawName="click" fullName="click" staticName="ContextMenu.click" type="Object">
                          <documentation rawString="">
                            <summary>Fired when a context menu item iis clicked. The data for the event is</summary>
                            <description>&lt;c&gt;{ command: {String} }&lt;/c&gt; where &lt;c&gt;command&lt;/c&gt; is the name of the command associated with the menu item that was
clicked.</description>
                          </documentation>
                        </event>
                        <event name="show" url=".Anguilla.ContextMenu.js.Tridion.Controls.ContextMenu.show.html" visibility="prototype" rawName="show" fullName="show" staticName="ContextMenu.show" type="Object">
                          <documentation rawString="">
                            <summary>Fired when the context menu is shown.</summary>
                          </documentation>
                        </event>
                        <event name="hide" url=".Anguilla.ContextMenu.js.Tridion.Controls.ContextMenu.hide.html" visibility="prototype" rawName="hide" fullName="hide" staticName="ContextMenu.hide" type="Object">
                          <documentation rawString="">
                            <summary>Fired when the context menu is hidden.</summary>
                          </documentation>
                        </event>
                        <event name="escape" url=".Anguilla.ContextMenu.js.Tridion.Controls.ContextMenu.escape.html" visibility="prototype" rawName="escape" fullName="escape" staticName="ContextMenu.escape" type="Object">
                          <documentation rawString="">
                            <summary>Fired when the context menu is hidden using the ESCAPE key.</summary>
                          </documentation>
                        </event>
                      </events>
                    </members>
                  </class>
                </classes>
              </members>
            </property>
          </properties>
        </members>
      </property>
    </properties>
  </members>
</document>