<document name="ContentConfiguration.js" url="ContentConfiguration.js.html" visibility="default" rawName="ContentConfiguration.js" fullName="ContentConfiguration.js" staticName="Anguilla.ContentConfiguration.js">
  <members>
    <properties>
      <property name="Tridion" url=".Anguilla.ContentConfiguration.js.Tridion.html" visibility="public" rawName="Tridion" fullName="Tridion" staticName="ContentConfiguration.js.Tridion" synopsis="ContentConfiguration.js.Tridion: Object;" synopsisExtended="ContentConfiguration.js.Tridion: &lt;a href=&quot;&quot;&gt;Object&lt;/a&gt;;" type="Object" virtual="true">
        <members>
          <properties>
            <property name="Cme" url=".Anguilla.ContentConfiguration.js.Tridion.Cme.html" visibility="static" rawName="Tridion.Cme" fullName="Tridion.Cme" staticName="Tridion.Cme" synopsis="Tridion.Cme: Object;" synopsisExtended="Tridion.Cme: &lt;a href=&quot;&quot;&gt;Object&lt;/a&gt;;" type="Object" virtual="true">
              <members>
                <classes>
                  <class name="ContentConfigurationTab" url=".Anguilla.ContentConfiguration.js.Tridion.Cme.ContentConfigurationTab.html" visibility="static" rawName="Tridion.Cme.ContentConfigurationTab" fullName="Tridion.Cme.ContentConfigurationTab" staticName="Cme.ContentConfigurationTab" synopsis="var x: ContentConfigurationTab = new ContentConfigurationTab(element: HTMLElement);" synopsisExtended="var x: &lt;a href=&quot;.Anguilla.ContentConfiguration.js.Tridion.Cme.ContentConfigurationTab.html&quot;&gt;ContentConfigurationTab&lt;/a&gt; = new ContentConfigurationTab(element: HTMLElement);" type="Object">
                    <arguments value="element">
                      <argument name="element" type="HTMLElement" description="The html element that represents this control." />
                    </arguments>
                    <extends />
                    <documentation rawString="&#xA; * Implements the Content Configuration Tab view.&#xA; * @param {HTMLElement} element The html element that represents this control.  &#xA; * @constructor&#xA; ">
                      <summary>Implements the Content Configuration Tab view.</summary>
                    </documentation>
                    <members>
                      <methods>
                        <method name="getItem" url=".Anguilla.ContentConfiguration.js.Tridion.Cme.ContentConfigurationTab.getItem.html" visibility="prototype" rawName="Tridion.Cme.ContentConfigurationTab.prototype.getItem" fullName="Tridion.Cme.ContentConfigurationTab.getItem" staticName="ContentConfigurationTab.getItem" synopsis="getItem(): Object" synopsisExtended="getItem(): Object" type="Object">
                          <documentation rawString="&#xA; * Gets TCM Item object.&#xA; * @returns {Object} TCM Item object.&#xA; ">
                            <summary>Gets TCM Item object.</summary>
                          </documentation>
                          <returns type="Object" description="TCM Item object." />
                        </method>
                        <method name="disposeInterface" url=".Anguilla.ContentConfiguration.js.Tridion.Cme.ContentConfigurationTab.disposeInterface.html" visibility="prototype" rawName="Tridion.Cme.ContentConfigurationTab.prototype.disposeInterface" fullName="Tridion.Cme.ContentConfigurationTab.disposeInterface" staticName="ContentConfigurationTab.disposeInterface" synopsis="disposeInterface(): Void" synopsisExtended="disposeInterface(): Void" type="Object">
                          <documentation rawString="&#xA; * Clean up.&#xA; ">
                            <summary>Clean up.</summary>
                          </documentation>
                        </method>
                        <method name="onRefresh" url=".Anguilla.ContentConfiguration.js.Tridion.Cme.ContentConfigurationTab.onRefresh.html" visibility="prototype" rawName="Tridion.Cme.ContentConfigurationTab.prototype.onRefresh" fullName="Tridion.Cme.ContentConfigurationTab.onRefresh" staticName="ContentConfigurationTab.onRefresh" synopsis="onRefresh(The: e.): Void" synopsisExtended="onRefresh(The: e.): Void" type="Object">
                          <arguments value="e">
                            <argument name="The" type="e." description="event is fired from the &lt;c&gt;Tridion.DisplayController&lt;/c&gt;." />
                          </arguments>
                          <documentation rawString="&#xA; * Reacts on Display Refresh event.&#xA; * @param {Tridion.Core.Event} e. The event is fired from the &lt;c&gt;Tridion.DisplayController&lt;/c&gt;.&#xA; ">
                            <summary>Reacts on Display Refresh event.</summary>
                          </documentation>
                        </method>
                        <method name="itemLoading" url=".Anguilla.ContentConfiguration.js.Tridion.Cme.ContentConfigurationTab.itemLoading.html" visibility="prototype" rawName="Tridion.Cme.ContentConfigurationTab.prototype.itemLoading" fullName="Tridion.Cme.ContentConfigurationTab.itemLoading" staticName="ContentConfigurationTab.itemLoading" synopsis="itemLoading(): Void" synopsisExtended="itemLoading(): Void" type="Object">
                          <documentation rawString="&#xA; * Handles the item loading event on the Item.&#xA; ">
                            <summary>Handles the item loading event on the Item.</summary>
                          </documentation>
                        </method>
                        <method name="itemLoaded" url=".Anguilla.ContentConfiguration.js.Tridion.Cme.ContentConfigurationTab.itemLoaded.html" visibility="prototype" rawName="Tridion.Cme.ContentConfigurationTab.prototype.itemLoaded" fullName="Tridion.Cme.ContentConfigurationTab.itemLoaded" staticName="ContentConfigurationTab.itemLoaded" synopsis="itemLoaded(): Void" synopsisExtended="itemLoaded(): Void" type="Object">
                          <documentation rawString="&#xA; * Handles the item loaded event on the Item.&#xA; ">
                            <summary>Handles the item loaded event on the Item.</summary>
                          </documentation>
                        </method>
                        <method name="removeDropdownListEvents" url=".Anguilla.ContentConfiguration.js.Tridion.Cme.ContentConfigurationTab.removeDropdownListEvents.html" visibility="prototype" rawName="Tridion.Cme.ContentConfigurationTab.prototype.removeDropdownListEvents" fullName="Tridion.Cme.ContentConfigurationTab.removeDropdownListEvents" staticName="ContentConfigurationTab.removeDropdownListEvents" synopsis="removeDropdownListEvents(dropdownControl: Tridion.Controls.Dropdown): Void" synopsisExtended="removeDropdownListEvents(dropdownControl: Tridion.Controls.Dropdown): Void" type="Object">
                          <arguments value="dropdownControl">
                            <argument name="dropdownControl" type="Tridion.Controls.Dropdown" description="A reference to used dropdown control." />
                          </arguments>
                          <documentation rawString="&#xA; * Removes dropdown event&#xA; * @param {Tridion.Controls.Dropdown} dropdownControl A reference to used dropdown control.&#xA; ">
                            <summary>Removes dropdown event</summary>
                          </documentation>
                        </method>
                        <method name="addDropdownListEvents" url=".Anguilla.ContentConfiguration.js.Tridion.Cme.ContentConfigurationTab.addDropdownListEvents.html" visibility="prototype" rawName="Tridion.Cme.ContentConfigurationTab.prototype.addDropdownListEvents" fullName="Tridion.Cme.ContentConfigurationTab.addDropdownListEvents" staticName="ContentConfigurationTab.addDropdownListEvents" synopsis="addDropdownListEvents(dropdownControl: Tridion.Controls.Dropdown): Void" synopsisExtended="addDropdownListEvents(dropdownControl: Tridion.Controls.Dropdown): Void" type="Object">
                          <arguments value="dropdownControl">
                            <argument name="dropdownControl" type="Tridion.Controls.Dropdown" description="A reference to used dropdown control." />
                          </arguments>
                          <documentation rawString="&#xA; * Adds dropdown event&#xA; * @param {Tridion.Controls.Dropdown} dropdownControl A reference to used dropdown control.&#xA; ">
                            <summary>Adds dropdown event</summary>
                          </documentation>
                        </method>
                        <method name="setDropdownListItem" url=".Anguilla.ContentConfiguration.js.Tridion.Cme.ContentConfigurationTab.setDropdownListItem.html" visibility="prototype" rawName="Tridion.Cme.ContentConfigurationTab.prototype.setDropdownListItem" fullName="Tridion.Cme.ContentConfigurationTab.setDropdownListItem" staticName="ContentConfigurationTab.setDropdownListItem" synopsis="setDropdownListItem(dropdownControl: Tridion.Controls.Dropdown, item: Object): Void" synopsisExtended="setDropdownListItem(dropdownControl: Tridion.Controls.Dropdown, item: Object): Void" type="Object">
                          <arguments value="dropdownControl, item">
                            <argument name="dropdownControl" type="Tridion.Controls.Dropdown" description="A reference to used dropdown control." />
                            <argument name="item" type="Object" description="TCM item." />
                          </arguments>
                          <documentation rawString="&#xA; * Sets the dropdown value.&#xA; * @param {Tridion.Controls.Dropdown} dropdownControl A reference to used dropdown control.&#xA; * @param {Object} item TCM item. &#xA; ">
                            <summary>Sets the dropdown value.</summary>
                          </documentation>
                          <members>
                            <methods>
                              <method name="ContentConfigurationTab$setDropdownList$templateLoaded" url=".Anguilla.ContentConfiguration.js.Tridion.Cme.ContentConfigurationTab.setDropdownListItem.ContentConfigurationTab$setDropdownList$templateLoaded.html" visibility="private" rawName="ContentConfigurationTab$setDropdownList$templateLoaded" fullName="ContentConfigurationTab$setDropdownList$templateLoaded" staticName="setDropdownListItem.ContentConfigurationTab$setDropdownList$templateLoaded" synopsis="ContentConfigurationTab$setDropdownList$templateLoaded(): Void" synopsisExtended="ContentConfigurationTab$setDropdownList$templateLoaded(): Void" type="Object" />
                            </methods>
                          </members>
                        </method>
                        <method name="onDropdownLoadContent" url=".Anguilla.ContentConfiguration.js.Tridion.Cme.ContentConfigurationTab.onDropdownLoadContent.html" visibility="prototype" rawName="Tridion.Cme.ContentConfigurationTab.prototype.onDropdownLoadContent" fullName="Tridion.Cme.ContentConfigurationTab.onDropdownLoadContent" staticName="ContentConfigurationTab.onDropdownLoadContent" synopsis="onDropdownLoadContent(The: event.): Void" synopsisExtended="onDropdownLoadContent(The: event.): Void" type="Object">
                          <arguments value="event">
                            <argument name="The" type="event." description="event fired from Dropdown." />
                          </arguments>
                          <documentation rawString="&#xA; * Handles the content load Event from Dropdown.&#xA; * @param {Tridion.Core.Event} event. The event fired from Dropdown.&#xA; ">
                            <summary>Handles the content load Event from Dropdown.</summary>
                          </documentation>
                          <members>
                            <methods>
                              <method name="ContentConfigurationTab$loadDropdownControl" url=".Anguilla.ContentConfiguration.js.Tridion.Cme.ContentConfigurationTab.onDropdownLoadContent.ContentConfigurationTab$loadDropdownControl.html" visibility="private" rawName="ContentConfigurationTab$loadDropdownControl" fullName="ContentConfigurationTab$loadDropdownControl" staticName="onDropdownLoadContent.ContentConfigurationTab$loadDropdownControl" synopsis="ContentConfigurationTab$loadDropdownControl(): Void" synopsisExtended="ContentConfigurationTab$loadDropdownControl(): Void" type="Object" />
                            </methods>
                          </members>
                        </method>
                        <method name="_getControlDependedList" url=".Anguilla.ContentConfiguration.js.Tridion.Cme.ContentConfigurationTab._getControlDependedList.html" visibility="prototype" rawName="Tridion.Cme.ContentConfigurationTab.prototype._getControlDependedList" fullName="Tridion.Cme.ContentConfigurationTab._getControlDependedList" staticName="ContentConfigurationTab._getControlDependedList" synopsis="_getControlDependedList(dropdownControl: Tridion.Controls.Dropdown): Tridion.ContentManager.List" synopsisExtended="_getControlDependedList(dropdownControl: Tridion.Controls.Dropdown): Tridion.ContentManager.List" type="Object">
                          <arguments value="dropdownControl">
                            <argument name="dropdownControl" type="Tridion.Controls.Dropdown" description="A reference to used dropdown control." />
                          </arguments>
                          <documentation rawString="&#xA; * Gets the list which corresponds to dropdown control&#xA; * @param {Tridion.Controls.Dropdown} dropdownControl A reference to used dropdown control.&#xA; * @return {Tridion.ContentManager.List} Corresponded list.&#xA; ">
                            <summary>Gets the list which corresponds to dropdown control</summary>
                          </documentation>
                          <returns type="Tridion.ContentManager.List" description="Corresponded list." />
                        </method>
                        <method name="onFieldsChanged" url=".Anguilla.ContentConfiguration.js.Tridion.Cme.ContentConfigurationTab.onFieldsChanged.html" visibility="prototype" rawName="Tridion.Cme.ContentConfigurationTab.prototype.onFieldsChanged" fullName="Tridion.Cme.ContentConfigurationTab.onFieldsChanged" staticName="ContentConfigurationTab.onFieldsChanged" synopsis="onFieldsChanged(The: event.): Void" synopsisExtended="onFieldsChanged(The: event.): Void" type="Object">
                          <arguments value="event">
                            <argument name="The" type="event." description="event is the event fired from the Fields." />
                          </arguments>
                          <documentation rawString="&#xA; * Handles the change events from Fields.&#xA; * @param {Tridion.Core.Event} event. The event is the event fired from the Fields.&#xA; ">
                            <summary>Handles the change events from Fields.</summary>
                          </documentation>
                        </method>
                        <method name="onItemValidate" url=".Anguilla.ContentConfiguration.js.Tridion.Cme.ContentConfigurationTab.onItemValidate.html" visibility="prototype" rawName="Tridion.Cme.ContentConfigurationTab.prototype.onItemValidate" fullName="Tridion.Cme.ContentConfigurationTab.onItemValidate" staticName="ContentConfigurationTab.onItemValidate" synopsis="onItemValidate(The: event.): Bollean" synopsisExtended="onItemValidate(The: event.): Bollean" type="Object">
                          <arguments value="event">
                            <argument name="The" type="event." description="event is the event fired from the Item." />
                          </arguments>
                          <documentation rawString="&#xA; * Handles the validate event in Item.&#xA; * @param {Tridion.Core.Event} event. The event is the event fired from the Item.&#xA; * @returns {Bollean} True if item is Valid.&#xA; ">
                            <summary>Handles the validate event in Item.</summary>
                          </documentation>
                          <returns type="Bollean" description="True if item is Valid." />
                        </method>
                        <method name="initialize" url=".Anguilla.ContentConfiguration.js.Tridion.Cme.ContentConfigurationTab.initialize.html" visibility="private" rawName="Tridion.Cme.ContentConfigurationTab.prototype.initialize" fullName="Tridion.Cme.ContentConfigurationTab.initialize" staticName="ContentConfigurationTab.initialize" synopsis="initialize(): Void" synopsisExtended="initialize(): Void" type="Object">
                          <documentation rawString="&#xA; * Initializes Content Configuration tab view.&#xA; * @private&#xA; ">
                            <summary>Initializes Content Configuration tab view.</summary>
                          </documentation>
                        </method>
                      </methods>
                    </members>
                  </class>
                </classes>
              </members>
            </property>
          </properties>
        </members>
      </property>
    </properties>
  </members>
</document>