<document name="ContentPreferences.js" url="ContentPreferences.js.html" visibility="default" rawName="ContentPreferences.js" fullName="ContentPreferences.js" staticName="Anguilla.ContentPreferences.js">
  <members>
    <properties>
      <property name="Tridion" url=".Anguilla.ContentPreferences.js.Tridion.html" visibility="public" rawName="Tridion" fullName="Tridion" staticName="ContentPreferences.js.Tridion" synopsis="ContentPreferences.js.Tridion: Object;" synopsisExtended="ContentPreferences.js.Tridion: &lt;a href=&quot;&quot;&gt;Object&lt;/a&gt;;" type="Object" virtual="true">
        <members>
          <properties>
            <property name="Cme" url=".Anguilla.ContentPreferences.js.Tridion.Cme.html" visibility="static" rawName="Tridion.Cme" fullName="Tridion.Cme" staticName="Tridion.Cme" synopsis="Tridion.Cme: Object;" synopsisExtended="Tridion.Cme: &lt;a href=&quot;&quot;&gt;Object&lt;/a&gt;;" type="Object" virtual="true">
              <members>
                <classes>
                  <class name="ContentPreferencesPage" url=".Anguilla.ContentPreferences.js.Tridion.Cme.ContentPreferencesPage.html" visibility="static" rawName="Tridion.Cme.ContentPreferencesPage" fullName="Tridion.Cme.ContentPreferencesPage" staticName="Cme.ContentPreferencesPage" synopsis="var x: ContentPreferencesPage = new ContentPreferencesPage(element: Object);" synopsisExtended="var x: &lt;a href=&quot;.Anguilla.ContentPreferences.js.Tridion.Cme.ContentPreferencesPage.html&quot;&gt;ContentPreferencesPage&lt;/a&gt; = new ContentPreferencesPage(element: Object);" type="Object">
                    <arguments value="element">
                      <argument name="element" type="Object" />
                    </arguments>
                    <extends />
                    <members>
                      <methods>
                        <method name="initialize" url=".Anguilla.ContentPreferences.js.Tridion.Cme.ContentPreferencesPage.initialize.html" visibility="prototype" rawName="Tridion.Cme.ContentPreferencesPage.prototype.initialize" fullName="Tridion.Cme.ContentPreferencesPage.initialize" staticName="ContentPreferencesPage.initialize" synopsis="initialize(): Void" synopsisExtended="initialize(): Void" type="Object" />
                        <method name="updateTab" url=".Anguilla.ContentPreferences.js.Tridion.Cme.ContentPreferencesPage.updateTab.html" visibility="prototype" rawName="Tridion.Cme.ContentPreferencesPage.prototype.updateTab" fullName="Tridion.Cme.ContentPreferencesPage.updateTab" staticName="ContentPreferencesPage.updateTab" synopsis="updateTab(): Void" synopsisExtended="updateTab(): Void" type="Object" />
                        <method name="_setDefaultPasteOption" url=".Anguilla.ContentPreferences.js.Tridion.Cme.ContentPreferencesPage._setDefaultPasteOption.html" visibility="prototype" rawName="Tridion.Cme.ContentPreferencesPage.prototype._setDefaultPasteOption" fullName="Tridion.Cme.ContentPreferencesPage._setDefaultPasteOption" staticName="ContentPreferencesPage._setDefaultPasteOption" synopsis="_setDefaultPasteOption(): Void" synopsisExtended="_setDefaultPasteOption(): Void" type="Object" />
                        <method name="_onPasteOptionChange" url=".Anguilla.ContentPreferences.js.Tridion.Cme.ContentPreferencesPage._onPasteOptionChange.html" visibility="prototype" rawName="Tridion.Cme.ContentPreferencesPage.prototype._onPasteOptionChange" fullName="Tridion.Cme.ContentPreferencesPage._onPasteOptionChange" staticName="ContentPreferencesPage._onPasteOptionChange" synopsis="_onPasteOptionChange(e: Object): Void" synopsisExtended="_onPasteOptionChange(e: Object): Void" type="Object">
                          <arguments value="e">
                            <argument name="e" type="Object" />
                          </arguments>
                        </method>
                      </methods>
                    </members>
                  </class>
                </classes>
              </members>
            </property>
          </properties>
        </members>
      </property>
    </properties>
  </members>
</document>