<document name="Css$.js" url="Css$.js.html" visibility="default" rawName="Css$.js" fullName="Css$.js" staticName="Anguilla.Css$.js">
  <members>
    <properties>
      <property name="$css" url=".Anguilla.Css$.js.$css.html" visibility="private" rawName="$css" fullName="$css" staticName="Css$.js.$css" synopsis="var $css: Tridion.Utils.Css;" synopsisExtended="var $css: &lt;a href=&quot;&quot;&gt;Tridion.Utils.Css&lt;/a&gt;;" type="Tridion.Utils.Css">
        <documentation rawString="&#xA; * Global alias to Tridion.Utils.Css&#xA; * @type {Tridion.Utils.Css}&#xA; ">
          <summary>Global alias to Tridion.Utils.Css</summary>
        </documentation>
      </property>
    </properties>
  </members>
</document>