<document name="Css.js" url="Css.js.html" visibility="default" rawName="Css.js" fullName="Css.js" staticName="Anguilla.Css.js">
  <members>
    <properties>
      <property name="Tridion" url=".Anguilla.Css.js.Tridion.html" visibility="public" rawName="Tridion" fullName="Tridion" staticName="Css.js.Tridion" synopsis="Css.js.Tridion: Object;" synopsisExtended="Css.js.Tridion: &lt;a href=&quot;&quot;&gt;Object&lt;/a&gt;;" type="Object" virtual="true">
        <members>
          <properties>
            <property name="Utils" url=".Anguilla.Css.js.Tridion.Utils.html" visibility="static" rawName="Tridion.Utils" fullName="Tridion.Utils" staticName="Tridion.Utils" synopsis="Tridion.Utils: Object;" synopsisExtended="Tridion.Utils: &lt;a href=&quot;&quot;&gt;Object&lt;/a&gt;;" type="Object" virtual="true">
              <members>
                <classes>
                  <class name="Css" url=".Anguilla.Css.js.Tridion.Utils.Css.html" visibility="static" rawName="Tridion.Utils.Css" fullName="Tridion.Utils.Css" staticName="Utils.Css" synopsis="Css(element: HtmlElement, property: String, value: String): String" synopsisExtended="Css(element: HtmlElement, property: String, value: String): String" type="Object" static="true">
                    <arguments value="element, property, value">
                      <argument name="element" type="HtmlElement" description="The element on which to operate." />
                      <argument name="property" type="String" description="The name of the property to return and optionally set." />
                      <argument name="value" type="String" description="The value to set." />
                    </arguments>
                    <extends />
                    <documentation rawString="&#xA; * Returns either the elements &lt;c&gt;cssText&lt;/c&gt; or the value of the specified css property, optionally also setting its value.&#xA; * @param {HtmlElement} element The element on which to operate.&#xA; * @param {String} property The name of the property to return and optionally set.&#xA; * @param {String} value The value to set.&#xA; * @return {String} Either the elements complete &lt;c&gt;cssText&lt;/c&gt; or the value of the specified css property.&#xA; ">
                      <summary>Returns either the elements &lt;c&gt;cssText&lt;/c&gt; or the value of the specified css property, optionally also setting its value.</summary>
                    </documentation>
                    <members>
                      <methods>
                        <method name="setStyleAttribute" url=".Anguilla.Css.js.Tridion.Utils.Css.setStyleAttribute.html" visibility="static" rawName="Tridion.Utils.Css.setStyleAttribute" fullName="Tridion.Utils.Css.setStyleAttribute" staticName="Css.setStyleAttribute" synopsis="setStyleAttribute(style: Object, attribute: Object, value: Object): Void" synopsisExtended="setStyleAttribute(style: Object, attribute: Object, value: Object): Void" type="Object">
                          <arguments value="style, attribute, value">
                            <argument name="style" type="Object" />
                            <argument name="attribute" type="Object" />
                            <argument name="value" type="Object" />
                          </arguments>
                        </method>
                        <method name="getStyleAttribute" url=".Anguilla.Css.js.Tridion.Utils.Css.getStyleAttribute.html" visibility="static" rawName="Tridion.Utils.Css.getStyleAttribute" fullName="Tridion.Utils.Css.getStyleAttribute" staticName="Css.getStyleAttribute" synopsis="getStyleAttribute(style: Object, attribute: Object): Void" synopsisExtended="getStyleAttribute(style: Object, attribute: Object): Void" type="Object">
                          <arguments value="style, attribute">
                            <argument name="style" type="Object" />
                            <argument name="attribute" type="Object" />
                          </arguments>
                        </method>
                        <method name="removeStyleAttribute" url=".Anguilla.Css.js.Tridion.Utils.Css.removeStyleAttribute.html" visibility="static" rawName="Tridion.Utils.Css.removeStyleAttribute" fullName="Tridion.Utils.Css.removeStyleAttribute" staticName="Css.removeStyleAttribute" synopsis="removeStyleAttribute(style: Object, attribute: Object, element: Object): Void" synopsisExtended="removeStyleAttribute(style: Object, attribute: Object, element: Object): Void" type="Object">
                          <arguments value="style, attribute, element">
                            <argument name="style" type="Object" />
                            <argument name="attribute" type="Object" />
                            <argument name="element" type="Object" />
                          </arguments>
                        </method>
                        <method name="hasClass" url=".Anguilla.Css.js.Tridion.Utils.Css.hasClass.html" visibility="static" rawName="Tridion.Utils.Css.hasClass" fullName="Tridion.Utils.Css.hasClass" staticName="Css.hasClass" synopsis="hasClass(element: Object, className: Object): Void" synopsisExtended="hasClass(element: Object, className: Object): Void" type="Object">
                          <arguments value="element, className">
                            <argument name="element" type="Object" />
                            <argument name="className" type="Object" />
                          </arguments>
                        </method>
                        <method name="addClass" url=".Anguilla.Css.js.Tridion.Utils.Css.addClass.html" visibility="static" rawName="Tridion.Utils.Css.addClass" fullName="Tridion.Utils.Css.addClass" staticName="Css.addClass" synopsis="addClass(elem: Object, className: Object): Void" synopsisExtended="addClass(elem: Object, className: Object): Void" type="Object">
                          <arguments value="elem, className">
                            <argument name="elem" type="Object" />
                            <argument name="className" type="Object" />
                          </arguments>
                        </method>
                        <method name="removeClass" url=".Anguilla.Css.js.Tridion.Utils.Css.removeClass.html" visibility="static" rawName="Tridion.Utils.Css.removeClass" fullName="Tridion.Utils.Css.removeClass" staticName="Css.removeClass" synopsis="removeClass(elem: Object, classes: Object): Void" synopsisExtended="removeClass(elem: Object, classes: Object): Void" type="Object">
                          <arguments value="elem, classes">
                            <argument name="elem" type="Object" />
                            <argument name="classes" type="Object" />
                          </arguments>
                        </method>
                        <method name="replaceClass" url=".Anguilla.Css.js.Tridion.Utils.Css.replaceClass.html" visibility="static" rawName="Tridion.Utils.Css.replaceClass" fullName="Tridion.Utils.Css.replaceClass" staticName="Css.replaceClass" synopsis="replaceClass(element: Object, oldClass: Object, newClass: Object): Void" synopsisExtended="replaceClass(element: Object, oldClass: Object, newClass: Object): Void" type="Object">
                          <arguments value="element, oldClass, newClass">
                            <argument name="element" type="Object" />
                            <argument name="oldClass" type="Object" />
                            <argument name="newClass" type="Object" />
                          </arguments>
                        </method>
                        <method name="getCurrentStyle" url=".Anguilla.Css.js.Tridion.Utils.Css.getCurrentStyle.html" visibility="static" rawName="Tridion.Utils.Css.getCurrentStyle" fullName="Tridion.Utils.Css.getCurrentStyle" staticName="Css.getCurrentStyle" synopsis="getCurrentStyle(element: Object): Void" synopsisExtended="getCurrentStyle(element: Object): Void" type="Object">
                          <arguments value="element">
                            <argument name="element" type="Object" />
                          </arguments>
                        </method>
                        <method name="getVMargins" url=".Anguilla.Css.js.Tridion.Utils.Css.getVMargins.html" visibility="static" rawName="Tridion.Utils.Css.getVMargins" fullName="Tridion.Utils.Css.getVMargins" staticName="Css.getVMargins" synopsis="getVMargins(element: Object): Void" synopsisExtended="getVMargins(element: Object): Void" type="Object">
                          <arguments value="element">
                            <argument name="element" type="Object" />
                          </arguments>
                        </method>
                        <method name="getHMargins" url=".Anguilla.Css.js.Tridion.Utils.Css.getHMargins.html" visibility="static" rawName="Tridion.Utils.Css.getHMargins" fullName="Tridion.Utils.Css.getHMargins" staticName="Css.getHMargins" synopsis="getHMargins(element: Object): Void" synopsisExtended="getHMargins(element: Object): Void" type="Object">
                          <arguments value="element">
                            <argument name="element" type="Object" />
                          </arguments>
                        </method>
                        <method name="getVPadding" url=".Anguilla.Css.js.Tridion.Utils.Css.getVPadding.html" visibility="static" rawName="Tridion.Utils.Css.getVPadding" fullName="Tridion.Utils.Css.getVPadding" staticName="Css.getVPadding" synopsis="getVPadding(element: Object): Void" synopsisExtended="getVPadding(element: Object): Void" type="Object">
                          <arguments value="element">
                            <argument name="element" type="Object" />
                          </arguments>
                        </method>
                        <method name="getHPadding" url=".Anguilla.Css.js.Tridion.Utils.Css.getHPadding.html" visibility="static" rawName="Tridion.Utils.Css.getHPadding" fullName="Tridion.Utils.Css.getHPadding" staticName="Css.getHPadding" synopsis="getHPadding(element: Object): Void" synopsisExtended="getHPadding(element: Object): Void" type="Object">
                          <arguments value="element">
                            <argument name="element" type="Object" />
                          </arguments>
                        </method>
                        <method name="getVBorders" url=".Anguilla.Css.js.Tridion.Utils.Css.getVBorders.html" visibility="static" rawName="Tridion.Utils.Css.getVBorders" fullName="Tridion.Utils.Css.getVBorders" staticName="Css.getVBorders" synopsis="getVBorders(element: Object): Void" synopsisExtended="getVBorders(element: Object): Void" type="Object">
                          <arguments value="element">
                            <argument name="element" type="Object" />
                          </arguments>
                        </method>
                        <method name="getHBorders" url=".Anguilla.Css.js.Tridion.Utils.Css.getHBorders.html" visibility="static" rawName="Tridion.Utils.Css.getHBorders" fullName="Tridion.Utils.Css.getHBorders" staticName="Css.getHBorders" synopsis="getHBorders(element: Object): Void" synopsisExtended="getHBorders(element: Object): Void" type="Object">
                          <arguments value="element">
                            <argument name="element" type="Object" />
                          </arguments>
                        </method>
                        <method name="pixelLeft" url=".Anguilla.Css.js.Tridion.Utils.Css.pixelLeft.html" visibility="static" rawName="Tridion.Utils.Css.pixelLeft" fullName="Tridion.Utils.Css.pixelLeft" staticName="Css.pixelLeft" synopsis="pixelLeft(elem: Object, value: Object): Void" synopsisExtended="pixelLeft(elem: Object, value: Object): Void" type="Object">
                          <arguments value="elem, value">
                            <argument name="elem" type="Object" />
                            <argument name="value" type="Object" />
                          </arguments>
                        </method>
                        <method name="pixelRight" url=".Anguilla.Css.js.Tridion.Utils.Css.pixelRight.html" visibility="static" rawName="Tridion.Utils.Css.pixelRight" fullName="Tridion.Utils.Css.pixelRight" staticName="Css.pixelRight" synopsis="pixelRight(elem: Object, value: Object): Void" synopsisExtended="pixelRight(elem: Object, value: Object): Void" type="Object">
                          <arguments value="elem, value">
                            <argument name="elem" type="Object" />
                            <argument name="value" type="Object" />
                          </arguments>
                        </method>
                        <method name="pixelTop" url=".Anguilla.Css.js.Tridion.Utils.Css.pixelTop.html" visibility="static" rawName="Tridion.Utils.Css.pixelTop" fullName="Tridion.Utils.Css.pixelTop" staticName="Css.pixelTop" synopsis="pixelTop(elem: Object, value: Object): Void" synopsisExtended="pixelTop(elem: Object, value: Object): Void" type="Object">
                          <arguments value="elem, value">
                            <argument name="elem" type="Object" />
                            <argument name="value" type="Object" />
                          </arguments>
                        </method>
                        <method name="pixelBottom" url=".Anguilla.Css.js.Tridion.Utils.Css.pixelBottom.html" visibility="static" rawName="Tridion.Utils.Css.pixelBottom" fullName="Tridion.Utils.Css.pixelBottom" staticName="Css.pixelBottom" synopsis="pixelBottom(elem: Object, value: Object): Void" synopsisExtended="pixelBottom(elem: Object, value: Object): Void" type="Object">
                          <arguments value="elem, value">
                            <argument name="elem" type="Object" />
                            <argument name="value" type="Object" />
                          </arguments>
                        </method>
                        <method name="pixelWidth" url=".Anguilla.Css.js.Tridion.Utils.Css.pixelWidth.html" visibility="static" rawName="Tridion.Utils.Css.pixelWidth" fullName="Tridion.Utils.Css.pixelWidth" staticName="Css.pixelWidth" synopsis="pixelWidth(elem: Object, value: Object): Void" synopsisExtended="pixelWidth(elem: Object, value: Object): Void" type="Object">
                          <arguments value="elem, value">
                            <argument name="elem" type="Object" />
                            <argument name="value" type="Object" />
                          </arguments>
                        </method>
                        <method name="pixelHeight" url=".Anguilla.Css.js.Tridion.Utils.Css.pixelHeight.html" visibility="static" rawName="Tridion.Utils.Css.pixelHeight" fullName="Tridion.Utils.Css.pixelHeight" staticName="Css.pixelHeight" synopsis="pixelHeight(elem: Object, value: Object): Void" synopsisExtended="pixelHeight(elem: Object, value: Object): Void" type="Object">
                          <arguments value="elem, value">
                            <argument name="elem" type="Object" />
                            <argument name="value" type="Object" />
                          </arguments>
                        </method>
                        <method name="pixelCoord" url=".Anguilla.Css.js.Tridion.Utils.Css.pixelCoord.html" visibility="static" rawName="Tridion.Utils.Css.pixelCoord" fullName="Tridion.Utils.Css.pixelCoord" staticName="Css.pixelCoord" synopsis="pixelCoord(elem: Object, left: Object, top: Object, right: Object, bottom: Object): Void" synopsisExtended="pixelCoord(elem: Object, left: Object, top: Object, right: Object, bottom: Object): Void" type="Object">
                          <arguments value="elem, left, top, right, bottom">
                            <argument name="elem" type="Object" />
                            <argument name="left" type="Object" />
                            <argument name="top" type="Object" />
                            <argument name="right" type="Object" />
                            <argument name="bottom" type="Object" />
                          </arguments>
                        </method>
                        <method name="display" url=".Anguilla.Css.js.Tridion.Utils.Css.display.html" visibility="static" rawName="Tridion.Utils.Css.display" fullName="Tridion.Utils.Css.display" staticName="Css.display" synopsis="display(elem: Object): Void" synopsisExtended="display(elem: Object): Void" type="Object">
                          <arguments value="elem">
                            <argument name="elem" type="Object" />
                          </arguments>
                        </method>
                        <method name="undisplay" url=".Anguilla.Css.js.Tridion.Utils.Css.undisplay.html" visibility="static" rawName="Tridion.Utils.Css.undisplay" fullName="Tridion.Utils.Css.undisplay" staticName="Css.undisplay" synopsis="undisplay(element: Object): Void" synopsisExtended="undisplay(element: Object): Void" type="Object">
                          <arguments value="element">
                            <argument name="element" type="Object" />
                          </arguments>
                        </method>
                        <method name="alpha" url=".Anguilla.Css.js.Tridion.Utils.Css.alpha.html" visibility="static" rawName="Tridion.Utils.Css.alpha" fullName="Tridion.Utils.Css.alpha" staticName="Css.alpha" synopsis="alpha(element: Object, value: Object): Void" synopsisExtended="alpha(element: Object, value: Object): Void" type="Object">
                          <arguments value="element, value">
                            <argument name="element" type="Object" />
                            <argument name="value" type="Object" />
                          </arguments>
                        </method>
                        <method name="getOpacity" url=".Anguilla.Css.js.Tridion.Utils.Css.getOpacity.html" visibility="static" rawName="Tridion.Utils.Css.getOpacity" fullName="Tridion.Utils.Css.getOpacity" staticName="Css.getOpacity" synopsis="getOpacity(element: Object): Void" synopsisExtended="getOpacity(element: Object): Void" type="Object">
                          <arguments value="element">
                            <argument name="element" type="Object" />
                          </arguments>
                        </method>
                        <method name="setOpacity" url=".Anguilla.Css.js.Tridion.Utils.Css.setOpacity.html" visibility="static" rawName="Tridion.Utils.Css.setOpacity" fullName="Tridion.Utils.Css.setOpacity" staticName="Css.setOpacity" synopsis="setOpacity(element: Object, value: Object): Void" synopsisExtended="setOpacity(element: Object, value: Object): Void" type="Object">
                          <arguments value="element, value">
                            <argument name="element" type="Object" />
                            <argument name="value" type="Object" />
                          </arguments>
                        </method>
                        <method name="show" url=".Anguilla.Css.js.Tridion.Utils.Css.show.html" visibility="static" rawName="Tridion.Utils.Css.show" fullName="Tridion.Utils.Css.show" staticName="Css.show" synopsis="show(element: Object, inherit: Object): Void" synopsisExtended="show(element: Object, inherit: Object): Void" type="Object">
                          <arguments value="element, inherit">
                            <argument name="element" type="Object" />
                            <argument name="inherit" type="Object" />
                          </arguments>
                        </method>
                        <method name="hide" url=".Anguilla.Css.js.Tridion.Utils.Css.hide.html" visibility="static" rawName="Tridion.Utils.Css.hide" fullName="Tridion.Utils.Css.hide" staticName="Css.hide" synopsis="hide(element: Object): Void" synopsisExtended="hide(element: Object): Void" type="Object">
                          <arguments value="element">
                            <argument name="element" type="Object" />
                          </arguments>
                        </method>
                        <method name="addDomClasses" url=".Anguilla.Css.js.Tridion.Utils.Css.addDomClasses.html" visibility="static" rawName="Tridion.Utils.Css.addDomClasses" fullName="Tridion.Utils.Css.addDomClasses" staticName="Css.addDomClasses" synopsis="addDomClasses(doc: Object): Void" synopsisExtended="addDomClasses(doc: Object): Void" type="Object">
                          <arguments value="doc">
                            <argument name="doc" type="Object" />
                          </arguments>
                        </method>
                        <method name="convertRgbToHex" url=".Anguilla.Css.js.Tridion.Utils.Css.convertRgbToHex.html" visibility="static" rawName="Tridion.Utils.Css.convertRgbToHex" fullName="Tridion.Utils.Css.convertRgbToHex" staticName="Css.convertRgbToHex" synopsis="convertRgbToHex(color: Object): Void" synopsisExtended="convertRgbToHex(color: Object): Void" type="Object">
                          <arguments value="color">
                            <argument name="color" type="Object" />
                          </arguments>
                        </method>
                        <method name="getCssRules" url=".Anguilla.Css.js.Tridion.Utils.Css.getCssRules.html" visibility="static" rawName="Tridion.Utils.Css.getCssRules" fullName="Tridion.Utils.Css.getCssRules" staticName="Css.getCssRules" synopsis="getCssRules(css: Object): Void" synopsisExtended="getCssRules(css: Object): Void" type="Object">
                          <arguments value="css">
                            <argument name="css" type="Object" />
                          </arguments>
                        </method>
                        <method name="processStyleSheets" url=".Anguilla.Css.js.Tridion.Utils.Css.processStyleSheets.html" visibility="static" rawName="Tridion.Utils.Css.processStyleSheets" fullName="Tridion.Utils.Css.processStyleSheets" staticName="Css.processStyleSheets" synopsis="processStyleSheets(styleSheets: Object, optIsStyleDisallowedHandler: Object, allowedStyles: Object, processedStyles: Object, optHref: Object, parentDocument: Object): Void" synopsisExtended="processStyleSheets(styleSheets: Object, optIsStyleDisallowedHandler: Object, allowedStyles: Object, processedStyles: Object, optHref: Object, parentDocument: Object): Void" type="Object">
                          <arguments value="styleSheets, optIsStyleDisallowedHandler, allowedStyles, processedStyles, optHref, parentDocument">
                            <argument name="styleSheets" type="Object" />
                            <argument name="optIsStyleDisallowedHandler" type="Object" />
                            <argument name="allowedStyles" type="Object" />
                            <argument name="processedStyles" type="Object" />
                            <argument name="optHref" type="Object" />
                            <argument name="parentDocument" type="Object" />
                          </arguments>
                        </method>
                      </methods>
                    </members>
                    <returns type="String" description="Either the elements complete &lt;c&gt;cssText&lt;/c&gt; or the value of the specified css property." />
                  </class>
                </classes>
              </members>
            </property>
          </properties>
        </members>
      </property>
    </properties>
  </members>
</document>