<document name="CustomPage.js" url="CustomPage.js.html" visibility="default" rawName="CustomPage.js" fullName="CustomPage.js" staticName="Anguilla.CustomPage.js">
  <members>
    <properties>
      <property name="Tridion" url=".Anguilla.CustomPage.js.Tridion.html" visibility="public" rawName="Tridion" fullName="Tridion" staticName="CustomPage.js.Tridion" synopsis="CustomPage.js.Tridion: Object;" synopsisExtended="CustomPage.js.Tridion: &lt;a href=&quot;&quot;&gt;Object&lt;/a&gt;;" type="Object" virtual="true">
        <members>
          <properties>
            <property name="Cme" url=".Anguilla.CustomPage.js.Tridion.Cme.html" visibility="static" rawName="Tridion.Cme" fullName="Tridion.Cme" staticName="Tridion.Cme" synopsis="Tridion.Cme: Object;" synopsisExtended="Tridion.Cme: &lt;a href=&quot;&quot;&gt;Object&lt;/a&gt;;" type="Object" virtual="true">
              <members>
                <properties>
                  <property name="Views" url=".Anguilla.CustomPage.js.Tridion.Cme.Views.html" visibility="static" rawName="Tridion.Cme.Views" fullName="Tridion.Cme.Views" staticName="Cme.Views" synopsis="Cme.Views: Object;" synopsisExtended="Cme.Views: &lt;a href=&quot;&quot;&gt;Object&lt;/a&gt;;" type="Object" virtual="true">
                    <members>
                      <classes>
                        <class name="CustomPage" url=".Anguilla.CustomPage.js.Tridion.Cme.Views.CustomPage.html" visibility="static" rawName="Tridion.Cme.Views.CustomPage" fullName="Tridion.Cme.Views.CustomPage" staticName="Views.CustomPage" synopsis="var x: CustomPage = new CustomPage();" synopsisExtended="var x: &lt;a href=&quot;.Anguilla.CustomPage.js.Tridion.Cme.Views.CustomPage.html&quot;&gt;CustomPage&lt;/a&gt; = new CustomPage();" type="Object">
                          <extends />
                          <documentation rawString="&#xA; * Implements Custom Page view.&#xA; * @constructor&#xA; ">
                            <summary>Implements Custom Page view.</summary>
                          </documentation>
                          <members>
                            <methods>
                              <method name="updateView" url=".Anguilla.CustomPage.js.Tridion.Cme.Views.CustomPage.updateView.html" visibility="prototype" rawName="Tridion.Cme.Views.CustomPage.prototype.updateView" fullName="Tridion.Cme.Views.CustomPage.updateView" staticName="CustomPage.updateView" synopsis="updateView(): Void" synopsisExtended="updateView(): Void" type="Object">
                                <documentation rawString="&#xA; * Section IdentifiableObject overrides &#xA; * Updating view representation.&#xA; ">
                                  <summary>Section IdentifiableObject overrides</summary>
                                  <description>Updating view representation.</description>
                                </documentation>
                              </method>
                              <method name="collectFieldData" url=".Anguilla.CustomPage.js.Tridion.Cme.Views.CustomPage.collectFieldData.html" visibility="prototype" rawName="Tridion.Cme.Views.CustomPage.prototype.collectFieldData" fullName="Tridion.Cme.Views.CustomPage.collectFieldData" staticName="CustomPage.collectFieldData" synopsis="collectFieldData(Field: field.): Void" synopsisExtended="collectFieldData(Field: field.): Void" type="Object">
                                <arguments value="field">
                                  <argument name="Field" type="field." description="which data was changed." />
                                </arguments>
                                <documentation rawString="&#xA; * Collects Data from field.&#xA; * @param {Object} field. Field which data was changed.&#xA; ">
                                  <summary>Collects Data from field.</summary>
                                </documentation>
                              </method>
                              <method name="onDefaultChanged" url=".Anguilla.CustomPage.js.Tridion.Cme.Views.CustomPage.onDefaultChanged.html" visibility="prototype" rawName="Tridion.Cme.Views.CustomPage.prototype.onDefaultChanged" fullName="Tridion.Cme.Views.CustomPage.onDefaultChanged" staticName="CustomPage.onDefaultChanged" synopsis="onDefaultChanged(event: Object): Void" synopsisExtended="onDefaultChanged(event: Object): Void" type="Object">
                                <arguments value="event">
                                  <argument name="event" type="Object" />
                                </arguments>
                                <documentation rawString="&#xA; * Section Event handlers&#xA; ">
                                  <summary>Section Event handlers</summary>
                                </documentation>
                              </method>
                              <method name="onItemValidate" url=".Anguilla.CustomPage.js.Tridion.Cme.Views.CustomPage.onItemValidate.html" visibility="prototype" rawName="Tridion.Cme.Views.CustomPage.prototype.onItemValidate" fullName="Tridion.Cme.Views.CustomPage.onItemValidate" staticName="CustomPage.onItemValidate" synopsis="onItemValidate(The: event.): Bollean" synopsisExtended="onItemValidate(The: event.): Bollean" type="Object">
                                <arguments value="event">
                                  <argument name="The" type="event." description="event is the event fired from the &lt;c&gt;Tridion.FormatArea&lt;/c&gt;." />
                                </arguments>
                                <documentation rawString="&#xA; * Handles the validate event in Item.&#xA; * @param {Tridion.Core.Event} event. The event is the event fired from the &lt;c&gt;Tridion.FormatArea&lt;/c&gt;.&#xA; * @returns {Bollean} True if item is Valid.&#xA; ">
                                  <summary>Handles the validate event in Item.</summary>
                                </documentation>
                                <members>
                                  <methods>
                                    <method name="CustomPage$onItemValidate$onModalPopupUnloaded" url=".Anguilla.CustomPage.js.Tridion.Cme.Views.CustomPage.onItemValidate.CustomPage$onItemValidate$onModalPopupUnloaded.html" visibility="private" rawName="CustomPage$onItemValidate$onModalPopupUnloaded" fullName="CustomPage$onItemValidate$onModalPopupUnloaded" staticName="onItemValidate.CustomPage$onItemValidate$onModalPopupUnloaded" synopsis="CustomPage$onItemValidate$onModalPopupUnloaded(): Void" synopsisExtended="CustomPage$onItemValidate$onModalPopupUnloaded(): Void" type="Object" />
                                  </methods>
                                </members>
                                <returns type="Bollean" description="True if item is Valid." />
                              </method>
                              <method name="initialize" url=".Anguilla.CustomPage.js.Tridion.Cme.Views.CustomPage.initialize.html" visibility="private" rawName="Tridion.Cme.Views.CustomPage.prototype.initialize" fullName="Tridion.Cme.Views.CustomPage.initialize" staticName="CustomPage.initialize" synopsis="initialize(): Void" synopsisExtended="initialize(): Void" type="Object">
                                <documentation rawString="&#xA; * Initializes Custom Page view.&#xA; * @private&#xA; ">
                                  <summary>Initializes Custom Page view.</summary>
                                </documentation>
                              </method>
                              <method name="_onItemToolbarClick" url=".Anguilla.CustomPage.js.Tridion.Cme.Views.CustomPage._onItemToolbarClick.html" visibility="private" rawName="Tridion.Cme.Views.CustomPage.prototype._onItemToolbarClick" fullName="Tridion.Cme.Views.CustomPage._onItemToolbarClick" staticName="CustomPage._onItemToolbarClick" synopsis="_onItemToolbarClick(event: DOMEvent): Void" synopsisExtended="_onItemToolbarClick(event: DOMEvent): Void" type="Object">
                                <arguments value="event">
                                  <argument name="event" type="DOMEvent" description="The DOM click event that occured." />
                                </arguments>
                                <documentation rawString="&#xA; * Handles the click event on button.&#xA; * @param {DOMEvent} event The DOM click event that occured.&#xA; * @private &#xA; ">
                                  <summary>Handles the click event on button.</summary>
                                </documentation>
                              </method>
                            </methods>
                          </members>
                        </class>
                      </classes>
                    </members>
                  </property>
                </properties>
              </members>
            </property>
          </properties>
        </members>
      </property>
    </properties>
  </members>
</document>