<document name="DateField.js" url="DateField.js.html" visibility="default" rawName="DateField.js" fullName="DateField.js" staticName="Anguilla.DateField.js">
  <members>
    <properties>
      <property name="Tridion" url=".Anguilla.DateField.js.Tridion.html" visibility="public" rawName="Tridion" fullName="Tridion" staticName="DateField.js.Tridion" synopsis="DateField.js.Tridion: Object;" synopsisExtended="DateField.js.Tridion: &lt;a href=&quot;&quot;&gt;Object&lt;/a&gt;;" type="Object" virtual="true">
        <members>
          <properties>
            <property name="Controls" url=".Anguilla.DateField.js.Tridion.Controls.html" visibility="static" rawName="Tridion.Controls" fullName="Tridion.Controls" staticName="Tridion.Controls" synopsis="Tridion.Controls: Object;" synopsisExtended="Tridion.Controls: &lt;a href=&quot;&quot;&gt;Object&lt;/a&gt;;" type="Object" virtual="true">
              <members>
                <properties>
                  <property name="FieldDesigner" url=".Anguilla.DateField.js.Tridion.Controls.FieldDesigner.html" visibility="static" rawName="Tridion.Controls.FieldDesigner" fullName="Tridion.Controls.FieldDesigner" staticName="Controls.FieldDesigner" synopsis="Controls.FieldDesigner: Object;" synopsisExtended="Controls.FieldDesigner: &lt;a href=&quot;&quot;&gt;Object&lt;/a&gt;;" type="Object" virtual="true">
                    <members>
                      <classes>
                        <class name="DateField" url=".Anguilla.DateField.js.Tridion.Controls.FieldDesigner.DateField.html" visibility="static" rawName="Tridion.Controls.FieldDesigner.DateField" fullName="Tridion.Controls.FieldDesigner.DateField" staticName="FieldDesigner.DateField" synopsis="var x: DateField = new DateField(element: Object);" synopsisExtended="var x: &lt;a href=&quot;.Anguilla.DateField.js.Tridion.Controls.FieldDesigner.DateField.html&quot;&gt;DateField&lt;/a&gt; = new DateField(element: Object);" type="Object">
                          <arguments value="element">
                            <argument name="element" type="Object" />
                          </arguments>
                          <extends />
                          <documentation rawString="&#xA;* Implements the FieldDesigner Date field control&#xA;* @constructor&#xA;">
                            <summary>Implements the FieldDesigner Date field control</summary>
                          </documentation>
                          <members>
                            <methods>
                              <method name="setDisabled" url=".Anguilla.DateField.js.Tridion.Controls.FieldDesigner.DateField.setDisabled.html" visibility="prototype" rawName="Tridion.Controls.FieldDesigner.DateField.prototype.setDisabled" fullName="Tridion.Controls.FieldDesigner.DateField.setDisabled" staticName="DateField.setDisabled" synopsis="setDisabled(isReadOnly: Boolean): Void" synopsisExtended="setDisabled(isReadOnly: Boolean): Void" type="Object">
                                <arguments value="isReadOnly">
                                  <argument name="isReadOnly" type="Boolean" description="True to set the control to readonly, otherwise false" />
                                </arguments>
                                <documentation rawString="&#xA; * Sets the value of the readOnly property and updates the state of the browse and open buttons accordingly&#xA; * @param {Boolean} isReadOnly True to set the control to readonly, otherwise false&#xA; ">
                                  <summary>Sets the value of the readOnly property and updates the state of the browse and open buttons accordingly</summary>
                                </documentation>
                              </method>
                              <method name="_get$DefaultValue" url=".Anguilla.DateField.js.Tridion.Controls.FieldDesigner.DateField._get$DefaultValue.html" visibility="prototype" rawName="Tridion.Controls.FieldDesigner.DateField.prototype._get$DefaultValue" fullName="Tridion.Controls.FieldDesigner.DateField._get$DefaultValue" staticName="DateField._get$DefaultValue" synopsis="_get$DefaultValue(): String" synopsisExtended="_get$DefaultValue(): String" type="Object">
                                <documentation rawString="&#xA; * Gets field default value.&#xA; * @returns {String} The Field default value.&#xA; ">
                                  <summary>Gets field default value.</summary>
                                </documentation>
                                <returns type="String" description="The Field default value." />
                              </method>
                              <method name="_set$DefaultValue" url=".Anguilla.DateField.js.Tridion.Controls.FieldDesigner.DateField._set$DefaultValue.html" visibility="prototype" rawName="Tridion.Controls.FieldDesigner.DateField.prototype._set$DefaultValue" fullName="Tridion.Controls.FieldDesigner.DateField._set$DefaultValue" staticName="DateField._set$DefaultValue" synopsis="_set$DefaultValue(The: String): Void" synopsisExtended="_set$DefaultValue(The: String): Void" type="Object">
                                <arguments value="defaultValue">
                                  <argument name="The" type="String" description="Field default value." />
                                </arguments>
                                <documentation rawString="&#xA; * Sets field default value.&#xA; * @param {String} The Field default value.&#xA; ">
                                  <summary>Sets field default value.</summary>
                                </documentation>
                              </method>
                              <method name="_getListValue" url=".Anguilla.DateField.js.Tridion.Controls.FieldDesigner.DateField._getListValue.html" visibility="prototype" rawName="Tridion.Controls.FieldDesigner.DateField.prototype._getListValue" fullName="Tridion.Controls.FieldDesigner.DateField._getListValue" staticName="DateField._getListValue" synopsis="_getListValue(currentValue: Object, option: Object): Void" synopsisExtended="_getListValue(currentValue: Object, option: Object): Void" type="Object">
                                <arguments value="currentValue, option">
                                  <argument name="currentValue" type="Object" />
                                  <argument name="option" type="Object" />
                                </arguments>
                                <documentation rawString="&#xA; *	List Values&#xA; ">
                                  <summary>	List Values</summary>
                                </documentation>
                                <members>
                                  <methods>
                                    <method name="FieldDesigner$DateField$_onBtnAddClick$onPopupCanceled" url=".Anguilla.DateField.js.Tridion.Controls.FieldDesigner.DateField._getListValue.FieldDesigner$DateField$_onBtnAddClick$onPopupCanceled.html" visibility="private" rawName="FieldDesigner$DateField$_onBtnAddClick$onPopupCanceled" fullName="FieldDesigner$DateField$_onBtnAddClick$onPopupCanceled" staticName="_getListValue.FieldDesigner$DateField$_onBtnAddClick$onPopupCanceled" synopsis="FieldDesigner$DateField$_onBtnAddClick$onPopupCanceled(event: Object): Void" synopsisExtended="FieldDesigner$DateField$_onBtnAddClick$onPopupCanceled(event: Object): Void" type="Object">
                                      <arguments value="event">
                                        <argument name="event" type="Object" />
                                      </arguments>
                                    </method>
                                    <method name="FieldDesigner$DateField$_onBtnAddClick$onPopupSubmitted" url=".Anguilla.DateField.js.Tridion.Controls.FieldDesigner.DateField._getListValue.FieldDesigner$DateField$_onBtnAddClick$onPopupSubmitted.html" visibility="private" rawName="FieldDesigner$DateField$_onBtnAddClick$onPopupSubmitted" fullName="FieldDesigner$DateField$_onBtnAddClick$onPopupSubmitted" staticName="_getListValue.FieldDesigner$DateField$_onBtnAddClick$onPopupSubmitted" synopsis="FieldDesigner$DateField$_onBtnAddClick$onPopupSubmitted(event: Object): Void" synopsisExtended="FieldDesigner$DateField$_onBtnAddClick$onPopupSubmitted(event: Object): Void" type="Object">
                                      <arguments value="event">
                                        <argument name="event" type="Object" />
                                      </arguments>
                                    </method>
                                  </methods>
                                </members>
                              </method>
                              <method name="_set$ListValues" url=".Anguilla.DateField.js.Tridion.Controls.FieldDesigner.DateField._set$ListValues.html" visibility="prototype" rawName="Tridion.Controls.FieldDesigner.DateField.prototype._set$ListValues" fullName="Tridion.Controls.FieldDesigner.DateField._set$ListValues" staticName="DateField._set$ListValues" synopsis="_set$ListValues(fieldXml: XMLElement): Void" synopsisExtended="_set$ListValues(fieldXml: XMLElement): Void" type="Object">
                                <arguments value="fieldXml">
                                  <argument name="fieldXml" type="XMLElement" description="The XML representation of fields." />
                                </arguments>
                                <documentation rawString="&#xA; * Fills list values Xml.&#xA; * @param {XMLElement} fieldXml The XML representation of fields.&#xA; ">
                                  <summary>Fills list values Xml.</summary>
                                </documentation>
                              </method>
                              <method name="_getType" url=".Anguilla.DateField.js.Tridion.Controls.FieldDesigner.DateField._getType.html" visibility="private" rawName="Tridion.Controls.FieldDesigner.DateField.prototype._getType" fullName="Tridion.Controls.FieldDesigner.DateField._getType" staticName="DateField._getType" synopsis="_getType(): String" synopsisExtended="_getType(): String" type="Object">
                                <documentation rawString="&#xA; * Gets the field Type.&#xA; * @private  &#xA; * @returns {String} The type of the field.&#xA; ">
                                  <summary>Gets the field Type.</summary>
                                </documentation>
                                <returns type="String" description="The type of the field." />
                              </method>
                              <method name="_getDefaultDateInputControl" url=".Anguilla.DateField.js.Tridion.Controls.FieldDesigner.DateField._getDefaultDateInputControl.html" visibility="private" rawName="Tridion.Controls.FieldDesigner.DateField.prototype._getDefaultDateInputControl" fullName="Tridion.Controls.FieldDesigner.DateField._getDefaultDateInputControl" staticName="DateField._getDefaultDateInputControl" synopsis="_getDefaultDateInputControl(): Tridion.Controls.DateSelectControl" synopsisExtended="_getDefaultDateInputControl(): Tridion.Controls.DateSelectControl" type="Object">
                                <documentation rawString="&#xA; * Gets Date select control.&#xA; * @private  &#xA; * @returns {Tridion.Controls.DateSelectControl} Date select control.&#xA; ">
                                  <summary>Gets Date select control.</summary>
                                </documentation>
                                <returns type="Tridion.Controls.DateSelectControl" description="Date select control." />
                              </method>
                              <method name="_initializeRelatedFields" url=".Anguilla.DateField.js.Tridion.Controls.FieldDesigner.DateField._initializeRelatedFields.html" visibility="private" rawName="Tridion.Controls.FieldDesigner.DateField.prototype._initializeRelatedFields" fullName="Tridion.Controls.FieldDesigner.DateField._initializeRelatedFields" staticName="DateField._initializeRelatedFields" synopsis="_initializeRelatedFields(): Void" synopsisExtended="_initializeRelatedFields(): Void" type="Object">
                                <documentation rawString="&#xA; * Related fields initilization.&#xA; * @private &#xA; ">
                                  <summary>Related fields initilization.</summary>
                                </documentation>
                              </method>
                              <method name="_deinitializeRelatedFields" url=".Anguilla.DateField.js.Tridion.Controls.FieldDesigner.DateField._deinitializeRelatedFields.html" visibility="private" rawName="Tridion.Controls.FieldDesigner.DateField.prototype._deinitializeRelatedFields" fullName="Tridion.Controls.FieldDesigner.DateField._deinitializeRelatedFields" staticName="DateField._deinitializeRelatedFields" synopsis="_deinitializeRelatedFields(): Void" synopsisExtended="_deinitializeRelatedFields(): Void" type="Object">
                                <documentation rawString="&#xA; * Related fields deinitilization.&#xA; * @private &#xA; ">
                                  <summary>Related fields deinitilization.</summary>
                                </documentation>
                              </method>
                              <method name="_displayRelatedFields$List" url=".Anguilla.DateField.js.Tridion.Controls.FieldDesigner.DateField._displayRelatedFields$List.html" visibility="private" rawName="Tridion.Controls.FieldDesigner.DateField.prototype._displayRelatedFields$List" fullName="Tridion.Controls.FieldDesigner.DateField._displayRelatedFields$List" staticName="DateField._displayRelatedFields$List" synopsis="_displayRelatedFields$List(isDisplayed: Boolean): Void" synopsisExtended="_displayRelatedFields$List(isDisplayed: Boolean): Void" type="Object">
                                <arguments value="isDisplayed">
                                  <argument name="isDisplayed" type="Boolean" description="true to display the fields, otherwise false" />
                                </arguments>
                                <documentation rawString="&#xA; * Display field related fields&#xA; * @private  &#xA; * @param {Boolean} isDisplayed true to display the fields, otherwise false&#xA; ">
                                  <summary>Display field related fields</summary>
                                </documentation>
                              </method>
                              <method name="_attachFieldsEvents" url=".Anguilla.DateField.js.Tridion.Controls.FieldDesigner.DateField._attachFieldsEvents.html" visibility="private" rawName="Tridion.Controls.FieldDesigner.DateField.prototype._attachFieldsEvents" fullName="Tridion.Controls.FieldDesigner.DateField._attachFieldsEvents" staticName="DateField._attachFieldsEvents" synopsis="_attachFieldsEvents(): Void" synopsisExtended="_attachFieldsEvents(): Void" type="Object">
                                <documentation rawString="&#xA; * Attaching fields events.&#xA; * @private &#xA; ">
                                  <summary>Attaching fields events.</summary>
                                </documentation>
                              </method>
                              <method name="_deattachFieldsEvents" url=".Anguilla.DateField.js.Tridion.Controls.FieldDesigner.DateField._deattachFieldsEvents.html" visibility="private" rawName="Tridion.Controls.FieldDesigner.DateField.prototype._deattachFieldsEvents" fullName="Tridion.Controls.FieldDesigner.DateField._deattachFieldsEvents" staticName="DateField._deattachFieldsEvents" synopsis="_deattachFieldsEvents(): Void" synopsisExtended="_deattachFieldsEvents(): Void" type="Object">
                                <documentation rawString="&#xA; * Removing fields events.&#xA; * @private &#xA; ">
                                  <summary>Removing fields events.</summary>
                                </documentation>
                              </method>
                            </methods>
                          </members>
                        </class>
                      </classes>
                    </members>
                  </property>
                </properties>
              </members>
            </property>
          </properties>
        </members>
      </property>
    </properties>
  </members>
</document>