<document name="DateExtension.js" url="DateExtension.js.html" visibility="default" rawName="DateExtension.js" fullName="DateExtension.js" staticName="Anguilla.DateExtension.js">
  <members>
    <classes>
      <class name="Tridion" url=".Anguilla.DateExtension.js.Tridion.html" visibility="private" rawName="Tridion" fullName="Tridion" staticName="DateExtension.js.Tridion" synopsis="Tridion(): Void" synopsisExtended="Tridion(): Void" type="Object" virtual="true" static="true">
        <extends />
        <members>
          <classes>
            <class name="Controls" url=".Anguilla.DateExtension.js.Tridion.Controls.html" visibility="static" rawName="Tridion.Controls" fullName="Tridion.Controls" staticName="Tridion.Controls" synopsis="Controls(): Void" synopsisExtended="Controls(): Void" type="Object" virtual="true" static="true">
              <extends />
              <members>
                <classes>
                  <class name="Date" url=".Anguilla.DateExtension.js.Tridion.Controls.Date.html" visibility="static" rawName="Tridion.Controls.Date" fullName="Tridion.Controls.Date" staticName="Controls.Date" synopsis="var x: Date = new Date();" synopsisExtended="var x: &lt;a href=&quot;.Anguilla.DateExtension.js.Tridion.Controls.Date.html&quot;&gt;Date&lt;/a&gt; = new Date();" type="Object" virtual="true">
                    <extends />
                    <members>
                      <methods>
                        <method name="getPopupUrl" url=".Anguilla.DateExtension.js.Tridion.Controls.Date.getPopupUrl.html" visibility="prototype" rawName="Tridion.Controls.Date.prototype.getPopupUrl" fullName="Tridion.Controls.Date.getPopupUrl" staticName="Date.getPopupUrl" synopsis="getPopupUrl(): Void" synopsisExtended="getPopupUrl(): Void" type="Object" />
                        <method name="getPopupFeatures" url=".Anguilla.DateExtension.js.Tridion.Controls.Date.getPopupFeatures.html" visibility="prototype" rawName="Tridion.Controls.Date.prototype.getPopupFeatures" fullName="Tridion.Controls.Date.getPopupFeatures" staticName="Date.getPopupFeatures" synopsis="getPopupFeatures(): Void" synopsisExtended="getPopupFeatures(): Void" type="Object" />
                        <method name="getPopupArguments" url=".Anguilla.DateExtension.js.Tridion.Controls.Date.getPopupArguments.html" visibility="prototype" rawName="Tridion.Controls.Date.prototype.getPopupArguments" fullName="Tridion.Controls.Date.getPopupArguments" staticName="Date.getPopupArguments" synopsis="getPopupArguments(): Void" synopsisExtended="getPopupArguments(): Void" type="Object" />
                      </methods>
                    </members>
                  </class>
                </classes>
              </members>
            </class>
          </classes>
        </members>
      </class>
    </classes>
  </members>
</document>