<document name="Details.js" url="Details.js.html" visibility="default" rawName="Details.js" fullName="Details.js" staticName="Anguilla.Details.js">
  <members>
    <properties>
      <property name="Tridion" url=".Anguilla.Details.js.Tridion.html" visibility="public" rawName="Tridion" fullName="Tridion" staticName="Details.js.Tridion" synopsis="Details.js.Tridion: Object;" synopsisExtended="Details.js.Tridion: &lt;a href=&quot;&quot;&gt;Object&lt;/a&gt;;" type="Object" virtual="true">
        <members>
          <properties>
            <property name="Controls" url=".Anguilla.Details.js.Tridion.Controls.html" visibility="static" rawName="Tridion.Controls" fullName="Tridion.Controls" staticName="Tridion.Controls" synopsis="Tridion.Controls: Object;" synopsisExtended="Tridion.Controls: &lt;a href=&quot;&quot;&gt;Object&lt;/a&gt;;" type="Object" virtual="true">
              <members>
                <properties>
                  <property name="DrilldownListViews" url=".Anguilla.Details.js.Tridion.Controls.DrilldownListViews.html" visibility="static" rawName="Tridion.Controls.DrilldownListViews" fullName="Tridion.Controls.DrilldownListViews" staticName="Controls.DrilldownListViews" synopsis="Controls.DrilldownListViews: Object;" synopsisExtended="Controls.DrilldownListViews: &lt;a href=&quot;&quot;&gt;Object&lt;/a&gt;;" type="Object" virtual="true">
                    <members>
                      <classes>
                        <class name="Details" url=".Anguilla.Details.js.Tridion.Controls.DrilldownListViews.Details.html" visibility="static" rawName="Tridion.Controls.DrilldownListViews.Details" fullName="Tridion.Controls.DrilldownListViews.Details" staticName="DrilldownListViews.Details" synopsis="var x: Details = new Details(ownerList: Object);" synopsisExtended="var x: &lt;a href=&quot;.Anguilla.Details.js.Tridion.Controls.DrilldownListViews.Details.html&quot;&gt;Details&lt;/a&gt; = new Details(ownerList: Object);" type="Object">
                          <arguments value="ownerList">
                            <argument name="ownerList" type="Object" />
                          </arguments>
                          <extends />
                          <members>
                            <methods>
                              <method name="initializeDimensions" url=".Anguilla.Details.js.Tridion.Controls.DrilldownListViews.Details.initializeDimensions.html" visibility="prototype" rawName="Tridion.Controls.DrilldownListViews.Details.prototype.initializeDimensions" fullName="Tridion.Controls.DrilldownListViews.Details.initializeDimensions" staticName="Details.initializeDimensions" synopsis="initializeDimensions(distributeWidths: Object, height: Object): Void" synopsisExtended="initializeDimensions(distributeWidths: Object, height: Object): Void" type="Object">
                                <arguments value="distributeWidths, height">
                                  <argument name="distributeWidths" type="Object" />
                                  <argument name="height" type="Object" />
                                </arguments>
                              </method>
                              <method name="_getListTable" url=".Anguilla.Details.js.Tridion.Controls.DrilldownListViews.Details._getListTable.html" visibility="prototype" rawName="Tridion.Controls.DrilldownListViews.Details.prototype._getListTable" fullName="Tridion.Controls.DrilldownListViews.Details._getListTable" staticName="Details._getListTable" synopsis="_getListTable(): Void" synopsisExtended="_getListTable(): Void" type="Object" />
                              <method name="_selectEmptyItem" url=".Anguilla.Details.js.Tridion.Controls.DrilldownListViews.Details._selectEmptyItem.html" visibility="prototype" rawName="Tridion.Controls.DrilldownListViews.Details.prototype._selectEmptyItem" fullName="Tridion.Controls.DrilldownListViews.Details._selectEmptyItem" staticName="Details._selectEmptyItem" synopsis="_selectEmptyItem(): Void" synopsisExtended="_selectEmptyItem(): Void" type="Object" />
                              <method name="_getItemHeight" url=".Anguilla.Details.js.Tridion.Controls.DrilldownListViews.Details._getItemHeight.html" visibility="prototype" rawName="Tridion.Controls.DrilldownListViews.Details.prototype._getItemHeight" fullName="Tridion.Controls.DrilldownListViews.Details._getItemHeight" staticName="Details._getItemHeight" synopsis="_getItemHeight(item: Object): Void" synopsisExtended="_getItemHeight(item: Object): Void" type="Object">
                                <arguments value="item">
                                  <argument name="item" type="Object" />
                                </arguments>
                              </method>
                              <method name="_getItemWidth" url=".Anguilla.Details.js.Tridion.Controls.DrilldownListViews.Details._getItemWidth.html" visibility="prototype" rawName="Tridion.Controls.DrilldownListViews.Details.prototype._getItemWidth" fullName="Tridion.Controls.DrilldownListViews.Details._getItemWidth" staticName="Details._getItemWidth" synopsis="_getItemWidth(item: Object): Void" synopsisExtended="_getItemWidth(item: Object): Void" type="Object">
                                <arguments value="item">
                                  <argument name="item" type="Object" />
                                </arguments>
                              </method>
                              <method name="_renderSelectedContents" url=".Anguilla.Details.js.Tridion.Controls.DrilldownListViews.Details._renderSelectedContents.html" visibility="prototype" rawName="Tridion.Controls.DrilldownListViews.Details.prototype._renderSelectedContents" fullName="Tridion.Controls.DrilldownListViews.Details._renderSelectedContents" staticName="Details._renderSelectedContents" synopsis="_renderSelectedContents(selectedItems: Object): Void" synopsisExtended="_renderSelectedContents(selectedItems: Object): Void" type="Object">
                                <arguments value="selectedItems">
                                  <argument name="selectedItems" type="Object" />
                                </arguments>
                              </method>
                              <method name="_getItemFromKeyEvent" url=".Anguilla.Details.js.Tridion.Controls.DrilldownListViews.Details._getItemFromKeyEvent.html" visibility="prototype" rawName="Tridion.Controls.DrilldownListViews.Details.prototype._getItemFromKeyEvent" fullName="Tridion.Controls.DrilldownListViews.Details._getItemFromKeyEvent" staticName="Details._getItemFromKeyEvent" synopsis="_getItemFromKeyEvent(currentItem: Object, key: Object): Void" synopsisExtended="_getItemFromKeyEvent(currentItem: Object, key: Object): Void" type="Object">
                                <arguments value="currentItem, key">
                                  <argument name="currentItem" type="Object" />
                                  <argument name="key" type="Object" />
                                </arguments>
                              </method>
                              <method name="getListItemTextSelector" url=".Anguilla.Details.js.Tridion.Controls.DrilldownListViews.Details.getListItemTextSelector.html" visibility="prototype" rawName="Tridion.Controls.DrilldownListViews.Details.prototype.getListItemTextSelector" fullName="Tridion.Controls.DrilldownListViews.Details.getListItemTextSelector" staticName="Details.getListItemTextSelector" synopsis="getListItemTextSelector(): Void" synopsisExtended="getListItemTextSelector(): Void" type="Object" />
                            </methods>
                          </members>
                        </class>
                      </classes>
                    </members>
                  </property>
                </properties>
              </members>
            </property>
          </properties>
        </members>
      </property>
    </properties>
  </members>
</document>