<document name="DetailsWithNavigation.js" url="DetailsWithNavigation.js.html" visibility="default" rawName="DetailsWithNavigation.js" fullName="DetailsWithNavigation.js" staticName="Anguilla.DetailsWithNavigation.js">
  <members>
    <properties>
      <property name="Tridion" url=".Anguilla.DetailsWithNavigation.js.Tridion.html" visibility="public" rawName="Tridion" fullName="Tridion" staticName="DetailsWithNavigation.js.Tridion" synopsis="DetailsWithNavigation.js.Tridion: Object;" synopsisExtended="DetailsWithNavigation.js.Tridion: &lt;a href=&quot;&quot;&gt;Object&lt;/a&gt;;" type="Object" virtual="true">
        <members>
          <properties>
            <property name="Controls" url=".Anguilla.DetailsWithNavigation.js.Tridion.Controls.html" visibility="static" rawName="Tridion.Controls" fullName="Tridion.Controls" staticName="Tridion.Controls" synopsis="Tridion.Controls: Object;" synopsisExtended="Tridion.Controls: &lt;a href=&quot;&quot;&gt;Object&lt;/a&gt;;" type="Object" virtual="true">
              <members>
                <properties>
                  <property name="DrilldownListViews" url=".Anguilla.DetailsWithNavigation.js.Tridion.Controls.DrilldownListViews.html" visibility="static" rawName="Tridion.Controls.DrilldownListViews" fullName="Tridion.Controls.DrilldownListViews" staticName="Controls.DrilldownListViews" synopsis="Controls.DrilldownListViews: Object;" synopsisExtended="Controls.DrilldownListViews: &lt;a href=&quot;&quot;&gt;Object&lt;/a&gt;;" type="Object" virtual="true">
                    <members>
                      <classes>
                        <class name="DetailsWithNavigation" url=".Anguilla.DetailsWithNavigation.js.Tridion.Controls.DrilldownListViews.DetailsWithNavigation.html" visibility="static" rawName="Tridion.Controls.DrilldownListViews.DetailsWithNavigation" fullName="Tridion.Controls.DrilldownListViews.DetailsWithNavigation" staticName="DrilldownListViews.DetailsWithNavigation" synopsis="var x: DetailsWithNavigation = new DetailsWithNavigation(ownerList: Object);" synopsisExtended="var x: &lt;a href=&quot;.Anguilla.DetailsWithNavigation.js.Tridion.Controls.DrilldownListViews.DetailsWithNavigation.html&quot;&gt;DetailsWithNavigation&lt;/a&gt; = new DetailsWithNavigation(ownerList: Object);" type="Object">
                          <arguments value="ownerList">
                            <argument name="ownerList" type="Object" />
                          </arguments>
                          <extends />
                          <members>
                            <methods>
                              <method name="_initializeBodyEvents" url=".Anguilla.DetailsWithNavigation.js.Tridion.Controls.DrilldownListViews.DetailsWithNavigation._initializeBodyEvents.html" visibility="prototype" rawName="Tridion.Controls.DrilldownListViews.DetailsWithNavigation.prototype._initializeBodyEvents" fullName="Tridion.Controls.DrilldownListViews.DetailsWithNavigation._initializeBodyEvents" staticName="DetailsWithNavigation._initializeBodyEvents" synopsis="_initializeBodyEvents(): Void" synopsisExtended="_initializeBodyEvents(): Void" type="Object" />
                              <method name="getNavigationBoxColumnIndex" url=".Anguilla.DetailsWithNavigation.js.Tridion.Controls.DrilldownListViews.DetailsWithNavigation.getNavigationBoxColumnIndex.html" visibility="prototype" rawName="Tridion.Controls.DrilldownListViews.DetailsWithNavigation.prototype.getNavigationBoxColumnIndex" fullName="Tridion.Controls.DrilldownListViews.DetailsWithNavigation.getNavigationBoxColumnIndex" staticName="DetailsWithNavigation.getNavigationBoxColumnIndex" synopsis="getNavigationBoxColumnIndex(): Void" synopsisExtended="getNavigationBoxColumnIndex(): Void" type="Object" />
                              <method name="_onBodyClick" url=".Anguilla.DetailsWithNavigation.js.Tridion.Controls.DrilldownListViews.DetailsWithNavigation._onBodyClick.html" visibility="prototype" rawName="Tridion.Controls.DrilldownListViews.DetailsWithNavigation.prototype._onBodyClick" fullName="Tridion.Controls.DrilldownListViews.DetailsWithNavigation._onBodyClick" staticName="DetailsWithNavigation._onBodyClick" synopsis="_onBodyClick(event: Object): Void" synopsisExtended="_onBodyClick(event: Object): Void" type="Object">
                                <arguments value="event">
                                  <argument name="event" type="Object" />
                                </arguments>
                              </method>
                              <method name="_onBodyMouseDown" url=".Anguilla.DetailsWithNavigation.js.Tridion.Controls.DrilldownListViews.DetailsWithNavigation._onBodyMouseDown.html" visibility="prototype" rawName="Tridion.Controls.DrilldownListViews.DetailsWithNavigation.prototype._onBodyMouseDown" fullName="Tridion.Controls.DrilldownListViews.DetailsWithNavigation._onBodyMouseDown" staticName="DetailsWithNavigation._onBodyMouseDown" synopsis="_onBodyMouseDown(e: Object): Void" synopsisExtended="_onBodyMouseDown(e: Object): Void" type="Object">
                                <arguments value="e">
                                  <argument name="e" type="Object" />
                                </arguments>
                              </method>
                              <method name="_onBodyMouseUp" url=".Anguilla.DetailsWithNavigation.js.Tridion.Controls.DrilldownListViews.DetailsWithNavigation._onBodyMouseUp.html" visibility="prototype" rawName="Tridion.Controls.DrilldownListViews.DetailsWithNavigation.prototype._onBodyMouseUp" fullName="Tridion.Controls.DrilldownListViews.DetailsWithNavigation._onBodyMouseUp" staticName="DetailsWithNavigation._onBodyMouseUp" synopsis="_onBodyMouseUp(e: Object): Void" synopsisExtended="_onBodyMouseUp(e: Object): Void" type="Object">
                                <arguments value="e">
                                  <argument name="e" type="Object" />
                                </arguments>
                              </method>
                              <method name="_onIconMouseEvent" url=".Anguilla.DetailsWithNavigation.js.Tridion.Controls.DrilldownListViews.DetailsWithNavigation._onIconMouseEvent.html" visibility="prototype" rawName="Tridion.Controls.DrilldownListViews.DetailsWithNavigation.prototype._onIconMouseEvent" fullName="Tridion.Controls.DrilldownListViews.DetailsWithNavigation._onIconMouseEvent" staticName="DetailsWithNavigation._onIconMouseEvent" synopsis="_onIconMouseEvent(e: Object): Void" synopsisExtended="_onIconMouseEvent(e: Object): Void" type="Object">
                                <arguments value="e">
                                  <argument name="e" type="Object" />
                                </arguments>
                              </method>
                              <method name="_changeIconState" url=".Anguilla.DetailsWithNavigation.js.Tridion.Controls.DrilldownListViews.DetailsWithNavigation._changeIconState.html" visibility="prototype" rawName="Tridion.Controls.DrilldownListViews.DetailsWithNavigation.prototype._changeIconState" fullName="Tridion.Controls.DrilldownListViews.DetailsWithNavigation._changeIconState" staticName="DetailsWithNavigation._changeIconState" synopsis="_changeIconState(cell: Object, navigationState: Object): Void" synopsisExtended="_changeIconState(cell: Object, navigationState: Object): Void" type="Object">
                                <arguments value="cell, navigationState">
                                  <argument name="cell" type="Object" />
                                  <argument name="navigationState" type="Object" />
                                </arguments>
                              </method>
                              <method name="clear" url=".Anguilla.DetailsWithNavigation.js.Tridion.Controls.DrilldownListViews.DetailsWithNavigation.clear.html" visibility="prototype" rawName="Tridion.Controls.DrilldownListViews.DetailsWithNavigation.prototype.clear" fullName="Tridion.Controls.DrilldownListViews.DetailsWithNavigation.clear" staticName="DetailsWithNavigation.clear" synopsis="clear(): Void" synopsisExtended="clear(): Void" type="Object" />
                            </methods>
                            <properties>
                              <property name="IconStates" url=".Anguilla.DetailsWithNavigation.js.Tridion.Controls.DrilldownListViews.DetailsWithNavigation.IconStates.html" visibility="instance" rawName="Tridion.Controls.DrilldownListViews.DetailsWithNavigation.IconStates" fullName="Tridion.Controls.DrilldownListViews.DetailsWithNavigation.IconStates" staticName="DetailsWithNavigation.IconStates" synopsis="DetailsWithNavigation.IconStates: Object;" synopsisExtended="DetailsWithNavigation.IconStates: &lt;a href=&quot;&quot;&gt;Object&lt;/a&gt;;" type="Object">
                                <members>
                                  <properties>
                                    <property name="ACTIVE" url=".Anguilla.DetailsWithNavigation.js.Tridion.Controls.DrilldownListViews.DetailsWithNavigation.IconStates.ACTIVE.html" visibility="instance" rawName="ACTIVE" fullName="ACTIVE" staticName="IconStates.ACTIVE" synopsis="IconStates.ACTIVE: Object;" synopsisExtended="IconStates.ACTIVE: &lt;a href=&quot;&quot;&gt;Object&lt;/a&gt;;" type="Object" />
                                    <property name="HOVER" url=".Anguilla.DetailsWithNavigation.js.Tridion.Controls.DrilldownListViews.DetailsWithNavigation.IconStates.HOVER.html" visibility="instance" rawName="HOVER" fullName="HOVER" staticName="IconStates.HOVER" synopsis="IconStates.HOVER: Object;" synopsisExtended="IconStates.HOVER: &lt;a href=&quot;&quot;&gt;Object&lt;/a&gt;;" type="Object" />
                                    <property name="MOUSEDOWN" url=".Anguilla.DetailsWithNavigation.js.Tridion.Controls.DrilldownListViews.DetailsWithNavigation.IconStates.MOUSEDOWN.html" visibility="instance" rawName="MOUSEDOWN" fullName="MOUSEDOWN" staticName="IconStates.MOUSEDOWN" synopsis="IconStates.MOUSEDOWN: Object;" synopsisExtended="IconStates.MOUSEDOWN: &lt;a href=&quot;&quot;&gt;Object&lt;/a&gt;;" type="Object" />
                                  </properties>
                                </members>
                              </property>
                            </properties>
                          </members>
                        </class>
                      </classes>
                    </members>
                  </property>
                </properties>
              </members>
            </property>
          </properties>
        </members>
      </property>
    </properties>
  </members>
</document>