<document name="DirectoryServiceGroup.js" url="DirectoryServiceGroup.js.html" visibility="default" rawName="DirectoryServiceGroup.js" fullName="DirectoryServiceGroup.js" staticName="Anguilla.DirectoryServiceGroup.js">
  <members>
    <properties>
      <property name="Tridion" url=".Anguilla.DirectoryServiceGroup.js.Tridion.html" visibility="public" rawName="Tridion" fullName="Tridion" staticName="DirectoryServiceGroup.js.Tridion" synopsis="DirectoryServiceGroup.js.Tridion: Object;" synopsisExtended="DirectoryServiceGroup.js.Tridion: &lt;a href=&quot;&quot;&gt;Object&lt;/a&gt;;" type="Object" virtual="true">
        <members>
          <properties>
            <property name="Cme" url=".Anguilla.DirectoryServiceGroup.js.Tridion.Cme.html" visibility="static" rawName="Tridion.Cme" fullName="Tridion.Cme" staticName="Tridion.Cme" synopsis="Tridion.Cme: Object;" synopsisExtended="Tridion.Cme: &lt;a href=&quot;&quot;&gt;Object&lt;/a&gt;;" type="Object" virtual="true">
              <members>
                <properties>
                  <property name="Views" url=".Anguilla.DirectoryServiceGroup.js.Tridion.Cme.Views.html" visibility="static" rawName="Tridion.Cme.Views" fullName="Tridion.Cme.Views" staticName="Cme.Views" synopsis="Cme.Views: Object;" synopsisExtended="Cme.Views: &lt;a href=&quot;&quot;&gt;Object&lt;/a&gt;;" type="Object" virtual="true">
                    <members>
                      <classes>
                        <class name="DirectoryServiceGroup" url=".Anguilla.DirectoryServiceGroup.js.Tridion.Cme.Views.DirectoryServiceGroup.html" visibility="static" rawName="Tridion.Cme.Views.DirectoryServiceGroup" fullName="Tridion.Cme.Views.DirectoryServiceGroup" staticName="Views.DirectoryServiceGroup" synopsis="var x: DirectoryServiceGroup = new DirectoryServiceGroup();" synopsisExtended="var x: &lt;a href=&quot;.Anguilla.DirectoryServiceGroup.js.Tridion.Cme.Views.DirectoryServiceGroup.html&quot;&gt;DirectoryServiceGroup&lt;/a&gt; = new DirectoryServiceGroup();" type="Object">
                          <extends />
                          <documentation rawString="&#xA; * Implements Directory Service Group popup view.&#xA; * @constructor&#xA; ">
                            <summary>Implements Directory Service Group popup view.</summary>
                          </documentation>
                          <members>
                            <methods>
                              <method name="_asyncLoadDropdownHeaders" url=".Anguilla.DirectoryServiceGroup.js.Tridion.Cme.Views.DirectoryServiceGroup._asyncLoadDropdownHeaders.html" visibility="prototype" rawName="Tridion.Cme.Views.DirectoryServiceGroup.prototype._asyncLoadDropdownHeaders" fullName="Tridion.Cme.Views.DirectoryServiceGroup._asyncLoadDropdownHeaders" staticName="DirectoryServiceGroup._asyncLoadDropdownHeaders" synopsis="_asyncLoadDropdownHeaders(): Void" synopsisExtended="_asyncLoadDropdownHeaders(): Void" type="Object">
                                <documentation rawString="&#xA; * Loads dropdown definitions.&#xA; ">
                                  <summary>Loads dropdown definitions.</summary>
                                </documentation>
                                <members>
                                  <methods>
                                    <method name="headersLoaded" url=".Anguilla.DirectoryServiceGroup.js.Tridion.Cme.Views.DirectoryServiceGroup._asyncLoadDropdownHeaders.headersLoaded.html" visibility="private" rawName="headersLoaded" fullName="headersLoaded" staticName="_asyncLoadDropdownHeaders.headersLoaded" synopsis="headersLoaded(docs: Object): Void" synopsisExtended="headersLoaded(docs: Object): Void" type="Object">
                                      <arguments value="docs">
                                        <argument name="docs" type="Object" />
                                      </arguments>
                                    </method>
                                    <method name="headersLoadFailed" url=".Anguilla.DirectoryServiceGroup.js.Tridion.Cme.Views.DirectoryServiceGroup._asyncLoadDropdownHeaders.headersLoadFailed.html" visibility="private" rawName="headersLoadFailed" fullName="headersLoadFailed" staticName="_asyncLoadDropdownHeaders.headersLoadFailed" synopsis="headersLoadFailed(error: Object): Void" synopsisExtended="headersLoadFailed(error: Object): Void" type="Object">
                                      <arguments value="error">
                                        <argument name="error" type="Object" />
                                      </arguments>
                                    </method>
                                  </methods>
                                </members>
                              </method>
                              <method name="_loadDropdowns" url=".Anguilla.DirectoryServiceGroup.js.Tridion.Cme.Views.DirectoryServiceGroup._loadDropdowns.html" visibility="prototype" rawName="Tridion.Cme.Views.DirectoryServiceGroup.prototype._loadDropdowns" fullName="Tridion.Cme.Views.DirectoryServiceGroup._loadDropdowns" staticName="DirectoryServiceGroup._loadDropdowns" synopsis="_loadDropdowns(): Void" synopsisExtended="_loadDropdowns(): Void" type="Object">
                                <documentation rawString="&#xA; * Loads dropdown controls.&#xA; ">
                                  <summary>Loads dropdown controls.</summary>
                                </documentation>
                              </method>
                              <method name="initialize" url=".Anguilla.DirectoryServiceGroup.js.Tridion.Cme.Views.DirectoryServiceGroup.initialize.html" visibility="private" rawName="Tridion.Cme.Views.DirectoryServiceGroup.prototype.initialize" fullName="Tridion.Cme.Views.DirectoryServiceGroup.initialize" staticName="DirectoryServiceGroup.initialize" synopsis="initialize(): Void" synopsisExtended="initialize(): Void" type="Object">
                                <documentation rawString="&#xA; * Initializes Directory Service Group popup view.&#xA; * @private&#xA; ">
                                  <summary>Initializes Directory Service Group popup view.</summary>
                                </documentation>
                              </method>
                              <method name="_onTestButtonClicked" url=".Anguilla.DirectoryServiceGroup.js.Tridion.Cme.Views.DirectoryServiceGroup._onTestButtonClicked.html" visibility="private" rawName="Tridion.Cme.Views.DirectoryServiceGroup.prototype._onTestButtonClicked" fullName="Tridion.Cme.Views.DirectoryServiceGroup._onTestButtonClicked" staticName="DirectoryServiceGroup._onTestButtonClicked" synopsis="_onTestButtonClicked(e: DOMEvent): Void" synopsisExtended="_onTestButtonClicked(e: DOMEvent): Void" type="Object">
                                <arguments value="event">
                                  <argument name="e" type="DOMEvent" description="The DOM click event that occured." />
                                </arguments>
                                <documentation rawString="&#xA; * Handles the click event on button.&#xA; * @param {DOMEvent} e The DOM click event that occured.&#xA; * @private &#xA; ">
                                  <summary>Handles the click event on button.</summary>
                                </documentation>
                                <members>
                                  <methods>
                                    <method name="listLoaded" url=".Anguilla.DirectoryServiceGroup.js.Tridion.Cme.Views.DirectoryServiceGroup._onTestButtonClicked.listLoaded.html" visibility="private" rawName="listLoaded" fullName="listLoaded" staticName="_onTestButtonClicked.listLoaded" synopsis="listLoaded(error: Object): Void" synopsisExtended="listLoaded(error: Object): Void" type="Object">
                                      <arguments value="error">
                                        <argument name="error" type="Object" />
                                      </arguments>
                                    </method>
                                  </methods>
                                </members>
                              </method>
                              <method name="_loadEmptyTestList" url=".Anguilla.DirectoryServiceGroup.js.Tridion.Cme.Views.DirectoryServiceGroup._loadEmptyTestList.html" visibility="private" rawName="Tridion.Cme.Views.DirectoryServiceGroup.prototype._loadEmptyTestList" fullName="Tridion.Cme.Views.DirectoryServiceGroup._loadEmptyTestList" staticName="DirectoryServiceGroup._loadEmptyTestList" synopsis="_loadEmptyTestList(): Void" synopsisExtended="_loadEmptyTestList(): Void" type="Object">
                                <documentation rawString="&#xA; * Loads empty list data and renders it into the list control.&#xA; * @private  &#xA; ">
                                  <summary>Loads empty list data and renders it into the list control.</summary>
                                </documentation>
                              </method>
                              <method name="_validate" url=".Anguilla.DirectoryServiceGroup.js.Tridion.Cme.Views.DirectoryServiceGroup._validate.html" visibility="private" rawName="Tridion.Cme.Views.DirectoryServiceGroup.prototype._validate" fullName="Tridion.Cme.Views.DirectoryServiceGroup._validate" staticName="DirectoryServiceGroup._validate" synopsis="_validate(): Boolean" synopsisExtended="_validate(): Boolean" type="Object">
                                <documentation rawString="&#xA; * Validate fields data.&#xA; * @private &#xA; * @returns {Boolean} True if data is valid, otherwise false  &#xA; ">
                                  <summary>Validate fields data.</summary>
                                </documentation>
                                <returns type="Boolean" description="True if data is valid, otherwise false" />
                              </method>
                              <method name="_getGroupData" url=".Anguilla.DirectoryServiceGroup.js.Tridion.Cme.Views.DirectoryServiceGroup._getGroupData.html" visibility="private" rawName="Tridion.Cme.Views.DirectoryServiceGroup.prototype._getGroupData" fullName="Tridion.Cme.Views.DirectoryServiceGroup._getGroupData" staticName="DirectoryServiceGroup._getGroupData" synopsis="_getGroupData(): Object" synopsisExtended="_getGroupData(): Object" type="Object">
                                <documentation rawString="&#xA; * Gets the Directory Service Group value.&#xA; * @returns {Object} The Directory Service Group value object.&#xA; * @private &#xA; ">
                                  <summary>Gets the Directory Service Group value.</summary>
                                </documentation>
                                <returns type="Object" description="The Directory Service Group value object." />
                              </method>
                              <method name="_onOKButtonClicked" url=".Anguilla.DirectoryServiceGroup.js.Tridion.Cme.Views.DirectoryServiceGroup._onOKButtonClicked.html" visibility="private" rawName="Tridion.Cme.Views.DirectoryServiceGroup.prototype._onOKButtonClicked" fullName="Tridion.Cme.Views.DirectoryServiceGroup._onOKButtonClicked" staticName="DirectoryServiceGroup._onOKButtonClicked" synopsis="_onOKButtonClicked(e: DOMEvent): Void" synopsisExtended="_onOKButtonClicked(e: DOMEvent): Void" type="Object">
                                <arguments value="event">
                                  <argument name="e" type="DOMEvent" description="The DOM click event that occured." />
                                </arguments>
                                <documentation rawString="&#xA; * Handles the click event on button.&#xA; * @param {DOMEvent} e The DOM click event that occured.&#xA; * @private &#xA; ">
                                  <summary>Handles the click event on button.</summary>
                                </documentation>
                              </method>
                              <method name="_onCancelButtonClicked" url=".Anguilla.DirectoryServiceGroup.js.Tridion.Cme.Views.DirectoryServiceGroup._onCancelButtonClicked.html" visibility="private" rawName="Tridion.Cme.Views.DirectoryServiceGroup.prototype._onCancelButtonClicked" fullName="Tridion.Cme.Views.DirectoryServiceGroup._onCancelButtonClicked" staticName="DirectoryServiceGroup._onCancelButtonClicked" synopsis="_onCancelButtonClicked(e: DOMEvent): Void" synopsisExtended="_onCancelButtonClicked(e: DOMEvent): Void" type="Object">
                                <arguments value="event">
                                  <argument name="e" type="DOMEvent" description="The DOM click event that occured." />
                                </arguments>
                                <documentation rawString="&#xA; * Handles the click event on button.&#xA; * @param {DOMEvent} e The DOM click event that occured.&#xA; * @private &#xA; ">
                                  <summary>Handles the click event on button.</summary>
                                </documentation>
                              </method>
                              <method name="_onKeyUp" url=".Anguilla.DirectoryServiceGroup.js.Tridion.Cme.Views.DirectoryServiceGroup._onKeyUp.html" visibility="private" rawName="Tridion.Cme.Views.DirectoryServiceGroup.prototype._onKeyUp" fullName="Tridion.Cme.Views.DirectoryServiceGroup._onKeyUp" staticName="DirectoryServiceGroup._onKeyUp" synopsis="_onKeyUp(event: DOMEvent): Void" synopsisExtended="_onKeyUp(event: DOMEvent): Void" type="Object">
                                <arguments value="event">
                                  <argument name="event" type="DOMEvent" description="The DOM keyup event that occured." />
                                </arguments>
                                <documentation rawString="&#xA; * Reacts to the DOM keyup event.&#xA; * @param {DOMEvent} event The DOM keyup event that occured.&#xA; * @private&#xA; ">
                                  <summary>Reacts to the DOM keyup event.</summary>
                                </documentation>
                              </method>
                              <method name="_loadSearchDNDropdown" url=".Anguilla.DirectoryServiceGroup.js.Tridion.Cme.Views.DirectoryServiceGroup._loadSearchDNDropdown.html" visibility="private" rawName="Tridion.Cme.Views.DirectoryServiceGroup.prototype._loadSearchDNDropdown" fullName="Tridion.Cme.Views.DirectoryServiceGroup._loadSearchDNDropdown" staticName="DirectoryServiceGroup._loadSearchDNDropdown" synopsis="_loadSearchDNDropdown(): Void" synopsisExtended="_loadSearchDNDropdown(): Void" type="Object">
                                <documentation rawString="&#xA; * Loads Search dropdown control.&#xA; * @private &#xA; ">
                                  <summary>Loads Search dropdown control.</summary>
                                </documentation>
                                <members>
                                  <methods>
                                    <method name="dataListLoaded" url=".Anguilla.DirectoryServiceGroup.js.Tridion.Cme.Views.DirectoryServiceGroup._loadSearchDNDropdown.dataListLoaded.html" visibility="private" rawName="dataListLoaded" fullName="dataListLoaded" staticName="_loadSearchDNDropdown.dataListLoaded" synopsis="dataListLoaded(error: Object): Void" synopsisExtended="dataListLoaded(error: Object): Void" type="Object">
                                      <arguments value="error">
                                        <argument name="error" type="Object" />
                                      </arguments>
                                    </method>
                                  </methods>
                                </members>
                              </method>
                              <method name="_loadSearchTypeDropdown" url=".Anguilla.DirectoryServiceGroup.js.Tridion.Cme.Views.DirectoryServiceGroup._loadSearchTypeDropdown.html" visibility="private" rawName="Tridion.Cme.Views.DirectoryServiceGroup.prototype._loadSearchTypeDropdown" fullName="Tridion.Cme.Views.DirectoryServiceGroup._loadSearchTypeDropdown" staticName="DirectoryServiceGroup._loadSearchTypeDropdown" synopsis="_loadSearchTypeDropdown(): Void" synopsisExtended="_loadSearchTypeDropdown(): Void" type="Object">
                                <documentation rawString="&#xA; * Loads Search Type dropdown control.&#xA; * @private &#xA; ">
                                  <summary>Loads Search Type dropdown control.</summary>
                                </documentation>
                              </method>
                            </methods>
                          </members>
                        </class>
                      </classes>
                    </members>
                  </property>
                </properties>
              </members>
            </property>
          </properties>
        </members>
      </property>
    </properties>
  </members>
</document>