<document name="DisposableObject.js" url="DisposableObject.js.html" visibility="default" rawName="DisposableObject.js" fullName="DisposableObject.js" staticName="Anguilla.DisposableObject.js">
  <members>
    <properties>
      <property name="Tridion" url=".Anguilla.DisposableObject.js.Tridion.html" visibility="public" rawName="Tridion" fullName="Tridion" staticName="DisposableObject.js.Tridion" synopsis="DisposableObject.js.Tridion: Object;" synopsisExtended="DisposableObject.js.Tridion: &lt;a href=&quot;&quot;&gt;Object&lt;/a&gt;;" type="Object" virtual="true">
        <members>
          <classes>
            <class name="DisposableObject" url=".Anguilla.DisposableObject.js.Tridion.DisposableObject.html" visibility="static" rawName="Tridion.DisposableObject" fullName="Tridion.DisposableObject" staticName="Tridion.DisposableObject" synopsis="var x: DisposableObject = new DisposableObject();" synopsisExtended="var x: &lt;a href=&quot;.Anguilla.DisposableObject.js.Tridion.DisposableObject.html&quot;&gt;DisposableObject&lt;/a&gt; = new DisposableObject();" type="Object">
              <extends />
              <members>
                <methods>
                  <method name="dispose" url=".Anguilla.DisposableObject.js.Tridion.DisposableObject.dispose.html" visibility="prototype" rawName="Tridion.DisposableObject.prototype.dispose" fullName="Tridion.DisposableObject.dispose" staticName="DisposableObject.dispose" synopsis="dispose(): Void" synopsisExtended="dispose(): Void" type="Object" />
                  <method name="getDisposed" url=".Anguilla.DisposableObject.js.Tridion.DisposableObject.getDisposed.html" visibility="prototype" rawName="Tridion.DisposableObject.prototype.getDisposed" fullName="Tridion.DisposableObject.getDisposed" staticName="DisposableObject.getDisposed" synopsis="getDisposed(): Void" synopsisExtended="getDisposed(): Void" type="Object" />
                  <method name="setDisposing" url=".Anguilla.DisposableObject.js.Tridion.DisposableObject.setDisposing.html" visibility="prototype" rawName="Tridion.DisposableObject.prototype.setDisposing" fullName="Tridion.DisposableObject.setDisposing" staticName="DisposableObject.setDisposing" synopsis="setDisposing(): Void" synopsisExtended="setDisposing(): Void" type="Object" />
                  <method name="getDisposing" url=".Anguilla.DisposableObject.js.Tridion.DisposableObject.getDisposing.html" visibility="prototype" rawName="Tridion.DisposableObject.prototype.getDisposing" fullName="Tridion.DisposableObject.getDisposing" staticName="DisposableObject.getDisposing" synopsis="getDisposing(): Void" synopsisExtended="getDisposing(): Void" type="Object" />
                </methods>
              </members>
            </class>
          </classes>
        </members>
      </property>
    </properties>
  </members>
</document>