<document name="DownloadTextContainer.js" url="DownloadTextContainer.js.html" visibility="default" rawName="DownloadTextContainer.js" fullName="DownloadTextContainer.js" staticName="Anguilla.DownloadTextContainer.js">
  <members>
    <properties>
      <property name="Tridion" url=".Anguilla.DownloadTextContainer.js.Tridion.html" visibility="public" rawName="Tridion" fullName="Tridion" staticName="DownloadTextContainer.js.Tridion" synopsis="DownloadTextContainer.js.Tridion: Object;" synopsisExtended="DownloadTextContainer.js.Tridion: &lt;a href=&quot;&quot;&gt;Object&lt;/a&gt;;" type="Object" virtual="true">
        <members>
          <properties>
            <property name="Controls" url=".Anguilla.DownloadTextContainer.js.Tridion.Controls.html" visibility="static" rawName="Tridion.Controls" fullName="Tridion.Controls" staticName="Tridion.Controls" synopsis="Tridion.Controls: Object;" synopsisExtended="Tridion.Controls: &lt;a href=&quot;&quot;&gt;Object&lt;/a&gt;;" type="Object" virtual="true">
              <members>
                <classes>
                  <class name="DownloadTextContainer" url=".Anguilla.DownloadTextContainer.js.Tridion.Controls.DownloadTextContainer.html" visibility="static" rawName="Tridion.Controls.DownloadTextContainer" fullName="Tridion.Controls.DownloadTextContainer" staticName="Controls.DownloadTextContainer" synopsis="var x: DownloadTextContainer = new DownloadTextContainer(element: Object);" synopsisExtended="var x: &lt;a href=&quot;.Anguilla.DownloadTextContainer.js.Tridion.Controls.DownloadTextContainer.html&quot;&gt;DownloadTextContainer&lt;/a&gt; = new DownloadTextContainer(element: Object);" type="Object">
                    <arguments value="element">
                      <argument name="element" type="Object" />
                    </arguments>
                    <extends />
                    <documentation rawString="&#xA; * Implements a generic download text control.&#xA; * To be able to save some content as a file from the browser window&#xA; * at first it has to be uploaded on the server and then sent back to the client as a file attachment.&#xA; * @constructor&#xA; ">
                      <summary>Implements a generic download text control.</summary>
                      <description>To be able to save some content as a file from the browser window
at first it has to be uploaded on the server and then sent back to the client as a file attachment.</description>
                    </documentation>
                    <members>
                      <methods>
                        <method name="initialize" url=".Anguilla.DownloadTextContainer.js.Tridion.Controls.DownloadTextContainer.initialize.html" visibility="prototype" rawName="Tridion.Controls.DownloadTextContainer.prototype.initialize" fullName="Tridion.Controls.DownloadTextContainer.initialize" staticName="DownloadTextContainer.initialize" synopsis="initialize(): Void" synopsisExtended="initialize(): Void" type="Object" />
                        <method name="getDownloadUrl" url=".Anguilla.DownloadTextContainer.js.Tridion.Controls.DownloadTextContainer.getDownloadUrl.html" visibility="prototype" rawName="Tridion.Controls.DownloadTextContainer.prototype.getDownloadUrl" fullName="Tridion.Controls.DownloadTextContainer.getDownloadUrl" staticName="DownloadTextContainer.getDownloadUrl" synopsis="getDownloadUrl(): Void" synopsisExtended="getDownloadUrl(): Void" type="Object" />
                        <method name="setDownloadUrl" url=".Anguilla.DownloadTextContainer.js.Tridion.Controls.DownloadTextContainer.setDownloadUrl.html" visibility="prototype" rawName="Tridion.Controls.DownloadTextContainer.prototype.setDownloadUrl" fullName="Tridion.Controls.DownloadTextContainer.setDownloadUrl" staticName="DownloadTextContainer.setDownloadUrl" synopsis="setDownloadUrl(url: Object): Void" synopsisExtended="setDownloadUrl(url: Object): Void" type="Object">
                          <arguments value="url">
                            <argument name="url" type="Object" />
                          </arguments>
                        </method>
                        <method name="setDownloadData" url=".Anguilla.DownloadTextContainer.js.Tridion.Controls.DownloadTextContainer.setDownloadData.html" visibility="prototype" rawName="Tridion.Controls.DownloadTextContainer.prototype.setDownloadData" fullName="Tridion.Controls.DownloadTextContainer.setDownloadData" staticName="DownloadTextContainer.setDownloadData" synopsis="setDownloadData(data: Object): Void" synopsisExtended="setDownloadData(data: Object): Void" type="Object">
                          <arguments value="data">
                            <argument name="data" type="Object" />
                          </arguments>
                        </method>
                        <method name="enable" url=".Anguilla.DownloadTextContainer.js.Tridion.Controls.DownloadTextContainer.enable.html" visibility="prototype" rawName="Tridion.Controls.DownloadTextContainer.prototype.enable" fullName="Tridion.Controls.DownloadTextContainer.enable" staticName="DownloadTextContainer.enable" synopsis="enable(): Void" synopsisExtended="enable(): Void" type="Object" />
                        <method name="disable" url=".Anguilla.DownloadTextContainer.js.Tridion.Controls.DownloadTextContainer.disable.html" visibility="prototype" rawName="Tridion.Controls.DownloadTextContainer.prototype.disable" fullName="Tridion.Controls.DownloadTextContainer.disable" staticName="DownloadTextContainer.disable" synopsis="disable(): Void" synopsisExtended="disable(): Void" type="Object" />
                        <method name="download" url=".Anguilla.DownloadTextContainer.js.Tridion.Controls.DownloadTextContainer.download.html" visibility="prototype" rawName="Tridion.Controls.DownloadTextContainer.prototype.download" fullName="Tridion.Controls.DownloadTextContainer.download" staticName="DownloadTextContainer.download" synopsis="download(): Void" synopsisExtended="download(): Void" type="Object" />
                        <method name="_onUploadControlEvent" url=".Anguilla.DownloadTextContainer.js.Tridion.Controls.DownloadTextContainer._onUploadControlEvent.html" visibility="prototype" rawName="Tridion.Controls.DownloadTextContainer.prototype._onUploadControlEvent" fullName="Tridion.Controls.DownloadTextContainer._onUploadControlEvent" staticName="DownloadTextContainer._onUploadControlEvent" synopsis="_onUploadControlEvent(event: Object): Void" synopsisExtended="_onUploadControlEvent(event: Object): Void" type="Object">
                          <arguments value="event">
                            <argument name="event" type="Object" />
                          </arguments>
                        </method>
                      </methods>
                    </members>
                  </class>
                </classes>
              </members>
            </property>
          </properties>
        </members>
      </property>
    </properties>
  </members>
</document>