<document name="DrilldownListDefinition.js" url="DrilldownListDefinition.js.html" visibility="default" rawName="DrilldownListDefinition.js" fullName="DrilldownListDefinition.js" staticName="Anguilla.DrilldownListDefinition.js">
  <members>
    <properties>
      <property name="Tridion" url=".Anguilla.DrilldownListDefinition.js.Tridion.html" visibility="public" rawName="Tridion" fullName="Tridion" staticName="DrilldownListDefinition.js.Tridion" synopsis="DrilldownListDefinition.js.Tridion: Object;" synopsisExtended="DrilldownListDefinition.js.Tridion: &lt;a href=&quot;&quot;&gt;Object&lt;/a&gt;;" type="Object" virtual="true">
        <members>
          <properties>
            <property name="Controls" url=".Anguilla.DrilldownListDefinition.js.Tridion.Controls.html" visibility="static" rawName="Tridion.Controls" fullName="Tridion.Controls" staticName="Tridion.Controls" synopsis="Tridion.Controls: Object;" synopsisExtended="Tridion.Controls: &lt;a href=&quot;&quot;&gt;Object&lt;/a&gt;;" type="Object" virtual="true">
              <members>
                <classes>
                  <class name="DrilldownListDefinition" url=".Anguilla.DrilldownListDefinition.js.Tridion.Controls.DrilldownListDefinition.html" visibility="static" rawName="Tridion.Controls.DrilldownListDefinition" fullName="Tridion.Controls.DrilldownListDefinition" staticName="Controls.DrilldownListDefinition" synopsis="var x: DrilldownListDefinition = new DrilldownListDefinition(definitionDoc: Object);" synopsisExtended="var x: &lt;a href=&quot;.Anguilla.DrilldownListDefinition.js.Tridion.Controls.DrilldownListDefinition.html&quot;&gt;DrilldownListDefinition&lt;/a&gt; = new DrilldownListDefinition(definitionDoc: Object);" type="Object">
                    <arguments value="definitionDoc">
                      <argument name="definitionDoc" type="Object" />
                    </arguments>
                    <extends />
                    <members>
                      <methods>
                        <method name="setDefinitionDoc" url=".Anguilla.DrilldownListDefinition.js.Tridion.Controls.DrilldownListDefinition.setDefinitionDoc.html" visibility="prototype" rawName="Tridion.Controls.DrilldownListDefinition.prototype.setDefinitionDoc" fullName="Tridion.Controls.DrilldownListDefinition.setDefinitionDoc" staticName="DrilldownListDefinition.setDefinitionDoc" synopsis="setDefinitionDoc(doc: Object): Void" synopsisExtended="setDefinitionDoc(doc: Object): Void" type="Object">
                          <arguments value="doc">
                            <argument name="doc" type="Object" />
                          </arguments>
                        </method>
                      </methods>
                    </members>
                  </class>
                </classes>
              </members>
            </property>
          </properties>
        </members>
      </property>
    </properties>
  </members>
</document>