<document name="Dropdown.js" url="Dropdown.js.html" visibility="default" rawName="Dropdown.js" fullName="Dropdown.js" staticName="Anguilla.Dropdown.js">
  <members>
    <properties>
      <property name="Tridion" url=".Anguilla.Dropdown.js.Tridion.html" visibility="public" rawName="Tridion" fullName="Tridion" staticName="Dropdown.js.Tridion" synopsis="Dropdown.js.Tridion: Object;" synopsisExtended="Dropdown.js.Tridion: &lt;a href=&quot;&quot;&gt;Object&lt;/a&gt;;" type="Object" virtual="true">
        <members>
          <properties>
            <property name="Controls" url=".Anguilla.Dropdown.js.Tridion.Controls.html" visibility="static" rawName="Tridion.Controls" fullName="Tridion.Controls" staticName="Tridion.Controls" synopsis="Tridion.Controls: Object;" synopsisExtended="Tridion.Controls: &lt;a href=&quot;&quot;&gt;Object&lt;/a&gt;;" type="Object" virtual="true">
              <members>
                <classes>
                  <class name="Dropdown" url=".Anguilla.Dropdown.js.Tridion.Controls.Dropdown.html" visibility="static" rawName="Tridion.Controls.Dropdown" fullName="Tridion.Controls.Dropdown" staticName="Controls.Dropdown" synopsis="var x: Dropdown = new Dropdown(element: HTMLElement);" synopsisExtended="var x: &lt;a href=&quot;.Anguilla.Dropdown.js.Tridion.Controls.Dropdown.html&quot;&gt;Dropdown&lt;/a&gt; = new Dropdown(element: HTMLElement);" type="Object">
                    <arguments value="element, settings">
                      <argument name="element" type="HTMLElement" description="The html element that houses the dropdown list." />
                    </arguments>
                    <extends />
                    <documentation rawString="&#xA; * Implements the dropdown list control.&#xA; * @constructor&#xA; * @event open Fires when the list is opened&#xA; * @event close Fires when the list is closed&#xA; * @event change Fires when the currently selected item is changed&#xA; * @event loaded Fires when the list data is fully loaded&#xA; * @param {HTMLElement} element The html element that houses the dropdown list.&#xA; ">
                      <summary>Implements the dropdown list control.</summary>
                    </documentation>
                    <members>
                      <methods>
                        <method name="initialize" url=".Anguilla.Dropdown.js.Tridion.Controls.Dropdown.initialize.html" visibility="prototype" rawName="Tridion.Controls.Dropdown.prototype.initialize" fullName="Tridion.Controls.Dropdown.initialize" staticName="Dropdown.initialize" synopsis="initialize(): Void" synopsisExtended="initialize(): Void" type="Object" />
                        <method name="load" url=".Anguilla.Dropdown.js.Tridion.Controls.Dropdown.load.html" visibility="prototype" rawName="Tridion.Controls.Dropdown.prototype.load" fullName="Tridion.Controls.Dropdown.load" staticName="Dropdown.load" synopsis="load(bodyPath: Object, headPath: Object): Void" synopsisExtended="load(bodyPath: Object, headPath: Object): Void" type="Object">
                          <arguments value="bodyPath, headPath">
                            <argument name="bodyPath" type="Object" />
                            <argument name="headPath" type="Object" />
                          </arguments>
                          <members>
                            <methods>
                              <method name="Dropdown$load$documentsLoaded" url=".Anguilla.Dropdown.js.Tridion.Controls.Dropdown.load.Dropdown$load$documentsLoaded.html" visibility="private" rawName="Dropdown$load$documentsLoaded" fullName="Dropdown$load$documentsLoaded" staticName="load.Dropdown$load$documentsLoaded" synopsis="Dropdown$load$documentsLoaded(documents: Object): Void" synopsisExtended="Dropdown$load$documentsLoaded(documents: Object): Void" type="Object">
                                <arguments value="documents">
                                  <argument name="documents" type="Object" />
                                </arguments>
                              </method>
                              <method name="Dropdown$load$documentsFailed" url=".Anguilla.Dropdown.js.Tridion.Controls.Dropdown.load.Dropdown$load$documentsFailed.html" visibility="private" rawName="Dropdown$load$documentsFailed" fullName="Dropdown$load$documentsFailed" staticName="load.Dropdown$load$documentsFailed" synopsis="Dropdown$load$documentsFailed(error: Object): Void" synopsisExtended="Dropdown$load$documentsFailed(error: Object): Void" type="Object">
                                <arguments value="error">
                                  <argument name="error" type="Object" />
                                </arguments>
                              </method>
                            </methods>
                          </members>
                        </method>
                        <method name="loadFragment" url=".Anguilla.Dropdown.js.Tridion.Controls.Dropdown.loadFragment.html" visibility="prototype" rawName="Tridion.Controls.Dropdown.prototype.loadFragment" fullName="Tridion.Controls.Dropdown.loadFragment" staticName="Dropdown.loadFragment" synopsis="loadFragment(xmlFragment: Object): Void" synopsisExtended="loadFragment(xmlFragment: Object): Void" type="Object">
                          <arguments value="xmlFragment">
                            <argument name="xmlFragment" type="Object" />
                          </arguments>
                        </method>
                        <method name="draw" url=".Anguilla.Dropdown.js.Tridion.Controls.Dropdown.draw.html" visibility="prototype" rawName="Tridion.Controls.Dropdown.prototype.draw" fullName="Tridion.Controls.Dropdown.draw" staticName="Dropdown.draw" synopsis="draw(bodyXml: Object, headXml: Object): Void" synopsisExtended="draw(bodyXml: Object, headXml: Object): Void" type="Object">
                          <arguments value="bodyXml, headXml">
                            <argument name="bodyXml" type="Object" />
                            <argument name="headXml" type="Object" />
                          </arguments>
                        </method>
                        <method name="unload" url=".Anguilla.Dropdown.js.Tridion.Controls.Dropdown.unload.html" visibility="prototype" rawName="Tridion.Controls.Dropdown.prototype.unload" fullName="Tridion.Controls.Dropdown.unload" staticName="Dropdown.unload" synopsis="unload(preserveSelection: Object): Void" synopsisExtended="unload(preserveSelection: Object): Void" type="Object">
                          <arguments value="preserveSelection">
                            <argument name="preserveSelection" type="Object" />
                          </arguments>
                          <documentation rawString="&#xA;* Unloads the dropdown list&#xA;">
                            <summary>Unloads the dropdown list</summary>
                          </documentation>
                        </method>
                        <method name="isLoaded" url=".Anguilla.Dropdown.js.Tridion.Controls.Dropdown.isLoaded.html" visibility="prototype" rawName="Tridion.Controls.Dropdown.prototype.isLoaded" fullName="Tridion.Controls.Dropdown.isLoaded" staticName="Dropdown.isLoaded" synopsis="isLoaded(): Boolean" synopsisExtended="isLoaded(): Boolean" type="Object">
                          <documentation rawString="&#xA;* Indicates whether data has been loaded into the dropdown list&#xA;* @return {Boolean} True if data has been loaded into the list, otherwise, false&#xA;">
                            <summary>Indicates whether data has been loaded into the dropdown list</summary>
                          </documentation>
                          <returns type="Boolean" description="True if data has been loaded into the list, otherwise, false" />
                        </method>
                        <method name="isLoading" url=".Anguilla.Dropdown.js.Tridion.Controls.Dropdown.isLoading.html" visibility="prototype" rawName="Tridion.Controls.Dropdown.prototype.isLoading" fullName="Tridion.Controls.Dropdown.isLoading" staticName="Dropdown.isLoading" synopsis="isLoading(): Boolean" synopsisExtended="isLoading(): Boolean" type="Object">
                          <documentation rawString="&#xA;* Indicates whether the list is currently waiting for the underlying data to load&#xA;* @return {Boolean} True if the list is currently waiting for the underlying data to load.&#xA;">
                            <summary>Indicates whether the list is currently waiting for the underlying data to load</summary>
                          </documentation>
                          <returns type="Boolean" description="True if the list is currently waiting for the underlying data to load." />
                        </method>
                        <method name="reset" url=".Anguilla.Dropdown.js.Tridion.Controls.Dropdown.reset.html" visibility="prototype" rawName="Tridion.Controls.Dropdown.prototype.reset" fullName="Tridion.Controls.Dropdown.reset" staticName="Dropdown.reset" synopsis="reset(preserveSelection: Object): Void" synopsisExtended="reset(preserveSelection: Object): Void" type="Object">
                          <arguments value="preserveSelection">
                            <argument name="preserveSelection" type="Object" />
                          </arguments>
                          <documentation rawString="&#xA;* Clears the current selection (if any)&#xA;">
                            <summary>Clears the current selection (if any)</summary>
                          </documentation>
                        </method>
                        <method name="getTitle" url=".Anguilla.Dropdown.js.Tridion.Controls.Dropdown.getTitle.html" visibility="prototype" rawName="Tridion.Controls.Dropdown.prototype.getTitle" fullName="Tridion.Controls.Dropdown.getTitle" staticName="Dropdown.getTitle" synopsis="getTitle(): String" synopsisExtended="getTitle(): String" type="Object">
                          <documentation rawString="&#xA;* Returns the title text of the currently selected value&#xA;* @return {String} The title of the selected item or null if no item is selected&#xA;">
                            <summary>Returns the title text of the currently selected value</summary>
                          </documentation>
                          <returns type="String" description="The title of the selected item or null if no item is selected" />
                        </method>
                        <method name="getValue" url=".Anguilla.Dropdown.js.Tridion.Controls.Dropdown.getValue.html" visibility="prototype" rawName="Tridion.Controls.Dropdown.prototype.getValue" fullName="Tridion.Controls.Dropdown.getValue" staticName="Dropdown.getValue" synopsis="getValue(): String" synopsisExtended="getValue(): String" type="Object">
                          <documentation rawString="&#xA;* Returns the currently selected value&#xA;* @return {String} The ID of the selected item or null if no item is selected&#xA;">
                            <summary>Returns the currently selected value</summary>
                          </documentation>
                          <returns type="String" description="The ID of the selected item or null if no item is selected" />
                        </method>
                        <method name="setValue" url=".Anguilla.Dropdown.js.Tridion.Controls.Dropdown.setValue.html" visibility="prototype" rawName="Tridion.Controls.Dropdown.prototype.setValue" fullName="Tridion.Controls.Dropdown.setValue" staticName="Dropdown.setValue" synopsis="setValue(value: Object, text: Object, icon: Object): Void" synopsisExtended="setValue(value: Object, text: Object, icon: Object): Void" type="Object">
                          <arguments value="value, text, icon">
                            <argument name="value" type="Object" />
                            <argument name="text" type="Object" />
                            <argument name="icon" type="Object" />
                          </arguments>
                        </method>
                        <method name="getOptionValue" url=".Anguilla.Dropdown.js.Tridion.Controls.Dropdown.getOptionValue.html" visibility="prototype" rawName="Tridion.Controls.Dropdown.prototype.getOptionValue" fullName="Tridion.Controls.Dropdown.getOptionValue" staticName="Dropdown.getOptionValue" synopsis="getOptionValue(index: Object): Void" synopsisExtended="getOptionValue(index: Object): Void" type="Object">
                          <arguments value="index">
                            <argument name="index" type="Object" />
                          </arguments>
                        </method>
                        <method name="deleteItem" url=".Anguilla.Dropdown.js.Tridion.Controls.Dropdown.deleteItem.html" visibility="prototype" rawName="Tridion.Controls.Dropdown.prototype.deleteItem" fullName="Tridion.Controls.Dropdown.deleteItem" staticName="Dropdown.deleteItem" synopsis="deleteItem(itemID: String): Void" synopsisExtended="deleteItem(itemID: String): Void" type="Object">
                          <arguments value="itemID">
                            <argument name="itemID" type="String" description="The iD of the item to delete" />
                          </arguments>
                          <documentation rawString="&#xA;* Deletes the specified item from the dropdown list. If the item is selected, the selection is cleared&#xA;* @param {String} itemID The iD of the item to delete&#xA;">
                            <summary>Deletes the specified item from the dropdown list. If the item is selected, the selection is cleared</summary>
                          </documentation>
                        </method>
                        <method name="insertItem" url=".Anguilla.Dropdown.js.Tridion.Controls.Dropdown.insertItem.html" visibility="prototype" rawName="Tridion.Controls.Dropdown.prototype.insertItem" fullName="Tridion.Controls.Dropdown.insertItem" staticName="Dropdown.insertItem" synopsis="insertItem(itemData: Object, beforeID: String): Void" synopsisExtended="insertItem(itemData: Object, beforeID: String): Void" type="Object">
                          <arguments value="itemData, beforeID, selectItem">
                            <argument name="itemData" type="Object" description="An object detailing the item to be added" />
                            <argument name="beforeID" type="String" description="The id of the item before which the new item should be inserted. Optional." />
                          </arguments>
                          <documentation rawString="&#xA;* Appends a new item to the dropdown, optionally inserting it before the specified existing item.&#xA;* @param {Object} itemData An object detailing the item to be added&#xA;* @param {String} beforeID The id of the item before which the new item should be inserted. Optional.&#xA;">
                            <summary>Appends a new item to the dropdown, optionally inserting it before the specified existing item.</summary>
                          </documentation>
                        </method>
                        <method name="enable" url=".Anguilla.Dropdown.js.Tridion.Controls.Dropdown.enable.html" visibility="prototype" rawName="Tridion.Controls.Dropdown.prototype.enable" fullName="Tridion.Controls.Dropdown.enable" staticName="Dropdown.enable" synopsis="enable(): Void" synopsisExtended="enable(): Void" type="Object">
                          <documentation rawString="&#xA;* Enables this instance.&#xA;">
                            <summary>Enables this instance.</summary>
                          </documentation>
                        </method>
                        <method name="disable" url=".Anguilla.Dropdown.js.Tridion.Controls.Dropdown.disable.html" visibility="prototype" rawName="Tridion.Controls.Dropdown.prototype.disable" fullName="Tridion.Controls.Dropdown.disable" staticName="Dropdown.disable" synopsis="disable(): Void" synopsisExtended="disable(): Void" type="Object">
                          <documentation rawString="&#xA;* Disables this instance.&#xA;">
                            <summary>Disables this instance.</summary>
                          </documentation>
                        </method>
                        <method name="setLoading" url=".Anguilla.Dropdown.js.Tridion.Controls.Dropdown.setLoading.html" visibility="prototype" rawName="Tridion.Controls.Dropdown.prototype.setLoading" fullName="Tridion.Controls.Dropdown.setLoading" staticName="Dropdown.setLoading" synopsis="setLoading(value: Object): Void" synopsisExtended="setLoading(value: Object): Void" type="Object">
                          <arguments value="value">
                            <argument name="value" type="Object" />
                          </arguments>
                        </method>
                        <method name="getContent" url=".Anguilla.Dropdown.js.Tridion.Controls.Dropdown.getContent.html" visibility="prototype" rawName="Tridion.Controls.Dropdown.prototype.getContent" fullName="Tridion.Controls.Dropdown.getContent" staticName="Dropdown.getContent" synopsis="getContent(): Void" synopsisExtended="getContent(): Void" type="Object" />
                        <method name="setNullText" url=".Anguilla.Dropdown.js.Tridion.Controls.Dropdown.setNullText.html" visibility="prototype" rawName="Tridion.Controls.Dropdown.prototype.setNullText" fullName="Tridion.Controls.Dropdown.setNullText" staticName="Dropdown.setNullText" synopsis="setNullText(value: Object): Void" synopsisExtended="setNullText(value: Object): Void" type="Object">
                          <arguments value="value">
                            <argument name="value" type="Object" />
                          </arguments>
                        </method>
                        <method name="close" url=".Anguilla.Dropdown.js.Tridion.Controls.Dropdown.close.html" visibility="prototype" rawName="Tridion.Controls.Dropdown.prototype.close" fullName="Tridion.Controls.Dropdown.close" staticName="Dropdown.close" synopsis="close(): Void" synopsisExtended="close(): Void" type="Object" />
                        <method name="isExpanded" url=".Anguilla.Dropdown.js.Tridion.Controls.Dropdown.isExpanded.html" visibility="prototype" rawName="Tridion.Controls.Dropdown.prototype.isExpanded" fullName="Tridion.Controls.Dropdown.isExpanded" staticName="Dropdown.isExpanded" synopsis="isExpanded(): Void" synopsisExtended="isExpanded(): Void" type="Object" />
                        <method name="loadContent" url=".Anguilla.Dropdown.js.Tridion.Controls.Dropdown.loadContent.html" visibility="prototype" rawName="Tridion.Controls.Dropdown.prototype.loadContent" fullName="Tridion.Controls.Dropdown.loadContent" staticName="Dropdown.loadContent" synopsis="loadContent(): Void" synopsisExtended="loadContent(): Void" type="Object" />
                        <method name="getListDefinition" url=".Anguilla.Dropdown.js.Tridion.Controls.Dropdown.getListDefinition.html" visibility="prototype" rawName="Tridion.Controls.Dropdown.prototype.getListDefinition" fullName="Tridion.Controls.Dropdown.getListDefinition" staticName="Dropdown.getListDefinition" synopsis="getListDefinition(): Void" synopsisExtended="getListDefinition(): Void" type="Object" />
                        <method name="setContent" url=".Anguilla.Dropdown.js.Tridion.Controls.Dropdown.setContent.html" visibility="prototype" rawName="Tridion.Controls.Dropdown.prototype.setContent" fullName="Tridion.Controls.Dropdown.setContent" staticName="Dropdown.setContent" synopsis="setContent(bodyXml: Object, headXml: Object): Void" synopsisExtended="setContent(bodyXml: Object, headXml: Object): Void" type="Object">
                          <arguments value="bodyXml, headXml">
                            <argument name="bodyXml" type="Object" />
                            <argument name="headXml" type="Object" />
                          </arguments>
                        </method>
                        <method name="_isBound" url=".Anguilla.Dropdown.js.Tridion.Controls.Dropdown._isBound.html" visibility="prototype" rawName="Tridion.Controls.Dropdown.prototype._isBound" fullName="Tridion.Controls.Dropdown._isBound" staticName="Dropdown._isBound" synopsis="_isBound(): Void" synopsisExtended="_isBound(): Void" type="Object" />
                        <method name="_isDrawn" url=".Anguilla.Dropdown.js.Tridion.Controls.Dropdown._isDrawn.html" visibility="prototype" rawName="Tridion.Controls.Dropdown.prototype._isDrawn" fullName="Tridion.Controls.Dropdown._isDrawn" staticName="Dropdown._isDrawn" synopsis="_isDrawn(): Void" synopsisExtended="_isDrawn(): Void" type="Object" />
                        <method name="_getBodyXml" url=".Anguilla.Dropdown.js.Tridion.Controls.Dropdown._getBodyXml.html" visibility="prototype" rawName="Tridion.Controls.Dropdown.prototype._getBodyXml" fullName="Tridion.Controls.Dropdown._getBodyXml" staticName="Dropdown._getBodyXml" synopsis="_getBodyXml(): Void" synopsisExtended="_getBodyXml(): Void" type="Object" />
                        <method name="_getHeadXml" url=".Anguilla.Dropdown.js.Tridion.Controls.Dropdown._getHeadXml.html" visibility="prototype" rawName="Tridion.Controls.Dropdown.prototype._getHeadXml" fullName="Tridion.Controls.Dropdown._getHeadXml" staticName="Dropdown._getHeadXml" synopsis="_getHeadXml(): Void" synopsisExtended="_getHeadXml(): Void" type="Object" />
                        <method name="_draw" url=".Anguilla.Dropdown.js.Tridion.Controls.Dropdown._draw.html" visibility="prototype" rawName="Tridion.Controls.Dropdown.prototype._draw" fullName="Tridion.Controls.Dropdown._draw" staticName="Dropdown._draw" synopsis="_draw(): Void" synopsisExtended="_draw(): Void" type="Object" />
                        <method name="_onListDrawn" url=".Anguilla.Dropdown.js.Tridion.Controls.Dropdown._onListDrawn.html" visibility="prototype" rawName="Tridion.Controls.Dropdown.prototype._onListDrawn" fullName="Tridion.Controls.Dropdown._onListDrawn" staticName="Dropdown._onListDrawn" synopsis="_onListDrawn(e: Object): Void" synopsisExtended="_onListDrawn(e: Object): Void" type="Object">
                          <arguments value="e">
                            <argument name="e" type="Object" />
                          </arguments>
                        </method>
                        <method name="_bind" url=".Anguilla.Dropdown.js.Tridion.Controls.Dropdown._bind.html" visibility="prototype" rawName="Tridion.Controls.Dropdown.prototype._bind" fullName="Tridion.Controls.Dropdown._bind" staticName="Dropdown._bind" synopsis="_bind(): Void" synopsisExtended="_bind(): Void" type="Object" />
                        <method name="_unbind" url=".Anguilla.Dropdown.js.Tridion.Controls.Dropdown._unbind.html" visibility="prototype" rawName="Tridion.Controls.Dropdown.prototype._unbind" fullName="Tridion.Controls.Dropdown._unbind" staticName="Dropdown._unbind" synopsis="_unbind(): Void" synopsisExtended="_unbind(): Void" type="Object" />
                        <method name="_toggle" url=".Anguilla.Dropdown.js.Tridion.Controls.Dropdown._toggle.html" visibility="prototype" rawName="Tridion.Controls.Dropdown.prototype._toggle" fullName="Tridion.Controls.Dropdown._toggle" staticName="Dropdown._toggle" synopsis="_toggle(): Void" synopsisExtended="_toggle(): Void" type="Object" />
                        <method name="_open" url=".Anguilla.Dropdown.js.Tridion.Controls.Dropdown._open.html" visibility="prototype" rawName="Tridion.Controls.Dropdown.prototype._open" fullName="Tridion.Controls.Dropdown._open" staticName="Dropdown._open" synopsis="_open(): Void" synopsisExtended="_open(): Void" type="Object" />
                        <method name="_onContentLoaded" url=".Anguilla.Dropdown.js.Tridion.Controls.Dropdown._onContentLoaded.html" visibility="prototype" rawName="Tridion.Controls.Dropdown.prototype._onContentLoaded" fullName="Tridion.Controls.Dropdown._onContentLoaded" staticName="Dropdown._onContentLoaded" synopsis="_onContentLoaded(e: Object): Void" synopsisExtended="_onContentLoaded(e: Object): Void" type="Object">
                          <arguments value="e">
                            <argument name="e" type="Object" />
                          </arguments>
                        </method>
                        <method name="_select" url=".Anguilla.Dropdown.js.Tridion.Controls.Dropdown._select.html" visibility="prototype" rawName="Tridion.Controls.Dropdown.prototype._select" fullName="Tridion.Controls.Dropdown._select" staticName="Dropdown._select" synopsis="_select(): Void" synopsisExtended="_select(): Void" type="Object" />
                        <method name="_close" url=".Anguilla.Dropdown.js.Tridion.Controls.Dropdown._close.html" visibility="prototype" rawName="Tridion.Controls.Dropdown.prototype._close" fullName="Tridion.Controls.Dropdown._close" staticName="Dropdown._close" synopsis="_close(): Void" synopsisExtended="_close(): Void" type="Object" />
                        <method name="_updateDimensions" url=".Anguilla.Dropdown.js.Tridion.Controls.Dropdown._updateDimensions.html" visibility="prototype" rawName="Tridion.Controls.Dropdown.prototype._updateDimensions" fullName="Tridion.Controls.Dropdown._updateDimensions" staticName="Dropdown._updateDimensions" synopsis="_updateDimensions(): Void" synopsisExtended="_updateDimensions(): Void" type="Object" />
                        <method name="_onListSelect" url=".Anguilla.Dropdown.js.Tridion.Controls.Dropdown._onListSelect.html" visibility="prototype" rawName="Tridion.Controls.Dropdown.prototype._onListSelect" fullName="Tridion.Controls.Dropdown._onListSelect" staticName="Dropdown._onListSelect" synopsis="_onListSelect(): Void" synopsisExtended="_onListSelect(): Void" type="Object" />
                        <method name="_onListEscape" url=".Anguilla.Dropdown.js.Tridion.Controls.Dropdown._onListEscape.html" visibility="prototype" rawName="Tridion.Controls.Dropdown.prototype._onListEscape" fullName="Tridion.Controls.Dropdown._onListEscape" staticName="Dropdown._onListEscape" synopsis="_onListEscape(): Void" synopsisExtended="_onListEscape(): Void" type="Object" />
                        <method name="_onListClick" url=".Anguilla.Dropdown.js.Tridion.Controls.Dropdown._onListClick.html" visibility="prototype" rawName="Tridion.Controls.Dropdown.prototype._onListClick" fullName="Tridion.Controls.Dropdown._onListClick" staticName="Dropdown._onListClick" synopsis="_onListClick(): Void" synopsisExtended="_onListClick(): Void" type="Object" />
                        <method name="_onTextBlur" url=".Anguilla.Dropdown.js.Tridion.Controls.Dropdown._onTextBlur.html" visibility="prototype" rawName="Tridion.Controls.Dropdown.prototype._onTextBlur" fullName="Tridion.Controls.Dropdown._onTextBlur" staticName="Dropdown._onTextBlur" synopsis="_onTextBlur(e: Object): Void" synopsisExtended="_onTextBlur(e: Object): Void" type="Object">
                          <arguments value="e">
                            <argument name="e" type="Object" />
                          </arguments>
                        </method>
                        <method name="_closeList" url=".Anguilla.Dropdown.js.Tridion.Controls.Dropdown._closeList.html" visibility="prototype" rawName="Tridion.Controls.Dropdown.prototype._closeList" fullName="Tridion.Controls.Dropdown._closeList" staticName="Dropdown._closeList" synopsis="_closeList(): Void" synopsisExtended="_closeList(): Void" type="Object" />
                        <method name="_onTextFocus" url=".Anguilla.Dropdown.js.Tridion.Controls.Dropdown._onTextFocus.html" visibility="prototype" rawName="Tridion.Controls.Dropdown.prototype._onTextFocus" fullName="Tridion.Controls.Dropdown._onTextFocus" staticName="Dropdown._onTextFocus" synopsis="_onTextFocus(e: Object): Void" synopsisExtended="_onTextFocus(e: Object): Void" type="Object">
                          <arguments value="e">
                            <argument name="e" type="Object" />
                          </arguments>
                        </method>
                        <method name="_onElementKeyDown" url=".Anguilla.Dropdown.js.Tridion.Controls.Dropdown._onElementKeyDown.html" visibility="prototype" rawName="Tridion.Controls.Dropdown.prototype._onElementKeyDown" fullName="Tridion.Controls.Dropdown._onElementKeyDown" staticName="Dropdown._onElementKeyDown" synopsis="_onElementKeyDown(e: Object): Void" synopsisExtended="_onElementKeyDown(e: Object): Void" type="Object">
                          <arguments value="e">
                            <argument name="e" type="Object" />
                          </arguments>
                        </method>
                        <method name="_handleKeyDown" url=".Anguilla.Dropdown.js.Tridion.Controls.Dropdown._handleKeyDown.html" visibility="prototype" rawName="Tridion.Controls.Dropdown.prototype._handleKeyDown" fullName="Tridion.Controls.Dropdown._handleKeyDown" staticName="Dropdown._handleKeyDown" synopsis="_handleKeyDown(e: Object, isDoOpenOnAlt: Object): Void" synopsisExtended="_handleKeyDown(e: Object, isDoOpenOnAlt: Object): Void" type="Object">
                          <arguments value="e, isDoOpenOnAlt">
                            <argument name="e" type="Object" />
                            <argument name="isDoOpenOnAlt" type="Object" />
                          </arguments>
                          <members>
                            <methods>
                              <method name="Dropdown$_handleKeyDown$onDraw" url=".Anguilla.Dropdown.js.Tridion.Controls.Dropdown._handleKeyDown.Dropdown$_handleKeyDown$onDraw.html" visibility="private" rawName="Dropdown$_handleKeyDown$onDraw" fullName="Dropdown$_handleKeyDown$onDraw" staticName="_handleKeyDown.Dropdown$_handleKeyDown$onDraw" synopsis="Dropdown$_handleKeyDown$onDraw(): Void" synopsisExtended="Dropdown$_handleKeyDown$onDraw(): Void" type="Object" />
                              <method name="Dropdown$_handleKeyDown$onContentLoaded" url=".Anguilla.Dropdown.js.Tridion.Controls.Dropdown._handleKeyDown.Dropdown$_handleKeyDown$onContentLoaded.html" visibility="private" rawName="Dropdown$_handleKeyDown$onContentLoaded" fullName="Dropdown$_handleKeyDown$onContentLoaded" staticName="_handleKeyDown.Dropdown$_handleKeyDown$onContentLoaded" synopsis="Dropdown$_handleKeyDown$onContentLoaded(): Void" synopsisExtended="Dropdown$_handleKeyDown$onContentLoaded(): Void" type="Object" />
                            </methods>
                          </members>
                        </method>
                        <method name="_onArrowMouseDown" url=".Anguilla.Dropdown.js.Tridion.Controls.Dropdown._onArrowMouseDown.html" visibility="prototype" rawName="Tridion.Controls.Dropdown.prototype._onArrowMouseDown" fullName="Tridion.Controls.Dropdown._onArrowMouseDown" staticName="Dropdown._onArrowMouseDown" synopsis="_onArrowMouseDown(e: Object): Void" synopsisExtended="_onArrowMouseDown(e: Object): Void" type="Object">
                          <arguments value="e">
                            <argument name="e" type="Object" />
                          </arguments>
                        </method>
                        <method name="_onArrowMouseUp" url=".Anguilla.Dropdown.js.Tridion.Controls.Dropdown._onArrowMouseUp.html" visibility="prototype" rawName="Tridion.Controls.Dropdown.prototype._onArrowMouseUp" fullName="Tridion.Controls.Dropdown._onArrowMouseUp" staticName="Dropdown._onArrowMouseUp" synopsis="_onArrowMouseUp(e: Object): Void" synopsisExtended="_onArrowMouseUp(e: Object): Void" type="Object">
                          <arguments value="e">
                            <argument name="e" type="Object" />
                          </arguments>
                        </method>
                        <method name="_onTextMouseDown" url=".Anguilla.Dropdown.js.Tridion.Controls.Dropdown._onTextMouseDown.html" visibility="prototype" rawName="Tridion.Controls.Dropdown.prototype._onTextMouseDown" fullName="Tridion.Controls.Dropdown._onTextMouseDown" staticName="Dropdown._onTextMouseDown" synopsis="_onTextMouseDown(e: Object): Void" synopsisExtended="_onTextMouseDown(e: Object): Void" type="Object">
                          <arguments value="e">
                            <argument name="e" type="Object" />
                          </arguments>
                        </method>
                        <method name="_onTextMouseUp" url=".Anguilla.Dropdown.js.Tridion.Controls.Dropdown._onTextMouseUp.html" visibility="prototype" rawName="Tridion.Controls.Dropdown.prototype._onTextMouseUp" fullName="Tridion.Controls.Dropdown._onTextMouseUp" staticName="Dropdown._onTextMouseUp" synopsis="_onTextMouseUp(e: Object): Void" synopsisExtended="_onTextMouseUp(e: Object): Void" type="Object">
                          <arguments value="e">
                            <argument name="e" type="Object" />
                          </arguments>
                        </method>
                        <method name="disposeInterface" url=".Anguilla.Dropdown.js.Tridion.Controls.Dropdown.disposeInterface.html" visibility="prototype" rawName="Tridion.Controls.Dropdown.prototype.disposeInterface" fullName="Tridion.Controls.Dropdown.disposeInterface" staticName="Dropdown.disposeInterface" synopsis="disposeInterface(): Void" synopsisExtended="disposeInterface(): Void" type="Object" />
                        <method name="setup" url=".Anguilla.Dropdown.js.Tridion.Controls.Dropdown.setup.html" visibility="static" rawName="Tridion.Controls.Dropdown.setup" fullName="Tridion.Controls.Dropdown.setup" staticName="Dropdown.setup" synopsis="setup(oninitialize: Function): Void" synopsisExtended="setup(oninitialize: Function): Void" type="Object">
                          <arguments value="oninitialize">
                            <argument name="oninitialize" type="Function" description="The callback function to call when the files have been loaded." />
                          </arguments>
                          <documentation rawString="&#xA; * Loads the default dropdown definition.&#xA; * @param {Function} oninitialize The callback function to call when the files have been loaded.&#xA; ">
                            <summary>Loads the default dropdown definition.</summary>
                          </documentation>
                          <members>
                            <methods>
                              <method name="Dropdown$setup$filesLoaded" url=".Anguilla.Dropdown.js.Tridion.Controls.Dropdown.setup.Dropdown$setup$filesLoaded.html" visibility="private" rawName="Dropdown$setup$filesLoaded" fullName="Dropdown$setup$filesLoaded" staticName="setup.Dropdown$setup$filesLoaded" synopsis="Dropdown$setup$filesLoaded(xmlDocument: Object): Void" synopsisExtended="Dropdown$setup$filesLoaded(xmlDocument: Object): Void" type="Object">
                                <arguments value="xmlDocument">
                                  <argument name="xmlDocument" type="Object" />
                                </arguments>
                              </method>
                            </methods>
                          </members>
                        </method>
                        <method name="_initializePanel" url=".Anguilla.Dropdown.js.Tridion.Controls.Dropdown._initializePanel.html" visibility="static" rawName="Tridion.Controls.Dropdown._initializePanel" fullName="Tridion.Controls.Dropdown._initializePanel" staticName="Dropdown._initializePanel" synopsis="_initializePanel(): Void" synopsisExtended="_initializePanel(): Void" type="Object" />
                        <method name="_getPanel" url=".Anguilla.Dropdown.js.Tridion.Controls.Dropdown._getPanel.html" visibility="static" rawName="Tridion.Controls.Dropdown._getPanel" fullName="Tridion.Controls.Dropdown._getPanel" staticName="Dropdown._getPanel" synopsis="_getPanel(): Void" synopsisExtended="_getPanel(): Void" type="Object" />
                        <method name="_getList" url=".Anguilla.Dropdown.js.Tridion.Controls.Dropdown._getList.html" visibility="static" rawName="Tridion.Controls.Dropdown._getList" fullName="Tridion.Controls.Dropdown._getList" staticName="Dropdown._getList" synopsis="_getList(): Void" synopsisExtended="_getList(): Void" type="Object" />
                        <method name="_onWindowUnload" url=".Anguilla.Dropdown.js.Tridion.Controls.Dropdown._onWindowUnload.html" visibility="static" rawName="Tridion.Controls.Dropdown._onWindowUnload" fullName="Tridion.Controls.Dropdown._onWindowUnload" staticName="Dropdown._onWindowUnload" synopsis="_onWindowUnload(): Void" synopsisExtended="_onWindowUnload(): Void" type="Object" />
                      </methods>
                      <properties>
                        <property name="settings" url=".Anguilla.Dropdown.js.Tridion.Controls.Dropdown.settings.html" visibility="instance" rawName="this.settings" fullName="this.settings" staticName="Dropdown.settings" synopsis="Dropdown.settings: Object;" synopsisExtended="Dropdown.settings: &lt;a href=&quot;&quot;&gt;Object&lt;/a&gt;;" type="Object" />
                      </properties>
                      <events>
                        <event name="open" url=".Anguilla.Dropdown.js.Tridion.Controls.Dropdown.open.html" visibility="prototype" rawName="open" fullName="open" staticName="Dropdown.open" type="Object">
                          <documentation rawString="">
                            <summary>Fires when the list is opened</summary>
                          </documentation>
                        </event>
                        <event name="close" url=".Anguilla.Dropdown.js.Tridion.Controls.Dropdown.close.html" visibility="prototype" rawName="close" fullName="close" staticName="Dropdown.close" type="Object">
                          <documentation rawString="">
                            <summary>Fires when the list is closed</summary>
                          </documentation>
                        </event>
                        <event name="change" url=".Anguilla.Dropdown.js.Tridion.Controls.Dropdown.change.html" visibility="prototype" rawName="change" fullName="change" staticName="Dropdown.change" type="Object">
                          <documentation rawString="">
                            <summary>Fires when the currently selected item is changed</summary>
                          </documentation>
                        </event>
                        <event name="loaded" url=".Anguilla.Dropdown.js.Tridion.Controls.Dropdown.loaded.html" visibility="prototype" rawName="loaded" fullName="loaded" staticName="Dropdown.loaded" type="Object">
                          <documentation rawString="">
                            <summary>Fires when the list data is fully loaded</summary>
                          </documentation>
                        </event>
                      </events>
                    </members>
                  </class>
                </classes>
              </members>
            </property>
          </properties>
        </members>
      </property>
    </properties>
  </members>
</document>