<document name="DynamicVersionInfo.js" url="DynamicVersionInfo.js.html" visibility="default" rawName="DynamicVersionInfo.js" fullName="DynamicVersionInfo.js" staticName="Anguilla.DynamicVersionInfo.js">
  <members>
    <properties>
      <property name="Tridion" url=".Anguilla.DynamicVersionInfo.js.Tridion.html" visibility="public" rawName="Tridion" fullName="Tridion" staticName="DynamicVersionInfo.js.Tridion" synopsis="DynamicVersionInfo.js.Tridion: Object;" synopsisExtended="DynamicVersionInfo.js.Tridion: &lt;a href=&quot;&quot;&gt;Object&lt;/a&gt;;" type="Object" virtual="true">
        <members>
          <properties>
            <property name="ContentManager" url=".Anguilla.DynamicVersionInfo.js.Tridion.ContentManager.html" visibility="static" rawName="Tridion.ContentManager" fullName="Tridion.ContentManager" staticName="Tridion.ContentManager" synopsis="Tridion.ContentManager: Object;" synopsisExtended="Tridion.ContentManager: &lt;a href=&quot;&quot;&gt;Object&lt;/a&gt;;" type="Object" virtual="true">
              <members>
                <classes>
                  <class name="DynamicVersionInfo" url=".Anguilla.DynamicVersionInfo.js.Tridion.ContentManager.DynamicVersionInfo.html" visibility="static" rawName="Tridion.ContentManager.DynamicVersionInfo" fullName="Tridion.ContentManager.DynamicVersionInfo" staticName="ContentManager.DynamicVersionInfo" synopsis="var x: DynamicVersionInfo = new DynamicVersionInfo(id: String, revision: Number, revisorId: String, revisorTitle: String, lastModifiedDate: Date);" synopsisExtended="var x: &lt;a href=&quot;.Anguilla.DynamicVersionInfo.js.Tridion.ContentManager.DynamicVersionInfo.html&quot;&gt;DynamicVersionInfo&lt;/a&gt; = new DynamicVersionInfo(id: String, revision: Number, revisorId: String, revisorTitle: String, lastModifiedDate: Date);" type="Object">
                    <arguments value="id, revision, revisorId, revisorTitle, lastModifiedDate">
                      <argument name="id" type="String" description="The ID of the item this information is about." />
                      <argument name="revision" type="Number" description="The number of revisions created in the dynamic version (i.e. the number of times the item has been saved, since the last time it was checked in)." />
                      <argument name="revisorId" type="String" description="The ID of the user who last updated the dynamic version." />
                      <argument name="revisorTitle" type="String" description="The name of the user who last updated the dynamic version." />
                      <argument name="lastModifiedDate" type="Date" description="The last time the dynamic version was updated." />
                    </arguments>
                    <extends />
                    <documentation rawString="&#xA; * Provides information about the dynamic (currently checked out) version of an item.&#xA; * This is useful when an item has been reserved for workflow (it can only be checked in by workflow)&#xA; * and the current user has not yet taken ownership of the changes (done by checking out the item).&#xA; * @constructor&#xA; * @param {String} id The ID of the item this information is about.&#xA; * @param {Number} revision The number of revisions created in the dynamic version (i.e. the number of times the item has been saved, since the last time it was checked in).&#xA; * @param {String} revisorId The ID of the user who last updated the dynamic version.&#xA; * @param {String} revisorTitle The name of the user who last updated the dynamic version.&#xA; * @param {Date} lastModifiedDate The last time the dynamic version was updated.&#xA; ">
                      <summary>Provides information about the dynamic (currently checked out) version of an item.</summary>
                      <description>This is useful when an item has been reserved for workflow (it can only be checked in by workflow)
and the current user has not yet taken ownership of the changes (done by checking out the item).</description>
                    </documentation>
                    <members>
                      <properties>
                        <property name="ID" url=".Anguilla.DynamicVersionInfo.js.Tridion.ContentManager.DynamicVersionInfo.ID.html" visibility="instance" rawName="this.ID" fullName="this.ID" staticName="DynamicVersionInfo.ID" synopsis="DynamicVersionInfo.ID: String;" synopsisExtended="DynamicVersionInfo.ID: &lt;a href=&quot;&quot;&gt;String&lt;/a&gt;;" type="String">
                          <documentation rawString="&#xA;	 * The ID of the item this information is about.&#xA;	 * @type {String}&#xA;	 ">
                            <summary>The ID of the item this information is about.</summary>
                          </documentation>
                        </property>
                        <property name="LastModifiedDate" url=".Anguilla.DynamicVersionInfo.js.Tridion.ContentManager.DynamicVersionInfo.LastModifiedDate.html" visibility="instance" rawName="this.LastModifiedDate" fullName="this.LastModifiedDate" staticName="DynamicVersionInfo.LastModifiedDate" synopsis="DynamicVersionInfo.LastModifiedDate: Date;" synopsisExtended="DynamicVersionInfo.LastModifiedDate: &lt;a href=&quot;&quot;&gt;Date&lt;/a&gt;;" type="Date">
                          <documentation rawString="&#xA;	 * The last time the dynamic version was updated.&#xA;	 * @type {Date}&#xA;	 ">
                            <summary>The last time the dynamic version was updated.</summary>
                          </documentation>
                        </property>
                        <property name="Revision" url=".Anguilla.DynamicVersionInfo.js.Tridion.ContentManager.DynamicVersionInfo.Revision.html" visibility="instance" rawName="this.Revision" fullName="this.Revision" staticName="DynamicVersionInfo.Revision" synopsis="DynamicVersionInfo.Revision: Number;" synopsisExtended="DynamicVersionInfo.Revision: &lt;a href=&quot;&quot;&gt;Number&lt;/a&gt;;" type="Number">
                          <documentation rawString="&#xA;	 * The number of revisions created in the dynamic version (i.e. the number of times the item has been saved, since the last time it was checked in).&#xA;	 * @type {Number}&#xA;	 ">
                            <summary>The number of revisions created in the dynamic version (i.e. the number of times the item has been saved, since the last time it was checked in).</summary>
                          </documentation>
                        </property>
                        <property name="RevisorId" url=".Anguilla.DynamicVersionInfo.js.Tridion.ContentManager.DynamicVersionInfo.RevisorId.html" visibility="instance" rawName="this.RevisorId" fullName="this.RevisorId" staticName="DynamicVersionInfo.RevisorId" synopsis="DynamicVersionInfo.RevisorId: String;" synopsisExtended="DynamicVersionInfo.RevisorId: &lt;a href=&quot;&quot;&gt;String&lt;/a&gt;;" type="String">
                          <documentation rawString="&#xA;	 * The ID of the user who last updated the dynamic version.&#xA;	 * @type {String}&#xA;	 ">
                            <summary>The ID of the user who last updated the dynamic version.</summary>
                          </documentation>
                        </property>
                        <property name="RevisorTitle" url=".Anguilla.DynamicVersionInfo.js.Tridion.ContentManager.DynamicVersionInfo.RevisorTitle.html" visibility="instance" rawName="this.RevisorTitle" fullName="this.RevisorTitle" staticName="DynamicVersionInfo.RevisorTitle" synopsis="DynamicVersionInfo.RevisorTitle: String;" synopsisExtended="DynamicVersionInfo.RevisorTitle: &lt;a href=&quot;&quot;&gt;String&lt;/a&gt;;" type="String">
                          <documentation rawString="&#xA;	 * The name of the user who last updated the dynamic version.&#xA;	 * @type {String}&#xA;	 ">
                            <summary>The name of the user who last updated the dynamic version.</summary>
                          </documentation>
                        </property>
                      </properties>
                    </members>
                  </class>
                </classes>
              </members>
            </property>
          </properties>
        </members>
      </property>
    </properties>
  </members>
</document>