<document name="DynamicTemplate.js" url="DynamicTemplate.js.html" visibility="default" rawName="DynamicTemplate.js" fullName="DynamicTemplate.js" staticName="Anguilla.DynamicTemplate.js">
  <members>
    <properties>
      <property name="Tridion" url=".Anguilla.DynamicTemplate.js.Tridion.html" visibility="public" rawName="Tridion" fullName="Tridion" staticName="DynamicTemplate.js.Tridion" synopsis="DynamicTemplate.js.Tridion: Object;" synopsisExtended="DynamicTemplate.js.Tridion: &lt;a href=&quot;&quot;&gt;Object&lt;/a&gt;;" type="Object" virtual="true">
        <members>
          <properties>
            <property name="Cme" url=".Anguilla.DynamicTemplate.js.Tridion.Cme.html" visibility="static" rawName="Tridion.Cme" fullName="Tridion.Cme" staticName="Tridion.Cme" synopsis="Tridion.Cme: Object;" synopsisExtended="Tridion.Cme: &lt;a href=&quot;&quot;&gt;Object&lt;/a&gt;;" type="Object" virtual="true">
              <members>
                <classes>
                  <class name="DynamicTemplateTab" url=".Anguilla.DynamicTemplate.js.Tridion.Cme.DynamicTemplateTab.html" visibility="static" rawName="Tridion.Cme.DynamicTemplateTab" fullName="Tridion.Cme.DynamicTemplateTab" staticName="Cme.DynamicTemplateTab" synopsis="var x: DynamicTemplateTab = new DynamicTemplateTab(element: HTMLElement);" synopsisExtended="var x: &lt;a href=&quot;.Anguilla.DynamicTemplate.js.Tridion.Cme.DynamicTemplateTab.html&quot;&gt;DynamicTemplateTab&lt;/a&gt; = new DynamicTemplateTab(element: HTMLElement);" type="Object">
                    <arguments value="element">
                      <argument name="element" type="HTMLElement" description="The html element that represents this control." />
                    </arguments>
                    <extends />
                    <documentation rawString="&#xA; * Implements Dynamic Template tab view.&#xA; * @param {HTMLElement} element The html element that represents this control.   &#xA; * @constructor&#xA; ">
                      <summary>Implements Dynamic Template tab view.</summary>
                    </documentation>
                    <members>
                      <methods>
                        <method name="getItem" url=".Anguilla.DynamicTemplate.js.Tridion.Cme.DynamicTemplateTab.getItem.html" visibility="prototype" rawName="Tridion.Cme.DynamicTemplateTab.prototype.getItem" fullName="Tridion.Cme.DynamicTemplateTab.getItem" staticName="DynamicTemplateTab.getItem" synopsis="getItem(): Object" synopsisExtended="getItem(): Object" type="Object">
                          <documentation rawString="&#xA; * Gets TCM Item object.&#xA; * @returns {Object} TCM Item object.&#xA; ">
                            <summary>Gets TCM Item object.</summary>
                          </documentation>
                          <returns type="Object" description="TCM Item object." />
                        </method>
                        <method name="select" url=".Anguilla.DynamicTemplate.js.Tridion.Cme.DynamicTemplateTab.select.html" visibility="prototype" rawName="Tridion.Cme.DynamicTemplateTab.prototype.select" fullName="Tridion.Cme.DynamicTemplateTab.select" staticName="DynamicTemplateTab.select" synopsis="select(): Void" synopsisExtended="select(): Void" type="Object">
                          <documentation rawString="&#xA; * Selects current tab.&#xA; ">
                            <summary>Selects current tab.</summary>
                          </documentation>
                        </method>
                        <method name="getEditorControl" url=".Anguilla.DynamicTemplate.js.Tridion.Cme.DynamicTemplateTab.getEditorControl.html" visibility="prototype" rawName="Tridion.Cme.DynamicTemplateTab.prototype.getEditorControl" fullName="Tridion.Cme.DynamicTemplateTab.getEditorControl" staticName="DynamicTemplateTab.getEditorControl" synopsis="getEditorControl(): Tridion.Controls.SourceEditor" synopsisExtended="getEditorControl(): Tridion.Controls.SourceEditor" type="Object">
                          <documentation rawString="&#xA; * Gets source editor control.&#xA; * @returns {Tridion.Controls.SourceEditor} Source editor control.&#xA; ">
                            <summary>Gets source editor control.</summary>
                          </documentation>
                          <returns type="Tridion.Controls.SourceEditor" description="Source editor control." />
                        </method>
                        <method name="disposeInterface" url=".Anguilla.DynamicTemplate.js.Tridion.Cme.DynamicTemplateTab.disposeInterface.html" visibility="prototype" rawName="Tridion.Cme.DynamicTemplateTab.prototype.disposeInterface" fullName="Tridion.Cme.DynamicTemplateTab.disposeInterface" staticName="DynamicTemplateTab.disposeInterface" synopsis="disposeInterface(): Void" synopsisExtended="disposeInterface(): Void" type="Object">
                          <documentation rawString="&#xA; * Clean up.&#xA; ">
                            <summary>Clean up.</summary>
                          </documentation>
                        </method>
                        <method name="setShown" url=".Anguilla.DynamicTemplate.js.Tridion.Cme.DynamicTemplateTab.setShown.html" visibility="prototype" rawName="Tridion.Cme.DynamicTemplateTab.prototype.setShown" fullName="Tridion.Cme.DynamicTemplateTab.setShown" staticName="DynamicTemplateTab.setShown" synopsis="setShown(show: Boolean): Void" synopsisExtended="setShown(show: Boolean): Void" type="Object">
                          <arguments value="show">
                            <argument name="show" type="Boolean" description="True to set the control shown, otherwise false" />
                          </arguments>
                          <documentation rawString="&#xA; * Shows current tab.&#xA; * @param {Boolean} show True to set the control shown, otherwise false&#xA; ">
                            <summary>Shows current tab.</summary>
                          </documentation>
                        </method>
                        <method name="show" url=".Anguilla.DynamicTemplate.js.Tridion.Cme.DynamicTemplateTab.show.html" visibility="prototype" rawName="Tridion.Cme.DynamicTemplateTab.prototype.show" fullName="Tridion.Cme.DynamicTemplateTab.show" staticName="DynamicTemplateTab.show" synopsis="show(): Void" synopsisExtended="show(): Void" type="Object">
                          <documentation rawString="&#xA; * Implements shows functionality for current tab.&#xA; ">
                            <summary>Implements shows functionality for current tab.</summary>
                          </documentation>
                        </method>
                        <method name="hide" url=".Anguilla.DynamicTemplate.js.Tridion.Cme.DynamicTemplateTab.hide.html" visibility="prototype" rawName="Tridion.Cme.DynamicTemplateTab.prototype.hide" fullName="Tridion.Cme.DynamicTemplateTab.hide" staticName="DynamicTemplateTab.hide" synopsis="hide(): Void" synopsisExtended="hide(): Void" type="Object">
                          <documentation rawString="&#xA; * Implements hide functionality for current tab.&#xA; ">
                            <summary>Implements hide functionality for current tab.</summary>
                          </documentation>
                        </method>
                        <method name="_onItemLoading" url=".Anguilla.DynamicTemplate.js.Tridion.Cme.DynamicTemplateTab._onItemLoading.html" visibility="prototype" rawName="Tridion.Cme.DynamicTemplateTab.prototype._onItemLoading" fullName="Tridion.Cme.DynamicTemplateTab._onItemLoading" staticName="DynamicTemplateTab._onItemLoading" synopsis="_onItemLoading(): Void" synopsisExtended="_onItemLoading(): Void" type="Object">
                          <documentation rawString="&#xA; * Handles the Item loading event on the &lt;c&gt;Tridion.ContentManager.Item&lt;/c&gt; Item.&#xA; ">
                            <summary>Handles the Item loading event on the &lt;c&gt;Tridion.ContentManager.Item&lt;/c&gt; Item.</summary>
                          </documentation>
                        </method>
                        <method name="_onEditorChanged" url=".Anguilla.DynamicTemplate.js.Tridion.Cme.DynamicTemplateTab._onEditorChanged.html" visibility="prototype" rawName="Tridion.Cme.DynamicTemplateTab.prototype._onEditorChanged" fullName="Tridion.Cme.DynamicTemplateTab._onEditorChanged" staticName="DynamicTemplateTab._onEditorChanged" synopsis="_onEditorChanged(The: event.): Void" synopsisExtended="_onEditorChanged(The: event.): Void" type="Object">
                          <arguments value="event">
                            <argument name="The" type="event." description="event is the event fired from the source editor." />
                          </arguments>
                          <documentation rawString="&#xA; * Handles the change events from source editor.&#xA; * @param {Tridion.Core.Event} event. The event is the event fired from the source editor.&#xA; ">
                            <summary>Handles the change events from source editor.</summary>
                          </documentation>
                        </method>
                        <method name="_onItemChanged" url=".Anguilla.DynamicTemplate.js.Tridion.Cme.DynamicTemplateTab._onItemChanged.html" visibility="prototype" rawName="Tridion.Cme.DynamicTemplateTab.prototype._onItemChanged" fullName="Tridion.Cme.DynamicTemplateTab._onItemChanged" staticName="DynamicTemplateTab._onItemChanged" synopsis="_onItemChanged(The: event.): Void" synopsisExtended="_onItemChanged(The: event.): Void" type="Object">
                          <arguments value="event">
                            <argument name="The" type="event." description="event fired from the Item." />
                          </arguments>
                          <documentation rawString="&#xA; * Handles the change event in Item.&#xA; * @param {Tridion.Core.Event} event. The event fired from the Item.&#xA; ">
                            <summary>Handles the change event in Item.</summary>
                          </documentation>
                        </method>
                        <method name="initialize" url=".Anguilla.DynamicTemplate.js.Tridion.Cme.DynamicTemplateTab.initialize.html" visibility="private" rawName="Tridion.Cme.DynamicTemplateTab.prototype.initialize" fullName="Tridion.Cme.DynamicTemplateTab.initialize" staticName="DynamicTemplateTab.initialize" synopsis="initialize(): Void" synopsisExtended="initialize(): Void" type="Object">
                          <documentation rawString="&#xA; * Initializes Dynamic Template tab view.&#xA; * @private&#xA; ">
                            <summary>Initializes Dynamic Template tab view.</summary>
                          </documentation>
                        </method>
                        <method name="_updateView" url=".Anguilla.DynamicTemplate.js.Tridion.Cme.DynamicTemplateTab._updateView.html" visibility="private" rawName="Tridion.Cme.DynamicTemplateTab.prototype._updateView" fullName="Tridion.Cme.DynamicTemplateTab._updateView" staticName="DynamicTemplateTab._updateView" synopsis="_updateView(): Void" synopsisExtended="_updateView(): Void" type="Object">
                          <documentation rawString="&#xA; * Updating view representation.&#xA; * @private&#xA; ">
                            <summary>Updating view representation.</summary>
                          </documentation>
                        </method>
                        <method name="_setContent" url=".Anguilla.DynamicTemplate.js.Tridion.Cme.DynamicTemplateTab._setContent.html" visibility="private" rawName="Tridion.Cme.DynamicTemplateTab.prototype._setContent" fullName="Tridion.Cme.DynamicTemplateTab._setContent" staticName="DynamicTemplateTab._setContent" synopsis="_setContent(): Void" synopsisExtended="_setContent(): Void" type="Object">
                          <documentation rawString="&#xA; * Sets source editor content.&#xA; * @private&#xA; ">
                            <summary>Sets source editor content.</summary>
                          </documentation>
                        </method>
                        <method name="_onItemCollectData" url=".Anguilla.DynamicTemplate.js.Tridion.Cme.DynamicTemplateTab._onItemCollectData.html" visibility="private" rawName="Tridion.Cme.DynamicTemplateTab.prototype._onItemCollectData" fullName="Tridion.Cme.DynamicTemplateTab._onItemCollectData" staticName="DynamicTemplateTab._onItemCollectData" synopsis="_onItemCollectData(): Void" synopsisExtended="_onItemCollectData(): Void" type="Object">
                          <documentation rawString="&#xA; * Handles the collect data event in Item.&#xA; * @private&#xA; ">
                            <summary>Handles the collect data event in Item.</summary>
                          </documentation>
                        </method>
                        <method name="_onItemValidate" url=".Anguilla.DynamicTemplate.js.Tridion.Cme.DynamicTemplateTab._onItemValidate.html" visibility="private" rawName="Tridion.Cme.DynamicTemplateTab.prototype._onItemValidate" fullName="Tridion.Cme.DynamicTemplateTab._onItemValidate" staticName="DynamicTemplateTab._onItemValidate" synopsis="_onItemValidate(): Bollean" synopsisExtended="_onItemValidate(): Bollean" type="Object">
                          <documentation rawString="&#xA; * Handles the validate event in Item.&#xA; * @returns {Bollean} True if item is Valid.&#xA; * @private&#xA; ">
                            <summary>Handles the validate event in Item.</summary>
                          </documentation>
                          <returns type="Bollean" description="True if item is Valid." />
                        </method>
                      </methods>
                    </members>
                  </class>
                </classes>
              </members>
            </property>
          </properties>
        </members>
      </property>
    </properties>
  </members>
</document>