<document name="EmbeddedSchemaField.js" url="EmbeddedSchemaField.js.html" visibility="default" rawName="EmbeddedSchemaField.js" fullName="EmbeddedSchemaField.js" staticName="Anguilla.EmbeddedSchemaField.js">
  <members>
    <properties>
      <property name="Tridion" url=".Anguilla.EmbeddedSchemaField.js.Tridion.html" visibility="public" rawName="Tridion" fullName="Tridion" staticName="EmbeddedSchemaField.js.Tridion" synopsis="EmbeddedSchemaField.js.Tridion: Object;" synopsisExtended="EmbeddedSchemaField.js.Tridion: &lt;a href=&quot;&quot;&gt;Object&lt;/a&gt;;" type="Object" virtual="true">
        <members>
          <properties>
            <property name="Controls" url=".Anguilla.EmbeddedSchemaField.js.Tridion.Controls.html" visibility="static" rawName="Tridion.Controls" fullName="Tridion.Controls" staticName="Tridion.Controls" synopsis="Tridion.Controls: Object;" synopsisExtended="Tridion.Controls: &lt;a href=&quot;&quot;&gt;Object&lt;/a&gt;;" type="Object" virtual="true">
              <members>
                <properties>
                  <property name="FieldDesigner" url=".Anguilla.EmbeddedSchemaField.js.Tridion.Controls.FieldDesigner.html" visibility="static" rawName="Tridion.Controls.FieldDesigner" fullName="Tridion.Controls.FieldDesigner" staticName="Controls.FieldDesigner" synopsis="Controls.FieldDesigner: Object;" synopsisExtended="Controls.FieldDesigner: &lt;a href=&quot;&quot;&gt;Object&lt;/a&gt;;" type="Object" virtual="true">
                    <members>
                      <classes>
                        <class name="EmbeddedSchemaField" url=".Anguilla.EmbeddedSchemaField.js.Tridion.Controls.FieldDesigner.EmbeddedSchemaField.html" visibility="static" rawName="Tridion.Controls.FieldDesigner.EmbeddedSchemaField" fullName="Tridion.Controls.FieldDesigner.EmbeddedSchemaField" staticName="FieldDesigner.EmbeddedSchemaField" synopsis="var x: EmbeddedSchemaField = new EmbeddedSchemaField(element: Object);" synopsisExtended="var x: &lt;a href=&quot;.Anguilla.EmbeddedSchemaField.js.Tridion.Controls.FieldDesigner.EmbeddedSchemaField.html&quot;&gt;EmbeddedSchemaField&lt;/a&gt; = new EmbeddedSchemaField(element: Object);" type="Object">
                          <arguments value="element">
                            <argument name="element" type="Object" />
                          </arguments>
                          <extends />
                          <documentation rawString="&#xA; * Implements the EmbeddedSchema Field for FieldDesigner control&#xA; * @constructor&#xA; ">
                            <summary>Implements the EmbeddedSchema Field for FieldDesigner control</summary>
                          </documentation>
                          <members>
                            <methods>
                              <method name="onRefresh" url=".Anguilla.EmbeddedSchemaField.js.Tridion.Controls.FieldDesigner.EmbeddedSchemaField.onRefresh.html" visibility="prototype" rawName="Tridion.Controls.FieldDesigner.EmbeddedSchemaField.prototype.onRefresh" fullName="Tridion.Controls.FieldDesigner.EmbeddedSchemaField.onRefresh" staticName="EmbeddedSchemaField.onRefresh" synopsis="onRefresh(The: e.): Void" synopsisExtended="onRefresh(The: e.): Void" type="Object">
                                <arguments value="e">
                                  <argument name="The" type="e." description="event is fired from the &lt;c&gt;Tridion.DisplayController&lt;/c&gt;." />
                                </arguments>
                                <documentation rawString="&#xA; * Reacts on Display Refresh event.&#xA; * @param {Tridion.Core.Event} e. The event is fired from the &lt;c&gt;Tridion.DisplayController&lt;/c&gt;.&#xA; ">
                                  <summary>Reacts on Display Refresh event.</summary>
                                </documentation>
                              </method>
                              <method name="_populateListSchemas" url=".Anguilla.EmbeddedSchemaField.js.Tridion.Controls.FieldDesigner.EmbeddedSchemaField._populateListSchemas.html" visibility="prototype" rawName="Tridion.Controls.FieldDesigner.EmbeddedSchemaField.prototype._populateListSchemas" fullName="Tridion.Controls.FieldDesigner.EmbeddedSchemaField._populateListSchemas" staticName="EmbeddedSchemaField._populateListSchemas" synopsis="_populateListSchemas(): Void" synopsisExtended="_populateListSchemas(): Void" type="Object">
                                <documentation rawString="&#xA; * Populates the list schemas dropdown.&#xA; ">
                                  <summary>Populates the list schemas dropdown.</summary>
                                </documentation>
                              </method>
                              <method name="setDisabled" url=".Anguilla.EmbeddedSchemaField.js.Tridion.Controls.FieldDesigner.EmbeddedSchemaField.setDisabled.html" visibility="prototype" rawName="Tridion.Controls.FieldDesigner.EmbeddedSchemaField.prototype.setDisabled" fullName="Tridion.Controls.FieldDesigner.EmbeddedSchemaField.setDisabled" staticName="EmbeddedSchemaField.setDisabled" synopsis="setDisabled(isReadOnly: Boolean): Void" synopsisExtended="setDisabled(isReadOnly: Boolean): Void" type="Object">
                                <arguments value="isReadOnly">
                                  <argument name="isReadOnly" type="Boolean" description="True to set the control to readonly, otherwise false" />
                                </arguments>
                                <documentation rawString="&#xA; * Sets the value of the readOnly property and updates the state of the browse and open buttons accordingly&#xA; * @param {Boolean} isReadOnly True to set the control to readonly, otherwise false&#xA; ">
                                  <summary>Sets the value of the readOnly property and updates the state of the browse and open buttons accordingly</summary>
                                </documentation>
                              </method>
                              <method name="_displayRelatedFields" url=".Anguilla.EmbeddedSchemaField.js.Tridion.Controls.FieldDesigner.EmbeddedSchemaField._displayRelatedFields.html" visibility="prototype" rawName="Tridion.Controls.FieldDesigner.EmbeddedSchemaField.prototype._displayRelatedFields" fullName="Tridion.Controls.FieldDesigner.EmbeddedSchemaField._displayRelatedFields" staticName="EmbeddedSchemaField._displayRelatedFields" synopsis="_displayRelatedFields(isDisplayed: Boolean): Void" synopsisExtended="_displayRelatedFields(isDisplayed: Boolean): Void" type="Object">
                                <arguments value="isDisplayed">
                                  <argument name="isDisplayed" type="Boolean" description="true to display the fields, otherwise false" />
                                </arguments>
                                <documentation rawString="&#xA; * Display field related fields&#xA; * @param {Boolean} isDisplayed true to display the fields, otherwise false&#xA; ">
                                  <summary>Display field related fields</summary>
                                </documentation>
                              </method>
                              <method name="getFieldXml" url=".Anguilla.EmbeddedSchemaField.js.Tridion.Controls.FieldDesigner.EmbeddedSchemaField.getFieldXml.html" visibility="prototype" rawName="Tridion.Controls.FieldDesigner.EmbeddedSchemaField.prototype.getFieldXml" fullName="Tridion.Controls.FieldDesigner.EmbeddedSchemaField.getFieldXml" staticName="EmbeddedSchemaField.getFieldXml" synopsis="getFieldXml(): XMLDocument" synopsisExtended="getFieldXml(): XMLDocument" type="Object">
                                <documentation rawString="&#xA; * Gets field Xml.&#xA; * @returns {XMLDocument} The XML representation of fields.&#xA; ">
                                  <summary>Gets field Xml.</summary>
                                </documentation>
                                <returns type="XMLDocument" description="The XML representation of fields." />
                              </method>
                              <method name="setFieldXml" url=".Anguilla.EmbeddedSchemaField.js.Tridion.Controls.FieldDesigner.EmbeddedSchemaField.setFieldXml.html" visibility="prototype" rawName="Tridion.Controls.FieldDesigner.EmbeddedSchemaField.prototype.setFieldXml" fullName="Tridion.Controls.FieldDesigner.EmbeddedSchemaField.setFieldXml" staticName="EmbeddedSchemaField.setFieldXml" synopsis="setFieldXml(fieldXml: XMLElement): Void" synopsisExtended="setFieldXml(fieldXml: XMLElement): Void" type="Object">
                                <arguments value="fieldXml">
                                  <argument name="fieldXml" type="XMLElement" description="The XML representation of fields." />
                                </arguments>
                                <documentation rawString="&#xA; * Sets field Xml.&#xA; * @param {XMLElement} fieldXml The XML representation of fields.&#xA; ">
                                  <summary>Sets field Xml.</summary>
                                </documentation>
                              </method>
                              <method name="_onSchemaChanged" url=".Anguilla.EmbeddedSchemaField.js.Tridion.Controls.FieldDesigner.EmbeddedSchemaField._onSchemaChanged.html" visibility="prototype" rawName="Tridion.Controls.FieldDesigner.EmbeddedSchemaField.prototype._onSchemaChanged" fullName="Tridion.Controls.FieldDesigner.EmbeddedSchemaField._onSchemaChanged" staticName="EmbeddedSchemaField._onSchemaChanged" synopsis="_onSchemaChanged(The: event.): Void" synopsisExtended="_onSchemaChanged(The: event.): Void" type="Object">
                                <arguments value="event">
                                  <argument name="The" type="event." description="event is fired from the field." />
                                </arguments>
                                <documentation rawString="&#xA; * Handles the change events from Fields.&#xA; * @param {Tridion.Core.Event} event. The event is fired from the field.&#xA; ">
                                  <summary>Handles the change events from Fields.</summary>
                                </documentation>
                              </method>
                              <method name="initialize" url=".Anguilla.EmbeddedSchemaField.js.Tridion.Controls.FieldDesigner.EmbeddedSchemaField.initialize.html" visibility="private" rawName="Tridion.Controls.FieldDesigner.EmbeddedSchemaField.prototype.initialize" fullName="Tridion.Controls.FieldDesigner.EmbeddedSchemaField.initialize" staticName="EmbeddedSchemaField.initialize" synopsis="initialize(fieldXml: XMLElement): Void" synopsisExtended="initialize(fieldXml: XMLElement): Void" type="Object">
                                <arguments value="fieldXml">
                                  <argument name="fieldXml" type="XMLElement" description="The XML representation of fields." />
                                </arguments>
                                <documentation rawString="&#xA; * Initializes the EmbeddedSchema Field&#xA; * @param {XMLElement} fieldXml The XML representation of fields.  &#xA; * @private&#xA; ">
                                  <summary>Initializes the EmbeddedSchema Field</summary>
                                </documentation>
                              </method>
                              <method name="_getType" url=".Anguilla.EmbeddedSchemaField.js.Tridion.Controls.FieldDesigner.EmbeddedSchemaField._getType.html" visibility="private" rawName="Tridion.Controls.FieldDesigner.EmbeddedSchemaField.prototype._getType" fullName="Tridion.Controls.FieldDesigner.EmbeddedSchemaField._getType" staticName="EmbeddedSchemaField._getType" synopsis="_getType(): String" synopsisExtended="_getType(): String" type="Object">
                                <documentation rawString="&#xA; * Gets the field Type.&#xA; * @returns {String} The type of the field.&#xA; * @private &#xA; ">
                                  <summary>Gets the field Type.</summary>
                                </documentation>
                                <returns type="String" description="The type of the field." />
                              </method>
                              <method name="_getListEmbeddedSchemas" url=".Anguilla.EmbeddedSchemaField.js.Tridion.Controls.FieldDesigner.EmbeddedSchemaField._getListEmbeddedSchemas.html" visibility="private" rawName="Tridion.Controls.FieldDesigner.EmbeddedSchemaField.prototype._getListEmbeddedSchemas" fullName="Tridion.Controls.FieldDesigner.EmbeddedSchemaField._getListEmbeddedSchemas" staticName="EmbeddedSchemaField._getListEmbeddedSchemas" synopsis="_getListEmbeddedSchemas(): Tridion.ContentManager.ListSchemas" synopsisExtended="_getListEmbeddedSchemas(): Tridion.ContentManager.ListSchemas" type="Object">
                                <documentation rawString="&#xA; * Gets list embedded schemas.&#xA; * @private&#xA; * @returns {Tridion.ContentManager.ListSchemas} List Embedded Schemas.&#xA; ">
                                  <summary>Gets list embedded schemas.</summary>
                                </documentation>
                                <returns type="Tridion.ContentManager.ListSchemas" description="List Embedded Schemas." />
                              </method>
                              <method name="_onSchemaListLoadContent" url=".Anguilla.EmbeddedSchemaField.js.Tridion.Controls.FieldDesigner.EmbeddedSchemaField._onSchemaListLoadContent.html" visibility="private" rawName="Tridion.Controls.FieldDesigner.EmbeddedSchemaField.prototype._onSchemaListLoadContent" fullName="Tridion.Controls.FieldDesigner.EmbeddedSchemaField._onSchemaListLoadContent" staticName="EmbeddedSchemaField._onSchemaListLoadContent" synopsis="_onSchemaListLoadContent(The: e.): Void" synopsisExtended="_onSchemaListLoadContent(The: e.): Void" type="Object">
                                <arguments value="e">
                                  <argument name="The" type="e." description="event is fired from the &lt;c&gt;Tridion.Controls.List&lt;/c&gt;." />
                                </arguments>
                                <documentation rawString="&#xA; * Reacts on list content load event.&#xA; * @private  &#xA; * @param {Tridion.Core.Event} e. The event is fired from the &lt;c&gt;Tridion.Controls.List&lt;/c&gt;.&#xA; ">
                                  <summary>Reacts on list content load event.</summary>
                                </documentation>
                              </method>
                              <method name="_onBtnEditClick" url=".Anguilla.EmbeddedSchemaField.js.Tridion.Controls.FieldDesigner.EmbeddedSchemaField._onBtnEditClick.html" visibility="private" rawName="Tridion.Controls.FieldDesigner.EmbeddedSchemaField.prototype._onBtnEditClick" fullName="Tridion.Controls.FieldDesigner.EmbeddedSchemaField._onBtnEditClick" staticName="EmbeddedSchemaField._onBtnEditClick" synopsis="_onBtnEditClick(event: DOMEvent): Void" synopsisExtended="_onBtnEditClick(event: DOMEvent): Void" type="Object">
                                <arguments value="event">
                                  <argument name="event" type="DOMEvent" description="The DOM click event that occured." />
                                </arguments>
                                <documentation rawString="&#xA; * Handles the click event on button.&#xA; * @param {DOMEvent} event The DOM click event that occured.&#xA; * @private &#xA; ">
                                  <summary>Handles the click event on button.</summary>
                                </documentation>
                              </method>
                              <method name="_initializeRelatedFields" url=".Anguilla.EmbeddedSchemaField.js.Tridion.Controls.FieldDesigner.EmbeddedSchemaField._initializeRelatedFields.html" visibility="private" rawName="Tridion.Controls.FieldDesigner.EmbeddedSchemaField.prototype._initializeRelatedFields" fullName="Tridion.Controls.FieldDesigner.EmbeddedSchemaField._initializeRelatedFields" staticName="EmbeddedSchemaField._initializeRelatedFields" synopsis="_initializeRelatedFields(): Void" synopsisExtended="_initializeRelatedFields(): Void" type="Object">
                                <documentation rawString="&#xA; * Related fields initilization.&#xA; * @private &#xA; ">
                                  <summary>Related fields initilization.</summary>
                                </documentation>
                              </method>
                              <method name="_attachFieldsEvents" url=".Anguilla.EmbeddedSchemaField.js.Tridion.Controls.FieldDesigner.EmbeddedSchemaField._attachFieldsEvents.html" visibility="private" rawName="Tridion.Controls.FieldDesigner.EmbeddedSchemaField.prototype._attachFieldsEvents" fullName="Tridion.Controls.FieldDesigner.EmbeddedSchemaField._attachFieldsEvents" staticName="EmbeddedSchemaField._attachFieldsEvents" synopsis="_attachFieldsEvents(): Void" synopsisExtended="_attachFieldsEvents(): Void" type="Object">
                                <documentation rawString="&#xA; * Attaching fields events.&#xA; * @private &#xA; ">
                                  <summary>Attaching fields events.</summary>
                                </documentation>
                              </method>
                              <method name="_deattachFieldsEvents" url=".Anguilla.EmbeddedSchemaField.js.Tridion.Controls.FieldDesigner.EmbeddedSchemaField._deattachFieldsEvents.html" visibility="private" rawName="Tridion.Controls.FieldDesigner.EmbeddedSchemaField.prototype._deattachFieldsEvents" fullName="Tridion.Controls.FieldDesigner.EmbeddedSchemaField._deattachFieldsEvents" staticName="EmbeddedSchemaField._deattachFieldsEvents" synopsis="_deattachFieldsEvents(): Void" synopsisExtended="_deattachFieldsEvents(): Void" type="Object">
                                <documentation rawString="&#xA; * Removing fields events.&#xA; * @private &#xA; ">
                                  <summary>Removing fields events.</summary>
                                </documentation>
                              </method>
                              <method name="_deinitializeRelatedFields" url=".Anguilla.EmbeddedSchemaField.js.Tridion.Controls.FieldDesigner.EmbeddedSchemaField._deinitializeRelatedFields.html" visibility="private" rawName="Tridion.Controls.FieldDesigner.EmbeddedSchemaField.prototype._deinitializeRelatedFields" fullName="Tridion.Controls.FieldDesigner.EmbeddedSchemaField._deinitializeRelatedFields" staticName="EmbeddedSchemaField._deinitializeRelatedFields" synopsis="_deinitializeRelatedFields(): Void" synopsisExtended="_deinitializeRelatedFields(): Void" type="Object">
                                <documentation rawString="&#xA; * Related fields deinitilization.&#xA; * @private &#xA; ">
                                  <summary>Related fields deinitilization.</summary>
                                </documentation>
                              </method>
                            </methods>
                          </members>
                        </class>
                      </classes>
                    </members>
                  </property>
                </properties>
              </members>
            </property>
          </properties>
        </members>
      </property>
    </properties>
  </members>
</document>