<class name="Exception.js" url="Exception.js.html" visibility="default" rawName="Exception.js" fullName="Exception.js" staticName="Anguilla.Exception.js">
  <documentation rawString="&#xA;* Represents an Exception object.&#xA;* @namespace {Tridion.ContentManager}&#xA;* @param {String} message The exception message.&#xA;* @param {String} stackTrace The string representation of the frames on the call stack at the time the current exception was thrown.&#xA;* @param {String} type The exception type.&#xA;* @param {Object} source The name of the application or the object that causes the error.&#xA;* @param {Tridion.Exception} innerException The Exception instance that caused the current exception.&#xA;* @constructor&#xA;">
    <summary>Represents an Exception object.</summary>
  </documentation>
  <members>
    <properties>
      <property name="Tridion" url=".Anguilla.Exception.js.Tridion.html" visibility="public" rawName="Tridion" fullName="Tridion" staticName="Exception.js.Tridion" synopsis="Exception.js.Tridion: Object;" synopsisExtended="Exception.js.Tridion: &lt;a href=&quot;&quot;&gt;Object&lt;/a&gt;;" type="Object" virtual="true">
        <members>
          <properties>
            <property name="ContentManager" url=".Anguilla.Exception.js.Tridion.ContentManager.html" visibility="static" rawName="Tridion.ContentManager" fullName="Tridion.ContentManager" staticName="Tridion.ContentManager" synopsis="Tridion.ContentManager: Object;" synopsisExtended="Tridion.ContentManager: &lt;a href=&quot;&quot;&gt;Object&lt;/a&gt;;" type="Object" virtual="true">
              <members>
                <classes>
                  <class name="Exception" url=".Anguilla.Exception.js.Tridion.ContentManager.Exception.html" visibility="static" rawName="Tridion.ContentManager.Exception" fullName="Tridion.ContentManager.Exception" staticName="ContentManager.Exception" synopsis="var x: Exception = new Exception(message: String, stackTrace: String, type: String, source: Object, innerException: Tridion.Exception);" synopsisExtended="var x: &lt;a href=&quot;.Anguilla.Exception.js.Tridion.ContentManager.Exception.html&quot;&gt;Exception&lt;/a&gt; = new Exception(message: String, stackTrace: String, type: String, source: Object, innerException: Tridion.Exception);" type="Object">
                    <arguments value="message, stackTrace, type, source, innerException">
                      <argument name="message" type="String" description="The exception message." />
                      <argument name="stackTrace" type="String" description="The string representation of the frames on the call stack at the time the current exception was thrown." />
                      <argument name="type" type="String" description="The exception type." />
                      <argument name="source" type="Object" description="The name of the application or the object that causes the error." />
                      <argument name="innerException" type="Tridion.Exception" description="The Exception instance that caused the current exception." />
                    </arguments>
                    <extends />
                    <documentation rawString="&#xA;* Represents an Exception object.&#xA;* @namespace {Tridion.ContentManager}&#xA;* @param {String} message The exception message.&#xA;* @param {String} stackTrace The string representation of the frames on the call stack at the time the current exception was thrown.&#xA;* @param {String} type The exception type.&#xA;* @param {Object} source The name of the application or the object that causes the error.&#xA;* @param {Tridion.Exception} innerException The Exception instance that caused the current exception.&#xA;* @constructor&#xA;">
                      <summary>Represents an Exception object.</summary>
                    </documentation>
                    <members>
                      <methods>
                        <method name="getErrorCode" url=".Anguilla.Exception.js.Tridion.ContentManager.Exception.getErrorCode.html" visibility="prototype" rawName="Tridion.ContentManager.Exception.prototype.getErrorCode" fullName="Tridion.ContentManager.Exception.getErrorCode" staticName="Exception.getErrorCode" synopsis="getErrorCode(): String" synopsisExtended="getErrorCode(): String" type="Object">
                          <documentation rawString="&#xA; * Returns error code.&#xA; * @return {String} The error code.&#xA; ">
                            <summary>Returns error code.</summary>
                          </documentation>
                          <returns type="String" description="The error code." />
                        </method>
                        <method name="getErrorMessageID" url=".Anguilla.Exception.js.Tridion.ContentManager.Exception.getErrorMessageID.html" visibility="prototype" rawName="Tridion.ContentManager.Exception.prototype.getErrorMessageID" fullName="Tridion.ContentManager.Exception.getErrorMessageID" staticName="Exception.getErrorMessageID" synopsis="getErrorMessageID(): String" synopsisExtended="getErrorMessageID(): String" type="Object">
                          <documentation rawString="&#xA; * Returns Id of the error message.&#xA; * @return {String} The error message Id.&#xA; ">
                            <summary>Returns Id of the error message.</summary>
                          </documentation>
                          <returns type="String" description="The error message Id." />
                        </method>
                      </methods>
                    </members>
                  </class>
                </classes>
              </members>
            </property>
          </properties>
        </members>
      </property>
    </properties>
  </members>
</class>