<document name="ExtensibleObject.js" url="ExtensibleObject.js.html" visibility="default" rawName="ExtensibleObject.js" fullName="ExtensibleObject.js" staticName="Anguilla.ExtensibleObject.js">
  <members>
    <properties>
      <property name="Tridion" url=".Anguilla.ExtensibleObject.js.Tridion.html" visibility="public" rawName="Tridion" fullName="Tridion" staticName="ExtensibleObject.js.Tridion" synopsis="ExtensibleObject.js.Tridion: Object;" synopsisExtended="ExtensibleObject.js.Tridion: &lt;a href=&quot;&quot;&gt;Object&lt;/a&gt;;" type="Object" virtual="true">
        <members>
          <classes>
            <class name="ExtensibleObject" url=".Anguilla.ExtensibleObject.js.Tridion.ExtensibleObject.html" visibility="static" rawName="Tridion.ExtensibleObject" fullName="Tridion.ExtensibleObject" staticName="Tridion.ExtensibleObject" synopsis="var x: ExtensibleObject = new ExtensibleObject();" synopsisExtended="var x: &lt;a href=&quot;.Anguilla.ExtensibleObject.js.Tridion.ExtensibleObject.html&quot;&gt;ExtensibleObject&lt;/a&gt; = new ExtensibleObject();" type="Object">
              <extends />
              <members>
                <methods>
                  <method name="addExtension" url=".Anguilla.ExtensibleObject.js.Tridion.ExtensibleObject.addExtension.html" visibility="prototype" rawName="Tridion.ExtensibleObject.prototype.addExtension" fullName="Tridion.ExtensibleObject.addExtension" staticName="ExtensibleObject.addExtension" synopsis="addExtension(extension: Object, handler: Object): Void" synopsisExtended="addExtension(extension: Object, handler: Object): Void" type="Object">
                    <arguments value="extension, handler">
                      <argument name="extension" type="Object" />
                      <argument name="handler" type="Object" />
                    </arguments>
                  </method>
                  <method name="callExtension" url=".Anguilla.ExtensibleObject.js.Tridion.ExtensibleObject.callExtension.html" visibility="prototype" rawName="Tridion.ExtensibleObject.prototype.callExtension" fullName="Tridion.ExtensibleObject.callExtension" staticName="ExtensibleObject.callExtension" synopsis="callExtension(extension: Object, arg1: Object, arg2: Object, arg3: Object, arg4: Object, arg5: Object, arg6: Object, arg7: Object, arg8: Object, arg9: Object, arg10: Object): Void" synopsisExtended="callExtension(extension: Object, arg1: Object, arg2: Object, arg3: Object, arg4: Object, arg5: Object, arg6: Object, arg7: Object, arg8: Object, arg9: Object, arg10: Object): Void" type="Object">
                    <arguments value="extension, arg1, arg2, arg3, arg4, arg5, arg6, arg7, arg8, arg9, arg10">
                      <argument name="extension" type="Object" />
                      <argument name="arg1" type="Object" />
                      <argument name="arg2" type="Object" />
                      <argument name="arg3" type="Object" />
                      <argument name="arg4" type="Object" />
                      <argument name="arg5" type="Object" />
                      <argument name="arg6" type="Object" />
                      <argument name="arg7" type="Object" />
                      <argument name="arg8" type="Object" />
                      <argument name="arg9" type="Object" />
                      <argument name="arg10" type="Object" />
                    </arguments>
                  </method>
                </methods>
              </members>
            </class>
          </classes>
        </members>
      </property>
    </properties>
  </members>
</document>