<document name="ExternalPopup.js" url="ExternalPopup.js.html" visibility="default" rawName="ExternalPopup.js" fullName="ExternalPopup.js" staticName="Anguilla.ExternalPopup.js">
  <members>
    <properties>
      <property name="Tridion" url=".Anguilla.ExternalPopup.js.Tridion.html" visibility="public" rawName="Tridion" fullName="Tridion" staticName="ExternalPopup.js.Tridion" synopsis="ExternalPopup.js.Tridion: Object;" synopsisExtended="ExternalPopup.js.Tridion: &lt;a href=&quot;&quot;&gt;Object&lt;/a&gt;;" type="Object" virtual="true">
        <members>
          <properties>
            <property name="Controls" url=".Anguilla.ExternalPopup.js.Tridion.Controls.html" visibility="static" rawName="Tridion.Controls" fullName="Tridion.Controls" staticName="Tridion.Controls" synopsis="Tridion.Controls: Object;" synopsisExtended="Tridion.Controls: &lt;a href=&quot;&quot;&gt;Object&lt;/a&gt;;" type="Object" virtual="true">
              <members>
                <classes>
                  <class name="ExternalPopup" url=".Anguilla.ExternalPopup.js.Tridion.Controls.ExternalPopup.html" visibility="static" rawName="Tridion.Controls.ExternalPopup" fullName="Tridion.Controls.ExternalPopup" staticName="Controls.ExternalPopup" synopsis="var x: ExternalPopup = new ExternalPopup(url: Object, parameters: Object, dialogArgs: Object);" synopsisExtended="var x: &lt;a href=&quot;.Anguilla.ExternalPopup.js.Tridion.Controls.ExternalPopup.html&quot;&gt;ExternalPopup&lt;/a&gt; = new ExternalPopup(url: Object, parameters: Object, dialogArgs: Object);" type="Object">
                    <arguments value="url, parameters, dialogArgs">
                      <argument name="url" type="Object" />
                      <argument name="parameters" type="Object" />
                      <argument name="dialogArgs" type="Object" />
                    </arguments>
                    <extends />
                    <members>
                      <methods>
                        <method name="open" url=".Anguilla.ExternalPopup.js.Tridion.Controls.ExternalPopup.open.html" visibility="prototype" rawName="Tridion.Controls.ExternalPopup.prototype.open" fullName="Tridion.Controls.ExternalPopup.open" staticName="ExternalPopup.open" synopsis="open(): Void" synopsisExtended="open(): Void" type="Object" />
                        <method name="disposeInterface" url=".Anguilla.ExternalPopup.js.Tridion.Controls.ExternalPopup.disposeInterface.html" visibility="prototype" rawName="Tridion.Controls.ExternalPopup.prototype.disposeInterface" fullName="Tridion.Controls.ExternalPopup.disposeInterface" staticName="ExternalPopup.disposeInterface" synopsis="disposeInterface(): Void" synopsisExtended="disposeInterface(): Void" type="Object" />
                        <method name="getUrl" url=".Anguilla.ExternalPopup.js.Tridion.Controls.ExternalPopup.getUrl.html" visibility="prototype" rawName="Tridion.Controls.ExternalPopup.prototype.getUrl" fullName="Tridion.Controls.ExternalPopup.getUrl" staticName="ExternalPopup.getUrl" synopsis="getUrl(): Void" synopsisExtended="getUrl(): Void" type="Object" />
                        <method name="focus" url=".Anguilla.ExternalPopup.js.Tridion.Controls.ExternalPopup.focus.html" visibility="prototype" rawName="Tridion.Controls.ExternalPopup.prototype.focus" fullName="Tridion.Controls.ExternalPopup.focus" staticName="ExternalPopup.focus" synopsis="focus(): Void" synopsisExtended="focus(): Void" type="Object" />
                        <method name="isOpen" url=".Anguilla.ExternalPopup.js.Tridion.Controls.ExternalPopup.isOpen.html" visibility="prototype" rawName="Tridion.Controls.ExternalPopup.prototype.isOpen" fullName="Tridion.Controls.ExternalPopup.isOpen" staticName="ExternalPopup.isOpen" synopsis="isOpen(): Void" synopsisExtended="isOpen(): Void" type="Object" />
                        <method name="close" url=".Anguilla.ExternalPopup.js.Tridion.Controls.ExternalPopup.close.html" visibility="prototype" rawName="Tridion.Controls.ExternalPopup.prototype.close" fullName="Tridion.Controls.ExternalPopup.close" staticName="ExternalPopup.close" synopsis="close(): Void" synopsisExtended="close(): Void" type="Object" />
                        <method name="setCentered" url=".Anguilla.ExternalPopup.js.Tridion.Controls.ExternalPopup.setCentered.html" visibility="prototype" rawName="Tridion.Controls.ExternalPopup.prototype.setCentered" fullName="Tridion.Controls.ExternalPopup.setCentered" staticName="ExternalPopup.setCentered" synopsis="setCentered(): Void" synopsisExtended="setCentered(): Void" type="Object">
                          <members>
                            <methods>
                              <method name="_getPopupSize" url=".Anguilla.ExternalPopup.js.Tridion.Controls.ExternalPopup.setCentered._getPopupSize.html" visibility="private" rawName="_getPopupSize" fullName="_getPopupSize" staticName="setCentered._getPopupSize" synopsis="_getPopupSize(args: Object): Void" synopsisExtended="_getPopupSize(args: Object): Void" type="Object">
                                <arguments value="args">
                                  <argument name="args" type="Object" />
                                </arguments>
                              </method>
                              <method name="_isPopupPositionSpecified" url=".Anguilla.ExternalPopup.js.Tridion.Controls.ExternalPopup.setCentered._isPopupPositionSpecified.html" visibility="private" rawName="_isPopupPositionSpecified" fullName="_isPopupPositionSpecified" staticName="setCentered._isPopupPositionSpecified" synopsis="_isPopupPositionSpecified(args: Object): Void" synopsisExtended="_isPopupPositionSpecified(args: Object): Void" type="Object">
                                <arguments value="args">
                                  <argument name="args" type="Object" />
                                </arguments>
                              </method>
                            </methods>
                          </members>
                        </method>
                        <method name="_onWindowLoad_unload" url=".Anguilla.ExternalPopup.js.Tridion.Controls.ExternalPopup._onWindowLoad_unload.html" visibility="prototype" rawName="Tridion.Controls.ExternalPopup.prototype._onWindowLoad_unload" fullName="Tridion.Controls.ExternalPopup._onWindowLoad_unload" staticName="ExternalPopup._onWindowLoad_unload" synopsis="_onWindowLoad_unload(view: Object, viewWindow: Object): Void" synopsisExtended="_onWindowLoad_unload(view: Object, viewWindow: Object): Void" type="Object">
                          <arguments value="view, viewWindow">
                            <argument name="view" type="Object" />
                            <argument name="viewWindow" type="Object" />
                          </arguments>
                        </method>
                        <method name="_onWindowLoad" url=".Anguilla.ExternalPopup.js.Tridion.Controls.ExternalPopup._onWindowLoad.html" visibility="prototype" rawName="Tridion.Controls.ExternalPopup.prototype._onWindowLoad" fullName="Tridion.Controls.ExternalPopup._onWindowLoad" staticName="ExternalPopup._onWindowLoad" synopsis="_onWindowLoad(win: Object, view: Object): Void" synopsisExtended="_onWindowLoad(win: Object, view: Object): Void" type="Object">
                          <arguments value="win, view">
                            <argument name="win" type="Object" />
                            <argument name="view" type="Object" />
                          </arguments>
                        </method>
                        <method name="_onWindowUnload" url=".Anguilla.ExternalPopup.js.Tridion.Controls.ExternalPopup._onWindowUnload.html" visibility="prototype" rawName="Tridion.Controls.ExternalPopup.prototype._onWindowUnload" fullName="Tridion.Controls.ExternalPopup._onWindowUnload" staticName="ExternalPopup._onWindowUnload" synopsis="_onWindowUnload(): Void" synopsisExtended="_onWindowUnload(): Void" type="Object" />
                        <method name="registerView" url=".Anguilla.ExternalPopup.js.Tridion.Controls.ExternalPopup.registerView.html" visibility="static" rawName="Tridion.Controls.ExternalPopup.registerView" fullName="Tridion.Controls.ExternalPopup.registerView" staticName="ExternalPopup.registerView" synopsis="registerView(view: Object, viewWindow: Object): Void" synopsisExtended="registerView(view: Object, viewWindow: Object): Void" type="Object">
                          <arguments value="view, viewWindow">
                            <argument name="view" type="Object" />
                            <argument name="viewWindow" type="Object" />
                          </arguments>
                        </method>
                      </methods>
                    </members>
                  </class>
                </classes>
              </members>
            </property>
          </properties>
        </members>
      </property>
    </properties>
  </members>
</document>