<document name="Factory.js" url="Factory.js.html" visibility="default" rawName="Factory.js" fullName="Factory.js" staticName="Anguilla.Factory.js">
  <members>
    <properties>
      <property name="Tridion" url=".Anguilla.Factory.js.Tridion.html" visibility="public" rawName="Tridion" fullName="Tridion" staticName="Factory.js.Tridion" synopsis="Factory.js.Tridion: Object;" synopsisExtended="Factory.js.Tridion: &lt;a href=&quot;&quot;&gt;Object&lt;/a&gt;;" type="Object" virtual="true">
        <members>
          <properties>
            <property name="Cme" url=".Anguilla.Factory.js.Tridion.Cme.html" visibility="static" rawName="Tridion.Cme" fullName="Tridion.Cme" staticName="Tridion.Cme" synopsis="Tridion.Cme: Object;" synopsisExtended="Tridion.Cme: &lt;a href=&quot;&quot;&gt;Object&lt;/a&gt;;" type="Object" virtual="true">
              <members>
                <properties>
                  <property name="Model" url=".Anguilla.Factory.js.Tridion.Cme.Model.html" visibility="static" rawName="Tridion.Cme.Model" fullName="Tridion.Cme.Model" staticName="Cme.Model" synopsis="Cme.Model: Object;" synopsisExtended="Cme.Model: &lt;a href=&quot;&quot;&gt;Object&lt;/a&gt;;" type="Object" virtual="true">
                    <members>
                      <properties>
                        <property name="Factory" url=".Anguilla.Factory.js.Tridion.Cme.Model.Factory.html" visibility="static" rawName="Tridion.Cme.Model.Factory" fullName="Tridion.Cme.Model.Factory" staticName="Model.Factory" synopsis="Model.Factory: Object;" synopsisExtended="Model.Factory: &lt;a href=&quot;&quot;&gt;Object&lt;/a&gt;;" type="Object">
                          <members>
                            <methods>
                              <method name="getItem" url=".Anguilla.Factory.js.Tridion.Cme.Model.Factory.getItem.html" visibility="instance" rawName="this.getItem" fullName="this.getItem" staticName="Factory.getItem" synopsis="getItem(id: Object): Void" synopsisExtended="getItem(id: Object): Void" type="Object">
                                <arguments value="id">
                                  <argument name="id" type="Object" />
                                </arguments>
                              </method>
                              <method name="createNewItem" url=".Anguilla.Factory.js.Tridion.Cme.Model.Factory.createNewItem.html" visibility="instance" rawName="this.createNewItem" fullName="this.createNewItem" staticName="Factory.createNewItem" synopsis="createNewItem(type: Object): Void" synopsisExtended="createNewItem(type: Object): Void" type="Object">
                                <arguments value="type">
                                  <argument name="type" type="Object" />
                                </arguments>
                              </method>
                              <method name="getItemType" url=".Anguilla.Factory.js.Tridion.Cme.Model.Factory.getItemType.html" visibility="instance" rawName="this.getItemType" fullName="this.getItemType" staticName="Factory.getItemType" synopsis="getItemType(item: Object): Void" synopsisExtended="getItemType(item: Object): Void" type="Object">
                                <arguments value="item">
                                  <argument name="item" type="Object" />
                                </arguments>
                              </method>
                              <method name="addItem" url=".Anguilla.Factory.js.Tridion.Cme.Model.Factory.addItem.html" visibility="instance" rawName="this.addItem" fullName="this.addItem" staticName="Factory.addItem" synopsis="addItem(id: Object, item: Object): Void" synopsisExtended="addItem(id: Object, item: Object): Void" type="Object">
                                <arguments value="id, item">
                                  <argument name="id" type="Object" />
                                  <argument name="item" type="Object" />
                                </arguments>
                              </method>
                              <method name="getShortcuts" url=".Anguilla.Factory.js.Tridion.Cme.Model.Factory.getShortcuts.html" visibility="instance" rawName="this.getShortcuts" fullName="this.getShortcuts" staticName="Factory.getShortcuts" synopsis="getShortcuts(): Void" synopsisExtended="getShortcuts(): Void" type="Object" />
                            </methods>
                          </members>
                        </property>
                      </properties>
                    </members>
                  </property>
                </properties>
              </members>
            </property>
          </properties>
        </members>
      </property>
    </properties>
  </members>
</document>