<document name="FaDropdown.js" url="FaDropdown.js.html" visibility="default" rawName="FaDropdown.js" fullName="FaDropdown.js" staticName="Anguilla.FaDropdown.js">
  <members>
    <properties>
      <property name="Tridion" url=".Anguilla.FaDropdown.js.Tridion.html" visibility="public" rawName="Tridion" fullName="Tridion" staticName="FaDropdown.js.Tridion" synopsis="FaDropdown.js.Tridion: Object;" synopsisExtended="FaDropdown.js.Tridion: &lt;a href=&quot;&quot;&gt;Object&lt;/a&gt;;" type="Object" virtual="true">
        <members>
          <properties>
            <property name="Controls" url=".Anguilla.FaDropdown.js.Tridion.Controls.html" visibility="static" rawName="Tridion.Controls" fullName="Tridion.Controls" staticName="Tridion.Controls" synopsis="Tridion.Controls: Object;" synopsisExtended="Tridion.Controls: &lt;a href=&quot;&quot;&gt;Object&lt;/a&gt;;" type="Object" virtual="true">
              <members>
                <classes>
                  <class name="FaDropdown" url=".Anguilla.FaDropdown.js.Tridion.Controls.FaDropdown.html" visibility="static" rawName="Tridion.Controls.FaDropdown" fullName="Tridion.Controls.FaDropdown" staticName="Controls.FaDropdown" synopsis="var x: FaDropdown = new FaDropdown(element: HTMLElement);" synopsisExtended="var x: &lt;a href=&quot;.Anguilla.FaDropdown.js.Tridion.Controls.FaDropdown.html&quot;&gt;FaDropdown&lt;/a&gt; = new FaDropdown(element: HTMLElement);" type="Object">
                    <arguments value="element">
                      <argument name="element" type="HTMLElement" description="The html element that represents this control." />
                    </arguments>
                    <extends />
                    <documentation rawString="&#xA; * Implements a basic html select control&#xA; * @constructor&#xA; * @event change Fires after the selection was changed.&#xA; * @param {HTMLElement} element The html element that represents this control.  &#xA; ">
                      <summary>Implements a basic html select control</summary>
                    </documentation>
                    <members>
                      <methods>
                        <method name="getCommandName" url=".Anguilla.FaDropdown.js.Tridion.Controls.FaDropdown.getCommandName.html" visibility="prototype" rawName="Tridion.Controls.FaDropdown.prototype.getCommandName" fullName="Tridion.Controls.FaDropdown.getCommandName" staticName="FaDropdown.getCommandName" synopsis="getCommandName(): String" synopsisExtended="getCommandName(): String" type="Object">
                          <documentation rawString="&#xA; * Gets the name of the command associated with the button&#xA; * @returns {String} The text of this button&#xA; ">
                            <summary>Gets the name of the command associated with the button</summary>
                          </documentation>
                          <returns type="String" description="The text of this button" />
                        </method>
                        <method name="setTabIndex" url=".Anguilla.FaDropdown.js.Tridion.Controls.FaDropdown.setTabIndex.html" visibility="prototype" rawName="Tridion.Controls.FaDropdown.prototype.setTabIndex" fullName="Tridion.Controls.FaDropdown.setTabIndex" staticName="FaDropdown.setTabIndex" synopsis="setTabIndex(tabIndex: Number): Void" synopsisExtended="setTabIndex(tabIndex: Number): Void" type="Object">
                          <arguments value="value">
                            <argument name="tabIndex" type="Number" description="The tabIndex value to set" />
                          </arguments>
                          <documentation rawString="&#xA; * Sets the button's tabIndex attribute&#xA; * @param {Number} tabIndex The tabIndex value to set&#xA; ">
                            <summary>Sets the button's tabIndex attribute</summary>
                          </documentation>
                        </method>
                        <method name="getSelected" url=".Anguilla.FaDropdown.js.Tridion.Controls.FaDropdown.getSelected.html" visibility="prototype" rawName="Tridion.Controls.FaDropdown.prototype.getSelected" fullName="Tridion.Controls.FaDropdown.getSelected" staticName="FaDropdown.getSelected" synopsis="getSelected(): Void" synopsisExtended="getSelected(): Void" type="Object">
                          <documentation rawString="&#xA; * Returns selected option as a dom Option object or null.&#xA; ">
                            <summary>Returns selected option as a dom Option object or null.</summary>
                          </documentation>
                        </method>
                        <method name="setSelected" url=".Anguilla.FaDropdown.js.Tridion.Controls.FaDropdown.setSelected.html" visibility="prototype" rawName="Tridion.Controls.FaDropdown.prototype.setSelected" fullName="Tridion.Controls.FaDropdown.setSelected" staticName="FaDropdown.setSelected" synopsis="setSelected(option: Object): Void" synopsisExtended="setSelected(option: Object): Void" type="Object">
                          <arguments value="option">
                            <argument name="option" type="Object" />
                          </arguments>
                          <documentation rawString="&#xA; * Sets the selected option based on provided value as a text &amp; value object.&#xA; ">
                            <summary>Sets the selected option based on provided value as a text &amp; value object.</summary>
                          </documentation>
                        </method>
                        <method name="clear" url=".Anguilla.FaDropdown.js.Tridion.Controls.FaDropdown.clear.html" visibility="prototype" rawName="Tridion.Controls.FaDropdown.prototype.clear" fullName="Tridion.Controls.FaDropdown.clear" staticName="FaDropdown.clear" synopsis="clear(): Void" synopsisExtended="clear(): Void" type="Object">
                          <documentation rawString="&#xA; * Removes all options. &#xA; * Also disposes the propertyToDispose from all options before they are removed.&#xA; ">
                            <summary>Removes all options.</summary>
                            <description>Also disposes the propertyToDispose from all options before they are removed.</description>
                          </documentation>
                        </method>
                        <method name="add" url=".Anguilla.FaDropdown.js.Tridion.Controls.FaDropdown.add.html" visibility="prototype" rawName="Tridion.Controls.FaDropdown.prototype.add" fullName="Tridion.Controls.FaDropdown.add" staticName="FaDropdown.add" synopsis="add(option: HTMLElement, selected: Boolean): HTMLElement" synopsisExtended="add(option: HTMLElement, selected: Boolean): HTMLElement" type="Object">
                          <arguments value="option, selected">
                            <argument name="option" type="HTMLElement" description="Select option." />
                            <argument name="selected" type="Boolean" description="True to set the option selected, otherwise false" />
                          </arguments>
                          <documentation rawString="&#xA; * Adds an option. &#xA; * @param {HTMLElement} option Select option. &#xA; * @param {Boolean} selected True to set the option selected, otherwise false&#xA; * @returns {HTMLElement} option Select option. &#xA; ">
                            <summary>Adds an option.</summary>
                          </documentation>
                          <returns type="HTMLElement" description="option Select option." />
                        </method>
                        <method name="visible" url=".Anguilla.FaDropdown.js.Tridion.Controls.FaDropdown.visible.html" visibility="prototype" rawName="Tridion.Controls.FaDropdown.prototype.visible" fullName="Tridion.Controls.FaDropdown.visible" staticName="FaDropdown.visible" synopsis="visible(value: String): Void" synopsisExtended="visible(value: String): Void" type="Object">
                          <arguments value="value">
                            <argument name="value" type="String" description="Style visibility property." />
                          </arguments>
                          <documentation rawString="&#xA; * Shows / hides this instance via style.visibility.&#xA; * @param {String} value Style visibility property.&#xA; ">
                            <summary>Shows / hides this instance via style.visibility.</summary>
                          </documentation>
                        </method>
                        <method name="enable" url=".Anguilla.FaDropdown.js.Tridion.Controls.FaDropdown.enable.html" visibility="prototype" rawName="Tridion.Controls.FaDropdown.prototype.enable" fullName="Tridion.Controls.FaDropdown.enable" staticName="FaDropdown.enable" synopsis="enable(): Void" synopsisExtended="enable(): Void" type="Object">
                          <documentation rawString="&#xA; * Enable this instance.&#xA; ">
                            <summary>Enable this instance.</summary>
                          </documentation>
                        </method>
                        <method name="disable" url=".Anguilla.FaDropdown.js.Tridion.Controls.FaDropdown.disable.html" visibility="prototype" rawName="Tridion.Controls.FaDropdown.prototype.disable" fullName="Tridion.Controls.FaDropdown.disable" staticName="FaDropdown.disable" synopsis="disable(): Void" synopsisExtended="disable(): Void" type="Object">
                          <documentation rawString="&#xA; * Disable this instance.&#xA; ">
                            <summary>Disable this instance.</summary>
                          </documentation>
                        </method>
                        <method name="setLabelElement" url=".Anguilla.FaDropdown.js.Tridion.Controls.FaDropdown.setLabelElement.html" visibility="prototype" rawName="Tridion.Controls.FaDropdown.prototype.setLabelElement" fullName="Tridion.Controls.FaDropdown.setLabelElement" staticName="FaDropdown.setLabelElement" synopsis="setLabelElement(value: String): Void" synopsisExtended="setLabelElement(value: String): Void" type="Object">
                          <arguments value="value">
                            <argument name="value" type="String" description="The element label" />
                          </arguments>
                          <documentation rawString="&#xA; * Sets the element label.&#xA; * @param {String} value The element label&#xA; ">
                            <summary>Sets the element label.</summary>
                          </documentation>
                        </method>
                        <method name="onChange" url=".Anguilla.FaDropdown.js.Tridion.Controls.FaDropdown.onChange.html" visibility="prototype" rawName="Tridion.Controls.FaDropdown.prototype.onChange" fullName="Tridion.Controls.FaDropdown.onChange" staticName="FaDropdown.onChange" synopsis="onChange(e: Object): Void" synopsisExtended="onChange(e: Object): Void" type="Object">
                          <arguments value="e">
                            <argument name="e" type="Object" />
                          </arguments>
                          <documentation rawString="&#xA; * Reacts to the DOM click event. Fires the &lt;c&gt;change&lt;/c&gt; event.&#xA; ">
                            <summary>Reacts to the DOM click event. Fires the &lt;c&gt;change&lt;/c&gt; event.</summary>
                          </documentation>
                        </method>
                        <method name="onFocus" url=".Anguilla.FaDropdown.js.Tridion.Controls.FaDropdown.onFocus.html" visibility="prototype" rawName="Tridion.Controls.FaDropdown.prototype.onFocus" fullName="Tridion.Controls.FaDropdown.onFocus" staticName="FaDropdown.onFocus" synopsis="onFocus(The: e.): Void" synopsisExtended="onFocus(The: e.): Void" type="Object">
                          <arguments value="e">
                            <argument name="The" type="e." description="event is the event fired from Format Area control." />
                          </arguments>
                          <documentation rawString="&#xA; * Handles the focus event from Format Area control.&#xA; * @param {DOMEvent} e. The event is the event fired from Format Area control.&#xA; ">
                            <summary>Handles the focus event from Format Area control.</summary>
                          </documentation>
                        </method>
                        <method name="onBlur" url=".Anguilla.FaDropdown.js.Tridion.Controls.FaDropdown.onBlur.html" visibility="prototype" rawName="Tridion.Controls.FaDropdown.prototype.onBlur" fullName="Tridion.Controls.FaDropdown.onBlur" staticName="FaDropdown.onBlur" synopsis="onBlur(The: e.): Void" synopsisExtended="onBlur(The: e.): Void" type="Object">
                          <arguments value="e">
                            <argument name="The" type="e." description="event is the event fired from the Format Area control." />
                          </arguments>
                          <documentation rawString="&#xA; * Handles the blur event from Format Area control.&#xA; * @param {DOMEvent} e. The event is the event fired from the Format Area control.&#xA; ">
                            <summary>Handles the blur event from Format Area control.</summary>
                          </documentation>
                        </method>
                        <method name="initialize" url=".Anguilla.FaDropdown.js.Tridion.Controls.FaDropdown.initialize.html" visibility="private" rawName="Tridion.Controls.FaDropdown.prototype.initialize" fullName="Tridion.Controls.FaDropdown.initialize" staticName="FaDropdown.initialize" synopsis="initialize(): Void" synopsisExtended="initialize(): Void" type="Object">
                          <documentation rawString="&#xA; * Initializes a basic html select control&#xA; * @private&#xA; ">
                            <summary>Initializes a basic html select control</summary>
                          </documentation>
                        </method>
                      </methods>
                      <events>
                        <event name="change" url=".Anguilla.FaDropdown.js.Tridion.Controls.FaDropdown.change.html" visibility="prototype" rawName="change" fullName="change" staticName="FaDropdown.change" type="Object">
                          <documentation rawString="">
                            <summary>Fires after the selection was changed.</summary>
                          </documentation>
                        </event>
                      </events>
                    </members>
                  </class>
                </classes>
              </members>
            </property>
          </properties>
        </members>
      </property>
    </properties>
  </members>
</document>