<document name="FieldBuilder.js" url="FieldBuilder.js.html" visibility="default" rawName="FieldBuilder.js" fullName="FieldBuilder.js" staticName="Anguilla.FieldBuilder.js">
  <members>
    <properties>
      <property name="Tridion" url=".Anguilla.FieldBuilder.js.Tridion.html" visibility="public" rawName="Tridion" fullName="Tridion" staticName="FieldBuilder.js.Tridion" synopsis="FieldBuilder.js.Tridion: Object;" synopsisExtended="FieldBuilder.js.Tridion: &lt;a href=&quot;&quot;&gt;Object&lt;/a&gt;;" type="Object" virtual="true">
        <members>
          <classes>
            <class name="FieldBuilder" url=".Anguilla.FieldBuilder.js.Tridion.FieldBuilder.html" visibility="static" rawName="Tridion.FieldBuilder" fullName="Tridion.FieldBuilder" staticName="Tridion.FieldBuilder" synopsis="var x: FieldBuilder = new FieldBuilder(element: Object);" synopsisExtended="var x: &lt;a href=&quot;.Anguilla.FieldBuilder.js.Tridion.FieldBuilder.html&quot;&gt;FieldBuilder&lt;/a&gt; = new FieldBuilder(element: Object);" type="Object">
              <arguments value="element">
                <argument name="element" type="Object" />
              </arguments>
              <extends />
              <members>
                <methods>
                  <method name="executeOpenCustomUrl" url=".Anguilla.FieldBuilder.js.Tridion.FieldBuilder.executeOpenCustomUrl.html" visibility="prototype" rawName="Tridion.FieldBuilder.prototype.executeOpenCustomUrl" fullName="Tridion.FieldBuilder.executeOpenCustomUrl" staticName="FieldBuilder.executeOpenCustomUrl" synopsis="executeOpenCustomUrl(url: Object, parameters: Object): Void" synopsisExtended="executeOpenCustomUrl(url: Object, parameters: Object): Void" type="Object">
                    <arguments value="url, parameters">
                      <argument name="url" type="Object" />
                      <argument name="parameters" type="Object" />
                    </arguments>
                  </method>
                  <method name="xsltProcessor" url=".Anguilla.FieldBuilder.js.Tridion.FieldBuilder.xsltProcessor.html" visibility="prototype" rawName="Tridion.FieldBuilder.prototype.xsltProcessor" fullName="Tridion.FieldBuilder.xsltProcessor" staticName="FieldBuilder.xsltProcessor" synopsis="xsltProcessor(): Void" synopsisExtended="xsltProcessor(): Void" type="Object" />
                  <method name="setReadOnly" url=".Anguilla.FieldBuilder.js.Tridion.FieldBuilder.setReadOnly.html" visibility="prototype" rawName="Tridion.FieldBuilder.prototype.setReadOnly" fullName="Tridion.FieldBuilder.setReadOnly" staticName="FieldBuilder.setReadOnly" synopsis="setReadOnly(value: Object): Void" synopsisExtended="setReadOnly(value: Object): Void" type="Object">
                    <arguments value="value">
                      <argument name="value" type="Object" />
                    </arguments>
                  </method>
                  <method name="getReadOnly" url=".Anguilla.FieldBuilder.js.Tridion.FieldBuilder.getReadOnly.html" visibility="prototype" rawName="Tridion.FieldBuilder.prototype.getReadOnly" fullName="Tridion.FieldBuilder.getReadOnly" staticName="FieldBuilder.getReadOnly" synopsis="getReadOnly(): Void" synopsisExtended="getReadOnly(): Void" type="Object" />
                  <method name="setSchema" url=".Anguilla.FieldBuilder.js.Tridion.FieldBuilder.setSchema.html" visibility="prototype" rawName="Tridion.FieldBuilder.prototype.setSchema" fullName="Tridion.FieldBuilder.setSchema" staticName="FieldBuilder.setSchema" synopsis="setSchema(value: Object, root: Object, ns: Object): Void" synopsisExtended="setSchema(value: Object, root: Object, ns: Object): Void" type="Object">
                    <arguments value="value, root, ns">
                      <argument name="value" type="Object" />
                      <argument name="root" type="Object" />
                      <argument name="ns" type="Object" />
                    </arguments>
                  </method>
                  <method name="setData" url=".Anguilla.FieldBuilder.js.Tridion.FieldBuilder.setData.html" visibility="prototype" rawName="Tridion.FieldBuilder.prototype.setData" fullName="Tridion.FieldBuilder.setData" staticName="FieldBuilder.setData" synopsis="setData(value: Object): Void" synopsisExtended="setData(value: Object): Void" type="Object">
                    <arguments value="value">
                      <argument name="value" type="Object" />
                    </arguments>
                  </method>
                  <method name="getData" url=".Anguilla.FieldBuilder.js.Tridion.FieldBuilder.getData.html" visibility="prototype" rawName="Tridion.FieldBuilder.prototype.getData" fullName="Tridion.FieldBuilder.getData" staticName="FieldBuilder.getData" synopsis="getData(): Void" synopsisExtended="getData(): Void" type="Object" />
                  <method name="setLoading" url=".Anguilla.FieldBuilder.js.Tridion.FieldBuilder.setLoading.html" visibility="prototype" rawName="Tridion.FieldBuilder.prototype.setLoading" fullName="Tridion.FieldBuilder.setLoading" staticName="FieldBuilder.setLoading" synopsis="setLoading(): Void" synopsisExtended="setLoading(): Void" type="Object" />
                  <method name="generate" url=".Anguilla.FieldBuilder.js.Tridion.FieldBuilder.generate.html" visibility="prototype" rawName="Tridion.FieldBuilder.prototype.generate" fullName="Tridion.FieldBuilder.generate" staticName="FieldBuilder.generate" synopsis="generate(ignoreChange: Object): Void" synopsisExtended="generate(ignoreChange: Object): Void" type="Object">
                    <arguments value="ignoreChange">
                      <argument name="ignoreChange" type="Object" />
                    </arguments>
                  </method>
                  <method name="getValidationError" url=".Anguilla.FieldBuilder.js.Tridion.FieldBuilder.getValidationError.html" visibility="prototype" rawName="Tridion.FieldBuilder.prototype.getValidationError" fullName="Tridion.FieldBuilder.getValidationError" staticName="FieldBuilder.getValidationError" synopsis="getValidationError(): Void" synopsisExtended="getValidationError(): Void" type="Object" />
                  <method name="disposeInterface" url=".Anguilla.FieldBuilder.js.Tridion.FieldBuilder.disposeInterface.html" visibility="prototype" rawName="Tridion.FieldBuilder.prototype.disposeInterface" fullName="Tridion.FieldBuilder.disposeInterface" staticName="FieldBuilder.disposeInterface" synopsis="disposeInterface(): Void" synopsisExtended="disposeInterface(): Void" type="Object" />
                  <method name="getField" url=".Anguilla.FieldBuilder.js.Tridion.FieldBuilder.getField.html" visibility="prototype" rawName="Tridion.FieldBuilder.prototype.getField" fullName="Tridion.FieldBuilder.getField" staticName="FieldBuilder.getField" synopsis="getField(path: Object, friendly: Object): Void" synopsisExtended="getField(path: Object, friendly: Object): Void" type="Object">
                    <arguments value="path, friendly">
                      <argument name="path" type="Object" />
                      <argument name="friendly" type="Object" />
                    </arguments>
                  </method>
                  <method name="getFocusField" url=".Anguilla.FieldBuilder.js.Tridion.FieldBuilder.getFocusField.html" visibility="prototype" rawName="Tridion.FieldBuilder.prototype.getFocusField" fullName="Tridion.FieldBuilder.getFocusField" staticName="FieldBuilder.getFocusField" synopsis="getFocusField(): Void" synopsisExtended="getFocusField(): Void" type="Object" />
                  <method name="openCustomUrl" url=".Anguilla.FieldBuilder.js.Tridion.FieldBuilder.openCustomUrl.html" visibility="prototype" rawName="Tridion.FieldBuilder.prototype.openCustomUrl" fullName="Tridion.FieldBuilder.openCustomUrl" staticName="FieldBuilder.openCustomUrl" synopsis="openCustomUrl(label: Object): Void" synopsisExtended="openCustomUrl(label: Object): Void" type="Object">
                    <arguments value="label">
                      <argument name="label" type="Object" />
                    </arguments>
                    <members>
                      <methods>
                        <method name="getFieldsHandler" url=".Anguilla.FieldBuilder.js.Tridion.FieldBuilder.openCustomUrl.getFieldsHandler.html" visibility="private" rawName="getFieldsHandler" fullName="getFieldsHandler" staticName="openCustomUrl.getFieldsHandler" synopsis="getFieldsHandler(): Void" synopsisExtended="getFieldsHandler(): Void" type="Object" />
                      </methods>
                    </members>
                  </method>
                  <method name="_disposePopup" url=".Anguilla.FieldBuilder.js.Tridion.FieldBuilder._disposePopup.html" visibility="prototype" rawName="Tridion.FieldBuilder.prototype._disposePopup" fullName="Tridion.FieldBuilder._disposePopup" staticName="FieldBuilder._disposePopup" synopsis="_disposePopup(popup: Object, labelUniqueId: Object): Void" synopsisExtended="_disposePopup(popup: Object, labelUniqueId: Object): Void" type="Object">
                    <arguments value="popup, labelUniqueId">
                      <argument name="popup" type="Object" />
                      <argument name="labelUniqueId" type="Object" />
                    </arguments>
                  </method>
                  <method name="onFocus" url=".Anguilla.FieldBuilder.js.Tridion.FieldBuilder.onFocus.html" visibility="prototype" rawName="Tridion.FieldBuilder.prototype.onFocus" fullName="Tridion.FieldBuilder.onFocus" staticName="FieldBuilder.onFocus" synopsis="onFocus(event: Object): Void" synopsisExtended="onFocus(event: Object): Void" type="Object">
                    <arguments value="event">
                      <argument name="event" type="Object" />
                    </arguments>
                  </method>
                  <method name="onBlur" url=".Anguilla.FieldBuilder.js.Tridion.FieldBuilder.onBlur.html" visibility="prototype" rawName="Tridion.FieldBuilder.prototype.onBlur" fullName="Tridion.FieldBuilder.onBlur" staticName="FieldBuilder.onBlur" synopsis="onBlur(event: Object): Void" synopsisExtended="onBlur(event: Object): Void" type="Object">
                    <arguments value="event">
                      <argument name="event" type="Object" />
                    </arguments>
                  </method>
                  <method name="forceBlur" url=".Anguilla.FieldBuilder.js.Tridion.FieldBuilder.forceBlur.html" visibility="prototype" rawName="Tridion.FieldBuilder.prototype.forceBlur" fullName="Tridion.FieldBuilder.forceBlur" staticName="FieldBuilder.forceBlur" synopsis="forceBlur(): Void" synopsisExtended="forceBlur(): Void" type="Object" />
                  <method name="onChange" url=".Anguilla.FieldBuilder.js.Tridion.FieldBuilder.onChange.html" visibility="prototype" rawName="Tridion.FieldBuilder.prototype.onChange" fullName="Tridion.FieldBuilder.onChange" staticName="FieldBuilder.onChange" synopsis="onChange(event: Object, fieldsChangedOnLoad: Object): Void" synopsisExtended="onChange(event: Object, fieldsChangedOnLoad: Object): Void" type="Object">
                    <arguments value="event, fieldsChangedOnLoad">
                      <argument name="event" type="Object" />
                      <argument name="fieldsChangedOnLoad" type="Object" />
                    </arguments>
                  </method>
                  <method name="onInsert" url=".Anguilla.FieldBuilder.js.Tridion.FieldBuilder.onInsert.html" visibility="prototype" rawName="Tridion.FieldBuilder.prototype.onInsert" fullName="Tridion.FieldBuilder.onInsert" staticName="FieldBuilder.onInsert" synopsis="onInsert(event: Object): Void" synopsisExtended="onInsert(event: Object): Void" type="Object">
                    <arguments value="event">
                      <argument name="event" type="Object" />
                    </arguments>
                  </method>
                  <method name="doLoad" url=".Anguilla.FieldBuilder.js.Tridion.FieldBuilder.doLoad.html" visibility="prototype" rawName="Tridion.FieldBuilder.prototype.doLoad" fullName="Tridion.FieldBuilder.doLoad" staticName="FieldBuilder.doLoad" synopsis="doLoad(): Void" synopsisExtended="doLoad(): Void" type="Object" />
                  <method name="clearContents" url=".Anguilla.FieldBuilder.js.Tridion.FieldBuilder.clearContents.html" visibility="prototype" rawName="Tridion.FieldBuilder.prototype.clearContents" fullName="Tridion.FieldBuilder.clearContents" staticName="FieldBuilder.clearContents" synopsis="clearContents(showLoading: Object): Void" synopsisExtended="clearContents(showLoading: Object): Void" type="Object">
                    <arguments value="showLoading">
                      <argument name="showLoading" type="Object" />
                    </arguments>
                  </method>
                  <method name="setup" url=".Anguilla.FieldBuilder.js.Tridion.FieldBuilder.setup.html" visibility="static" rawName="Tridion.FieldBuilder.setup" fullName="Tridion.FieldBuilder.setup" staticName="FieldBuilder.setup" synopsis="setup(): Void" synopsisExtended="setup(): Void" type="Object" />
                  <method name="create" url=".Anguilla.FieldBuilder.js.Tridion.FieldBuilder.create.html" visibility="static" rawName="Tridion.FieldBuilder.create" fullName="Tridion.FieldBuilder.create" staticName="FieldBuilder.create" synopsis="create(element: Object): Void" synopsisExtended="create(element: Object): Void" type="Object">
                    <arguments value="element">
                      <argument name="element" type="Object" />
                    </arguments>
                  </method>
                </methods>
                <properties>
                  <property name="ValidationErrors" url=".Anguilla.FieldBuilder.js.Tridion.FieldBuilder.ValidationErrors.html" visibility="instance" rawName="Tridion.FieldBuilder.ValidationErrors" fullName="Tridion.FieldBuilder.ValidationErrors" staticName="FieldBuilder.ValidationErrors" synopsis="FieldBuilder.ValidationErrors: Object;" synopsisExtended="FieldBuilder.ValidationErrors: &lt;a href=&quot;&quot;&gt;Object&lt;/a&gt;;" type="Object">
                    <members>
                      <properties>
                        <property name="MandatoryValueMissing" url=".Anguilla.FieldBuilder.js.Tridion.FieldBuilder.ValidationErrors.MandatoryValueMissing.html" visibility="instance" rawName="MandatoryValueMissing" fullName="MandatoryValueMissing" staticName="ValidationErrors.MandatoryValueMissing" synopsis="ValidationErrors.MandatoryValueMissing: Object;" synopsisExtended="ValidationErrors.MandatoryValueMissing: &lt;a href=&quot;&quot;&gt;Object&lt;/a&gt;;" type="Object" />
                        <property name="InvalidValue" url=".Anguilla.FieldBuilder.js.Tridion.FieldBuilder.ValidationErrors.InvalidValue.html" visibility="instance" rawName="InvalidValue" fullName="InvalidValue" staticName="ValidationErrors.InvalidValue" synopsis="ValidationErrors.InvalidValue: Object;" synopsisExtended="ValidationErrors.InvalidValue: &lt;a href=&quot;&quot;&gt;Object&lt;/a&gt;;" type="Object" />
                      </properties>
                    </members>
                  </property>
                </properties>
              </members>
            </class>
          </classes>
        </members>
      </property>
    </properties>
  </members>
</document>