<document name="FieldBuilderExtension.js" url="FieldBuilderExtension.js.html" visibility="default" rawName="FieldBuilderExtension.js" fullName="FieldBuilderExtension.js" staticName="Anguilla.FieldBuilderExtension.js">
  <members>
    <classes>
      <class name="Tridion" url=".Anguilla.FieldBuilderExtension.js.Tridion.html" visibility="private" rawName="Tridion" fullName="Tridion" staticName="FieldBuilderExtension.js.Tridion" synopsis="Tridion(): Void" synopsisExtended="Tridion(): Void" type="Object" virtual="true" static="true">
        <extends />
        <members>
          <classes>
            <class name="FieldBuilder" url=".Anguilla.FieldBuilderExtension.js.Tridion.FieldBuilder.html" visibility="static" rawName="Tridion.FieldBuilder" fullName="Tridion.FieldBuilder" staticName="Tridion.FieldBuilder" synopsis="var x: FieldBuilder = new FieldBuilder();" synopsisExtended="var x: &lt;a href=&quot;.Anguilla.FieldBuilderExtension.js.Tridion.FieldBuilder.html&quot;&gt;FieldBuilder&lt;/a&gt; = new FieldBuilder();" type="Object" virtual="true">
              <extends />
              <members>
                <methods>
                  <method name="executeOpenCustomUrl" url=".Anguilla.FieldBuilderExtension.js.Tridion.FieldBuilder.executeOpenCustomUrl.html" visibility="prototype" rawName="Tridion.FieldBuilder.prototype.executeOpenCustomUrl" fullName="Tridion.FieldBuilder.executeOpenCustomUrl" staticName="FieldBuilder.executeOpenCustomUrl" synopsis="executeOpenCustomUrl(url: Object, parameters: Object): Void" synopsisExtended="executeOpenCustomUrl(url: Object, parameters: Object): Void" type="Object">
                    <arguments value="url, parameters">
                      <argument name="url" type="Object" />
                      <argument name="parameters" type="Object" />
                    </arguments>
                    <members>
                      <methods>
                        <method name="replaceEvaluator" url=".Anguilla.FieldBuilderExtension.js.Tridion.FieldBuilder.executeOpenCustomUrl.replaceEvaluator.html" visibility="private" rawName="replaceEvaluator" fullName="replaceEvaluator" staticName="executeOpenCustomUrl.replaceEvaluator" synopsis="replaceEvaluator(value: Object, urlParameter: Object): Void" synopsisExtended="replaceEvaluator(value: Object, urlParameter: Object): Void" type="Object">
                          <arguments value="value, urlParameter">
                            <argument name="value" type="Object" />
                            <argument name="urlParameter" type="Object" />
                          </arguments>
                        </method>
                      </methods>
                    </members>
                  </method>
                </methods>
              </members>
            </class>
          </classes>
        </members>
      </class>
    </classes>
  </members>
</document>