<document name="FieldWithListAndCategory.js" url="FieldWithListAndCategory.js.html" visibility="default" rawName="FieldWithListAndCategory.js" fullName="FieldWithListAndCategory.js" staticName="Anguilla.FieldWithListAndCategory.js">
  <members>
    <properties>
      <property name="Tridion" url=".Anguilla.FieldWithListAndCategory.js.Tridion.html" visibility="public" rawName="Tridion" fullName="Tridion" staticName="FieldWithListAndCategory.js.Tridion" synopsis="FieldWithListAndCategory.js.Tridion: Object;" synopsisExtended="FieldWithListAndCategory.js.Tridion: &lt;a href=&quot;&quot;&gt;Object&lt;/a&gt;;" type="Object" virtual="true">
        <members>
          <properties>
            <property name="Controls" url=".Anguilla.FieldWithListAndCategory.js.Tridion.Controls.html" visibility="static" rawName="Tridion.Controls" fullName="Tridion.Controls" staticName="Tridion.Controls" synopsis="Tridion.Controls: Object;" synopsisExtended="Tridion.Controls: &lt;a href=&quot;&quot;&gt;Object&lt;/a&gt;;" type="Object" virtual="true">
              <members>
                <properties>
                  <property name="FieldDesigner" url=".Anguilla.FieldWithListAndCategory.js.Tridion.Controls.FieldDesigner.html" visibility="static" rawName="Tridion.Controls.FieldDesigner" fullName="Tridion.Controls.FieldDesigner" staticName="Controls.FieldDesigner" synopsis="Controls.FieldDesigner: Object;" synopsisExtended="Controls.FieldDesigner: &lt;a href=&quot;&quot;&gt;Object&lt;/a&gt;;" type="Object" virtual="true">
                    <members>
                      <classes>
                        <class name="FieldWithListAndCategory" url=".Anguilla.FieldWithListAndCategory.js.Tridion.Controls.FieldDesigner.FieldWithListAndCategory.html" visibility="static" rawName="Tridion.Controls.FieldDesigner.FieldWithListAndCategory" fullName="Tridion.Controls.FieldDesigner.FieldWithListAndCategory" staticName="FieldDesigner.FieldWithListAndCategory" synopsis="var x: FieldWithListAndCategory = new FieldWithListAndCategory(element: Object);" synopsisExtended="var x: &lt;a href=&quot;.Anguilla.FieldWithListAndCategory.js.Tridion.Controls.FieldDesigner.FieldWithListAndCategory.html&quot;&gt;FieldWithListAndCategory&lt;/a&gt; = new FieldWithListAndCategory(element: Object);" type="Object">
                          <arguments value="element">
                            <argument name="element" type="Object" />
                          </arguments>
                          <extends />
                          <documentation rawString="&#xA; * Implements the field with list and category for FieldDesigner control&#xA; * @constructor&#xA; ">
                            <summary>Implements the field with list and category for FieldDesigner control</summary>
                          </documentation>
                          <members>
                            <methods>
                              <method name="onRefresh" url=".Anguilla.FieldWithListAndCategory.js.Tridion.Controls.FieldDesigner.FieldWithListAndCategory.onRefresh.html" visibility="prototype" rawName="Tridion.Controls.FieldDesigner.FieldWithListAndCategory.prototype.onRefresh" fullName="Tridion.Controls.FieldDesigner.FieldWithListAndCategory.onRefresh" staticName="FieldWithListAndCategory.onRefresh" synopsis="onRefresh(The: e.): Void" synopsisExtended="onRefresh(The: e.): Void" type="Object">
                                <arguments value="e">
                                  <argument name="The" type="e." description="event is fired from the &lt;c&gt;Tridion.DisplayController&lt;/c&gt;." />
                                </arguments>
                                <documentation rawString="&#xA; * Reacts on Display Refresh event.&#xA; * @param {Tridion.Core.Event} e. The event is fired from the &lt;c&gt;Tridion.DisplayController&lt;/c&gt;.&#xA; ">
                                  <summary>Reacts on Display Refresh event.</summary>
                                </documentation>
                              </method>
                              <method name="setDisabled" url=".Anguilla.FieldWithListAndCategory.js.Tridion.Controls.FieldDesigner.FieldWithListAndCategory.setDisabled.html" visibility="prototype" rawName="Tridion.Controls.FieldDesigner.FieldWithListAndCategory.prototype.setDisabled" fullName="Tridion.Controls.FieldDesigner.FieldWithListAndCategory.setDisabled" staticName="FieldWithListAndCategory.setDisabled" synopsis="setDisabled(isReadOnly: Boolean): Void" synopsisExtended="setDisabled(isReadOnly: Boolean): Void" type="Object">
                                <arguments value="isReadOnly">
                                  <argument name="isReadOnly" type="Boolean" description="True to set the control to readonly, otherwise false" />
                                </arguments>
                                <documentation rawString="&#xA; * Sets the value of the readOnly property and updates the state of the browse and open buttons accordingly&#xA; * @param {Boolean} isReadOnly True to set the control to readonly, otherwise false&#xA; ">
                                  <summary>Sets the value of the readOnly property and updates the state of the browse and open buttons accordingly</summary>
                                </documentation>
                              </method>
                              <method name="_setXml$DefaultValue" url=".Anguilla.FieldWithListAndCategory.js.Tridion.Controls.FieldDesigner.FieldWithListAndCategory._setXml$DefaultValue.html" visibility="prototype" rawName="Tridion.Controls.FieldDesigner.FieldWithListAndCategory.prototype._setXml$DefaultValue" fullName="Tridion.Controls.FieldDesigner.FieldWithListAndCategory._setXml$DefaultValue" staticName="FieldWithListAndCategory._setXml$DefaultValue" synopsis="_setXml$DefaultValue(fieldXml: XMLElement): Void" synopsisExtended="_setXml$DefaultValue(fieldXml: XMLElement): Void" type="Object">
                                <arguments value="fieldXml">
                                  <argument name="fieldXml" type="XMLElement" description="The XML representation of fields." />
                                </arguments>
                                <documentation rawString="&#xA; * Sets field default value according to field XML representation.&#xA; * @param {XMLElement} fieldXml The XML representation of fields.&#xA; ">
                                  <summary>Sets field default value according to field XML representation.</summary>
                                </documentation>
                              </method>
                              <method name="_set$DefaultValue" url=".Anguilla.FieldWithListAndCategory.js.Tridion.Controls.FieldDesigner.FieldWithListAndCategory._set$DefaultValue.html" visibility="prototype" rawName="Tridion.Controls.FieldDesigner.FieldWithListAndCategory.prototype._set$DefaultValue" fullName="Tridion.Controls.FieldDesigner.FieldWithListAndCategory._set$DefaultValue" staticName="FieldWithListAndCategory._set$DefaultValue" synopsis="_set$DefaultValue(defaultValue: String, defaultValueTitle: String): Void" synopsisExtended="_set$DefaultValue(defaultValue: String, defaultValueTitle: String): Void" type="Object">
                                <arguments value="defaultValue, defaultValueTitle">
                                  <argument name="defaultValue" type="String" description="TCM item Id." />
                                  <argument name="defaultValueTitle" type="String" description="TCM item title." />
                                </arguments>
                                <documentation rawString="&#xA; * Sets field default value.&#xA; * @param {String} defaultValue TCM item Id.&#xA; * @param {String} defaultValueTitle TCM item title. &#xA; ">
                                  <summary>Sets field default value.</summary>
                                </documentation>
                              </method>
                              <method name="_set$ListValues" url=".Anguilla.FieldWithListAndCategory.js.Tridion.Controls.FieldDesigner.FieldWithListAndCategory._set$ListValues.html" visibility="prototype" rawName="Tridion.Controls.FieldDesigner.FieldWithListAndCategory.prototype._set$ListValues" fullName="Tridion.Controls.FieldDesigner.FieldWithListAndCategory._set$ListValues" staticName="FieldWithListAndCategory._set$ListValues" synopsis="_set$ListValues(fieldXml: XMLElement): Void" synopsisExtended="_set$ListValues(fieldXml: XMLElement): Void" type="Object">
                                <arguments value="fieldXml">
                                  <argument name="fieldXml" type="XMLElement" description="The XML representation of fields." />
                                </arguments>
                                <documentation rawString="&#xA; * Fills list values Xml.&#xA; * @param {XMLElement} fieldXml The XML representation of fields.&#xA; ">
                                  <summary>Fills list values Xml.</summary>
                                </documentation>
                              </method>
                              <method name="_set$ListType" url=".Anguilla.FieldWithListAndCategory.js.Tridion.Controls.FieldDesigner.FieldWithListAndCategory._set$ListType.html" visibility="prototype" rawName="Tridion.Controls.FieldDesigner.FieldWithListAndCategory.prototype._set$ListType" fullName="Tridion.Controls.FieldDesigner.FieldWithListAndCategory._set$ListType" staticName="FieldWithListAndCategory._set$ListType" synopsis="_set$ListType(listType: Object): Void" synopsisExtended="_set$ListType(listType: Object): Void" type="Object">
                                <arguments value="listType">
                                  <argument name="listType" type="Object" />
                                </arguments>
                                <documentation rawString="&#xA; * List Types&#xA; ">
                                  <summary>List Types</summary>
                                </documentation>
                              </method>
                              <method name="_onIsCategoryFieldChange" url=".Anguilla.FieldWithListAndCategory.js.Tridion.Controls.FieldDesigner.FieldWithListAndCategory._onIsCategoryFieldChange.html" visibility="prototype" rawName="Tridion.Controls.FieldDesigner.FieldWithListAndCategory.prototype._onIsCategoryFieldChange" fullName="Tridion.Controls.FieldDesigner.FieldWithListAndCategory._onIsCategoryFieldChange" staticName="FieldWithListAndCategory._onIsCategoryFieldChange" synopsis="_onIsCategoryFieldChange(The: e.): Void" synopsisExtended="_onIsCategoryFieldChange(The: e.): Void" type="Object">
                                <arguments value="e">
                                  <argument name="The" type="e." description="event is the event fired from the html field." />
                                </arguments>
                                <documentation rawString="&#xA; * Handles the change events from html field.&#xA; * @param {Tridion.Core.Event} e. The event is the event fired from the html field.&#xA; ">
                                  <summary>Handles the change events from html field.</summary>
                                </documentation>
                              </method>
                              <method name="initialize" url=".Anguilla.FieldWithListAndCategory.js.Tridion.Controls.FieldDesigner.FieldWithListAndCategory.initialize.html" visibility="private" rawName="Tridion.Controls.FieldDesigner.FieldWithListAndCategory.prototype.initialize" fullName="Tridion.Controls.FieldDesigner.FieldWithListAndCategory.initialize" staticName="FieldWithListAndCategory.initialize" synopsis="initialize(fieldXml: XMLElement): Void" synopsisExtended="initialize(fieldXml: XMLElement): Void" type="Object">
                                <arguments value="fieldXml">
                                  <argument name="fieldXml" type="XMLElement" description="The XML representation of fields." />
                                </arguments>
                                <documentation rawString="&#xA; * Initializes the FieldWithListAndCategory field&#xA; * @param {XMLElement} fieldXml The XML representation of fields.  &#xA; * @private&#xA; ">
                                  <summary>Initializes the FieldWithListAndCategory field</summary>
                                </documentation>
                              </method>
                              <method name="_getKeywordSelectControl" url=".Anguilla.FieldWithListAndCategory.js.Tridion.Controls.FieldDesigner.FieldWithListAndCategory._getKeywordSelectControl.html" visibility="private" rawName="Tridion.Controls.FieldDesigner.FieldWithListAndCategory.prototype._getKeywordSelectControl" fullName="Tridion.Controls.FieldDesigner.FieldWithListAndCategory._getKeywordSelectControl" staticName="FieldWithListAndCategory._getKeywordSelectControl" synopsis="_getKeywordSelectControl(categoryId: String): Tridion.Controls.ItemSelectControl" synopsisExtended="_getKeywordSelectControl(categoryId: String): Tridion.Controls.ItemSelectControl" type="Object">
                                <arguments value="categoryId">
                                  <argument name="categoryId" type="String" description="Category Id." />
                                </arguments>
                                <documentation rawString="&#xA; * Gets Keyword select control.&#xA; * @private  &#xA; * @param  {String} categoryId Category Id.&#xA; * @returns {Tridion.Controls.ItemSelectControl} Item select control.&#xA; ">
                                  <summary>Gets Keyword select control.</summary>
                                </documentation>
                                <returns type="Tridion.Controls.ItemSelectControl" description="Item select control." />
                              </method>
                              <method name="_initializeRelatedFields" url=".Anguilla.FieldWithListAndCategory.js.Tridion.Controls.FieldDesigner.FieldWithListAndCategory._initializeRelatedFields.html" visibility="private" rawName="Tridion.Controls.FieldDesigner.FieldWithListAndCategory.prototype._initializeRelatedFields" fullName="Tridion.Controls.FieldDesigner.FieldWithListAndCategory._initializeRelatedFields" staticName="FieldWithListAndCategory._initializeRelatedFields" synopsis="_initializeRelatedFields(): Void" synopsisExtended="_initializeRelatedFields(): Void" type="Object">
                                <documentation rawString="&#xA; * Related fields initilization.&#xA; * @private &#xA; ">
                                  <summary>Related fields initilization.</summary>
                                </documentation>
                              </method>
                              <method name="_deinitializeRelatedFields" url=".Anguilla.FieldWithListAndCategory.js.Tridion.Controls.FieldDesigner.FieldWithListAndCategory._deinitializeRelatedFields.html" visibility="private" rawName="Tridion.Controls.FieldDesigner.FieldWithListAndCategory.prototype._deinitializeRelatedFields" fullName="Tridion.Controls.FieldDesigner.FieldWithListAndCategory._deinitializeRelatedFields" staticName="FieldWithListAndCategory._deinitializeRelatedFields" synopsis="_deinitializeRelatedFields(): Void" synopsisExtended="_deinitializeRelatedFields(): Void" type="Object">
                                <documentation rawString="&#xA; * Related fields deinitilization.&#xA; * @private &#xA; ">
                                  <summary>Related fields deinitilization.</summary>
                                </documentation>
                              </method>
                              <method name="_attachFieldsEvents" url=".Anguilla.FieldWithListAndCategory.js.Tridion.Controls.FieldDesigner.FieldWithListAndCategory._attachFieldsEvents.html" visibility="private" rawName="Tridion.Controls.FieldDesigner.FieldWithListAndCategory.prototype._attachFieldsEvents" fullName="Tridion.Controls.FieldDesigner.FieldWithListAndCategory._attachFieldsEvents" staticName="FieldWithListAndCategory._attachFieldsEvents" synopsis="_attachFieldsEvents(): Void" synopsisExtended="_attachFieldsEvents(): Void" type="Object">
                                <documentation rawString="&#xA; * Attaching fields events.&#xA; * @private &#xA; ">
                                  <summary>Attaching fields events.</summary>
                                </documentation>
                              </method>
                              <method name="_deattachFieldsEvents" url=".Anguilla.FieldWithListAndCategory.js.Tridion.Controls.FieldDesigner.FieldWithListAndCategory._deattachFieldsEvents.html" visibility="private" rawName="Tridion.Controls.FieldDesigner.FieldWithListAndCategory.prototype._deattachFieldsEvents" fullName="Tridion.Controls.FieldDesigner.FieldWithListAndCategory._deattachFieldsEvents" staticName="FieldWithListAndCategory._deattachFieldsEvents" synopsis="_deattachFieldsEvents(): Void" synopsisExtended="_deattachFieldsEvents(): Void" type="Object">
                                <documentation rawString="&#xA; * Removing fields events.&#xA; * @private &#xA; ">
                                  <summary>Removing fields events.</summary>
                                </documentation>
                              </method>
                              <method name="_appendListNode" url=".Anguilla.FieldWithListAndCategory.js.Tridion.Controls.FieldDesigner.FieldWithListAndCategory._appendListNode.html" visibility="private" rawName="Tridion.Controls.FieldDesigner.FieldWithListAndCategory.prototype._appendListNode" fullName="Tridion.Controls.FieldDesigner.FieldWithListAndCategory._appendListNode" staticName="FieldWithListAndCategory._appendListNode" synopsis="_appendListNode(xml: Object): Void" synopsisExtended="_appendListNode(xml: Object): Void" type="Object">
                                <arguments value="xml">
                                  <argument name="xml" type="Object" />
                                </arguments>
                                <documentation rawString="&#xA; * Appends list XML node to the field XML representation.&#xA; * {XMLDocument} xmlDoc XML representation of the field.&#xA; * @private &#xA; ">
                                  <summary>Appends list XML node to the field XML representation.</summary>
                                  <description>{XMLDocument} xmlDoc XML representation of the field.</description>
                                </documentation>
                              </method>
                              <method name="_appendDefaultNode" url=".Anguilla.FieldWithListAndCategory.js.Tridion.Controls.FieldDesigner.FieldWithListAndCategory._appendDefaultNode.html" visibility="private" rawName="Tridion.Controls.FieldDesigner.FieldWithListAndCategory.prototype._appendDefaultNode" fullName="Tridion.Controls.FieldDesigner.FieldWithListAndCategory._appendDefaultNode" staticName="FieldWithListAndCategory._appendDefaultNode" synopsis="_appendDefaultNode(xml: Object): Void" synopsisExtended="_appendDefaultNode(xml: Object): Void" type="Object">
                                <arguments value="xml">
                                  <argument name="xml" type="Object" />
                                </arguments>
                                <documentation rawString="&#xA; * Appends default value XML node to the field XML representation.&#xA; * {XMLDocument} xmlDoc XML representation of the field.&#xA; * @private &#xA; ">
                                  <summary>Appends default value XML node to the field XML representation.</summary>
                                  <description>{XMLDocument} xmlDoc XML representation of the field.</description>
                                </documentation>
                              </method>
                              <method name="_initialize$List" url=".Anguilla.FieldWithListAndCategory.js.Tridion.Controls.FieldDesigner.FieldWithListAndCategory._initialize$List.html" visibility="private" rawName="Tridion.Controls.FieldDesigner.FieldWithListAndCategory.prototype._initialize$List" fullName="Tridion.Controls.FieldDesigner.FieldWithListAndCategory._initialize$List" staticName="FieldWithListAndCategory._initialize$List" synopsis="_initialize$List(): Void" synopsisExtended="_initialize$List(): Void" type="Object">
                                <documentation rawString="&#xA; * List values initilization.&#xA; * @private &#xA; ">
                                  <summary>List values initilization.</summary>
                                </documentation>
                              </method>
                              <method name="_deinitialize$List" url=".Anguilla.FieldWithListAndCategory.js.Tridion.Controls.FieldDesigner.FieldWithListAndCategory._deinitialize$List.html" visibility="private" rawName="Tridion.Controls.FieldDesigner.FieldWithListAndCategory.prototype._deinitialize$List" fullName="Tridion.Controls.FieldDesigner.FieldWithListAndCategory._deinitialize$List" staticName="FieldWithListAndCategory._deinitialize$List" synopsis="_deinitialize$List(): Void" synopsisExtended="_deinitialize$List(): Void" type="Object">
                                <documentation rawString="&#xA; * List values de-initilization.&#xA; * @private &#xA; ">
                                  <summary>List values de-initilization.</summary>
                                </documentation>
                              </method>
                              <method name="_displayRelatedFields$List" url=".Anguilla.FieldWithListAndCategory.js.Tridion.Controls.FieldDesigner.FieldWithListAndCategory._displayRelatedFields$List.html" visibility="private" rawName="Tridion.Controls.FieldDesigner.FieldWithListAndCategory.prototype._displayRelatedFields$List" fullName="Tridion.Controls.FieldDesigner.FieldWithListAndCategory._displayRelatedFields$List" staticName="FieldWithListAndCategory._displayRelatedFields$List" synopsis="_displayRelatedFields$List(isDisplayed: Boolean): Void" synopsisExtended="_displayRelatedFields$List(isDisplayed: Boolean): Void" type="Object">
                                <arguments value="isDisplayed">
                                  <argument name="isDisplayed" type="Boolean" description="true to display the fields, otherwise false" />
                                </arguments>
                                <documentation rawString="&#xA; * Display field related fields&#xA; * @private  &#xA; * @param {Boolean} isDisplayed true to display the fields, otherwise false&#xA; ">
                                  <summary>Display field related fields</summary>
                                </documentation>
                              </method>
                              <method name="_initialize$Category" url=".Anguilla.FieldWithListAndCategory.js.Tridion.Controls.FieldDesigner.FieldWithListAndCategory._initialize$Category.html" visibility="private" rawName="Tridion.Controls.FieldDesigner.FieldWithListAndCategory.prototype._initialize$Category" fullName="Tridion.Controls.FieldDesigner.FieldWithListAndCategory._initialize$Category" staticName="FieldWithListAndCategory._initialize$Category" synopsis="_initialize$Category(): Void" synopsisExtended="_initialize$Category(): Void" type="Object">
                                <documentation rawString="&#xA; * Category section initilization.&#xA; * @private &#xA; ">
                                  <summary>Category section initilization.</summary>
                                </documentation>
                              </method>
                              <method name="_deinitialize$Category" url=".Anguilla.FieldWithListAndCategory.js.Tridion.Controls.FieldDesigner.FieldWithListAndCategory._deinitialize$Category.html" visibility="private" rawName="Tridion.Controls.FieldDesigner.FieldWithListAndCategory.prototype._deinitialize$Category" fullName="Tridion.Controls.FieldDesigner.FieldWithListAndCategory._deinitialize$Category" staticName="FieldWithListAndCategory._deinitialize$Category" synopsis="_deinitialize$Category(): Void" synopsisExtended="_deinitialize$Category(): Void" type="Object">
                                <documentation rawString="&#xA; * Category section deinitilization.&#xA; * @private &#xA; ">
                                  <summary>Category section deinitilization.</summary>
                                </documentation>
                              </method>
                              <method name="_displayRelatedFields$Category" url=".Anguilla.FieldWithListAndCategory.js.Tridion.Controls.FieldDesigner.FieldWithListAndCategory._displayRelatedFields$Category.html" visibility="private" rawName="Tridion.Controls.FieldDesigner.FieldWithListAndCategory.prototype._displayRelatedFields$Category" fullName="Tridion.Controls.FieldDesigner.FieldWithListAndCategory._displayRelatedFields$Category" staticName="FieldWithListAndCategory._displayRelatedFields$Category" synopsis="_displayRelatedFields$Category(isDisplayed: Boolean): Void" synopsisExtended="_displayRelatedFields$Category(isDisplayed: Boolean): Void" type="Object">
                                <arguments value="isDisplayed">
                                  <argument name="isDisplayed" type="Boolean" description="true to display the fields, otherwise false" />
                                </arguments>
                                <documentation rawString="&#xA; * Display field related fields&#xA;* @private  &#xA; * @param {Boolean} isDisplayed true to display the fields, otherwise false&#xA; ">
                                  <summary>Display field related fields</summary>
                                </documentation>
                              </method>
                              <method name="_apply$ListType" url=".Anguilla.FieldWithListAndCategory.js.Tridion.Controls.FieldDesigner.FieldWithListAndCategory._apply$ListType.html" visibility="private" rawName="Tridion.Controls.FieldDesigner.FieldWithListAndCategory.prototype._apply$ListType" fullName="Tridion.Controls.FieldDesigner.FieldWithListAndCategory._apply$ListType" staticName="FieldWithListAndCategory._apply$ListType" synopsis="_apply$ListType(Index: selectedIndex.): Void" synopsisExtended="_apply$ListType(Index: selectedIndex.): Void" type="Object">
                                <arguments value="selectedIndex">
                                  <argument name="Index" type="selectedIndex." description="of list type." />
                                </arguments>
                                <documentation rawString="&#xA; * Shows/hides, disable/enable related field for list type.&#xA; * @private  &#xA; * @param {Number} selectedIndex. Index of list type.&#xA; ">
                                  <summary>Shows/hides, disable/enable related field for list type.</summary>
                                </documentation>
                              </method>
                              <method name="_onCategoryListLoadContent" url=".Anguilla.FieldWithListAndCategory.js.Tridion.Controls.FieldDesigner.FieldWithListAndCategory._onCategoryListLoadContent.html" visibility="private" rawName="Tridion.Controls.FieldDesigner.FieldWithListAndCategory.prototype._onCategoryListLoadContent" fullName="Tridion.Controls.FieldDesigner.FieldWithListAndCategory._onCategoryListLoadContent" staticName="FieldWithListAndCategory._onCategoryListLoadContent" synopsis="_onCategoryListLoadContent(The: e.): Void" synopsisExtended="_onCategoryListLoadContent(The: e.): Void" type="Object">
                                <arguments value="">
                                  <argument name="The" type="e." description="event is fired from the &lt;c&gt;Tridion.Controls.List&lt;/c&gt;." />
                                </arguments>
                                <documentation rawString="&#xA; * Reacts on list content load event.&#xA; * @private   &#xA; * @param {Tridion.Core.Event} e. The event is fired from the &lt;c&gt;Tridion.Controls.List&lt;/c&gt;.&#xA; ">
                                  <summary>Reacts on list content load event.</summary>
                                </documentation>
                              </method>
                              <method name="_onCategoryChange" url=".Anguilla.FieldWithListAndCategory.js.Tridion.Controls.FieldDesigner.FieldWithListAndCategory._onCategoryChange.html" visibility="private" rawName="Tridion.Controls.FieldDesigner.FieldWithListAndCategory.prototype._onCategoryChange" fullName="Tridion.Controls.FieldDesigner.FieldWithListAndCategory._onCategoryChange" staticName="FieldWithListAndCategory._onCategoryChange" synopsis="_onCategoryChange(event: Tridion.Core.Event): Void" synopsisExtended="_onCategoryChange(event: Tridion.Core.Event): Void" type="Object">
                                <arguments value="event">
                                  <argument name="event" type="Tridion.Core.Event" description="The event is the event fired from the &lt;c&gt;Tridion.Controls.Dropdown&lt;/c&gt; control." />
                                </arguments>
                                <documentation rawString="&#xA; * Handles the change events from Dropdown.&#xA; * @private   &#xA; * @param {Tridion.Core.Event} event The event is the event fired from the &lt;c&gt;Tridion.Controls.Dropdown&lt;/c&gt; control.&#xA; ">
                                  <summary>Handles the change events from Dropdown.</summary>
                                </documentation>
                              </method>
                              <method name="_loadCategoryList" url=".Anguilla.FieldWithListAndCategory.js.Tridion.Controls.FieldDesigner.FieldWithListAndCategory._loadCategoryList.html" visibility="private" rawName="Tridion.Controls.FieldDesigner.FieldWithListAndCategory.prototype._loadCategoryList" fullName="Tridion.Controls.FieldDesigner.FieldWithListAndCategory._loadCategoryList" staticName="FieldWithListAndCategory._loadCategoryList" synopsis="_loadCategoryList(): Void" synopsisExtended="_loadCategoryList(): Void" type="Object">
                                <documentation rawString="&#xA; * Load List categories&#xA; * @private   &#xA; ">
                                  <summary>Load List categories</summary>
                                </documentation>
                                <members>
                                  <methods>
                                    <method name="FieldDesigner$_loadCategoryDropdown" url=".Anguilla.FieldWithListAndCategory.js.Tridion.Controls.FieldDesigner.FieldWithListAndCategory._loadCategoryList.FieldDesigner$_loadCategoryDropdown.html" visibility="private" rawName="FieldDesigner$_loadCategoryDropdown" fullName="FieldDesigner$_loadCategoryDropdown" staticName="_loadCategoryList.FieldDesigner$_loadCategoryDropdown" synopsis="FieldDesigner$_loadCategoryDropdown(): Void" synopsisExtended="FieldDesigner$_loadCategoryDropdown(): Void" type="Object" />
                                  </methods>
                                </members>
                              </method>
                            </methods>
                          </members>
                        </class>
                      </classes>
                    </members>
                  </property>
                </properties>
              </members>
            </property>
          </properties>
        </members>
      </property>
    </properties>
  </members>
</document>