<document name="FloatBox.js" url="FloatBox.js.html" visibility="default" rawName="FloatBox.js" fullName="FloatBox.js" staticName="Anguilla.FloatBox.js">
  <members>
    <properties>
      <property name="Tridion" url=".Anguilla.FloatBox.js.Tridion.html" visibility="public" rawName="Tridion" fullName="Tridion" staticName="FloatBox.js.Tridion" synopsis="FloatBox.js.Tridion: Object;" synopsisExtended="FloatBox.js.Tridion: &lt;a href=&quot;&quot;&gt;Object&lt;/a&gt;;" type="Object" virtual="true">
        <members>
          <properties>
            <property name="Controls" url=".Anguilla.FloatBox.js.Tridion.Controls.html" visibility="static" rawName="Tridion.Controls" fullName="Tridion.Controls" staticName="Tridion.Controls" synopsis="Tridion.Controls: Object;" synopsisExtended="Tridion.Controls: &lt;a href=&quot;&quot;&gt;Object&lt;/a&gt;;" type="Object" virtual="true">
              <members>
                <classes>
                  <class name="FloatBox" url=".Anguilla.FloatBox.js.Tridion.Controls.FloatBox.html" visibility="static" rawName="Tridion.Controls.FloatBox" fullName="Tridion.Controls.FloatBox" staticName="Controls.FloatBox" synopsis="var x: FloatBox = new FloatBox(element: Object);" synopsisExtended="var x: &lt;a href=&quot;.Anguilla.FloatBox.js.Tridion.Controls.FloatBox.html&quot;&gt;FloatBox&lt;/a&gt; = new FloatBox(element: Object);" type="Object">
                    <arguments value="element">
                      <argument name="element" type="Object" />
                    </arguments>
                    <extends />
                    <members>
                      <methods>
                        <method name="initialize" url=".Anguilla.FloatBox.js.Tridion.Controls.FloatBox.initialize.html" visibility="prototype" rawName="Tridion.Controls.FloatBox.prototype.initialize" fullName="Tridion.Controls.FloatBox.initialize" staticName="FloatBox.initialize" synopsis="initialize(): Void" synopsisExtended="initialize(): Void" type="Object" />
                        <method name="isHidden" url=".Anguilla.FloatBox.js.Tridion.Controls.FloatBox.isHidden.html" visibility="prototype" rawName="Tridion.Controls.FloatBox.prototype.isHidden" fullName="Tridion.Controls.FloatBox.isHidden" staticName="FloatBox.isHidden" synopsis="isHidden(): Void" synopsisExtended="isHidden(): Void" type="Object" />
                        <method name="hasFocus" url=".Anguilla.FloatBox.js.Tridion.Controls.FloatBox.hasFocus.html" visibility="prototype" rawName="Tridion.Controls.FloatBox.prototype.hasFocus" fullName="Tridion.Controls.FloatBox.hasFocus" staticName="FloatBox.hasFocus" synopsis="hasFocus(): Void" synopsisExtended="hasFocus(): Void" type="Object" />
                        <method name="getTrigger" url=".Anguilla.FloatBox.js.Tridion.Controls.FloatBox.getTrigger.html" visibility="prototype" rawName="Tridion.Controls.FloatBox.prototype.getTrigger" fullName="Tridion.Controls.FloatBox.getTrigger" staticName="FloatBox.getTrigger" synopsis="getTrigger(): Void" synopsisExtended="getTrigger(): Void" type="Object" />
                        <method name="setTrigger" url=".Anguilla.FloatBox.js.Tridion.Controls.FloatBox.setTrigger.html" visibility="prototype" rawName="Tridion.Controls.FloatBox.prototype.setTrigger" fullName="Tridion.Controls.FloatBox.setTrigger" staticName="FloatBox.setTrigger" synopsis="setTrigger(trigger: Object): Void" synopsisExtended="setTrigger(trigger: Object): Void" type="Object">
                          <arguments value="trigger">
                            <argument name="trigger" type="Object" />
                          </arguments>
                        </method>
                        <method name="getDimensions" url=".Anguilla.FloatBox.js.Tridion.Controls.FloatBox.getDimensions.html" visibility="prototype" rawName="Tridion.Controls.FloatBox.prototype.getDimensions" fullName="Tridion.Controls.FloatBox.getDimensions" staticName="FloatBox.getDimensions" synopsis="getDimensions(): Void" synopsisExtended="getDimensions(): Void" type="Object" />
                        <method name="getPosition" url=".Anguilla.FloatBox.js.Tridion.Controls.FloatBox.getPosition.html" visibility="prototype" rawName="Tridion.Controls.FloatBox.prototype.getPosition" fullName="Tridion.Controls.FloatBox.getPosition" staticName="FloatBox.getPosition" synopsis="getPosition(): Void" synopsisExtended="getPosition(): Void" type="Object" />
                        <method name="setPosition" url=".Anguilla.FloatBox.js.Tridion.Controls.FloatBox.setPosition.html" visibility="prototype" rawName="Tridion.Controls.FloatBox.prototype.setPosition" fullName="Tridion.Controls.FloatBox.setPosition" staticName="FloatBox.setPosition" synopsis="setPosition(coords: Object): Void" synopsisExtended="setPosition(coords: Object): Void" type="Object">
                          <arguments value="coords">
                            <argument name="coords" type="Object" />
                          </arguments>
                        </method>
                        <method name="show" url=".Anguilla.FloatBox.js.Tridion.Controls.FloatBox.show.html" visibility="prototype" rawName="Tridion.Controls.FloatBox.prototype.show" fullName="Tridion.Controls.FloatBox.show" staticName="FloatBox.show" synopsis="show(): Void" synopsisExtended="show(): Void" type="Object" />
                        <method name="hide" url=".Anguilla.FloatBox.js.Tridion.Controls.FloatBox.hide.html" visibility="prototype" rawName="Tridion.Controls.FloatBox.prototype.hide" fullName="Tridion.Controls.FloatBox.hide" staticName="FloatBox.hide" synopsis="hide(): Void" synopsisExtended="hide(): Void" type="Object" />
                        <method name="_onFocus" url=".Anguilla.FloatBox.js.Tridion.Controls.FloatBox._onFocus.html" visibility="prototype" rawName="Tridion.Controls.FloatBox.prototype._onFocus" fullName="Tridion.Controls.FloatBox._onFocus" staticName="FloatBox._onFocus" synopsis="_onFocus(event: Object): Void" synopsisExtended="_onFocus(event: Object): Void" type="Object">
                          <arguments value="event">
                            <argument name="event" type="Object" />
                          </arguments>
                        </method>
                        <method name="_onNativeBlur" url=".Anguilla.FloatBox.js.Tridion.Controls.FloatBox._onNativeBlur.html" visibility="prototype" rawName="Tridion.Controls.FloatBox.prototype._onNativeBlur" fullName="Tridion.Controls.FloatBox._onNativeBlur" staticName="FloatBox._onNativeBlur" synopsis="_onNativeBlur(event: Object): Void" synopsisExtended="_onNativeBlur(event: Object): Void" type="Object">
                          <arguments value="event">
                            <argument name="event" type="Object" />
                          </arguments>
                        </method>
                        <method name="_onBlur" url=".Anguilla.FloatBox.js.Tridion.Controls.FloatBox._onBlur.html" visibility="prototype" rawName="Tridion.Controls.FloatBox.prototype._onBlur" fullName="Tridion.Controls.FloatBox._onBlur" staticName="FloatBox._onBlur" synopsis="_onBlur(event: Object): Void" synopsisExtended="_onBlur(event: Object): Void" type="Object">
                          <arguments value="event">
                            <argument name="event" type="Object" />
                          </arguments>
                        </method>
                        <method name="_onKeyboardEvent" url=".Anguilla.FloatBox.js.Tridion.Controls.FloatBox._onKeyboardEvent.html" visibility="prototype" rawName="Tridion.Controls.FloatBox.prototype._onKeyboardEvent" fullName="Tridion.Controls.FloatBox._onKeyboardEvent" staticName="FloatBox._onKeyboardEvent" synopsis="_onKeyboardEvent(event: Object): Void" synopsisExtended="_onKeyboardEvent(event: Object): Void" type="Object">
                          <arguments value="event">
                            <argument name="event" type="Object" />
                          </arguments>
                        </method>
                        <method name="_onKeyDown" url=".Anguilla.FloatBox.js.Tridion.Controls.FloatBox._onKeyDown.html" visibility="prototype" rawName="Tridion.Controls.FloatBox.prototype._onKeyDown" fullName="Tridion.Controls.FloatBox._onKeyDown" staticName="FloatBox._onKeyDown" synopsis="_onKeyDown(event: Object): Void" synopsisExtended="_onKeyDown(event: Object): Void" type="Object">
                          <arguments value="event">
                            <argument name="event" type="Object" />
                          </arguments>
                        </method>
                        <method name="_onKeyUp" url=".Anguilla.FloatBox.js.Tridion.Controls.FloatBox._onKeyUp.html" visibility="prototype" rawName="Tridion.Controls.FloatBox.prototype._onKeyUp" fullName="Tridion.Controls.FloatBox._onKeyUp" staticName="FloatBox._onKeyUp" synopsis="_onKeyUp(event: Object): Void" synopsisExtended="_onKeyUp(event: Object): Void" type="Object">
                          <arguments value="event">
                            <argument name="event" type="Object" />
                          </arguments>
                        </method>
                        <method name="_onNativeFocus" url=".Anguilla.FloatBox.js.Tridion.Controls.FloatBox._onNativeFocus.html" visibility="prototype" rawName="Tridion.Controls.FloatBox.prototype._onNativeFocus" fullName="Tridion.Controls.FloatBox._onNativeFocus" staticName="FloatBox._onNativeFocus" synopsis="_onNativeFocus(event: Object): Void" synopsisExtended="_onNativeFocus(event: Object): Void" type="Object">
                          <arguments value="event">
                            <argument name="event" type="Object" />
                          </arguments>
                        </method>
                        <method name="createElement" url=".Anguilla.FloatBox.js.Tridion.Controls.FloatBox.createElement.html" visibility="static" rawName="Tridion.Controls.FloatBox.createElement" fullName="Tridion.Controls.FloatBox.createElement" staticName="FloatBox.createElement" synopsis="createElement(settings: Object, doc: Object): Void" synopsisExtended="createElement(settings: Object, doc: Object): Void" type="Object">
                          <arguments value="settings, doc">
                            <argument name="settings" type="Object" />
                            <argument name="doc" type="Object" />
                          </arguments>
                        </method>
                      </methods>
                    </members>
                  </class>
                </classes>
              </members>
            </property>
          </properties>
        </members>
      </property>
    </properties>
  </members>
</document>