<document name="FormatAreaErrors.js" url="FormatAreaErrors.js.html" visibility="default" rawName="FormatAreaErrors.js" fullName="FormatAreaErrors.js" staticName="Anguilla.FormatAreaErrors.js">
  <members>
    <properties>
      <property name="Tridion" url=".Anguilla.FormatAreaErrors.js.Tridion.html" visibility="public" rawName="Tridion" fullName="Tridion" staticName="FormatAreaErrors.js.Tridion" synopsis="FormatAreaErrors.js.Tridion: Object;" synopsisExtended="FormatAreaErrors.js.Tridion: &lt;a href=&quot;&quot;&gt;Object&lt;/a&gt;;" type="Object" virtual="true">
        <members>
          <properties>
            <property name="Cme" url=".Anguilla.FormatAreaErrors.js.Tridion.Cme.html" visibility="static" rawName="Tridion.Cme" fullName="Tridion.Cme" staticName="Tridion.Cme" synopsis="Tridion.Cme: Object;" synopsisExtended="Tridion.Cme: &lt;a href=&quot;&quot;&gt;Object&lt;/a&gt;;" type="Object" virtual="true">
              <members>
                <properties>
                  <property name="Views" url=".Anguilla.FormatAreaErrors.js.Tridion.Cme.Views.html" visibility="static" rawName="Tridion.Cme.Views" fullName="Tridion.Cme.Views" staticName="Cme.Views" synopsis="Cme.Views: Object;" synopsisExtended="Cme.Views: &lt;a href=&quot;&quot;&gt;Object&lt;/a&gt;;" type="Object" virtual="true">
                    <members>
                      <classes>
                        <class name="FormatAreaErrors" url=".Anguilla.FormatAreaErrors.js.Tridion.Cme.Views.FormatAreaErrors.html" visibility="static" rawName="Tridion.Cme.Views.FormatAreaErrors" fullName="Tridion.Cme.Views.FormatAreaErrors" staticName="Views.FormatAreaErrors" synopsis="var x: FormatAreaErrors = new FormatAreaErrors();" synopsisExtended="var x: &lt;a href=&quot;.Anguilla.FormatAreaErrors.js.Tridion.Cme.Views.FormatAreaErrors.html&quot;&gt;FormatAreaErrors&lt;/a&gt; = new FormatAreaErrors();" type="Object">
                          <extends />
                          <documentation rawString="&#xA; * Implements Format Area Errors popup view.&#xA; * @constructor&#xA; ">
                            <summary>Implements Format Area Errors popup view.</summary>
                          </documentation>
                          <members>
                            <methods>
                              <method name="_loadErrorList" url=".Anguilla.FormatAreaErrors.js.Tridion.Cme.Views.FormatAreaErrors._loadErrorList.html" visibility="prototype" rawName="Tridion.Cme.Views.FormatAreaErrors.prototype._loadErrorList" fullName="Tridion.Cme.Views.FormatAreaErrors._loadErrorList" staticName="FormatAreaErrors._loadErrorList" synopsis="_loadErrorList(listHeadXml: Object): Void" synopsisExtended="_loadErrorList(listHeadXml: Object): Void" type="Object">
                                <arguments value="listHeadXml">
                                  <argument name="listHeadXml" type="Object" />
                                </arguments>
                                <documentation rawString="&#xA; * Load List of errors&#xA; * @params {XMLDocument} listHeadXml Error list head definition&#xA; ">
                                  <summary>Load List of errors</summary>
                                </documentation>
                              </method>
                              <method name="initialize" url=".Anguilla.FormatAreaErrors.js.Tridion.Cme.Views.FormatAreaErrors.initialize.html" visibility="private" rawName="Tridion.Cme.Views.FormatAreaErrors.prototype.initialize" fullName="Tridion.Cme.Views.FormatAreaErrors.initialize" staticName="FormatAreaErrors.initialize" synopsis="initialize(): Void" synopsisExtended="initialize(): Void" type="Object">
                                <documentation rawString="&#xA; * Initializes Format Area Errors popup view.&#xA; * @private&#xA; ">
                                  <summary>Initializes Format Area Errors popup view.</summary>
                                </documentation>
                                <members>
                                  <methods>
                                    <method name="FormatAreaErrors$initialize$headLoadFailed" url=".Anguilla.FormatAreaErrors.js.Tridion.Cme.Views.FormatAreaErrors.initialize.FormatAreaErrors$initialize$headLoadFailed.html" visibility="private" rawName="FormatAreaErrors$initialize$headLoadFailed" fullName="FormatAreaErrors$initialize$headLoadFailed" staticName="initialize.FormatAreaErrors$initialize$headLoadFailed" synopsis="FormatAreaErrors$initialize$headLoadFailed(error: Object): Void" synopsisExtended="FormatAreaErrors$initialize$headLoadFailed(error: Object): Void" type="Object">
                                      <arguments value="error">
                                        <argument name="error" type="Object" />
                                      </arguments>
                                    </method>
                                  </methods>
                                </members>
                              </method>
                              <method name="_goToPositionInEditor" url=".Anguilla.FormatAreaErrors.js.Tridion.Cme.Views.FormatAreaErrors._goToPositionInEditor.html" visibility="private" rawName="Tridion.Cme.Views.FormatAreaErrors.prototype._goToPositionInEditor" fullName="Tridion.Cme.Views.FormatAreaErrors._goToPositionInEditor" staticName="FormatAreaErrors._goToPositionInEditor" synopsis="_goToPositionInEditor(line: Number, column: Number): Void" synopsisExtended="_goToPositionInEditor(line: Number, column: Number): Void" type="Object">
                                <arguments value="line, column">
                                  <argument name="line" type="Number" description="Navigation line number." />
                                  <argument name="column" type="Number" description="Navigation column number." />
                                </arguments>
                                <documentation rawString="&#xA; * Navigates to specific position in editor.&#xA; * @private &#xA; * @param {Number} line Navigation line number.&#xA; * @param {Number} column Navigation column number.&#xA; ">
                                  <summary>Navigates to specific position in editor.</summary>
                                </documentation>
                              </method>
                              <method name="_onOkButtonClicked" url=".Anguilla.FormatAreaErrors.js.Tridion.Cme.Views.FormatAreaErrors._onOkButtonClicked.html" visibility="private" rawName="Tridion.Cme.Views.FormatAreaErrors.prototype._onOkButtonClicked" fullName="Tridion.Cme.Views.FormatAreaErrors._onOkButtonClicked" staticName="FormatAreaErrors._onOkButtonClicked" synopsis="_onOkButtonClicked(event: DOMEvent): Void" synopsisExtended="_onOkButtonClicked(event: DOMEvent): Void" type="Object">
                                <arguments value="event">
                                  <argument name="event" type="DOMEvent" description="The DOM click event that occured." />
                                </arguments>
                                <documentation rawString="&#xA; * Reacts to the DOM click event.&#xA; * @param {DOMEvent} event The DOM click event that occured.&#xA; * @private&#xA; ">
                                  <summary>Reacts to the DOM click event.</summary>
                                </documentation>
                              </method>
                              <method name="_onErrorListSelectionChanged" url=".Anguilla.FormatAreaErrors.js.Tridion.Cme.Views.FormatAreaErrors._onErrorListSelectionChanged.html" visibility="private" rawName="Tridion.Cme.Views.FormatAreaErrors.prototype._onErrorListSelectionChanged" fullName="Tridion.Cme.Views.FormatAreaErrors._onErrorListSelectionChanged" staticName="FormatAreaErrors._onErrorListSelectionChanged" synopsis="_onErrorListSelectionChanged(The: event.): Void" synopsisExtended="_onErrorListSelectionChanged(The: event.): Void" type="Object">
                                <arguments value="event">
                                  <argument name="The" type="event." description="event is the event fired from the list." />
                                </arguments>
                                <documentation rawString="&#xA; * Handles the list selection change event.&#xA; * @param {Tridion.Core.Event} event. The event is the event fired from the list.&#xA; * @private&#xA; ">
                                  <summary>Handles the list selection change event.</summary>
                                </documentation>
                              </method>
                            </methods>
                            <properties>
                              <property name="LIST_HEAD_PATH" url=".Anguilla.FormatAreaErrors.js.Tridion.Cme.Views.FormatAreaErrors.LIST_HEAD_PATH.html" visibility="static" rawName="Tridion.Cme.Views.FormatAreaErrors.LIST_HEAD_PATH" fullName="Tridion.Cme.Views.FormatAreaErrors.LIST_HEAD_PATH" staticName="FormatAreaErrors.LIST_HEAD_PATH" synopsis="FormatAreaErrors.LIST_HEAD_PATH: Object;" synopsisExtended="FormatAreaErrors.LIST_HEAD_PATH: &lt;a href=&quot;&quot;&gt;Object&lt;/a&gt;;" type="Object">
                                <documentation rawString="&#xA; * Defines the List format area errors definition Path&#xA; ">
                                  <summary>Defines the List format area errors definition Path</summary>
                                </documentation>
                              </property>
                            </properties>
                          </members>
                        </class>
                      </classes>
                    </members>
                  </property>
                </properties>
              </members>
            </property>
          </properties>
        </members>
      </property>
    </properties>
  </members>
</document>