<document name="FormatAreaStartup.js" url="FormatAreaStartup.js.html" visibility="default" rawName="FormatAreaStartup.js" fullName="FormatAreaStartup.js" staticName="Anguilla.FormatAreaStartup.js">
  <members>
    <properties>
      <property name="Tridion" url=".Anguilla.FormatAreaStartup.js.Tridion.html" visibility="public" rawName="Tridion" fullName="Tridion" staticName="FormatAreaStartup.js.Tridion" synopsis="FormatAreaStartup.js.Tridion: Object;" synopsisExtended="FormatAreaStartup.js.Tridion: &lt;a href=&quot;&quot;&gt;Object&lt;/a&gt;;" type="Object" virtual="true">
        <members>
          <properties>
            <property name="Cme" url=".Anguilla.FormatAreaStartup.js.Tridion.Cme.html" visibility="static" rawName="Tridion.Cme" fullName="Tridion.Cme" staticName="Tridion.Cme" synopsis="Tridion.Cme: Object;" synopsisExtended="Tridion.Cme: &lt;a href=&quot;&quot;&gt;Object&lt;/a&gt;;" type="Object" virtual="true">
              <members>
                <properties>
                  <property name="FormatAreaStartup" url=".Anguilla.FormatAreaStartup.js.Tridion.Cme.FormatAreaStartup.html" visibility="static" rawName="Tridion.Cme.FormatAreaStartup" fullName="Tridion.Cme.FormatAreaStartup" staticName="Cme.FormatAreaStartup" synopsis="Cme.FormatAreaStartup: Object;" synopsisExtended="Cme.FormatAreaStartup: &lt;a href=&quot;&quot;&gt;Object&lt;/a&gt;;" type="Object" virtual="true">
                    <members>
                      <classes>
                        <class name="initFormatArea" url=".Anguilla.FormatAreaStartup.js.Tridion.Cme.FormatAreaStartup.initFormatArea.html" visibility="static" rawName="Tridion.Cme.FormatAreaStartup.initFormatArea" fullName="Tridion.Cme.FormatAreaStartup.initFormatArea" staticName="FormatAreaStartup.initFormatArea" synopsis="initFormatArea(): Void" synopsisExtended="initFormatArea(): Void" type="Object" static="true">
                          <extends />
                          <members>
                            <properties>
                              <property name="Tridion" url=".Anguilla.FormatAreaStartup.js.Tridion.Cme.FormatAreaStartup.initFormatArea.Tridion.html" visibility="static" rawName="Tridion" fullName="Tridion" staticName="initFormatArea.Tridion" synopsis="initFormatArea.Tridion: Object;" synopsisExtended="initFormatArea.Tridion: &lt;a href=&quot;&quot;&gt;Object&lt;/a&gt;;" type="Object" virtual="true">
                                <members>
                                  <classes>
                                    <class name="FieldBuilder" url=".Anguilla.FormatAreaStartup.js.Tridion.Cme.FormatAreaStartup.initFormatArea.Tridion.FieldBuilder.html" visibility="static" rawName="Tridion.FieldBuilder" fullName="Tridion.FieldBuilder" staticName="Tridion.FieldBuilder" synopsis="FieldBuilder(): Void" synopsisExtended="FieldBuilder(): Void" type="Object" virtual="true" static="true">
                                      <extends />
                                      <members>
                                        <classes>
                                          <class name="FieldTypeHandlers" url=".Anguilla.FormatAreaStartup.js.Tridion.Cme.FormatAreaStartup.initFormatArea.Tridion.FieldBuilder.FieldTypeHandlers.html" visibility="static" rawName="Tridion.FieldBuilder.FieldTypeHandlers" fullName="Tridion.FieldBuilder.FieldTypeHandlers" staticName="FieldBuilder.FieldTypeHandlers" synopsis="FieldTypeHandlers(): Void" synopsisExtended="FieldTypeHandlers(): Void" type="Object" virtual="true" static="true">
                                            <extends />
                                            <members>
                                              <classes>
                                                <class name="XHTMLField" url=".Anguilla.FormatAreaStartup.js.Tridion.Cme.FormatAreaStartup.initFormatArea.Tridion.FieldBuilder.FieldTypeHandlers.XHTMLField.html" visibility="static" rawName="Tridion.FieldBuilder.FieldTypeHandlers.XHTMLField" fullName="Tridion.FieldBuilder.FieldTypeHandlers.XHTMLField" staticName="FieldTypeHandlers.XHTMLField" synopsis="var x: XHTMLField = new XHTMLField();" synopsisExtended="var x: &lt;a href=&quot;.Anguilla.FormatAreaStartup.js.Tridion.Cme.FormatAreaStartup.initFormatArea.Tridion.FieldBuilder.FieldTypeHandlers.XHTMLField.html&quot;&gt;XHTMLField&lt;/a&gt; = new XHTMLField();" type="Object" virtual="true">
                                                  <extends />
                                                  <members>
                                                    <methods>
                                                      <method name="initialize" url=".Anguilla.FormatAreaStartup.js.Tridion.Cme.FormatAreaStartup.initFormatArea.Tridion.FieldBuilder.FieldTypeHandlers.XHTMLField.initialize.html" visibility="prototype" rawName="Tridion.FieldBuilder.FieldTypeHandlers.XHTMLField.prototype.initialize" fullName="Tridion.FieldBuilder.FieldTypeHandlers.XHTMLField.initialize" staticName="XHTMLField.initialize" synopsis="initialize(): Void" synopsisExtended="initialize(): Void" type="Object" />
                                                    </methods>
                                                  </members>
                                                </class>
                                              </classes>
                                            </members>
                                          </class>
                                        </classes>
                                      </members>
                                    </class>
                                  </classes>
                                  <properties>
                                    <property name="FormatArea" url=".Anguilla.FormatAreaStartup.js.Tridion.Cme.FormatAreaStartup.initFormatArea.Tridion.FormatArea.html" visibility="static" rawName="Tridion.FormatArea" fullName="Tridion.FormatArea" staticName="Tridion.FormatArea" synopsis="Tridion.FormatArea: Object;" synopsisExtended="Tridion.FormatArea: &lt;a href=&quot;&quot;&gt;Object&lt;/a&gt;;" type="Object" virtual="true">
                                      <members>
                                        <methods>
                                          <method name="getInitializationObject" url=".Anguilla.FormatAreaStartup.js.Tridion.Cme.FormatAreaStartup.initFormatArea.Tridion.FormatArea.getInitializationObject.html" visibility="static" rawName="Tridion.FormatArea.getInitializationObject" fullName="Tridion.FormatArea.getInitializationObject" staticName="FormatArea.getInitializationObject" synopsis="getInitializationObject(): Void" synopsisExtended="getInitializationObject(): Void" type="Object" />
                                        </methods>
                                      </members>
                                    </property>
                                  </properties>
                                </members>
                              </property>
                            </properties>
                          </members>
                        </class>
                      </classes>
                      <methods>
                        <method name="getPasteOption" url=".Anguilla.FormatAreaStartup.js.Tridion.Cme.FormatAreaStartup.getPasteOption.html" visibility="static" rawName="Tridion.Cme.FormatAreaStartup.getPasteOption" fullName="Tridion.Cme.FormatAreaStartup.getPasteOption" staticName="FormatAreaStartup.getPasteOption" synopsis="getPasteOption(): Void" synopsisExtended="getPasteOption(): Void" type="Object" />
                      </methods>
                    </members>
                  </property>
                </properties>
              </members>
            </property>
          </properties>
        </members>
      </property>
    </properties>
  </members>
</document>