<document name="General.js" url="General.js.html" visibility="default" rawName="General.js" fullName="General.js" staticName="Anguilla.General.js">
  <members>
    <properties>
      <property name="Tridion" url=".Anguilla.General.js.Tridion.html" visibility="public" rawName="Tridion" fullName="Tridion" staticName="General.js.Tridion" synopsis="General.js.Tridion: Object;" synopsisExtended="General.js.Tridion: &lt;a href=&quot;&quot;&gt;Object&lt;/a&gt;;" type="Object" virtual="true">
        <members>
          <properties>
            <property name="Cme" url=".Anguilla.General.js.Tridion.Cme.html" visibility="static" rawName="Tridion.Cme" fullName="Tridion.Cme" staticName="Tridion.Cme" synopsis="Tridion.Cme: Object;" synopsisExtended="Tridion.Cme: &lt;a href=&quot;&quot;&gt;Object&lt;/a&gt;;" type="Object" virtual="true">
              <members>
                <properties>
                  <property name="Commands" url=".Anguilla.General.js.Tridion.Cme.Commands.html" visibility="static" rawName="Tridion.Cme.Commands" fullName="Tridion.Cme.Commands" staticName="Cme.Commands" synopsis="Cme.Commands: Object;" synopsisExtended="Cme.Commands: &lt;a href=&quot;&quot;&gt;Object&lt;/a&gt;;" type="Object" virtual="true">
                    <members>
                      <classes>
                        <class name="ExecuteTask" url=".Anguilla.General.js.Tridion.Cme.Commands.ExecuteTask.html" visibility="static" rawName="Tridion.Cme.Commands.ExecuteTask" fullName="Tridion.Cme.Commands.ExecuteTask" staticName="Commands.ExecuteTask" synopsis="var x: ExecuteTask = new ExecuteTask(name: Object);" synopsisExtended="var x: &lt;a href=&quot;.Anguilla.General.js.Tridion.Cme.Commands.ExecuteTask.html&quot;&gt;ExecuteTask&lt;/a&gt; = new ExecuteTask(name: Object);" type="Object">
                          <arguments value="name">
                            <argument name="name" type="Object" />
                          </arguments>
                          <extends />
                          <documentation rawString="&#xA; * Implements the &lt;c&gt;ExecuteTask&lt;/c&gt; command&#xA; ">
                            <summary>Implements the &lt;c&gt;ExecuteTask&lt;/c&gt; command</summary>
                          </documentation>
                          <members>
                            <methods>
                              <method name="_isAvailable" url=".Anguilla.General.js.Tridion.Cme.Commands.ExecuteTask._isAvailable.html" visibility="prototype" rawName="Tridion.Cme.Commands.ExecuteTask.prototype._isAvailable" fullName="Tridion.Cme.Commands.ExecuteTask._isAvailable" staticName="ExecuteTask._isAvailable" synopsis="_isAvailable(selection: Tridion.Cme.Selection): Boolean" synopsisExtended="_isAvailable(selection: Tridion.Cme.Selection): Boolean" type="Object">
                                <arguments value="selection">
                                  <argument name="selection" type="Tridion.Cme.Selection" description="The current selection" />
                                </arguments>
                                <documentation rawString="&#xA; * Returns a value indicating whether this command can applicable for the selected item(s)&#xA; * @param {Tridion.Cme.Selection} selection The current selection&#xA; * @returns {Boolean} &lt;c&gt;true&lt;/c&gt; if this command can be executed; otherwise false.&#xA; ">
                                  <summary>Returns a value indicating whether this command can applicable for the selected item(s)</summary>
                                </documentation>
                                <returns type="Boolean" description="&lt;c&gt;true&lt;/c&gt; if this command can be executed; otherwise false." />
                              </method>
                              <method name="_execute" url=".Anguilla.General.js.Tridion.Cme.Commands.ExecuteTask._execute.html" visibility="prototype" rawName="Tridion.Cme.Commands.ExecuteTask.prototype._execute" fullName="Tridion.Cme.Commands.ExecuteTask._execute" staticName="ExecuteTask._execute" synopsis="_execute(selection: Tridion.Cme.Selection): Void" synopsisExtended="_execute(selection: Tridion.Cme.Selection): Void" type="Object">
                                <arguments value="selection">
                                  <argument name="selection" type="Tridion.Cme.Selection" description="The current selection." />
                                </arguments>
                                <documentation rawString="&#xA; * Executes this command on the selection.&#xA; * @param {Tridion.Cme.Selection} selection The current selection.&#xA; ">
                                  <summary>Executes this command on the selection.</summary>
                                </documentation>
                                <members>
                                  <methods>
                                    <method name="ExecuteTask$_executeSingle" url=".Anguilla.General.js.Tridion.Cme.Commands.ExecuteTask._execute.ExecuteTask$_executeSingle.html" visibility="private" rawName="ExecuteTask$_executeSingle" fullName="ExecuteTask$_executeSingle" staticName="_execute.ExecuteTask$_executeSingle" synopsis="ExecuteTask$_executeSingle(itemUri: Object): Void" synopsisExtended="ExecuteTask$_executeSingle(itemUri: Object): Void" type="Object">
                                      <arguments value="itemUri">
                                        <argument name="itemUri" type="Object" />
                                      </arguments>
                                    </method>
                                  </methods>
                                </members>
                              </method>
                            </methods>
                          </members>
                        </class>
                        <class name="Help" url=".Anguilla.General.js.Tridion.Cme.Commands.Help.html" visibility="static" rawName="Tridion.Cme.Commands.Help" fullName="Tridion.Cme.Commands.Help" staticName="Commands.Help" synopsis="var x: Help = new Help(name: Object);" synopsisExtended="var x: &lt;a href=&quot;.Anguilla.General.js.Tridion.Cme.Commands.Help.html&quot;&gt;Help&lt;/a&gt; = new Help(name: Object);" type="Object">
                          <arguments value="name">
                            <argument name="name" type="Object" />
                          </arguments>
                          <extends />
                          <documentation rawString="&#xA; * Implements the &lt;c&gt;Help&lt;/c&gt; command&#xA; ">
                            <summary>Implements the &lt;c&gt;Help&lt;/c&gt; command</summary>
                          </documentation>
                          <members>
                            <methods>
                              <method name="_execute" url=".Anguilla.General.js.Tridion.Cme.Commands.Help._execute.html" visibility="prototype" rawName="Tridion.Cme.Commands.Help.prototype._execute" fullName="Tridion.Cme.Commands.Help._execute" staticName="Help._execute" synopsis="_execute(): Void" synopsisExtended="_execute(): Void" type="Object">
                                <documentation rawString="&#xA;* Executes this command.&#xA;">
                                  <summary>Executes this command.</summary>
                                </documentation>
                              </method>
                              <method name="_unloadPopup" url=".Anguilla.General.js.Tridion.Cme.Commands.Help._unloadPopup.html" visibility="prototype" rawName="Tridion.Cme.Commands.Help.prototype._unloadPopup" fullName="Tridion.Cme.Commands.Help._unloadPopup" staticName="Help._unloadPopup" synopsis="_unloadPopup(The: e.): Void" synopsisExtended="_unloadPopup(The: e.): Void" type="Object">
                                <arguments value="">
                                  <argument name="The" type="e." description="event is the event fired from the Popup." />
                                </arguments>
                                <documentation rawString="&#xA; * Handles the popup unload event.&#xA; * @param {DOMEvent} e. The event is the event fired from the Popup.&#xA; ">
                                  <summary>Handles the popup unload event.</summary>
                                </documentation>
                              </method>
                            </methods>
                          </members>
                        </class>
                        <class name="Preferences" url=".Anguilla.General.js.Tridion.Cme.Commands.Preferences.html" visibility="static" rawName="Tridion.Cme.Commands.Preferences" fullName="Tridion.Cme.Commands.Preferences" staticName="Commands.Preferences" synopsis="var x: Preferences = new Preferences(name: Object);" synopsisExtended="var x: &lt;a href=&quot;.Anguilla.General.js.Tridion.Cme.Commands.Preferences.html&quot;&gt;Preferences&lt;/a&gt; = new Preferences(name: Object);" type="Object">
                          <arguments value="name">
                            <argument name="name" type="Object" />
                          </arguments>
                          <extends />
                          <documentation rawString="&#xA; * Implements the &lt;c&gt;Preferences&lt;/c&gt; command&#xA; ">
                            <summary>Implements the &lt;c&gt;Preferences&lt;/c&gt; command</summary>
                          </documentation>
                          <members>
                            <methods>
                              <method name="_execute" url=".Anguilla.General.js.Tridion.Cme.Commands.Preferences._execute.html" visibility="prototype" rawName="Tridion.Cme.Commands.Preferences.prototype._execute" fullName="Tridion.Cme.Commands.Preferences._execute" staticName="Preferences._execute" synopsis="_execute(): Void" synopsisExtended="_execute(): Void" type="Object">
                                <documentation rawString="&#xA;* Executes this command.&#xA;">
                                  <summary>Executes this command.</summary>
                                </documentation>
                                <members>
                                  <methods>
                                    <method name="onPopupClosed" url=".Anguilla.General.js.Tridion.Cme.Commands.Preferences._execute.onPopupClosed.html" visibility="private" rawName="onPopupClosed" fullName="onPopupClosed" staticName="_execute.onPopupClosed" synopsis="onPopupClosed(): Void" synopsisExtended="onPopupClosed(): Void" type="Object" />
                                    <method name="onPopupSave" url=".Anguilla.General.js.Tridion.Cme.Commands.Preferences._execute.onPopupSave.html" visibility="private" rawName="onPopupSave" fullName="onPopupSave" staticName="_execute.onPopupSave" synopsis="onPopupSave(event: Object): Void" synopsisExtended="onPopupSave(event: Object): Void" type="Object">
                                      <arguments value="event">
                                        <argument name="event" type="Object" />
                                      </arguments>
                                    </method>
                                    <method name="onPopupSaveFailed" url=".Anguilla.General.js.Tridion.Cme.Commands.Preferences._execute.onPopupSaveFailed.html" visibility="private" rawName="onPopupSaveFailed" fullName="onPopupSaveFailed" staticName="_execute.onPopupSaveFailed" synopsis="onPopupSaveFailed(event: Object): Void" synopsisExtended="onPopupSaveFailed(event: Object): Void" type="Object">
                                      <arguments value="event">
                                        <argument name="event" type="Object" />
                                      </arguments>
                                    </method>
                                  </methods>
                                </members>
                              </method>
                            </methods>
                          </members>
                        </class>
                        <class name="Classify" url=".Anguilla.General.js.Tridion.Cme.Commands.Classify.html" visibility="static" rawName="Tridion.Cme.Commands.Classify" fullName="Tridion.Cme.Commands.Classify" staticName="Commands.Classify" synopsis="var x: Classify = new Classify(name: Object);" synopsisExtended="var x: &lt;a href=&quot;.Anguilla.General.js.Tridion.Cme.Commands.Classify.html&quot;&gt;Classify&lt;/a&gt; = new Classify(name: Object);" type="Object">
                          <arguments value="name">
                            <argument name="name" type="Object" />
                          </arguments>
                          <extends />
                          <documentation rawString="&#xA; * Implements the &lt;c&gt;Classify&lt;/c&gt; command on classified tcm items list.&#xA; ">
                            <summary>Implements the &lt;c&gt;Classify&lt;/c&gt; command on classified tcm items list.</summary>
                          </documentation>
                          <members>
                            <methods>
                              <method name="_isAvailable" url=".Anguilla.General.js.Tridion.Cme.Commands.Classify._isAvailable.html" visibility="prototype" rawName="Tridion.Cme.Commands.Classify.prototype._isAvailable" fullName="Tridion.Cme.Commands.Classify._isAvailable" staticName="Classify._isAvailable" synopsis="_isAvailable(selection: Tridion.Cme.Selection): Boolean" synopsisExtended="_isAvailable(selection: Tridion.Cme.Selection): Boolean" type="Object">
                                <arguments value="selection">
                                  <argument name="selection" type="Tridion.Cme.Selection" description="The current selection" />
                                </arguments>
                                <documentation rawString="&#xA; * Returns a value indicating whether this command can applicable for the selected item(s)&#xA; * @param {Tridion.Cme.Selection} selection The current selection&#xA; * @returns {Boolean} &lt;c&gt;true&lt;/c&gt; if this command can be executed; otherwise false.&#xA; ">
                                  <summary>Returns a value indicating whether this command can applicable for the selected item(s)</summary>
                                </documentation>
                                <returns type="Boolean" description="&lt;c&gt;true&lt;/c&gt; if this command can be executed; otherwise false." />
                              </method>
                              <method name="_isEnabled" url=".Anguilla.General.js.Tridion.Cme.Commands.Classify._isEnabled.html" visibility="prototype" rawName="Tridion.Cme.Commands.Classify.prototype._isEnabled" fullName="Tridion.Cme.Commands.Classify._isEnabled" staticName="Classify._isEnabled" synopsis="_isEnabled(selection: Tridion.Core.Selection): Boolean" synopsisExtended="_isEnabled(selection: Tridion.Core.Selection): Boolean" type="Object">
                                <arguments value="selection">
                                  <argument name="selection" type="Tridion.Core.Selection" description="The current selection" />
                                </arguments>
                                <documentation rawString="&#xA; * Returns a value indicating whether this command can be executed on selected item(s)&#xA; * @param {Tridion.Core.Selection} selection The current selection&#xA; * @returns {Boolean} &lt;c&gt;true&lt;/c&gt; if this command can be executed; otherwise false.&#xA; ">
                                  <summary>Returns a value indicating whether this command can be executed on selected item(s)</summary>
                                </documentation>
                                <returns type="Boolean" description="&lt;c&gt;true&lt;/c&gt; if this command can be executed; otherwise false." />
                              </method>
                              <method name="_execute" url=".Anguilla.General.js.Tridion.Cme.Commands.Classify._execute.html" visibility="prototype" rawName="Tridion.Cme.Commands.Classify.prototype._execute" fullName="Tridion.Cme.Commands.Classify._execute" staticName="Classify._execute" synopsis="_execute(selection: Tridion.Core.Selection): Void" synopsisExtended="_execute(selection: Tridion.Core.Selection): Void" type="Object">
                                <arguments value="selection">
                                  <argument name="selection" type="Tridion.Core.Selection" description="The current selection." />
                                </arguments>
                                <documentation rawString="&#xA; * Executes this command on the selection.&#xA; * @param {Tridion.Core.Selection} selection The current selection.&#xA; ">
                                  <summary>Executes this command on the selection.</summary>
                                </documentation>
                                <members>
                                  <methods>
                                    <method name="onSelectDialogItemInsert" url=".Anguilla.General.js.Tridion.Cme.Commands.Classify._execute.onSelectDialogItemInsert.html" visibility="private" rawName="onSelectDialogItemInsert" fullName="onSelectDialogItemInsert" staticName="_execute.onSelectDialogItemInsert" synopsis="onSelectDialogItemInsert(event: Object): Void" synopsisExtended="onSelectDialogItemInsert(event: Object): Void" type="Object">
                                      <arguments value="event">
                                        <argument name="event" type="Object" />
                                      </arguments>
                                    </method>
                                    <method name="onSelectDialogClosed" url=".Anguilla.General.js.Tridion.Cme.Commands.Classify._execute.onSelectDialogClosed.html" visibility="private" rawName="onSelectDialogClosed" fullName="onSelectDialogClosed" staticName="_execute.onSelectDialogClosed" synopsis="onSelectDialogClosed(event: Object): Void" synopsisExtended="onSelectDialogClosed(event: Object): Void" type="Object">
                                      <arguments value="event">
                                        <argument name="event" type="Object" />
                                      </arguments>
                                    </method>
                                    <method name="ClassifyOnly$_execute$loadCallback" url=".Anguilla.General.js.Tridion.Cme.Commands.Classify._execute.ClassifyOnly$_execute$loadCallback.html" visibility="private" rawName="ClassifyOnly$_execute$loadCallback" fullName="ClassifyOnly$_execute$loadCallback" staticName="_execute.ClassifyOnly$_execute$loadCallback" synopsis="ClassifyOnly$_execute$loadCallback(rootId: Object): Void" synopsisExtended="ClassifyOnly$_execute$loadCallback(rootId: Object): Void" type="Object">
                                      <arguments value="rootId">
                                        <argument name="rootId" type="Object" />
                                      </arguments>
                                    </method>
                                  </methods>
                                </members>
                              </method>
                            </methods>
                          </members>
                        </class>
                        <class name="Unclassify" url=".Anguilla.General.js.Tridion.Cme.Commands.Unclassify.html" visibility="static" rawName="Tridion.Cme.Commands.Unclassify" fullName="Tridion.Cme.Commands.Unclassify" staticName="Commands.Unclassify" synopsis="var x: Unclassify = new Unclassify(name: Object);" synopsisExtended="var x: &lt;a href=&quot;.Anguilla.General.js.Tridion.Cme.Commands.Unclassify.html&quot;&gt;Unclassify&lt;/a&gt; = new Unclassify(name: Object);" type="Object">
                          <arguments value="name">
                            <argument name="name" type="Object" />
                          </arguments>
                          <extends />
                          <documentation rawString="&#xA; * Implements the &lt;c&gt;Unclassify&lt;/c&gt; command on classified tcm items list.&#xA; ">
                            <summary>Implements the &lt;c&gt;Unclassify&lt;/c&gt; command on classified tcm items list.</summary>
                          </documentation>
                          <members>
                            <methods>
                              <method name="_isAvailable" url=".Anguilla.General.js.Tridion.Cme.Commands.Unclassify._isAvailable.html" visibility="prototype" rawName="Tridion.Cme.Commands.Unclassify.prototype._isAvailable" fullName="Tridion.Cme.Commands.Unclassify._isAvailable" staticName="Unclassify._isAvailable" synopsis="_isAvailable(selection: Tridion.Cme.Selection): Boolean" synopsisExtended="_isAvailable(selection: Tridion.Cme.Selection): Boolean" type="Object">
                                <arguments value="selection">
                                  <argument name="selection" type="Tridion.Cme.Selection" description="The current selection" />
                                </arguments>
                                <documentation rawString="&#xA; * Returns a value indicating whether this command can applicable for the selected item(s)&#xA; * @param {Tridion.Cme.Selection} selection The current selection&#xA; * @returns {Boolean} &lt;c&gt;true&lt;/c&gt; if this command can be executed; otherwise false.&#xA; ">
                                  <summary>Returns a value indicating whether this command can applicable for the selected item(s)</summary>
                                </documentation>
                                <returns type="Boolean" description="&lt;c&gt;true&lt;/c&gt; if this command can be executed; otherwise false." />
                              </method>
                              <method name="_isEnabled" url=".Anguilla.General.js.Tridion.Cme.Commands.Unclassify._isEnabled.html" visibility="prototype" rawName="Tridion.Cme.Commands.Unclassify.prototype._isEnabled" fullName="Tridion.Cme.Commands.Unclassify._isEnabled" staticName="Unclassify._isEnabled" synopsis="_isEnabled(selection: Tridion.Core.Selection): Boolean" synopsisExtended="_isEnabled(selection: Tridion.Core.Selection): Boolean" type="Object">
                                <arguments value="selection">
                                  <argument name="selection" type="Tridion.Core.Selection" description="The current selection" />
                                </arguments>
                                <documentation rawString="&#xA; * Returns a value indicating whether this command can be executed on selected item(s)&#xA; * @param {Tridion.Core.Selection} selection The current selection&#xA; * @returns {Boolean} &lt;c&gt;true&lt;/c&gt; if this command can be executed; otherwise false.&#xA; ">
                                  <summary>Returns a value indicating whether this command can be executed on selected item(s)</summary>
                                </documentation>
                                <returns type="Boolean" description="&lt;c&gt;true&lt;/c&gt; if this command can be executed; otherwise false." />
                              </method>
                              <method name="_execute" url=".Anguilla.General.js.Tridion.Cme.Commands.Unclassify._execute.html" visibility="prototype" rawName="Tridion.Cme.Commands.Unclassify.prototype._execute" fullName="Tridion.Cme.Commands.Unclassify._execute" staticName="Unclassify._execute" synopsis="_execute(selection: Tridion.Core.Selection): Void" synopsisExtended="_execute(selection: Tridion.Core.Selection): Void" type="Object">
                                <arguments value="selection">
                                  <argument name="selection" type="Tridion.Core.Selection" description="The current selection." />
                                </arguments>
                                <documentation rawString="&#xA; * Executes this command on the selection.&#xA; * @param {Tridion.Core.Selection} selection The current selection.&#xA; ">
                                  <summary>Executes this command on the selection.</summary>
                                </documentation>
                                <members>
                                  <methods>
                                    <method name="doUnclassify" url=".Anguilla.General.js.Tridion.Cme.Commands.Unclassify._execute.doUnclassify.html" visibility="private" rawName="doUnclassify" fullName="doUnclassify" staticName="_execute.doUnclassify" synopsis="doUnclassify(): Void" synopsisExtended="doUnclassify(): Void" type="Object">
                                      <members>
                                        <methods>
                                          <method name="Unclassify$_execute$loadCallback" url=".Anguilla.General.js.Tridion.Cme.Commands.Unclassify._execute.doUnclassify.Unclassify$_execute$loadCallback.html" visibility="private" rawName="Unclassify$_execute$loadCallback" fullName="Unclassify$_execute$loadCallback" staticName="doUnclassify.Unclassify$_execute$loadCallback" synopsis="Unclassify$_execute$loadCallback(rootId: Object): Void" synopsisExtended="Unclassify$_execute$loadCallback(rootId: Object): Void" type="Object">
                                            <arguments value="rootId">
                                              <argument name="rootId" type="Object" />
                                            </arguments>
                                          </method>
                                        </methods>
                                      </members>
                                    </method>
                                    <method name="Unclassify$_execute$onConfirm" url=".Anguilla.General.js.Tridion.Cme.Commands.Unclassify._execute.Unclassify$_execute$onConfirm.html" visibility="private" rawName="Unclassify$_execute$onConfirm" fullName="Unclassify$_execute$onConfirm" staticName="_execute.Unclassify$_execute$onConfirm" synopsis="Unclassify$_execute$onConfirm(): Void" synopsisExtended="Unclassify$_execute$onConfirm(): Void" type="Object" />
                                  </methods>
                                </members>
                              </method>
                            </methods>
                          </members>
                        </class>
                        <class name="Reclassify" url=".Anguilla.General.js.Tridion.Cme.Commands.Reclassify.html" visibility="static" rawName="Tridion.Cme.Commands.Reclassify" fullName="Tridion.Cme.Commands.Reclassify" staticName="Commands.Reclassify" synopsis="var x: Reclassify = new Reclassify(name: Object);" synopsisExtended="var x: &lt;a href=&quot;.Anguilla.General.js.Tridion.Cme.Commands.Reclassify.html&quot;&gt;Reclassify&lt;/a&gt; = new Reclassify(name: Object);" type="Object">
                          <arguments value="name">
                            <argument name="name" type="Object" />
                          </arguments>
                          <extends />
                          <documentation rawString="&#xA; * Implements the &lt;c&gt;Reclassify&lt;/c&gt; command on classified tcm items list.&#xA; ">
                            <summary>Implements the &lt;c&gt;Reclassify&lt;/c&gt; command on classified tcm items list.</summary>
                          </documentation>
                          <members>
                            <methods>
                              <method name="_isAvailable" url=".Anguilla.General.js.Tridion.Cme.Commands.Reclassify._isAvailable.html" visibility="prototype" rawName="Tridion.Cme.Commands.Reclassify.prototype._isAvailable" fullName="Tridion.Cme.Commands.Reclassify._isAvailable" staticName="Reclassify._isAvailable" synopsis="_isAvailable(selection: Tridion.Cme.Selection): Boolean" synopsisExtended="_isAvailable(selection: Tridion.Cme.Selection): Boolean" type="Object">
                                <arguments value="selection">
                                  <argument name="selection" type="Tridion.Cme.Selection" description="The current selection" />
                                </arguments>
                                <documentation rawString="&#xA; * Returns a value indicating whether this command can applicable for the selected item(s)&#xA; * @param {Tridion.Cme.Selection} selection The current selection&#xA; * @returns {Boolean} &lt;c&gt;true&lt;/c&gt; if this command can be executed; otherwise false.&#xA; ">
                                  <summary>Returns a value indicating whether this command can applicable for the selected item(s)</summary>
                                </documentation>
                                <returns type="Boolean" description="&lt;c&gt;true&lt;/c&gt; if this command can be executed; otherwise false." />
                              </method>
                              <method name="_isEnabled" url=".Anguilla.General.js.Tridion.Cme.Commands.Reclassify._isEnabled.html" visibility="prototype" rawName="Tridion.Cme.Commands.Reclassify.prototype._isEnabled" fullName="Tridion.Cme.Commands.Reclassify._isEnabled" staticName="Reclassify._isEnabled" synopsis="_isEnabled(selection: Tridion.Core.Selection): Boolean" synopsisExtended="_isEnabled(selection: Tridion.Core.Selection): Boolean" type="Object">
                                <arguments value="selection">
                                  <argument name="selection" type="Tridion.Core.Selection" description="The current selection" />
                                </arguments>
                                <documentation rawString="&#xA; * Returns a value indicating whether this command can be executed on selected item(s)&#xA; * @param {Tridion.Core.Selection} selection The current selection&#xA; * @returns {Boolean} &lt;c&gt;true&lt;/c&gt; if this command can be executed; otherwise false.&#xA; ">
                                  <summary>Returns a value indicating whether this command can be executed on selected item(s)</summary>
                                </documentation>
                                <returns type="Boolean" description="&lt;c&gt;true&lt;/c&gt; if this command can be executed; otherwise false." />
                              </method>
                              <method name="_execute" url=".Anguilla.General.js.Tridion.Cme.Commands.Reclassify._execute.html" visibility="prototype" rawName="Tridion.Cme.Commands.Reclassify.prototype._execute" fullName="Tridion.Cme.Commands.Reclassify._execute" staticName="Reclassify._execute" synopsis="_execute(selection: Tridion.Core.Selection): Void" synopsisExtended="_execute(selection: Tridion.Core.Selection): Void" type="Object">
                                <arguments value="selection">
                                  <argument name="selection" type="Tridion.Core.Selection" description="The current selection." />
                                </arguments>
                                <documentation rawString="&#xA; * Executes this command on the selection.&#xA; * @param {Tridion.Core.Selection} selection The current selection.&#xA; ">
                                  <summary>Executes this command on the selection.</summary>
                                </documentation>
                                <members>
                                  <methods>
                                    <method name="doReclassify" url=".Anguilla.General.js.Tridion.Cme.Commands.Reclassify._execute.doReclassify.html" visibility="private" rawName="doReclassify" fullName="doReclassify" staticName="_execute.doReclassify" synopsis="doReclassify(): Void" synopsisExtended="doReclassify(): Void" type="Object">
                                      <members>
                                        <methods>
                                          <method name="onSelectDialogItemInsert" url=".Anguilla.General.js.Tridion.Cme.Commands.Reclassify._execute.doReclassify.onSelectDialogItemInsert.html" visibility="private" rawName="onSelectDialogItemInsert" fullName="onSelectDialogItemInsert" staticName="doReclassify.onSelectDialogItemInsert" synopsis="onSelectDialogItemInsert(event: Object): Void" synopsisExtended="onSelectDialogItemInsert(event: Object): Void" type="Object">
                                            <arguments value="event">
                                              <argument name="event" type="Object" />
                                            </arguments>
                                          </method>
                                          <method name="onSelectDialogClosed" url=".Anguilla.General.js.Tridion.Cme.Commands.Reclassify._execute.doReclassify.onSelectDialogClosed.html" visibility="private" rawName="onSelectDialogClosed" fullName="onSelectDialogClosed" staticName="doReclassify.onSelectDialogClosed" synopsis="onSelectDialogClosed(event: Object): Void" synopsisExtended="onSelectDialogClosed(event: Object): Void" type="Object">
                                            <arguments value="event">
                                              <argument name="event" type="Object" />
                                            </arguments>
                                          </method>
                                          <method name="Reclassify$_execute$loadCallback" url=".Anguilla.General.js.Tridion.Cme.Commands.Reclassify._execute.doReclassify.Reclassify$_execute$loadCallback.html" visibility="private" rawName="Reclassify$_execute$loadCallback" fullName="Reclassify$_execute$loadCallback" staticName="doReclassify.Reclassify$_execute$loadCallback" synopsis="Reclassify$_execute$loadCallback(rootId: Object): Void" synopsisExtended="Reclassify$_execute$loadCallback(rootId: Object): Void" type="Object">
                                            <arguments value="rootId">
                                              <argument name="rootId" type="Object" />
                                            </arguments>
                                          </method>
                                        </methods>
                                      </members>
                                    </method>
                                    <method name="Reclassify$_execute$onConfirm" url=".Anguilla.General.js.Tridion.Cme.Commands.Reclassify._execute.Reclassify$_execute$onConfirm.html" visibility="private" rawName="Reclassify$_execute$onConfirm" fullName="Reclassify$_execute$onConfirm" staticName="_execute.Reclassify$_execute$onConfirm" synopsis="Reclassify$_execute$onConfirm(): Void" synopsisExtended="Reclassify$_execute$onConfirm(): Void" type="Object" />
                                  </methods>
                                </members>
                              </method>
                            </methods>
                          </members>
                        </class>
                        <class name="EnableUser" url=".Anguilla.General.js.Tridion.Cme.Commands.EnableUser.html" visibility="static" rawName="Tridion.Cme.Commands.EnableUser" fullName="Tridion.Cme.Commands.EnableUser" staticName="Commands.EnableUser" synopsis="var x: EnableUser = new EnableUser(name: Object);" synopsisExtended="var x: &lt;a href=&quot;.Anguilla.General.js.Tridion.Cme.Commands.EnableUser.html&quot;&gt;EnableUser&lt;/a&gt; = new EnableUser(name: Object);" type="Object">
                          <arguments value="name">
                            <argument name="name" type="Object" />
                          </arguments>
                          <extends />
                          <documentation rawString="&#xA;* Implements the &lt;c&gt;EnableUser&lt;/c&gt; command on classified tcm items list.&#xA;">
                            <summary>Implements the &lt;c&gt;EnableUser&lt;/c&gt; command on classified tcm items list.</summary>
                          </documentation>
                          <members>
                            <methods>
                              <method name="_execute" url=".Anguilla.General.js.Tridion.Cme.Commands.EnableUser._execute.html" visibility="prototype" rawName="Tridion.Cme.Commands.EnableUser.prototype._execute" fullName="Tridion.Cme.Commands.EnableUser._execute" staticName="EnableUser._execute" synopsis="_execute(selection: Tridion.Core.Selection): Void" synopsisExtended="_execute(selection: Tridion.Core.Selection): Void" type="Object">
                                <arguments value="selection">
                                  <argument name="selection" type="Tridion.Core.Selection" description="The current selection." />
                                </arguments>
                                <documentation rawString="&#xA; * Executes this command on the selection.&#xA; * @param {Tridion.Core.Selection} selection The current selection.&#xA; ">
                                  <summary>Executes this command on the selection.</summary>
                                </documentation>
                                <members>
                                  <methods>
                                    <method name="EnableUser$_onItemLoaded" url=".Anguilla.General.js.Tridion.Cme.Commands.EnableUser._execute.EnableUser$_onItemLoaded.html" visibility="private" rawName="EnableUser$_onItemLoaded" fullName="EnableUser$_onItemLoaded" staticName="_execute.EnableUser$_onItemLoaded" synopsis="EnableUser$_onItemLoaded(): Void" synopsisExtended="EnableUser$_onItemLoaded(): Void" type="Object" />
                                  </methods>
                                </members>
                              </method>
                            </methods>
                          </members>
                        </class>
                        <class name="DisableUser" url=".Anguilla.General.js.Tridion.Cme.Commands.DisableUser.html" visibility="static" rawName="Tridion.Cme.Commands.DisableUser" fullName="Tridion.Cme.Commands.DisableUser" staticName="Commands.DisableUser" synopsis="var x: DisableUser = new DisableUser(name: Object);" synopsisExtended="var x: &lt;a href=&quot;.Anguilla.General.js.Tridion.Cme.Commands.DisableUser.html&quot;&gt;DisableUser&lt;/a&gt; = new DisableUser(name: Object);" type="Object">
                          <arguments value="name">
                            <argument name="name" type="Object" />
                          </arguments>
                          <extends />
                          <documentation rawString="&#xA;* Implements the &lt;c&gt;DisableUser&lt;/c&gt; command on classified tcm items list.&#xA;">
                            <summary>Implements the &lt;c&gt;DisableUser&lt;/c&gt; command on classified tcm items list.</summary>
                          </documentation>
                          <members>
                            <methods>
                              <method name="_execute" url=".Anguilla.General.js.Tridion.Cme.Commands.DisableUser._execute.html" visibility="prototype" rawName="Tridion.Cme.Commands.DisableUser.prototype._execute" fullName="Tridion.Cme.Commands.DisableUser._execute" staticName="DisableUser._execute" synopsis="_execute(selection: Tridion.Core.Selection): Void" synopsisExtended="_execute(selection: Tridion.Core.Selection): Void" type="Object">
                                <arguments value="selection">
                                  <argument name="selection" type="Tridion.Core.Selection" description="The current selection." />
                                </arguments>
                                <documentation rawString="&#xA; * Executes this command on the selection.&#xA; * @param {Tridion.Core.Selection} selection The current selection.&#xA; ">
                                  <summary>Executes this command on the selection.</summary>
                                </documentation>
                                <members>
                                  <methods>
                                    <method name="DisableUser$_onItemLoaded" url=".Anguilla.General.js.Tridion.Cme.Commands.DisableUser._execute.DisableUser$_onItemLoaded.html" visibility="private" rawName="DisableUser$_onItemLoaded" fullName="DisableUser$_onItemLoaded" staticName="_execute.DisableUser$_onItemLoaded" synopsis="DisableUser$_onItemLoaded(): Void" synopsisExtended="DisableUser$_onItemLoaded(): Void" type="Object" />
                                  </methods>
                                </members>
                              </method>
                            </methods>
                          </members>
                        </class>
                        <class name="SaveToDisk" url=".Anguilla.General.js.Tridion.Cme.Commands.SaveToDisk.html" visibility="static" rawName="Tridion.Cme.Commands.SaveToDisk" fullName="Tridion.Cme.Commands.SaveToDisk" staticName="Commands.SaveToDisk" synopsis="var x: SaveToDisk = new SaveToDisk(name: Object);" synopsisExtended="var x: &lt;a href=&quot;.Anguilla.General.js.Tridion.Cme.Commands.SaveToDisk.html&quot;&gt;SaveToDisk&lt;/a&gt; = new SaveToDisk(name: Object);" type="Object">
                          <arguments value="name">
                            <argument name="name" type="Object" />
                          </arguments>
                          <extends />
                          <documentation rawString="&#xA; * Implements the &quot;save to disk&quot; command on selected editor control.&#xA; ">
                            <summary>Implements the "save to disk" command on selected editor control.</summary>
                          </documentation>
                          <members>
                            <methods>
                              <method name="_isAvailable" url=".Anguilla.General.js.Tridion.Cme.Commands.SaveToDisk._isAvailable.html" visibility="prototype" rawName="Tridion.Cme.Commands.SaveToDisk.prototype._isAvailable" fullName="Tridion.Cme.Commands.SaveToDisk._isAvailable" staticName="SaveToDisk._isAvailable" synopsis="_isAvailable(selection: Tridion.Core.Selection): Boolean" synopsisExtended="_isAvailable(selection: Tridion.Core.Selection): Boolean" type="Object">
                                <arguments value="selection">
                                  <argument name="selection" type="Tridion.Core.Selection" description="The current selection" />
                                </arguments>
                                <documentation rawString="&#xA; * Returns a value indicating whether this command can applicable for the selected item(s)&#xA; * @param {Tridion.Core.Selection} selection The current selection&#xA; * @returns {Boolean} &lt;c&gt;true&lt;/c&gt; if this command can be executed; otherwise false.&#xA; ">
                                  <summary>Returns a value indicating whether this command can applicable for the selected item(s)</summary>
                                </documentation>
                                <returns type="Boolean" description="&lt;c&gt;true&lt;/c&gt; if this command can be executed; otherwise false." />
                              </method>
                              <method name="_isEnabled" url=".Anguilla.General.js.Tridion.Cme.Commands.SaveToDisk._isEnabled.html" visibility="prototype" rawName="Tridion.Cme.Commands.SaveToDisk.prototype._isEnabled" fullName="Tridion.Cme.Commands.SaveToDisk._isEnabled" staticName="SaveToDisk._isEnabled" synopsis="_isEnabled(selection: Tridion.Core.Selection): Boolean" synopsisExtended="_isEnabled(selection: Tridion.Core.Selection): Boolean" type="Object">
                                <arguments value="selection">
                                  <argument name="selection" type="Tridion.Core.Selection" description="The current selection" />
                                </arguments>
                                <documentation rawString="&#xA; * Returns a value indicating whether this command can be executed on selected item(s)&#xA; * @param {Tridion.Core.Selection} selection The current selection&#xA; * @returns {Boolean} &lt;c&gt;true&lt;/c&gt; if this command can be executed; otherwise false.&#xA; ">
                                  <summary>Returns a value indicating whether this command can be executed on selected item(s)</summary>
                                </documentation>
                                <returns type="Boolean" description="&lt;c&gt;true&lt;/c&gt; if this command can be executed; otherwise false." />
                              </method>
                              <method name="_execute" url=".Anguilla.General.js.Tridion.Cme.Commands.SaveToDisk._execute.html" visibility="prototype" rawName="Tridion.Cme.Commands.SaveToDisk.prototype._execute" fullName="Tridion.Cme.Commands.SaveToDisk._execute" staticName="SaveToDisk._execute" synopsis="_execute(selection: Tridion.Cme.Selection): Void" synopsisExtended="_execute(selection: Tridion.Cme.Selection): Void" type="Object">
                                <arguments value="selection">
                                  <argument name="selection" type="Tridion.Cme.Selection" description="Contains a refrence to the editor." />
                                </arguments>
                                <documentation rawString="&#xA; * Executes the command on the selected editor control.&#xA; * @param {Tridion.Cme.Selection} selection Contains a refrence to the editor.&#xA; ">
                                  <summary>Executes the command on the selected editor control.</summary>
                                </documentation>
                                <members>
                                  <methods>
                                    <method name="getSourceEditorContent" url=".Anguilla.General.js.Tridion.Cme.Commands.SaveToDisk._execute.getSourceEditorContent.html" visibility="private" rawName="getSourceEditorContent" fullName="getSourceEditorContent" staticName="_execute.getSourceEditorContent" synopsis="getSourceEditorContent(editor: Object): Void" synopsisExtended="getSourceEditorContent(editor: Object): Void" type="Object">
                                      <arguments value="editor">
                                        <argument name="editor" type="Object" />
                                      </arguments>
                                    </method>
                                    <method name="getFileName" url=".Anguilla.General.js.Tridion.Cme.Commands.SaveToDisk._execute.getFileName.html" visibility="private" rawName="getFileName" fullName="getFileName" staticName="_execute.getFileName" synopsis="getFileName(): Void" synopsisExtended="getFileName(): Void" type="Object" />
                                  </methods>
                                </members>
                              </method>
                              <method name="isCommandEnabled" url=".Anguilla.General.js.Tridion.Cme.Commands.SaveToDisk.isCommandEnabled.html" visibility="static" rawName="Tridion.Cme.Commands.SaveToDisk.isCommandEnabled" fullName="Tridion.Cme.Commands.SaveToDisk.isCommandEnabled" staticName="SaveToDisk.isCommandEnabled" synopsis="isCommandEnabled(selection: Tridion.Core.Selection): Boolean" synopsisExtended="isCommandEnabled(selection: Tridion.Core.Selection): Boolean" type="Object">
                                <arguments value="selection">
                                  <argument name="selection" type="Tridion.Core.Selection" description="The current selection" />
                                </arguments>
                                <documentation rawString="&#xA; * Returns a value indicating whether this command can be executed on selected item(s)&#xA; * @param {Tridion.Core.Selection} selection The current selection&#xA; * @returns {Boolean} &lt;c&gt;true&lt;/c&gt; if this command can be executed; otherwise false.&#xA; ">
                                  <summary>Returns a value indicating whether this command can be executed on selected item(s)</summary>
                                </documentation>
                                <returns type="Boolean" description="&lt;c&gt;true&lt;/c&gt; if this command can be executed; otherwise false." />
                              </method>
                            </methods>
                          </members>
                        </class>
                        <class name="LoadFromDisk" url=".Anguilla.General.js.Tridion.Cme.Commands.LoadFromDisk.html" visibility="static" rawName="Tridion.Cme.Commands.LoadFromDisk" fullName="Tridion.Cme.Commands.LoadFromDisk" staticName="Commands.LoadFromDisk" synopsis="var x: LoadFromDisk = new LoadFromDisk(name: Object);" synopsisExtended="var x: &lt;a href=&quot;.Anguilla.General.js.Tridion.Cme.Commands.LoadFromDisk.html&quot;&gt;LoadFromDisk&lt;/a&gt; = new LoadFromDisk(name: Object);" type="Object">
                          <arguments value="name">
                            <argument name="name" type="Object" />
                          </arguments>
                          <extends />
                          <documentation rawString="&#xA; * Implements the &quot;load from disk&quot; command on selected editor control.&#xA; ">
                            <summary>Implements the "load from disk" command on selected editor control.</summary>
                          </documentation>
                          <members>
                            <methods>
                              <method name="_isAvailable" url=".Anguilla.General.js.Tridion.Cme.Commands.LoadFromDisk._isAvailable.html" visibility="prototype" rawName="Tridion.Cme.Commands.LoadFromDisk.prototype._isAvailable" fullName="Tridion.Cme.Commands.LoadFromDisk._isAvailable" staticName="LoadFromDisk._isAvailable" synopsis="_isAvailable(selection: Tridion.Core.Selection): Boolean" synopsisExtended="_isAvailable(selection: Tridion.Core.Selection): Boolean" type="Object">
                                <arguments value="selection">
                                  <argument name="selection" type="Tridion.Core.Selection" description="The current selection" />
                                </arguments>
                                <documentation rawString="&#xA; * Returns a value indicating whether this command can applicable for the selected item(s)&#xA; * @param {Tridion.Core.Selection} selection The current selection&#xA; * @returns {Boolean} &lt;c&gt;true&lt;/c&gt; if this command can be executed; otherwise false.&#xA; ">
                                  <summary>Returns a value indicating whether this command can applicable for the selected item(s)</summary>
                                </documentation>
                                <returns type="Boolean" description="&lt;c&gt;true&lt;/c&gt; if this command can be executed; otherwise false." />
                              </method>
                              <method name="_isEnabled" url=".Anguilla.General.js.Tridion.Cme.Commands.LoadFromDisk._isEnabled.html" visibility="prototype" rawName="Tridion.Cme.Commands.LoadFromDisk.prototype._isEnabled" fullName="Tridion.Cme.Commands.LoadFromDisk._isEnabled" staticName="LoadFromDisk._isEnabled" synopsis="_isEnabled(selection: Tridion.Core.Selection): Boolean" synopsisExtended="_isEnabled(selection: Tridion.Core.Selection): Boolean" type="Object">
                                <arguments value="selection">
                                  <argument name="selection" type="Tridion.Core.Selection" description="The current selection" />
                                </arguments>
                                <documentation rawString="&#xA; * Returns a value indicating whether this command can be executed on selected item(s)&#xA; * @param {Tridion.Core.Selection} selection The current selection&#xA; * @returns {Boolean} &lt;c&gt;true&lt;/c&gt; if this command can be executed; otherwise false.&#xA; ">
                                  <summary>Returns a value indicating whether this command can be executed on selected item(s)</summary>
                                </documentation>
                                <returns type="Boolean" description="&lt;c&gt;true&lt;/c&gt; if this command can be executed; otherwise false." />
                              </method>
                              <method name="_execute" url=".Anguilla.General.js.Tridion.Cme.Commands.LoadFromDisk._execute.html" visibility="prototype" rawName="Tridion.Cme.Commands.LoadFromDisk.prototype._execute" fullName="Tridion.Cme.Commands.LoadFromDisk._execute" staticName="LoadFromDisk._execute" synopsis="_execute(selection: Tridion.Cme.Selection): Void" synopsisExtended="_execute(selection: Tridion.Cme.Selection): Void" type="Object">
                                <arguments value="selection">
                                  <argument name="selection" type="Tridion.Cme.Selection" description="Contains a refrence to the editor." />
                                </arguments>
                                <documentation rawString="&#xA; * Executes the command on the selected editor control.&#xA; * @param {Tridion.Cme.Selection} selection Contains a refrence to the editor.&#xA; ">
                                  <summary>Executes the command on the selected editor control.</summary>
                                </documentation>
                                <members>
                                  <methods>
                                    <method name="onPopupClosed" url=".Anguilla.General.js.Tridion.Cme.Commands.LoadFromDisk._execute.onPopupClosed.html" visibility="private" rawName="onPopupClosed" fullName="onPopupClosed" staticName="_execute.onPopupClosed" synopsis="onPopupClosed(): Void" synopsisExtended="onPopupClosed(): Void" type="Object" />
                                    <method name="LoadFromDisk$_execute$onUploadDone" url=".Anguilla.General.js.Tridion.Cme.Commands.LoadFromDisk._execute.LoadFromDisk$_execute$onUploadDone.html" visibility="private" rawName="LoadFromDisk$_execute$onUploadDone" fullName="LoadFromDisk$_execute$onUploadDone" staticName="_execute.LoadFromDisk$_execute$onUploadDone" synopsis="LoadFromDisk$_execute$onUploadDone(event: Object): Void" synopsisExtended="LoadFromDisk$_execute$onUploadDone(event: Object): Void" type="Object">
                                      <arguments value="event">
                                        <argument name="event" type="Object" />
                                      </arguments>
                                    </method>
                                  </methods>
                                </members>
                              </method>
                            </methods>
                          </members>
                        </class>
                      </classes>
                    </members>
                  </property>
                </properties>
              </members>
            </property>
          </properties>
        </members>
      </property>
    </properties>
  </members>
</document>