<document name="GlobalModel.js" url="GlobalModel.js.html" visibility="default" rawName="GlobalModel.js" fullName="GlobalModel.js" staticName="Anguilla.GlobalModel.js">
  <members>
    <properties>
      <property name="Tridion" url=".Anguilla.GlobalModel.js.Tridion.html" visibility="public" rawName="Tridion" fullName="Tridion" staticName="GlobalModel.js.Tridion" synopsis="GlobalModel.js.Tridion: Object;" synopsisExtended="GlobalModel.js.Tridion: &lt;a href=&quot;&quot;&gt;Object&lt;/a&gt;;" type="Object" virtual="true">
        <members>
          <properties>
            <property name="Global" url=".Anguilla.GlobalModel.js.Tridion.Global.html" visibility="static" rawName="Tridion.Global" fullName="Tridion.Global" staticName="Tridion.Global" synopsis="Tridion.Global: Object;" synopsisExtended="Tridion.Global: &lt;a href=&quot;&quot;&gt;Object&lt;/a&gt;;" type="Object" virtual="true">
              <members>
                <properties>
                  <property name="Model" url=".Anguilla.GlobalModel.js.Tridion.Global.Model.html" visibility="static" rawName="Tridion.Global.Model" fullName="Tridion.Global.Model" staticName="Global.Model" synopsis="Global.Model: Object;" synopsisExtended="Global.Model: &lt;a href=&quot;&quot;&gt;Object&lt;/a&gt;;" type="Object">
                    <members>
                      <methods>
                        <method name="getItem" url=".Anguilla.GlobalModel.js.Tridion.Global.Model.getItem.html" visibility="instance" rawName="this.getItem" fullName="this.getItem" staticName="Model.getItem" synopsis="getItem(id: Object): Void" synopsisExtended="getItem(id: Object): Void" type="Object">
                          <arguments value="id">
                            <argument name="id" type="Object" />
                          </arguments>
                        </method>
                        <method name="createNewItem" url=".Anguilla.GlobalModel.js.Tridion.Global.Model.createNewItem.html" visibility="instance" rawName="this.createNewItem" fullName="this.createNewItem" staticName="Model.createNewItem" synopsis="createNewItem(type: Object): Void" synopsisExtended="createNewItem(type: Object): Void" type="Object">
                          <arguments value="type">
                            <argument name="type" type="Object" />
                          </arguments>
                        </method>
                        <method name="getFavoritesRoot" url=".Anguilla.GlobalModel.js.Tridion.Global.Model.getFavoritesRoot.html" visibility="instance" rawName="this.getFavoritesRoot" fullName="this.getFavoritesRoot" staticName="Model.getFavoritesRoot" synopsis="getFavoritesRoot(): Void" synopsisExtended="getFavoritesRoot(): Void" type="Object" />
                        <method name="getItemType" url=".Anguilla.GlobalModel.js.Tridion.Global.Model.getItemType.html" visibility="instance" rawName="this.getItemType" fullName="this.getItemType" staticName="Model.getItemType" synopsis="getItemType(item: Object): Void" synopsisExtended="getItemType(item: Object): Void" type="Object">
                          <arguments value="item">
                            <argument name="item" type="Object" />
                          </arguments>
                        </method>
                        <method name="addItem" url=".Anguilla.GlobalModel.js.Tridion.Global.Model.addItem.html" visibility="instance" rawName="this.addItem" fullName="this.addItem" staticName="Model.addItem" synopsis="addItem(id: Object, item: Object): Void" synopsisExtended="addItem(id: Object, item: Object): Void" type="Object">
                          <arguments value="id, item">
                            <argument name="id" type="Object" />
                            <argument name="item" type="Object" />
                          </arguments>
                        </method>
                      </methods>
                    </members>
                  </property>
                </properties>
              </members>
            </property>
          </properties>
        </members>
      </property>
    </properties>
  </members>
</document>