<document name="GoalMessage.js" url="GoalMessage.js.html" visibility="default" rawName="GoalMessage.js" fullName="GoalMessage.js" staticName="Anguilla.GoalMessage.js">
  <members>
    <properties>
      <property name="Tridion" url=".Anguilla.GoalMessage.js.Tridion.html" visibility="public" rawName="Tridion" fullName="Tridion" staticName="GoalMessage.js.Tridion" synopsis="GoalMessage.js.Tridion: Object;" synopsisExtended="GoalMessage.js.Tridion: &lt;a href=&quot;&quot;&gt;Object&lt;/a&gt;;" type="Object" virtual="true">
        <members>
          <properties>
            <property name="MessageCenter" url=".Anguilla.GoalMessage.js.Tridion.MessageCenter.html" visibility="static" rawName="Tridion.MessageCenter" fullName="Tridion.MessageCenter" staticName="Tridion.MessageCenter" synopsis="Tridion.MessageCenter: Object;" synopsisExtended="Tridion.MessageCenter: &lt;a href=&quot;&quot;&gt;Object&lt;/a&gt;;" type="Object" virtual="true">
              <members>
                <classes>
                  <class name="GoalMessage" url=".Anguilla.GoalMessage.js.Tridion.MessageCenter.GoalMessage.html" visibility="static" rawName="Tridion.MessageCenter.GoalMessage" fullName="Tridion.MessageCenter.GoalMessage" staticName="MessageCenter.GoalMessage" synopsis="var x: GoalMessage = new GoalMessage(title: Object, description: Object, targetWindow: Object, modalWindow: Object);" synopsisExtended="var x: &lt;a href=&quot;.Anguilla.GoalMessage.js.Tridion.MessageCenter.GoalMessage.html&quot;&gt;GoalMessage&lt;/a&gt; = new GoalMessage(title: Object, description: Object, targetWindow: Object, modalWindow: Object);" type="Object">
                    <arguments value="title, description, targetWindow, modalWindow">
                      <argument name="title" type="Object" />
                      <argument name="description" type="Object" />
                      <argument name="targetWindow" type="Object" />
                      <argument name="modalWindow" type="Object" />
                    </arguments>
                    <extends />
                    <documentation rawString="&#xA; * Implements Goal Message.&#xA; * @constructor&#xA; ">
                      <summary>Implements Goal Message.</summary>
                    </documentation>
                    <members>
                      <methods>
                        <method name="initialize" url=".Anguilla.GoalMessage.js.Tridion.MessageCenter.GoalMessage.initialize.html" visibility="private" rawName="Tridion.MessageCenter.GoalMessage.prototype.initialize" fullName="Tridion.MessageCenter.GoalMessage.initialize" staticName="GoalMessage.initialize" synopsis="initialize(): Void" synopsisExtended="initialize(): Void" type="Object">
                          <documentation rawString="&#xA; * Initializes Goal Message.&#xA; * @private&#xA; ">
                            <summary>Initializes Goal Message.</summary>
                          </documentation>
                        </method>
                      </methods>
                    </members>
                  </class>
                </classes>
              </members>
            </property>
          </properties>
        </members>
      </property>
    </properties>
  </members>
</document>