<document name="GoToCustomPage.js" url="GoToCustomPage.js.html" visibility="default" rawName="GoToCustomPage.js" fullName="GoToCustomPage.js" staticName="Anguilla.GoToCustomPage.js">
  <members>
    <properties>
      <property name="Tridion" url=".Anguilla.GoToCustomPage.js.Tridion.html" visibility="public" rawName="Tridion" fullName="Tridion" staticName="GoToCustomPage.js.Tridion" synopsis="GoToCustomPage.js.Tridion: Object;" synopsisExtended="GoToCustomPage.js.Tridion: &lt;a href=&quot;&quot;&gt;Object&lt;/a&gt;;" type="Object" virtual="true">
        <members>
          <properties>
            <property name="Cme" url=".Anguilla.GoToCustomPage.js.Tridion.Cme.html" visibility="static" rawName="Tridion.Cme" fullName="Tridion.Cme" staticName="Tridion.Cme" synopsis="Tridion.Cme: Object;" synopsisExtended="Tridion.Cme: &lt;a href=&quot;&quot;&gt;Object&lt;/a&gt;;" type="Object" virtual="true">
              <members>
                <properties>
                  <property name="Commands" url=".Anguilla.GoToCustomPage.js.Tridion.Cme.Commands.html" visibility="static" rawName="Tridion.Cme.Commands" fullName="Tridion.Cme.Commands" staticName="Cme.Commands" synopsis="Cme.Commands: Object;" synopsisExtended="Cme.Commands: &lt;a href=&quot;&quot;&gt;Object&lt;/a&gt;;" type="Object" virtual="true">
                    <members>
                      <classes>
                        <class name="GoToCustomPage" url=".Anguilla.GoToCustomPage.js.Tridion.Cme.Commands.GoToCustomPage.html" visibility="static" rawName="Tridion.Cme.Commands.GoToCustomPage" fullName="Tridion.Cme.Commands.GoToCustomPage" staticName="Commands.GoToCustomPage" synopsis="var x: GoToCustomPage = new GoToCustomPage(name: Object);" synopsisExtended="var x: &lt;a href=&quot;.Anguilla.GoToCustomPage.js.Tridion.Cme.Commands.GoToCustomPage.html&quot;&gt;GoToCustomPage&lt;/a&gt; = new GoToCustomPage(name: Object);" type="Object">
                          <arguments value="name">
                            <argument name="name" type="Object" />
                          </arguments>
                          <extends />
                          <documentation rawString="&#xA; * Implements the &lt;c&gt;Go To Custom Page&lt;/c&gt; command.&#xA; ">
                            <summary>Implements the &lt;c&gt;Go To Custom Page&lt;/c&gt; command.</summary>
                          </documentation>
                          <members>
                            <methods>
                              <method name="_execute" url=".Anguilla.GoToCustomPage.js.Tridion.Cme.Commands.GoToCustomPage._execute.html" visibility="prototype" rawName="Tridion.Cme.Commands.GoToCustomPage.prototype._execute" fullName="Tridion.Cme.Commands.GoToCustomPage._execute" staticName="GoToCustomPage._execute" synopsis="_execute(selection: Tridion.Core.Selection): Void" synopsisExtended="_execute(selection: Tridion.Core.Selection): Void" type="Object">
                                <arguments value="selection">
                                  <argument name="selection" type="Tridion.Core.Selection" description="The current selection." />
                                </arguments>
                                <documentation rawString="&#xA; * Executes this command on the selection.&#xA; * @param {Tridion.Core.Selection} selection The current selection.&#xA; ">
                                  <summary>Executes this command on the selection.</summary>
                                </documentation>
                                <members>
                                  <methods>
                                    <method name="GoToCustomPage$_execute$_onLoad" url=".Anguilla.GoToCustomPage.js.Tridion.Cme.Commands.GoToCustomPage._execute.GoToCustomPage$_execute$_onLoad.html" visibility="private" rawName="GoToCustomPage$_execute$_onLoad" fullName="GoToCustomPage$_execute$_onLoad" staticName="_execute.GoToCustomPage$_execute$_onLoad" synopsis="GoToCustomPage$_execute$_onLoad(): Void" synopsisExtended="GoToCustomPage$_execute$_onLoad(): Void" type="Object" />
                                  </methods>
                                </members>
                              </method>
                              <method name="_expandCustomPagePath" url=".Anguilla.GoToCustomPage.js.Tridion.Cme.Commands.GoToCustomPage._expandCustomPagePath.html" visibility="prototype" rawName="Tridion.Cme.Commands.GoToCustomPage.prototype._expandCustomPagePath" fullName="Tridion.Cme.Commands.GoToCustomPage._expandCustomPagePath" staticName="GoToCustomPage._expandCustomPagePath" synopsis="_expandCustomPagePath(urlCustomPage: String): String" synopsisExtended="_expandCustomPagePath(urlCustomPage: String): String" type="Object">
                                <arguments value="urlCustomPage">
                                  <argument name="urlCustomPage" type="String" description="The custom page Url" />
                                </arguments>
                                <documentation rawString="&#xA; * Returns a custom page path according to its Url&#xA; * @param {String} urlCustomPage The custom page Url&#xA; * @returns {String} custom page path&#xA; ">
                                  <summary>Returns a custom page path according to its Url</summary>
                                </documentation>
                                <returns type="String" description="custom page path" />
                              </method>
                              <method name="_setIFrameSrc" url=".Anguilla.GoToCustomPage.js.Tridion.Cme.Commands.GoToCustomPage._setIFrameSrc.html" visibility="prototype" rawName="Tridion.Cme.Commands.GoToCustomPage.prototype._setIFrameSrc" fullName="Tridion.Cme.Commands.GoToCustomPage._setIFrameSrc" staticName="GoToCustomPage._setIFrameSrc" synopsis="_setIFrameSrc(iframe: HTMLElement, url: String): Void" synopsisExtended="_setIFrameSrc(iframe: HTMLElement, url: String): Void" type="Object">
                                <arguments value="iframe, url">
                                  <argument name="iframe" type="HTMLElement" description="The iframe html element." />
                                  <argument name="url" type="String" description="Source url" />
                                </arguments>
                                <documentation rawString="&#xA; * Sets iframe source&#xA; * @param {HTMLElement} iframe The iframe html element.&#xA; * @param {String} url Source url&#xA; ">
                                  <summary>Sets iframe source</summary>
                                </documentation>
                              </method>
                            </methods>
                          </members>
                        </class>
                      </classes>
                    </members>
                  </property>
                </properties>
              </members>
            </property>
          </properties>
        </members>
      </property>
    </properties>
  </members>
</document>