<document name="Help.js" url="Help.js.html" visibility="default" rawName="Help.js" fullName="Help.js" staticName="Anguilla.Help.js">
  <members>
    <properties>
      <property name="Tridion" url=".Anguilla.Help.js.Tridion.html" visibility="public" rawName="Tridion" fullName="Tridion" staticName="Help.js.Tridion" synopsis="Help.js.Tridion: Object;" synopsisExtended="Help.js.Tridion: &lt;a href=&quot;&quot;&gt;Object&lt;/a&gt;;" type="Object" virtual="true">
        <members>
          <properties>
            <property name="Cme" url=".Anguilla.Help.js.Tridion.Cme.html" visibility="static" rawName="Tridion.Cme" fullName="Tridion.Cme" staticName="Tridion.Cme" synopsis="Tridion.Cme: Object;" synopsisExtended="Tridion.Cme: &lt;a href=&quot;&quot;&gt;Object&lt;/a&gt;;" type="Object" virtual="true">
              <members>
                <classes>
                  <class name="HelpPage" url=".Anguilla.Help.js.Tridion.Cme.HelpPage.html" visibility="static" rawName="Tridion.Cme.HelpPage" fullName="Tridion.Cme.HelpPage" staticName="Cme.HelpPage" synopsis="var x: HelpPage = new HelpPage(element: Object);" synopsisExtended="var x: &lt;a href=&quot;.Anguilla.Help.js.Tridion.Cme.HelpPage.html&quot;&gt;HelpPage&lt;/a&gt; = new HelpPage(element: Object);" type="Object">
                    <arguments value="element">
                      <argument name="element" type="Object" />
                    </arguments>
                    <extends />
                    <members>
                      <methods>
                        <method name="initialize" url=".Anguilla.Help.js.Tridion.Cme.HelpPage.initialize.html" visibility="prototype" rawName="Tridion.Cme.HelpPage.prototype.initialize" fullName="Tridion.Cme.HelpPage.initialize" staticName="HelpPage.initialize" synopsis="initialize(): Void" synopsisExtended="initialize(): Void" type="Object" />
                        <method name="_getLinkFromConfig" url=".Anguilla.Help.js.Tridion.Cme.HelpPage._getLinkFromConfig.html" visibility="prototype" rawName="Tridion.Cme.HelpPage.prototype._getLinkFromConfig" fullName="Tridion.Cme.HelpPage._getLinkFromConfig" staticName="HelpPage._getLinkFromConfig" synopsis="_getLinkFromConfig(id: Object): Void" synopsisExtended="_getLinkFromConfig(id: Object): Void" type="Object">
                          <arguments value="id">
                            <argument name="id" type="Object" />
                          </arguments>
                        </method>
                        <method name="_getConfigDocument" url=".Anguilla.Help.js.Tridion.Cme.HelpPage._getConfigDocument.html" visibility="prototype" rawName="Tridion.Cme.HelpPage.prototype._getConfigDocument" fullName="Tridion.Cme.HelpPage._getConfigDocument" staticName="HelpPage._getConfigDocument" synopsis="_getConfigDocument(): Void" synopsisExtended="_getConfigDocument(): Void" type="Object" />
                        <method name="_openDocWindow" url=".Anguilla.Help.js.Tridion.Cme.HelpPage._openDocWindow.html" visibility="prototype" rawName="Tridion.Cme.HelpPage.prototype._openDocWindow" fullName="Tridion.Cme.HelpPage._openDocWindow" staticName="HelpPage._openDocWindow" synopsis="_openDocWindow(callback: Object, langId: Object): Void" synopsisExtended="_openDocWindow(callback: Object, langId: Object): Void" type="Object">
                          <arguments value="callback, langId">
                            <argument name="callback" type="Object" />
                            <argument name="langId" type="Object" />
                          </arguments>
                          <members>
                            <methods>
                              <method name="onpopupload" url=".Anguilla.Help.js.Tridion.Cme.HelpPage._openDocWindow.onpopupload.html" visibility="private" rawName="onpopupload" fullName="onpopupload" staticName="_openDocWindow.onpopupload" synopsis="onpopupload(): Void" synopsisExtended="onpopupload(): Void" type="Object" />
                            </methods>
                          </members>
                        </method>
                        <method name="_openHelpPopup" url=".Anguilla.Help.js.Tridion.Cme.HelpPage._openHelpPopup.html" visibility="prototype" rawName="Tridion.Cme.HelpPage.prototype._openHelpPopup" fullName="Tridion.Cme.HelpPage._openHelpPopup" staticName="HelpPage._openHelpPopup" synopsis="_openHelpPopup(): Void" synopsisExtended="_openHelpPopup(): Void" type="Object">
                          <members>
                            <methods>
                              <method name="onwindowload" url=".Anguilla.Help.js.Tridion.Cme.HelpPage._openHelpPopup.onwindowload.html" visibility="private" rawName="onwindowload" fullName="onwindowload" staticName="_openHelpPopup.onwindowload" synopsis="onwindowload(wnd: Object, langId: Object): Void" synopsisExtended="onwindowload(wnd: Object, langId: Object): Void" type="Object">
                                <arguments value="wnd, langId">
                                  <argument name="wnd" type="Object" />
                                  <argument name="langId" type="Object" />
                                </arguments>
                              </method>
                            </methods>
                          </members>
                        </method>
                        <method name="disposeInterface" url=".Anguilla.Help.js.Tridion.Cme.HelpPage.disposeInterface.html" visibility="prototype" rawName="Tridion.Cme.HelpPage.prototype.disposeInterface" fullName="Tridion.Cme.HelpPage.disposeInterface" staticName="HelpPage.disposeInterface" synopsis="disposeInterface(): Void" synopsisExtended="disposeInterface(): Void" type="Object" />
                      </methods>
                    </members>
                  </class>
                </classes>
              </members>
            </property>
          </properties>
        </members>
      </property>
    </properties>
  </members>
</document>