<document name="IdentifiableObject.js" url="IdentifiableObject.js.html" visibility="default" rawName="IdentifiableObject.js" fullName="IdentifiableObject.js" staticName="Anguilla.IdentifiableObject.js">
  <members>
    <properties>
      <property name="Tridion" url=".Anguilla.IdentifiableObject.js.Tridion.html" visibility="public" rawName="Tridion" fullName="Tridion" staticName="IdentifiableObject.js.Tridion" synopsis="IdentifiableObject.js.Tridion: Object;" synopsisExtended="IdentifiableObject.js.Tridion: &lt;a href=&quot;&quot;&gt;Object&lt;/a&gt;;" type="Object" virtual="true">
        <members>
          <classes>
            <class name="IdentifiableObject" url=".Anguilla.IdentifiableObject.js.Tridion.IdentifiableObject.html" visibility="static" rawName="Tridion.IdentifiableObject" fullName="Tridion.IdentifiableObject" staticName="Tridion.IdentifiableObject" synopsis="var x: IdentifiableObject = new IdentifiableObject(id: Object);" synopsisExtended="var x: &lt;a href=&quot;.Anguilla.IdentifiableObject.js.Tridion.IdentifiableObject.html&quot;&gt;IdentifiableObject&lt;/a&gt; = new IdentifiableObject(id: Object);" type="Object">
              <arguments value="id">
                <argument name="id" type="Object" />
              </arguments>
              <extends />
              <members>
                <methods>
                  <method name="getId" url=".Anguilla.IdentifiableObject.js.Tridion.IdentifiableObject.getId.html" visibility="prototype" rawName="Tridion.IdentifiableObject.prototype.getId" fullName="Tridion.IdentifiableObject.getId" staticName="IdentifiableObject.getId" synopsis="getId(): Void" synopsisExtended="getId(): Void" type="Object" />
                  <method name="getItemType" url=".Anguilla.IdentifiableObject.js.Tridion.IdentifiableObject.getItemType.html" visibility="prototype" rawName="Tridion.IdentifiableObject.prototype.getItemType" fullName="Tridion.IdentifiableObject.getItemType" staticName="IdentifiableObject.getItemType" synopsis="getItemType(): Void" synopsisExtended="getItemType(): Void" type="Object" />
                  <method name="setLastUpdateCheckTimeStamp" url=".Anguilla.IdentifiableObject.js.Tridion.IdentifiableObject.setLastUpdateCheckTimeStamp.html" visibility="prototype" rawName="Tridion.IdentifiableObject.prototype.setLastUpdateCheckTimeStamp" fullName="Tridion.IdentifiableObject.setLastUpdateCheckTimeStamp" staticName="IdentifiableObject.setLastUpdateCheckTimeStamp" synopsis="setLastUpdateCheckTimeStamp(timeStamp: Object): Void" synopsisExtended="setLastUpdateCheckTimeStamp(timeStamp: Object): Void" type="Object">
                    <arguments value="timeStamp">
                      <argument name="timeStamp" type="Object" />
                    </arguments>
                  </method>
                  <method name="getLastUpdateCheckTimeStamp" url=".Anguilla.IdentifiableObject.js.Tridion.IdentifiableObject.getLastUpdateCheckTimeStamp.html" visibility="prototype" rawName="Tridion.IdentifiableObject.prototype.getLastUpdateCheckTimeStamp" fullName="Tridion.IdentifiableObject.getLastUpdateCheckTimeStamp" staticName="IdentifiableObject.getLastUpdateCheckTimeStamp" synopsis="getLastUpdateCheckTimeStamp(): Void" synopsisExtended="getLastUpdateCheckTimeStamp(): Void" type="Object" />
                  <method name="setTimeStamp" url=".Anguilla.IdentifiableObject.js.Tridion.IdentifiableObject.setTimeStamp.html" visibility="prototype" rawName="Tridion.IdentifiableObject.prototype.setTimeStamp" fullName="Tridion.IdentifiableObject.setTimeStamp" staticName="IdentifiableObject.setTimeStamp" synopsis="setTimeStamp(timeStamp: Object, data: Object): Void" synopsisExtended="setTimeStamp(timeStamp: Object, data: Object): Void" type="Object">
                    <arguments value="timeStamp, data">
                      <argument name="timeStamp" type="Object" />
                      <argument name="data" type="Object" />
                    </arguments>
                  </method>
                  <method name="setDataFromList" url=".Anguilla.IdentifiableObject.js.Tridion.IdentifiableObject.setDataFromList.html" visibility="prototype" rawName="Tridion.IdentifiableObject.prototype.setDataFromList" fullName="Tridion.IdentifiableObject.setDataFromList" staticName="IdentifiableObject.setDataFromList" synopsis="setDataFromList(node: Object, parentId: Object, timeStamp: Object): Void" synopsisExtended="setDataFromList(node: Object, parentId: Object, timeStamp: Object): Void" type="Object">
                    <arguments value="node, parentId, timeStamp">
                      <argument name="node" type="Object" />
                      <argument name="parentId" type="Object" />
                      <argument name="timeStamp" type="Object" />
                    </arguments>
                  </method>
                  <method name="setDataFromLink" url=".Anguilla.IdentifiableObject.js.Tridion.IdentifiableObject.setDataFromLink.html" visibility="prototype" rawName="Tridion.IdentifiableObject.prototype.setDataFromLink" fullName="Tridion.IdentifiableObject.setDataFromLink" staticName="IdentifiableObject.setDataFromLink" synopsis="setDataFromLink(node: Object): Void" synopsisExtended="setDataFromLink(node: Object): Void" type="Object">
                    <arguments value="node">
                      <argument name="node" type="Object" />
                    </arguments>
                  </method>
                  <method name="pack" url=".Anguilla.IdentifiableObject.js.Tridion.IdentifiableObject.pack.html" visibility="prototype" rawName="Tridion.IdentifiableObject.prototype.pack" fullName="Tridion.IdentifiableObject.pack" staticName="IdentifiableObject.pack" synopsis="pack(): Void" synopsisExtended="pack(): Void" type="Object" />
                  <method name="unpack" url=".Anguilla.IdentifiableObject.js.Tridion.IdentifiableObject.unpack.html" visibility="prototype" rawName="Tridion.IdentifiableObject.prototype.unpack" fullName="Tridion.IdentifiableObject.unpack" staticName="IdentifiableObject.unpack" synopsis="unpack(data: Object): Void" synopsisExtended="unpack(data: Object): Void" type="Object">
                    <arguments value="data">
                      <argument name="data" type="Object" />
                    </arguments>
                  </method>
                </methods>
              </members>
            </class>
          </classes>
        </members>
      </property>
    </properties>
  </members>
</document>