<document name="Image.js" url="Image.js.html" visibility="default" rawName="Image.js" fullName="Image.js" staticName="Anguilla.Image.js">
  <members>
    <methods>
      <method name="ImageObject" url=".Anguilla.Image.js.ImageObject.html" visibility="static" rawName="ImageObject" fullName="ImageObject" staticName="Image.js.ImageObject" synopsis="ImageObject(): Void" synopsisExtended="ImageObject(): Void" type="Object" />
    </methods>
    <properties>
      <property name="Tridion" url=".Anguilla.Image.js.Tridion.html" visibility="public" rawName="Tridion" fullName="Tridion" staticName="Image.js.Tridion" synopsis="Image.js.Tridion: Object;" synopsisExtended="Image.js.Tridion: &lt;a href=&quot;&quot;&gt;Object&lt;/a&gt;;" type="Object" virtual="true">
        <members>
          <properties>
            <property name="Cme" url=".Anguilla.Image.js.Tridion.Cme.html" visibility="static" rawName="Tridion.Cme" fullName="Tridion.Cme" staticName="Tridion.Cme" synopsis="Tridion.Cme: Object;" synopsisExtended="Tridion.Cme: &lt;a href=&quot;&quot;&gt;Object&lt;/a&gt;;" type="Object" virtual="true">
              <members>
                <properties>
                  <property name="Views" url=".Anguilla.Image.js.Tridion.Cme.Views.html" visibility="static" rawName="Tridion.Cme.Views" fullName="Tridion.Cme.Views" staticName="Cme.Views" synopsis="Cme.Views: Object;" synopsisExtended="Cme.Views: &lt;a href=&quot;&quot;&gt;Object&lt;/a&gt;;" type="Object" virtual="true">
                    <members>
                      <classes>
                        <class name="Image" url=".Anguilla.Image.js.Tridion.Cme.Views.Image.html" visibility="static" rawName="Tridion.Cme.Views.Image" fullName="Tridion.Cme.Views.Image" staticName="Views.Image" synopsis="var x: Image = new Image();" synopsisExtended="var x: &lt;a href=&quot;.Anguilla.Image.js.Tridion.Cme.Views.Image.html&quot;&gt;Image&lt;/a&gt; = new Image();" type="Object">
                          <extends />
                          <documentation rawString="&#xA; * Implements Image popup view.&#xA; * @constructor&#xA; ">
                            <summary>Implements Image popup view.</summary>
                          </documentation>
                          <members>
                            <methods>
                              <method name="initialize" url=".Anguilla.Image.js.Tridion.Cme.Views.Image.initialize.html" visibility="private" rawName="Tridion.Cme.Views.Image.prototype.initialize" fullName="Tridion.Cme.Views.Image.initialize" staticName="Image.initialize" synopsis="initialize(): Void" synopsisExtended="initialize(): Void" type="Object">
                                <documentation rawString="&#xA; * Initializes Image popup view.&#xA; * @private&#xA; ">
                                  <summary>Initializes Image popup view.</summary>
                                </documentation>
                              </method>
                              <method name="_onImagePreviewReady" url=".Anguilla.Image.js.Tridion.Cme.Views.Image._onImagePreviewReady.html" visibility="private" rawName="Tridion.Cme.Views.Image.prototype._onImagePreviewReady" fullName="Tridion.Cme.Views.Image._onImagePreviewReady" staticName="Image._onImagePreviewReady" synopsis="_onImagePreviewReady(event: DOMEvent): Void" synopsisExtended="_onImagePreviewReady(event: DOMEvent): Void" type="Object">
                                <arguments value="event">
                                  <argument name="event" type="DOMEvent" description="The DOM load event that occured." />
                                </arguments>
                                <documentation rawString="&#xA; * Reacts to the image preview loaded.&#xA; * @param {DOMEvent} event The DOM load event that occured.&#xA; * @private&#xA; ">
                                  <summary>Reacts to the image preview loaded.</summary>
                                </documentation>
                              </method>
                              <method name="_onImageThumbnailLoaded" url=".Anguilla.Image.js.Tridion.Cme.Views.Image._onImageThumbnailLoaded.html" visibility="private" rawName="Tridion.Cme.Views.Image.prototype._onImageThumbnailLoaded" fullName="Tridion.Cme.Views.Image._onImageThumbnailLoaded" staticName="Image._onImageThumbnailLoaded" synopsis="_onImageThumbnailLoaded(event: DOMEvent): Void" synopsisExtended="_onImageThumbnailLoaded(event: DOMEvent): Void" type="Object">
                                <arguments value="event">
                                  <argument name="event" type="DOMEvent" description="The DOM load event that occured." />
                                </arguments>
                                <documentation rawString="&#xA; * Reacts to the image thumbnail loaded.&#xA; * @param {DOMEvent} event The DOM load event that occured.&#xA; * @private&#xA; ">
                                  <summary>Reacts to the image thumbnail loaded.</summary>
                                </documentation>
                              </method>
                              <method name="_onBrowseClicked" url=".Anguilla.Image.js.Tridion.Cme.Views.Image._onBrowseClicked.html" visibility="private" rawName="Tridion.Cme.Views.Image.prototype._onBrowseClicked" fullName="Tridion.Cme.Views.Image._onBrowseClicked" staticName="Image._onBrowseClicked" synopsis="_onBrowseClicked(event: DOMEvent): Void" synopsisExtended="_onBrowseClicked(event: DOMEvent): Void" type="Object">
                                <arguments value="event">
                                  <argument name="event" type="DOMEvent" description="The DOM click event that occured." />
                                </arguments>
                                <documentation rawString="&#xA; * Reacts to the DOM click event.&#xA; * @param {DOMEvent} event The DOM click event that occured.&#xA; * @private&#xA; ">
                                  <summary>Reacts to the DOM click event.</summary>
                                </documentation>
                                <members>
                                  <methods>
                                    <method name="Image$_onBrowseClicked$onPopupClosed" url=".Anguilla.Image.js.Tridion.Cme.Views.Image._onBrowseClicked.Image$_onBrowseClicked$onPopupClosed.html" visibility="private" rawName="Image$_onBrowseClicked$onPopupClosed" fullName="Image$_onBrowseClicked$onPopupClosed" staticName="_onBrowseClicked.Image$_onBrowseClicked$onPopupClosed" synopsis="Image$_onBrowseClicked$onPopupClosed(event: Object): Void" synopsisExtended="Image$_onBrowseClicked$onPopupClosed(event: Object): Void" type="Object">
                                      <arguments value="event">
                                        <argument name="event" type="Object" />
                                      </arguments>
                                    </method>
                                    <method name="Image$_onBrowseClicked$onPopupSubmitted" url=".Anguilla.Image.js.Tridion.Cme.Views.Image._onBrowseClicked.Image$_onBrowseClicked$onPopupSubmitted.html" visibility="private" rawName="Image$_onBrowseClicked$onPopupSubmitted" fullName="Image$_onBrowseClicked$onPopupSubmitted" staticName="_onBrowseClicked.Image$_onBrowseClicked$onPopupSubmitted" synopsis="Image$_onBrowseClicked$onPopupSubmitted(event: Object): Void" synopsisExtended="Image$_onBrowseClicked$onPopupSubmitted(event: Object): Void" type="Object">
                                      <arguments value="event">
                                        <argument name="event" type="Object" />
                                      </arguments>
                                    </method>
                                  </methods>
                                </members>
                              </method>
                              <method name="_onSetLinkClicked" url=".Anguilla.Image.js.Tridion.Cme.Views.Image._onSetLinkClicked.html" visibility="private" rawName="Tridion.Cme.Views.Image.prototype._onSetLinkClicked" fullName="Tridion.Cme.Views.Image._onSetLinkClicked" staticName="Image._onSetLinkClicked" synopsis="_onSetLinkClicked(event: DOMEvent): Void" synopsisExtended="_onSetLinkClicked(event: DOMEvent): Void" type="Object">
                                <arguments value="event">
                                  <argument name="event" type="DOMEvent" description="The DOM click event that occured." />
                                </arguments>
                                <documentation rawString="&#xA; * Reacts to the DOM click event.&#xA; * @param {DOMEvent} event The DOM click event that occured.&#xA; * @private&#xA; ">
                                  <summary>Reacts to the DOM click event.</summary>
                                </documentation>
                                <members>
                                  <methods>
                                    <method name="Image$_onSetLinkClicked$onPopupCanceled" url=".Anguilla.Image.js.Tridion.Cme.Views.Image._onSetLinkClicked.Image$_onSetLinkClicked$onPopupCanceled.html" visibility="private" rawName="Image$_onSetLinkClicked$onPopupCanceled" fullName="Image$_onSetLinkClicked$onPopupCanceled" staticName="_onSetLinkClicked.Image$_onSetLinkClicked$onPopupCanceled" synopsis="Image$_onSetLinkClicked$onPopupCanceled(event: Object): Void" synopsisExtended="Image$_onSetLinkClicked$onPopupCanceled(event: Object): Void" type="Object">
                                      <arguments value="event">
                                        <argument name="event" type="Object" />
                                      </arguments>
                                    </method>
                                    <method name="Image$_onSetLinkClicked$onPopupSubmitted" url=".Anguilla.Image.js.Tridion.Cme.Views.Image._onSetLinkClicked.Image$_onSetLinkClicked$onPopupSubmitted.html" visibility="private" rawName="Image$_onSetLinkClicked$onPopupSubmitted" fullName="Image$_onSetLinkClicked$onPopupSubmitted" staticName="_onSetLinkClicked.Image$_onSetLinkClicked$onPopupSubmitted" synopsis="Image$_onSetLinkClicked$onPopupSubmitted(event: Object): Void" synopsisExtended="Image$_onSetLinkClicked$onPopupSubmitted(event: Object): Void" type="Object">
                                      <arguments value="event">
                                        <argument name="event" type="Object" />
                                      </arguments>
                                    </method>
                                  </methods>
                                </members>
                              </method>
                              <method name="_onAdvancedClicked" url=".Anguilla.Image.js.Tridion.Cme.Views.Image._onAdvancedClicked.html" visibility="private" rawName="Tridion.Cme.Views.Image.prototype._onAdvancedClicked" fullName="Tridion.Cme.Views.Image._onAdvancedClicked" staticName="Image._onAdvancedClicked" synopsis="_onAdvancedClicked(event: DOMEvent): Void" synopsisExtended="_onAdvancedClicked(event: DOMEvent): Void" type="Object">
                                <arguments value="event">
                                  <argument name="event" type="DOMEvent" description="The DOM click event that occured." />
                                </arguments>
                                <documentation rawString="&#xA; * Reacts to the DOM click event.&#xA; * @param {DOMEvent} event The DOM click event that occured.&#xA; * @private&#xA; ">
                                  <summary>Reacts to the DOM click event.</summary>
                                </documentation>
                              </method>
                              <method name="_onChangeAlign" url=".Anguilla.Image.js.Tridion.Cme.Views.Image._onChangeAlign.html" visibility="private" rawName="Tridion.Cme.Views.Image.prototype._onChangeAlign" fullName="Tridion.Cme.Views.Image._onChangeAlign" staticName="Image._onChangeAlign" synopsis="_onChangeAlign(The: event.): Void" synopsisExtended="_onChangeAlign(The: event.): Void" type="Object">
                                <arguments value="event">
                                  <argument name="The" type="event." description="event fired from field control." />
                                </arguments>
                                <documentation rawString="&#xA; * Reacts to the Align value change event.&#xA; * @param {Tridion.Core.Event} event. The event fired from field control. &#xA; * @private&#xA; ">
                                  <summary>Reacts to the Align value change event.</summary>
                                </documentation>
                              </method>
                              <method name="_onChangeHeight" url=".Anguilla.Image.js.Tridion.Cme.Views.Image._onChangeHeight.html" visibility="private" rawName="Tridion.Cme.Views.Image.prototype._onChangeHeight" fullName="Tridion.Cme.Views.Image._onChangeHeight" staticName="Image._onChangeHeight" synopsis="_onChangeHeight(The: event.): Void" synopsisExtended="_onChangeHeight(The: event.): Void" type="Object">
                                <arguments value="event">
                                  <argument name="The" type="event." description="event fired from field control." />
                                </arguments>
                                <documentation rawString="&#xA; * Reacts to the Height value change event.&#xA; * @param {Tridion.Core.Event} event. The event fired from field control. &#xA; * @private&#xA; ">
                                  <summary>Reacts to the Height value change event.</summary>
                                </documentation>
                              </method>
                              <method name="_onChangeTitle" url=".Anguilla.Image.js.Tridion.Cme.Views.Image._onChangeTitle.html" visibility="private" rawName="Tridion.Cme.Views.Image.prototype._onChangeTitle" fullName="Tridion.Cme.Views.Image._onChangeTitle" staticName="Image._onChangeTitle" synopsis="_onChangeTitle(The: event.): Void" synopsisExtended="_onChangeTitle(The: event.): Void" type="Object">
                                <arguments value="event">
                                  <argument name="The" type="event." description="event fired from field control." />
                                </arguments>
                                <documentation rawString="&#xA; * Reacts to the Title value change event.&#xA; * @param {Tridion.Core.Event} event. The event fired from field control. &#xA; * @private&#xA; ">
                                  <summary>Reacts to the Title value change event.</summary>
                                </documentation>
                              </method>
                              <method name="_onChangeWidth" url=".Anguilla.Image.js.Tridion.Cme.Views.Image._onChangeWidth.html" visibility="private" rawName="Tridion.Cme.Views.Image.prototype._onChangeWidth" fullName="Tridion.Cme.Views.Image._onChangeWidth" staticName="Image._onChangeWidth" synopsis="_onChangeWidth(The: event.): Void" synopsisExtended="_onChangeWidth(The: event.): Void" type="Object">
                                <arguments value="event">
                                  <argument name="The" type="event." description="event fired from field control." />
                                </arguments>
                                <documentation rawString="&#xA; * Reacts to the Width value change event.&#xA; * @param {Tridion.Core.Event} event. The event fired from field control. &#xA; * @private&#xA; ">
                                  <summary>Reacts to the Width value change event.</summary>
                                </documentation>
                              </method>
                              <method name="_onOkButtonClicked" url=".Anguilla.Image.js.Tridion.Cme.Views.Image._onOkButtonClicked.html" visibility="private" rawName="Tridion.Cme.Views.Image.prototype._onOkButtonClicked" fullName="Tridion.Cme.Views.Image._onOkButtonClicked" staticName="Image._onOkButtonClicked" synopsis="_onOkButtonClicked(event: DOMEvent): Void" synopsisExtended="_onOkButtonClicked(event: DOMEvent): Void" type="Object">
                                <arguments value="event">
                                  <argument name="event" type="DOMEvent" description="The DOM click event that occured." />
                                </arguments>
                                <documentation rawString="&#xA; * Reacts to the DOM click event.&#xA; * @param {DOMEvent} event The DOM click event that occured.&#xA; * @private&#xA; ">
                                  <summary>Reacts to the DOM click event.</summary>
                                </documentation>
                              </method>
                              <method name="_onCancelButtonClicked" url=".Anguilla.Image.js.Tridion.Cme.Views.Image._onCancelButtonClicked.html" visibility="private" rawName="Tridion.Cme.Views.Image.prototype._onCancelButtonClicked" fullName="Tridion.Cme.Views.Image._onCancelButtonClicked" staticName="Image._onCancelButtonClicked" synopsis="_onCancelButtonClicked(event: DOMEvent): Void" synopsisExtended="_onCancelButtonClicked(event: DOMEvent): Void" type="Object">
                                <arguments value="event">
                                  <argument name="event" type="DOMEvent" description="The DOM click event that occured." />
                                </arguments>
                                <documentation rawString="&#xA; * Reacts to the DOM click event.&#xA; * @param {DOMEvent} event The DOM click event that occured.&#xA; * @private&#xA; ">
                                  <summary>Reacts to the DOM click event.</summary>
                                </documentation>
                              </method>
                              <method name="_onKeyUp" url=".Anguilla.Image.js.Tridion.Cme.Views.Image._onKeyUp.html" visibility="private" rawName="Tridion.Cme.Views.Image.prototype._onKeyUp" fullName="Tridion.Cme.Views.Image._onKeyUp" staticName="Image._onKeyUp" synopsis="_onKeyUp(event: DOMEvent): Void" synopsisExtended="_onKeyUp(event: DOMEvent): Void" type="Object">
                                <arguments value="event">
                                  <argument name="event" type="DOMEvent" description="The DOM keyup event that occured." />
                                </arguments>
                                <documentation rawString="&#xA; * Reacts to the DOM keyup event.&#xA; * @param {DOMEvent} event The DOM keyup event that occured.&#xA; * @private&#xA; ">
                                  <summary>Reacts to the DOM keyup event.</summary>
                                </documentation>
                              </method>
                              <method name="_updateSize" url=".Anguilla.Image.js.Tridion.Cme.Views.Image._updateSize.html" visibility="private" rawName="Tridion.Cme.Views.Image.prototype._updateSize" fullName="Tridion.Cme.Views.Image._updateSize" staticName="Image._updateSize" synopsis="_updateSize(width: Number, height: Number): Boolean" synopsisExtended="_updateSize(width: Number, height: Number): Boolean" type="Object">
                                <arguments value="width, height">
                                  <argument name="width" type="Number" description="The preview width." />
                                  <argument name="height" type="Number" description="The preview height." />
                                </arguments>
                                <documentation rawString="&#xA; * Updates image preview size.&#xA; * @param {Number} width The preview width.&#xA; * @param {Number} height The preview height.&#xA; * @returns {Boolean} True if dimentions are set, otherwise false &#xA; * @private&#xA; ">
                                  <summary>Updates image preview size.</summary>
                                </documentation>
                                <returns type="Boolean" description="True if dimentions are set, otherwise false" />
                              </method>
                            </methods>
                          </members>
                        </class>
                      </classes>
                    </members>
                  </property>
                </properties>
              </members>
            </property>
          </properties>
        </members>
      </property>
    </properties>
  </members>
</document>