<document name="InputRequest.js" url="InputRequest.js.html" visibility="default" rawName="InputRequest.js" fullName="InputRequest.js" staticName="Anguilla.InputRequest.js">
  <members>
    <properties>
      <property name="Tridion" url=".Anguilla.InputRequest.js.Tridion.html" visibility="public" rawName="Tridion" fullName="Tridion" staticName="InputRequest.js.Tridion" synopsis="InputRequest.js.Tridion: Object;" synopsisExtended="InputRequest.js.Tridion: &lt;a href=&quot;&quot;&gt;Object&lt;/a&gt;;" type="Object" virtual="true">
        <members>
          <properties>
            <property name="Cme" url=".Anguilla.InputRequest.js.Tridion.Cme.html" visibility="static" rawName="Tridion.Cme" fullName="Tridion.Cme" staticName="Tridion.Cme" synopsis="Tridion.Cme: Object;" synopsisExtended="Tridion.Cme: &lt;a href=&quot;&quot;&gt;Object&lt;/a&gt;;" type="Object" virtual="true">
              <members>
                <properties>
                  <property name="Views" url=".Anguilla.InputRequest.js.Tridion.Cme.Views.html" visibility="static" rawName="Tridion.Cme.Views" fullName="Tridion.Cme.Views" staticName="Cme.Views" synopsis="Cme.Views: Object;" synopsisExtended="Cme.Views: &lt;a href=&quot;&quot;&gt;Object&lt;/a&gt;;" type="Object" virtual="true">
                    <members>
                      <classes>
                        <class name="InputRequest" url=".Anguilla.InputRequest.js.Tridion.Cme.Views.InputRequest.html" visibility="static" rawName="Tridion.Cme.Views.InputRequest" fullName="Tridion.Cme.Views.InputRequest" staticName="Views.InputRequest" synopsis="var x: InputRequest = new InputRequest();" synopsisExtended="var x: &lt;a href=&quot;.Anguilla.InputRequest.js.Tridion.Cme.Views.InputRequest.html&quot;&gt;InputRequest&lt;/a&gt; = new InputRequest();" type="Object">
                          <extends />
                          <documentation rawString="&#xA; * Implements Input Request popup view.&#xA; * @constructor&#xA; ">
                            <summary>Implements Input Request popup view.</summary>
                          </documentation>
                          <members>
                            <methods>
                              <method name="initialize" url=".Anguilla.InputRequest.js.Tridion.Cme.Views.InputRequest.initialize.html" visibility="private" rawName="Tridion.Cme.Views.InputRequest.prototype.initialize" fullName="Tridion.Cme.Views.InputRequest.initialize" staticName="InputRequest.initialize" synopsis="initialize(): Void" synopsisExtended="initialize(): Void" type="Object">
                                <documentation rawString="&#xA; * Initializes Input Request popup view.&#xA; * @private&#xA; ">
                                  <summary>Initializes Input Request popup view.</summary>
                                </documentation>
                              </method>
                              <method name="_onOkButtonClicked" url=".Anguilla.InputRequest.js.Tridion.Cme.Views.InputRequest._onOkButtonClicked.html" visibility="private" rawName="Tridion.Cme.Views.InputRequest.prototype._onOkButtonClicked" fullName="Tridion.Cme.Views.InputRequest._onOkButtonClicked" staticName="InputRequest._onOkButtonClicked" synopsis="_onOkButtonClicked(event: DOMEvent): Void" synopsisExtended="_onOkButtonClicked(event: DOMEvent): Void" type="Object">
                                <arguments value="event">
                                  <argument name="event" type="DOMEvent" description="The DOM click event that occured." />
                                </arguments>
                                <documentation rawString="&#xA; * Reacts to the DOM click event.&#xA; * @param {DOMEvent} event The DOM click event that occured.&#xA; * @private&#xA; ">
                                  <summary>Reacts to the DOM click event.</summary>
                                </documentation>
                              </method>
                              <method name="_onCancelButtonClicked" url=".Anguilla.InputRequest.js.Tridion.Cme.Views.InputRequest._onCancelButtonClicked.html" visibility="private" rawName="Tridion.Cme.Views.InputRequest.prototype._onCancelButtonClicked" fullName="Tridion.Cme.Views.InputRequest._onCancelButtonClicked" staticName="InputRequest._onCancelButtonClicked" synopsis="_onCancelButtonClicked(event: DOMEvent): Void" synopsisExtended="_onCancelButtonClicked(event: DOMEvent): Void" type="Object">
                                <arguments value="event">
                                  <argument name="event" type="DOMEvent" description="The DOM click event that occured." />
                                </arguments>
                                <documentation rawString="&#xA; * Reacts to the DOM click event.&#xA; * @param {DOMEvent} event The DOM click event that occured.&#xA; * @private&#xA; ">
                                  <summary>Reacts to the DOM click event.</summary>
                                </documentation>
                              </method>
                            </methods>
                          </members>
                        </class>
                      </classes>
                    </members>
                  </property>
                </properties>
              </members>
            </property>
          </properties>
        </members>
      </property>
    </properties>
  </members>
</document>