<document name="ItemWithSchema.js" url="ItemWithSchema.js.html" visibility="default" rawName="ItemWithSchema.js" fullName="ItemWithSchema.js" staticName="Anguilla.ItemWithSchema.js">
  <members>
    <properties>
      <property name="Tridion" url=".Anguilla.ItemWithSchema.js.Tridion.html" visibility="public" rawName="Tridion" fullName="Tridion" staticName="ItemWithSchema.js.Tridion" synopsis="ItemWithSchema.js.Tridion: Object;" synopsisExtended="ItemWithSchema.js.Tridion: &lt;a href=&quot;&quot;&gt;Object&lt;/a&gt;;" type="Object" virtual="true">
        <members>
          <properties>
            <property name="Cme" url=".Anguilla.ItemWithSchema.js.Tridion.Cme.html" visibility="static" rawName="Tridion.Cme" fullName="Tridion.Cme" staticName="Tridion.Cme" synopsis="Tridion.Cme: Object;" synopsisExtended="Tridion.Cme: &lt;a href=&quot;&quot;&gt;Object&lt;/a&gt;;" type="Object" virtual="true">
              <members>
                <properties>
                  <property name="Views" url=".Anguilla.ItemWithSchema.js.Tridion.Cme.Views.html" visibility="static" rawName="Tridion.Cme.Views" fullName="Tridion.Cme.Views" staticName="Cme.Views" synopsis="Cme.Views: Object;" synopsisExtended="Cme.Views: &lt;a href=&quot;&quot;&gt;Object&lt;/a&gt;;" type="Object" virtual="true">
                    <members>
                      <classes>
                        <class name="ItemWithSchema" url=".Anguilla.ItemWithSchema.js.Tridion.Cme.Views.ItemWithSchema.html" visibility="static" rawName="Tridion.Cme.Views.ItemWithSchema" fullName="Tridion.Cme.Views.ItemWithSchema" staticName="Views.ItemWithSchema" synopsis="var x: ItemWithSchema = new ItemWithSchema();" synopsisExtended="var x: &lt;a href=&quot;.Anguilla.ItemWithSchema.js.Tridion.Cme.Views.ItemWithSchema.html&quot;&gt;ItemWithSchema&lt;/a&gt; = new ItemWithSchema();" type="Object">
                          <extends />
                          <documentation rawString="&#xA; * Provides a base class for all item views with schema or metadata schema&#xA; * @constructor&#xA; ">
                            <summary>Provides a base class for all item views with schema or metadata schema</summary>
                          </documentation>
                          <members>
                            <methods>
                              <method name="initializeControls" url=".Anguilla.ItemWithSchema.js.Tridion.Cme.Views.ItemWithSchema.initializeControls.html" visibility="prototype" rawName="Tridion.Cme.Views.ItemWithSchema.prototype.initializeControls" fullName="Tridion.Cme.Views.ItemWithSchema.initializeControls" staticName="ItemWithSchema.initializeControls" synopsis="initializeControls(): Void" synopsisExtended="initializeControls(): Void" type="Object">
                                <documentation rawString="&#xA; * Initializes Item View controls&#xA; ">
                                  <summary>Initializes Item View controls</summary>
                                </documentation>
                              </method>
                              <method name="onRefresh" url=".Anguilla.ItemWithSchema.js.Tridion.Cme.Views.ItemWithSchema.onRefresh.html" visibility="prototype" rawName="Tridion.Cme.Views.ItemWithSchema.prototype.onRefresh" fullName="Tridion.Cme.Views.ItemWithSchema.onRefresh" staticName="ItemWithSchema.onRefresh" synopsis="onRefresh(The: e.): Void" synopsisExtended="onRefresh(The: e.): Void" type="Object">
                                <arguments value="e">
                                  <argument name="The" type="e." description="event is fired from the &lt;c&gt;Tridion.DisplayController&lt;/c&gt;." />
                                </arguments>
                                <documentation rawString="&#xA; * Reacts on Display Refresh event.&#xA; * @param {Tridion.Core.Event} e. The event is fired from the &lt;c&gt;Tridion.DisplayController&lt;/c&gt;.&#xA; ">
                                  <summary>Reacts on Display Refresh event.</summary>
                                </documentation>
                              </method>
                              <method name="updateView" url=".Anguilla.ItemWithSchema.js.Tridion.Cme.Views.ItemWithSchema.updateView.html" visibility="prototype" rawName="Tridion.Cme.Views.ItemWithSchema.prototype.updateView" fullName="Tridion.Cme.Views.ItemWithSchema.updateView" staticName="ItemWithSchema.updateView" synopsis="updateView(): Void" synopsisExtended="updateView(): Void" type="Object">
                                <documentation rawString="&#xA; * Updating Schema representation in View.&#xA; ">
                                  <summary>Updating Schema representation in View.</summary>
                                </documentation>
                              </method>
                              <method name="setSchemaBasedFieldsElement" url=".Anguilla.ItemWithSchema.js.Tridion.Cme.Views.ItemWithSchema.setSchemaBasedFieldsElement.html" visibility="prototype" rawName="Tridion.Cme.Views.ItemWithSchema.prototype.setSchemaBasedFieldsElement" fullName="Tridion.Cme.Views.ItemWithSchema.setSchemaBasedFieldsElement" staticName="ItemWithSchema.setSchemaBasedFieldsElement" synopsis="setSchemaBasedFieldsElement(element: HTMLElement): Void" synopsisExtended="setSchemaBasedFieldsElement(element: HTMLElement): Void" type="Object">
                                <arguments value="element">
                                  <argument name="element" type="HTMLElement" description="which represents the Schema fields." />
                                </arguments>
                                <documentation rawString="&#xA; * Sets the html element that represents the Schema fields.&#xA; * @param {HTMLElement} element which represents the Schema fields.&#xA; ">
                                  <summary>Sets the html element that represents the Schema fields.</summary>
                                </documentation>
                              </method>
                              <method name="getListFieldsSchemas" url=".Anguilla.ItemWithSchema.js.Tridion.Cme.Views.ItemWithSchema.getListFieldsSchemas.html" visibility="prototype" rawName="Tridion.Cme.Views.ItemWithSchema.prototype.getListFieldsSchemas" fullName="Tridion.Cme.Views.ItemWithSchema.getListFieldsSchemas" staticName="ItemWithSchema.getListFieldsSchemas" synopsis="getListFieldsSchemas(purpose: Number): Object" synopsisExtended="getListFieldsSchemas(purpose: Number): Object" type="Object">
                                <arguments value="purpose">
                                  <argument name="purpose" type="Number" description="the schema purpose to use." />
                                </arguments>
                                <documentation rawString="&#xA; * Gets the List of Schema Fields based on Schema purpose.&#xA; * @param {Number} purpose the schema purpose to use.&#xA; * @returns {Object} List schemas. &#xA; ">
                                  <summary>Gets the List of Schema Fields based on Schema purpose.</summary>
                                </documentation>
                                <returns type="Object" description="List schemas." />
                              </method>
                              <method name="applyFieldsSchema" url=".Anguilla.ItemWithSchema.js.Tridion.Cme.Views.ItemWithSchema.applyFieldsSchema.html" visibility="prototype" rawName="Tridion.Cme.Views.ItemWithSchema.prototype.applyFieldsSchema" fullName="Tridion.Cme.Views.ItemWithSchema.applyFieldsSchema" staticName="ItemWithSchema.applyFieldsSchema" synopsis="applyFieldsSchema(Schema: schema., True: invalidateItemFields.): Void" synopsisExtended="applyFieldsSchema(Schema: schema., True: invalidateItemFields.): Void" type="Object">
                                <arguments value="schema, invalidateItemFields">
                                  <argument name="Schema" type="schema." description="which is used to loading and fields generating." />
                                  <argument name="True" type="invalidateItemFields." description="invalidate Item fields. Optional." />
                                </arguments>
                                <documentation rawString="&#xA; * Loading the Schema if it`s not loaded and applying the fields to the Schema.&#xA; * @param {Tridion.ContentManager.Schema} schema. Schema which is used to loading and fields generating.&#xA; * @param {Boolean} invalidateItemFields. True invalidate Item fields. Optional. &#xA; ">
                                  <summary>Loading the Schema if it`s not loaded and applying the fields to the Schema.</summary>
                                </documentation>
                              </method>
                              <method name="getItemFields" url=".Anguilla.ItemWithSchema.js.Tridion.Cme.Views.ItemWithSchema.getItemFields.html" visibility="prototype" rawName="Tridion.Cme.Views.ItemWithSchema.prototype.getItemFields" fullName="Tridion.Cme.Views.ItemWithSchema.getItemFields" staticName="ItemWithSchema.getItemFields" synopsis="getItemFields(): String" synopsisExtended="getItemFields(): String" type="Object">
                                <documentation rawString="&#xA; * Gets Item fields XML representation.&#xA; * @returns {String} XML String of Item fields.&#xA; ">
                                  <summary>Gets Item fields XML representation.</summary>
                                </documentation>
                                <returns type="String" description="XML String of Item fields." />
                              </method>
                              <method name="setItemFields" url=".Anguilla.ItemWithSchema.js.Tridion.Cme.Views.ItemWithSchema.setItemFields.html" visibility="prototype" rawName="Tridion.Cme.Views.ItemWithSchema.prototype.setItemFields" fullName="Tridion.Cme.Views.ItemWithSchema.setItemFields" staticName="ItemWithSchema.setItemFields" synopsis="setItemFields(): Boolean" synopsisExtended="setItemFields(): Boolean" type="Object">
                                <documentation rawString="&#xA; * Sets Item fields XML representation.&#xA; * @returns {Boolean} True if fields has been set otherwise false&#xA; ">
                                  <summary>Sets Item fields XML representation.</summary>
                                </documentation>
                                <returns type="Boolean" description="True if fields has been set otherwise false" />
                              </method>
                              <method name="generateFields" url=".Anguilla.ItemWithSchema.js.Tridion.Cme.Views.ItemWithSchema.generateFields.html" visibility="prototype" rawName="Tridion.Cme.Views.ItemWithSchema.prototype.generateFields" fullName="Tridion.Cme.Views.ItemWithSchema.generateFields" staticName="ItemWithSchema.generateFields" synopsis="generateFields(True: reload.): Void" synopsisExtended="generateFields(True: reload.): Void" type="Object">
                                <arguments value="reload">
                                  <argument name="True" type="reload." description="regenarates fields Item fields. Optional." />
                                </arguments>
                                <documentation rawString="&#xA; * Generate Schema Fields.&#xA; * @param {Boolean} reload. True regenarates fields Item fields. Optional.&#xA; ">
                                  <summary>Generate Schema Fields.</summary>
                                </documentation>
                              </method>
                              <method name="onSchemaInstanceDataLoaded" url=".Anguilla.ItemWithSchema.js.Tridion.Cme.Views.ItemWithSchema.onSchemaInstanceDataLoaded.html" visibility="prototype" rawName="Tridion.Cme.Views.ItemWithSchema.prototype.onSchemaInstanceDataLoaded" fullName="Tridion.Cme.Views.ItemWithSchema.onSchemaInstanceDataLoaded" staticName="ItemWithSchema.onSchemaInstanceDataLoaded" synopsis="onSchemaInstanceDataLoaded(The: event.): Void" synopsisExtended="onSchemaInstanceDataLoaded(The: event.): Void" type="Object">
                                <arguments value="event">
                                  <argument name="The" type="event." description="event is the event fired from the &lt;c&gt;Tridion.ContentManager.Schema&lt;/c&gt; Item." />
                                </arguments>
                                <documentation rawString="&#xA; * Handles the instance data load event on the &lt;c&gt;Tridion.ContentManager.Schema&lt;/c&gt; Item.&#xA; * @param {Tridion.Core.Event} event. The event is the event fired from the &lt;c&gt;Tridion.ContentManager.Schema&lt;/c&gt; Item.&#xA; ">
                                  <summary>Handles the instance data load event on the &lt;c&gt;Tridion.ContentManager.Schema&lt;/c&gt; Item.</summary>
                                </documentation>
                              </method>
                              <method name="onWebSchemaLoad" url=".Anguilla.ItemWithSchema.js.Tridion.Cme.Views.ItemWithSchema.onWebSchemaLoad.html" visibility="prototype" rawName="Tridion.Cme.Views.ItemWithSchema.prototype.onWebSchemaLoad" fullName="Tridion.Cme.Views.ItemWithSchema.onWebSchemaLoad" staticName="ItemWithSchema.onWebSchemaLoad" synopsis="onWebSchemaLoad(The: event.): Void" synopsisExtended="onWebSchemaLoad(The: event.): Void" type="Object">
                                <arguments value="">
                                  <argument name="The" type="event." description="event is the event fired from the &lt;c&gt;Tridion.ContentManager.Schema&lt;/c&gt; Item." />
                                </arguments>
                                <documentation rawString="&#xA; * Handles the web schema load event on the &lt;c&gt;Tridion.ContentManager.Schema&lt;/c&gt; Item.&#xA; * @param {Tridion.Core.Event} event. The event is the event fired from the &lt;c&gt;Tridion.ContentManager.Schema&lt;/c&gt; Item.&#xA; ">
                                  <summary>Handles the web schema load event on the &lt;c&gt;Tridion.ContentManager.Schema&lt;/c&gt; Item.</summary>
                                </documentation>
                              </method>
                              <method name="onWebSchemaLoadFailed" url=".Anguilla.ItemWithSchema.js.Tridion.Cme.Views.ItemWithSchema.onWebSchemaLoadFailed.html" visibility="prototype" rawName="Tridion.Cme.Views.ItemWithSchema.prototype.onWebSchemaLoadFailed" fullName="Tridion.Cme.Views.ItemWithSchema.onWebSchemaLoadFailed" staticName="ItemWithSchema.onWebSchemaLoadFailed" synopsis="onWebSchemaLoadFailed(): Void" synopsisExtended="onWebSchemaLoadFailed(): Void" type="Object">
                                <documentation rawString="&#xA; * Handles the web schema load failed on the &lt;c&gt;Tridion.ContentManager.Schema&lt;/c&gt; Item.&#xA; ">
                                  <summary>Handles the web schema load failed on the &lt;c&gt;Tridion.ContentManager.Schema&lt;/c&gt; Item.</summary>
                                </documentation>
                              </method>
                              <method name="onFormFieldsChanged" url=".Anguilla.ItemWithSchema.js.Tridion.Cme.Views.ItemWithSchema.onFormFieldsChanged.html" visibility="prototype" rawName="Tridion.Cme.Views.ItemWithSchema.prototype.onFormFieldsChanged" fullName="Tridion.Cme.Views.ItemWithSchema.onFormFieldsChanged" staticName="ItemWithSchema.onFormFieldsChanged" synopsis="onFormFieldsChanged(The: event.): Void" synopsisExtended="onFormFieldsChanged(The: event.): Void" type="Object">
                                <arguments value="event">
                                  <argument name="The" type="event." description="event is the event fired from the &lt;c&gt;Tridion.FieldBuilder&lt;/c&gt; Item." />
                                </arguments>
                                <documentation rawString="&#xA; * Handles the changes in Form Fields.&#xA; * @param {Tridion.Core.Event} event. The event is the event fired from the &lt;c&gt;Tridion.FieldBuilder&lt;/c&gt; Item.&#xA; ">
                                  <summary>Handles the changes in Form Fields.</summary>
                                </documentation>
                              </method>
                              <method name="onFormFieldsLoaded" url=".Anguilla.ItemWithSchema.js.Tridion.Cme.Views.ItemWithSchema.onFormFieldsLoaded.html" visibility="prototype" rawName="Tridion.Cme.Views.ItemWithSchema.prototype.onFormFieldsLoaded" fullName="Tridion.Cme.Views.ItemWithSchema.onFormFieldsLoaded" staticName="ItemWithSchema.onFormFieldsLoaded" synopsis="onFormFieldsLoaded(The: event.): Void" synopsisExtended="onFormFieldsLoaded(The: event.): Void" type="Object">
                                <arguments value="event">
                                  <argument name="The" type="event." description="event is the event fired from the &lt;c&gt;Tridion.FieldBuilder&lt;/c&gt; Item." />
                                </arguments>
                                <documentation rawString="&#xA; * Handles the load event of Form Fields.&#xA; * @param {Tridion.Core.Event} event. The event is the event fired from the &lt;c&gt;Tridion.FieldBuilder&lt;/c&gt; Item.&#xA; ">
                                  <summary>Handles the load event of Form Fields.</summary>
                                </documentation>
                              </method>
                              <method name="collectFieldData" url=".Anguilla.ItemWithSchema.js.Tridion.Cme.Views.ItemWithSchema.collectFieldData.html" visibility="prototype" rawName="Tridion.Cme.Views.ItemWithSchema.prototype.collectFieldData" fullName="Tridion.Cme.Views.ItemWithSchema.collectFieldData" staticName="ItemWithSchema.collectFieldData" synopsis="collectFieldData(Field: field.): Void" synopsisExtended="collectFieldData(Field: field.): Void" type="Object">
                                <arguments value="field">
                                  <argument name="Field" type="field." description="which data was changed." />
                                </arguments>
                                <documentation rawString="&#xA; * Collects Data from field.&#xA; * @param {Object} field. Field which data was changed.&#xA; ">
                                  <summary>Collects Data from field.</summary>
                                </documentation>
                              </method>
                              <method name="setSchemaDropdown" url=".Anguilla.ItemWithSchema.js.Tridion.Cme.Views.ItemWithSchema.setSchemaDropdown.html" visibility="prototype" rawName="Tridion.Cme.Views.ItemWithSchema.prototype.setSchemaDropdown" fullName="Tridion.Cme.Views.ItemWithSchema.setSchemaDropdown" staticName="ItemWithSchema.setSchemaDropdown" synopsis="setSchemaDropdown(Schema: schema., Dropdown: schemaDropdown.): Void" synopsisExtended="setSchemaDropdown(Schema: schema., Dropdown: schemaDropdown.): Void" type="Object">
                                <arguments value="schema, schemaDropdown">
                                  <argument name="Schema" type="schema." description="which value should be set in dropdown." />
                                  <argument name="Dropdown" type="schemaDropdown." description="of Schemas." />
                                </arguments>
                                <documentation rawString="&#xA; * Sets the Schemas Dropdown value.&#xA; * @param {Tridion.ContentManager.Schema} schema. Schema which value should be set in dropdown.&#xA; * @param {Object} schemaDropdown. Dropdown of Schemas.&#xA; ">
                                  <summary>Sets the Schemas Dropdown value.</summary>
                                </documentation>
                                <members>
                                  <methods>
                                    <method name="ItemWithSchema$onSchemaLoad" url=".Anguilla.ItemWithSchema.js.Tridion.Cme.Views.ItemWithSchema.setSchemaDropdown.ItemWithSchema$onSchemaLoad.html" visibility="private" rawName="ItemWithSchema$onSchemaLoad" fullName="ItemWithSchema$onSchemaLoad" staticName="setSchemaDropdown.ItemWithSchema$onSchemaLoad" synopsis="ItemWithSchema$onSchemaLoad(): Void" synopsisExtended="ItemWithSchema$onSchemaLoad(): Void" type="Object" />
                                  </methods>
                                </members>
                              </method>
                              <method name="_isKeepFAInitialized" url=".Anguilla.ItemWithSchema.js.Tridion.Cme.Views.ItemWithSchema._isKeepFAInitialized.html" visibility="prototype" rawName="Tridion.Cme.Views.ItemWithSchema.prototype._isKeepFAInitialized" fullName="Tridion.Cme.Views.ItemWithSchema._isKeepFAInitialized" staticName="ItemWithSchema._isKeepFAInitialized" synopsis="_isKeepFAInitialized(): Void" synopsisExtended="_isKeepFAInitialized(): Void" type="Object" />
                              <method name="_onFocus" url=".Anguilla.ItemWithSchema.js.Tridion.Cme.Views.ItemWithSchema._onFocus.html" visibility="prototype" rawName="Tridion.Cme.Views.ItemWithSchema.prototype._onFocus" fullName="Tridion.Cme.Views.ItemWithSchema._onFocus" staticName="ItemWithSchema._onFocus" synopsis="_onFocus(): Void" synopsisExtended="_onFocus(): Void" type="Object" />
                              <method name="_onBlur" url=".Anguilla.ItemWithSchema.js.Tridion.Cme.Views.ItemWithSchema._onBlur.html" visibility="prototype" rawName="Tridion.Cme.Views.ItemWithSchema.prototype._onBlur" fullName="Tridion.Cme.Views.ItemWithSchema._onBlur" staticName="ItemWithSchema._onBlur" synopsis="_onBlur(): Void" synopsisExtended="_onBlur(): Void" type="Object" />
                              <method name="updateOnFocusMove" url=".Anguilla.ItemWithSchema.js.Tridion.Cme.Views.ItemWithSchema.updateOnFocusMove.html" visibility="prototype" rawName="Tridion.Cme.Views.ItemWithSchema.prototype.updateOnFocusMove" fullName="Tridion.Cme.Views.ItemWithSchema.updateOnFocusMove" staticName="ItemWithSchema.updateOnFocusMove" synopsis="updateOnFocusMove(Field: field.): Void" synopsisExtended="updateOnFocusMove(Field: field.): Void" type="Object">
                                <arguments value="focusField">
                                  <argument name="Field" type="field." description="which data was changed." />
                                </arguments>
                                <documentation rawString="&#xA; * Handles the field focus change event.&#xA; * @param {Object} field. Field which data was changed.&#xA; ">
                                  <summary>Handles the field focus change event.</summary>
                                </documentation>
                              </method>
                              <method name="onFormatAreaFocused" url=".Anguilla.ItemWithSchema.js.Tridion.Cme.Views.ItemWithSchema.onFormatAreaFocused.html" visibility="prototype" rawName="Tridion.Cme.Views.ItemWithSchema.prototype.onFormatAreaFocused" fullName="Tridion.Cme.Views.ItemWithSchema.onFormatAreaFocused" staticName="ItemWithSchema.onFormatAreaFocused" synopsis="onFormatAreaFocused(): Void" synopsisExtended="onFormatAreaFocused(): Void" type="Object">
                                <documentation rawString="&#xA; * Handles the format area field focus event.&#xA; ">
                                  <summary>Handles the format area field focus event.</summary>
                                </documentation>
                              </method>
                              <method name="onFormatAreaBlurred" url=".Anguilla.ItemWithSchema.js.Tridion.Cme.Views.ItemWithSchema.onFormatAreaBlurred.html" visibility="prototype" rawName="Tridion.Cme.Views.ItemWithSchema.prototype.onFormatAreaBlurred" fullName="Tridion.Cme.Views.ItemWithSchema.onFormatAreaBlurred" staticName="ItemWithSchema.onFormatAreaBlurred" synopsis="onFormatAreaBlurred(beforeFocus: Object): Void" synopsisExtended="onFormatAreaBlurred(beforeFocus: Object): Void" type="Object">
                                <arguments value="beforeFocus">
                                  <argument name="beforeFocus" type="Object" />
                                </arguments>
                                <documentation rawString="&#xA; * Handles the format area field blur event.&#xA; ">
                                  <summary>Handles the format area field blur event.</summary>
                                </documentation>
                              </method>
                              <method name="updateFaToolbars" url=".Anguilla.ItemWithSchema.js.Tridion.Cme.Views.ItemWithSchema.updateFaToolbars.html" visibility="prototype" rawName="Tridion.Cme.Views.ItemWithSchema.prototype.updateFaToolbars" fullName="Tridion.Cme.Views.ItemWithSchema.updateFaToolbars" staticName="ItemWithSchema.updateFaToolbars" synopsis="updateFaToolbars(): Void" synopsisExtended="updateFaToolbars(): Void" type="Object">
                                <documentation rawString="&#xA; * Updates FA toolbars based on currently selected editor.&#xA; * If reload parameter is provided then the 2nd toolbar should reload the data for child cotnrols.&#xA; ">
                                  <summary>Updates FA toolbars based on currently selected editor.</summary>
                                  <description>If reload parameter is provided then the 2nd toolbar should reload the data for child cotnrols.</description>
                                </documentation>
                              </method>
                              <method name="updateToolbar" url=".Anguilla.ItemWithSchema.js.Tridion.Cme.Views.ItemWithSchema.updateToolbar.html" visibility="prototype" rawName="Tridion.Cme.Views.ItemWithSchema.prototype.updateToolbar" fullName="Tridion.Cme.Views.ItemWithSchema.updateToolbar" staticName="ItemWithSchema.updateToolbar" synopsis="updateToolbar(): Void" synopsisExtended="updateToolbar(): Void" type="Object">
                                <documentation rawString="&#xA; * Updates view toolbar state &#xA; ">
                                  <summary>Updates view toolbar state</summary>
                                </documentation>
                              </method>
                              <method name="updateFormatPage" url=".Anguilla.ItemWithSchema.js.Tridion.Cme.Views.ItemWithSchema.updateFormatPage.html" visibility="prototype" rawName="Tridion.Cme.Views.ItemWithSchema.prototype.updateFormatPage" fullName="Tridion.Cme.Views.ItemWithSchema.updateFormatPage" staticName="ItemWithSchema.updateFormatPage" synopsis="updateFormatPage(editor: Tridion.FormatArea): Void" synopsisExtended="updateFormatPage(editor: Tridion.FormatArea): Void" type="Object">
                                <arguments value="editor">
                                  <argument name="editor" type="Tridion.FormatArea" description="A reference to active Rich Text Editor control." />
                                </arguments>
                                <documentation rawString="&#xA; * Updating format page.&#xA; * @param {Tridion.FormatArea} editor A reference to active Rich Text Editor control.&#xA; ">
                                  <summary>Updating format page.</summary>
                                </documentation>
                              </method>
                              <method name="_hasFormatAreaStateChanged" url=".Anguilla.ItemWithSchema.js.Tridion.Cme.Views.ItemWithSchema._hasFormatAreaStateChanged.html" visibility="prototype" rawName="Tridion.Cme.Views.ItemWithSchema.prototype._hasFormatAreaStateChanged" fullName="Tridion.Cme.Views.ItemWithSchema._hasFormatAreaStateChanged" staticName="ItemWithSchema._hasFormatAreaStateChanged" synopsis="_hasFormatAreaStateChanged(prevState: Object, state: Object): Boolean" synopsisExtended="_hasFormatAreaStateChanged(prevState: Object, state: Object): Boolean" type="Object">
                                <arguments value="prevState, state">
                                  <argument name="prevState" type="Object" description="Previous state object." />
                                  <argument name="state" type="Object" description="Comparing state object." />
                                </arguments>
                                <documentation rawString="&#xA; * Determines if Format area state has been changed.&#xA; * @param {Object} prevState Previous state object.&#xA; * @param {Object} state Comparing state object. &#xA; * @returns {Boolean} True if state was changed, otherwise false&#xA; ">
                                  <summary>Determines if Format area state has been changed.</summary>
                                </documentation>
                                <returns type="Boolean" description="True if state was changed, otherwise false" />
                              </method>
                              <method name="updateDropdownData" url=".Anguilla.ItemWithSchema.js.Tridion.Cme.Views.ItemWithSchema.updateDropdownData.html" visibility="prototype" rawName="Tridion.Cme.Views.ItemWithSchema.prototype.updateDropdownData" fullName="Tridion.Cme.Views.ItemWithSchema.updateDropdownData" staticName="ItemWithSchema.updateDropdownData" synopsis="updateDropdownData(editor: Tridion.FormatArea, editorState: Object): Void" synopsisExtended="updateDropdownData(editor: Tridion.FormatArea, editorState: Object): Void" type="Object">
                                <arguments value="editor, editorState">
                                  <argument name="editor" type="Tridion.FormatArea" description="A reference to active Rich Text Editor control." />
                                  <argument name="editorState" type="Object" description="State of format area Editor." />
                                </arguments>
                                <documentation rawString="&#xA; * Update Data in Dropdowns.&#xA; * @param {Tridion.FormatArea} editor A reference to active Rich Text Editor control.&#xA; * @param {Object} editorState State of format area Editor.&#xA; ">
                                  <summary>Update Data in Dropdowns.</summary>
                                </documentation>
                              </method>
                              <method name="onItemValidate" url=".Anguilla.ItemWithSchema.js.Tridion.Cme.Views.ItemWithSchema.onItemValidate.html" visibility="prototype" rawName="Tridion.Cme.Views.ItemWithSchema.prototype.onItemValidate" fullName="Tridion.Cme.Views.ItemWithSchema.onItemValidate" staticName="ItemWithSchema.onItemValidate" synopsis="onItemValidate(The: event.): Object" synopsisExtended="onItemValidate(The: event.): Object" type="Object">
                                <arguments value="event">
                                  <argument name="The" type="event." description="event is the event fired from the &lt;c&gt;Tridion.FormatArea&lt;/c&gt;." />
                                </arguments>
                                <documentation rawString="&#xA; * Handles the validate event in Item.&#xA; * @param {Tridion.Core.Event} event. The event is the event fired from the &lt;c&gt;Tridion.FormatArea&lt;/c&gt;.&#xA; * @returns {Object} The validation error message Object.&#xA; ">
                                  <summary>Handles the validate event in Item.</summary>
                                </documentation>
                                <returns type="Object" description="The validation error message Object." />
                              </method>
                              <method name="setActivePopup" url=".Anguilla.ItemWithSchema.js.Tridion.Cme.Views.ItemWithSchema.setActivePopup.html" visibility="prototype" rawName="Tridion.Cme.Views.ItemWithSchema.prototype.setActivePopup" fullName="Tridion.Cme.Views.ItemWithSchema.setActivePopup" staticName="ItemWithSchema.setActivePopup" synopsis="setActivePopup(Popup: popup.): Void" synopsisExtended="setActivePopup(Popup: popup.): Void" type="Object">
                                <arguments value="value">
                                  <argument name="Popup" type="popup." description="instance." />
                                </arguments>
                                <documentation rawString="&#xA; * Sets the Active popup instance.&#xA; * @param {Tridion.Controls.Popup} popup. Popup instance.&#xA; ">
                                  <summary>Sets the Active popup instance.</summary>
                                </documentation>
                              </method>
                              <method name="closeActivePopup" url=".Anguilla.ItemWithSchema.js.Tridion.Cme.Views.ItemWithSchema.closeActivePopup.html" visibility="prototype" rawName="Tridion.Cme.Views.ItemWithSchema.prototype.closeActivePopup" fullName="Tridion.Cme.Views.ItemWithSchema.closeActivePopup" staticName="ItemWithSchema.closeActivePopup" synopsis="closeActivePopup(): Void" synopsisExtended="closeActivePopup(): Void" type="Object">
                                <documentation rawString="&#xA; * Closes the active popup.&#xA; ">
                                  <summary>Closes the active popup.</summary>
                                </documentation>
                              </method>
                              <method name="setIsUserAction" url=".Anguilla.ItemWithSchema.js.Tridion.Cme.Views.ItemWithSchema.setIsUserAction.html" visibility="prototype" rawName="Tridion.Cme.Views.ItemWithSchema.prototype.setIsUserAction" fullName="Tridion.Cme.Views.ItemWithSchema.setIsUserAction" staticName="ItemWithSchema.setIsUserAction" synopsis="setIsUserAction(True: value.): Void" synopsisExtended="setIsUserAction(True: value.): Void" type="Object">
                                <arguments value="value">
                                  <argument name="True" type="value." description="if action was done by user, otherwise false." />
                                </arguments>
                                <documentation rawString="&#xA; * Sets if action was done by User.&#xA; * @param {Boolean} value. True if action was done by user, otherwise false.&#xA; ">
                                  <summary>Sets if action was done by User.</summary>
                                </documentation>
                              </method>
                              <method name="_getLocalizedTag" url=".Anguilla.ItemWithSchema.js.Tridion.Cme.Views.ItemWithSchema._getLocalizedTag.html" visibility="prototype" rawName="Tridion.Cme.Views.ItemWithSchema.prototype._getLocalizedTag" fullName="Tridion.Cme.Views.ItemWithSchema._getLocalizedTag" staticName="ItemWithSchema._getLocalizedTag" synopsis="_getLocalizedTag(Tag: tagName., Editor: element.): String" synopsisExtended="_getLocalizedTag(Tag: tagName., Editor: element.): String" type="Object">
                                <arguments value="tagName, element">
                                  <argument name="Tag" type="tagName." description="name which should be localized." />
                                  <argument name="Editor" type="element." description="element." />
                                </arguments>
                                <documentation rawString="&#xA; * Gets localized tag.&#xA; * @param {String} tagName. Tag name which should be localized.&#xA; * @param {element} element. Editor element.&#xA; * @returns {String} Returns. localized tag.&#xA; ">
                                  <summary>Gets localized tag.</summary>
                                </documentation>
                                <returns type="String" description="Returns. localized tag." />
                              </method>
                              <method name="_onFormFieldsInsert" url=".Anguilla.ItemWithSchema.js.Tridion.Cme.Views.ItemWithSchema._onFormFieldsInsert.html" visibility="prototype" rawName="Tridion.Cme.Views.ItemWithSchema.prototype._onFormFieldsInsert" fullName="Tridion.Cme.Views.ItemWithSchema._onFormFieldsInsert" staticName="ItemWithSchema._onFormFieldsInsert" synopsis="_onFormFieldsInsert(event: Object): Void" synopsisExtended="_onFormFieldsInsert(event: Object): Void" type="Object">
                                <arguments value="event">
                                  <argument name="event" type="Object" />
                                </arguments>
                              </method>
                              <method name="initialize" url=".Anguilla.ItemWithSchema.js.Tridion.Cme.Views.ItemWithSchema.initialize.html" visibility="private" rawName="Tridion.Cme.Views.ItemWithSchema.prototype.initialize" fullName="Tridion.Cme.Views.ItemWithSchema.initialize" staticName="ItemWithSchema.initialize" synopsis="initialize(): Void" synopsisExtended="initialize(): Void" type="Object">
                                <documentation rawString="&#xA; * Initializes object.&#xA; * @private&#xA; ">
                                  <summary>Initializes object.</summary>
                                </documentation>
                              </method>
                              <method name="_onItemToolbarClick" url=".Anguilla.ItemWithSchema.js.Tridion.Cme.Views.ItemWithSchema._onItemToolbarClick.html" visibility="private" rawName="Tridion.Cme.Views.ItemWithSchema.prototype._onItemToolbarClick" fullName="Tridion.Cme.Views.ItemWithSchema._onItemToolbarClick" staticName="ItemWithSchema._onItemToolbarClick" synopsis="_onItemToolbarClick(The: event.): Void" synopsisExtended="_onItemToolbarClick(The: event.): Void" type="Object">
                                <arguments value="event">
                                  <argument name="The" type="event." description="DOM event that occured." />
                                </arguments>
                                <documentation rawString="&#xA; * Reacts to the DOM click event on Toolbar.&#xA; * @param {DOMEvent} event. The DOM event that occured.&#xA; * @private&#xA; ">
                                  <summary>Reacts to the DOM click event on Toolbar.</summary>
                                </documentation>
                              </method>
                              <method name="_onItemToolbarDropdownChanged" url=".Anguilla.ItemWithSchema.js.Tridion.Cme.Views.ItemWithSchema._onItemToolbarDropdownChanged.html" visibility="private" rawName="Tridion.Cme.Views.ItemWithSchema.prototype._onItemToolbarDropdownChanged" fullName="Tridion.Cme.Views.ItemWithSchema._onItemToolbarDropdownChanged" staticName="ItemWithSchema._onItemToolbarDropdownChanged" synopsis="_onItemToolbarDropdownChanged(The: event.): Void" synopsisExtended="_onItemToolbarDropdownChanged(The: event.): Void" type="Object">
                                <arguments value="event">
                                  <argument name="The" type="event." description="event is the event fired from the &lt;c&gt;Tridion.Controls.Dropdown&lt;/c&gt; control." />
                                </arguments>
                                <documentation rawString="&#xA; * Reacts to the Dropdown change event on Toolbar Dropdown.&#xA; * @param {Tridion.Core.Event} event. The event is the event fired from the &lt;c&gt;Tridion.Controls.Dropdown&lt;/c&gt; control.&#xA; * @private &#xA; ">
                                  <summary>Reacts to the Dropdown change event on Toolbar Dropdown.</summary>
                                </documentation>
                              </method>
                              <method name="_onWebSchemaReloaded" url=".Anguilla.ItemWithSchema.js.Tridion.Cme.Views.ItemWithSchema._onWebSchemaReloaded.html" visibility="private" rawName="Tridion.Cme.Views.ItemWithSchema.prototype._onWebSchemaReloaded" fullName="Tridion.Cme.Views.ItemWithSchema._onWebSchemaReloaded" staticName="ItemWithSchema._onWebSchemaReloaded" synopsis="_onWebSchemaReloaded(): Void" synopsisExtended="_onWebSchemaReloaded(): Void" type="Object">
                                <documentation rawString="&#xA; * Regenerates the Schema.&#xA; * @private&#xA; ">
                                  <summary>Regenerates the Schema.</summary>
                                </documentation>
                              </method>
                              <method name="onBeforeSelectTabControl" url=".Anguilla.ItemWithSchema.js.Tridion.Cme.Views.ItemWithSchema.onBeforeSelectTabControl.html" visibility="private" rawName="Tridion.Cme.Views.ItemWithSchema.prototype.onBeforeSelectTabControl" fullName="Tridion.Cme.Views.ItemWithSchema.onBeforeSelectTabControl" staticName="ItemWithSchema.onBeforeSelectTabControl" synopsis="onBeforeSelectTabControl(event: Tridion.Core.Event): Void" synopsisExtended="onBeforeSelectTabControl(event: Tridion.Core.Event): Void" type="Object">
                                <arguments value="">
                                  <argument name="event" type="Tridion.Core.Event" description="The event fired from the &lt;c&gt;Tridion.Controls.TabControl&lt;/c&gt; control." />
                                </arguments>
                                <documentation rawString="&#xA;* Handles the before select events on Tab control&#xA;* @private   &#xA;* @param {Tridion.Core.Event} event The event fired from the &lt;c&gt;Tridion.Controls.TabControl&lt;/c&gt; control.&#xA;">
                                  <summary>Handles the before select events on Tab control</summary>
                                </documentation>
                              </method>
                              <method name="_reloadControls" url=".Anguilla.ItemWithSchema.js.Tridion.Cme.Views.ItemWithSchema._reloadControls.html" visibility="private" rawName="Tridion.Cme.Views.ItemWithSchema.prototype._reloadControls" fullName="Tridion.Cme.Views.ItemWithSchema._reloadControls" staticName="ItemWithSchema._reloadControls" synopsis="_reloadControls(editor: Tridion.FormatArea): Void" synopsisExtended="_reloadControls(editor: Tridion.FormatArea): Void" type="Object">
                                <arguments value="editor">
                                  <argument name="editor" type="Tridion.FormatArea" description="A reference to active Rich Text Editor control." />
                                </arguments>
                                <documentation rawString="&#xA; * Reload Format Area controls.&#xA; * @param {Tridion.FormatArea} editor A reference to active Rich Text Editor control.&#xA; * @private&#xA; ">
                                  <summary>Reload Format Area controls.</summary>
                                </documentation>
                              </method>
                              <method name="_updateCurrentElementDropdown" url=".Anguilla.ItemWithSchema.js.Tridion.Cme.Views.ItemWithSchema._updateCurrentElementDropdown.html" visibility="private" rawName="Tridion.Cme.Views.ItemWithSchema.prototype._updateCurrentElementDropdown" fullName="Tridion.Cme.Views.ItemWithSchema._updateCurrentElementDropdown" staticName="ItemWithSchema._updateCurrentElementDropdown" synopsis="_updateCurrentElementDropdown(Selected: element., True: selected.): String" synopsisExtended="_updateCurrentElementDropdown(Selected: element., True: selected.): String" type="Object">
                                <arguments value="select, cmSelect, element, selected">
                                  <argument name="Selected" type="element." description="editor element." />
                                  <argument name="True" type="selected." description="if the control is readonly, otherwise false" />
                                </arguments>
                                <documentation rawString="&#xA; * Update Dropdown of current element.&#xA; * @param {HTMLElement} select. Selected dropdown element.&#xA; * @param {HTMLElement} element. Selected editor element.&#xA; * @param {Boolean} selected. True if the control is readonly, otherwise false  &#xA; * @returns {String} The droprown ident.&#xA; * @private&#xA; ">
                                  <summary>Update Dropdown of current element.</summary>
                                </documentation>
                                <members>
                                  <methods>
                                    <method name="getElement" url=".Anguilla.ItemWithSchema.js.Tridion.Cme.Views.ItemWithSchema._updateCurrentElementDropdown.getElement.html" visibility="private" rawName="getElement" fullName="getElement" staticName="_updateCurrentElementDropdown.getElement" synopsis="getElement(obj: Object): Void" synopsisExtended="getElement(obj: Object): Void" type="Object">
                                      <arguments value="obj">
                                        <argument name="obj" type="Object" />
                                      </arguments>
                                    </method>
                                  </methods>
                                </members>
                                <returns type="String" description="The droprown ident." />
                              </method>
                              <method name="_onItemFaToolbarClicked" url=".Anguilla.ItemWithSchema.js.Tridion.Cme.Views.ItemWithSchema._onItemFaToolbarClicked.html" visibility="private" rawName="Tridion.Cme.Views.ItemWithSchema.prototype._onItemFaToolbarClicked" fullName="Tridion.Cme.Views.ItemWithSchema._onItemFaToolbarClicked" staticName="ItemWithSchema._onItemFaToolbarClicked" synopsis="_onItemFaToolbarClicked(The: event.): Void" synopsisExtended="_onItemFaToolbarClicked(The: event.): Void" type="Object">
                                <arguments value="event">
                                  <argument name="The" type="event." description="DOM click event that occured." />
                                </arguments>
                                <documentation rawString="&#xA; * Executes a command for a click FA toolbar event.&#xA; * @param {DOMEvent} event. The DOM click event that occured. &#xA; * @private&#xA; ">
                                  <summary>Executes a command for a click FA toolbar event.</summary>
                                </documentation>
                              </method>
                              <method name="_onItemFaToolbarDropdownChanged" url=".Anguilla.ItemWithSchema.js.Tridion.Cme.Views.ItemWithSchema._onItemFaToolbarDropdownChanged.html" visibility="private" rawName="Tridion.Cme.Views.ItemWithSchema.prototype._onItemFaToolbarDropdownChanged" fullName="Tridion.Cme.Views.ItemWithSchema._onItemFaToolbarDropdownChanged" staticName="ItemWithSchema._onItemFaToolbarDropdownChanged" synopsis="_onItemFaToolbarDropdownChanged(event: Object): Void" synopsisExtended="_onItemFaToolbarDropdownChanged(event: Object): Void" type="Object">
                                <arguments value="event">
                                  <argument name="event" type="Object" />
                                </arguments>
                                <documentation rawString="&#xA; * Executes a command for a dropdownchanged FA toolbar event.&#xA; * @private&#xA; ">
                                  <summary>Executes a command for a dropdownchanged FA toolbar event.</summary>
                                </documentation>
                              </method>
                              <method name="_isFaSourceTabSelected" url=".Anguilla.ItemWithSchema.js.Tridion.Cme.Views.ItemWithSchema._isFaSourceTabSelected.html" visibility="private" rawName="Tridion.Cme.Views.ItemWithSchema.prototype._isFaSourceTabSelected" fullName="Tridion.Cme.Views.ItemWithSchema._isFaSourceTabSelected" staticName="ItemWithSchema._isFaSourceTabSelected" synopsis="_isFaSourceTabSelected(editor: Tridion.FormatArea): Boolean" synopsisExtended="_isFaSourceTabSelected(editor: Tridion.FormatArea): Boolean" type="Object">
                                <arguments value="editor">
                                  <argument name="editor" type="Tridion.FormatArea" description="A reference to active Rich Text Editor control." />
                                </arguments>
                                <documentation rawString="&#xA; * Indicates if Format Area source tab selected.&#xA; * @param {Tridion.FormatArea} editor A reference to active Rich Text Editor control.&#xA; * @returns {Boolean} True if source tab selected, otherwise false  &#xA; * @private&#xA; ">
                                  <summary>Indicates if Format Area source tab selected.</summary>
                                </documentation>
                                <returns type="Boolean" description="True if source tab selected, otherwise false" />
                              </method>
                              <method name="_onFormFocusMoved" url=".Anguilla.ItemWithSchema.js.Tridion.Cme.Views.ItemWithSchema._onFormFocusMoved.html" visibility="private" rawName="Tridion.Cme.Views.ItemWithSchema.prototype._onFormFocusMoved" fullName="Tridion.Cme.Views.ItemWithSchema._onFormFocusMoved" staticName="ItemWithSchema._onFormFocusMoved" synopsis="_onFormFocusMoved(The: event.): Void" synopsisExtended="_onFormFocusMoved(The: event.): Void" type="Object">
                                <arguments value="event">
                                  <argument name="The" type="event." description="event is the event fired from the &lt;c&gt;Tridion.FieldBuilder&lt;/c&gt;." />
                                </arguments>
                                <documentation rawString="&#xA; * Handles the moving focus event on from elements.&#xA; * @param {Tridion.Core.Event} event. The event is the event fired from the &lt;c&gt;Tridion.FieldBuilder&lt;/c&gt;.&#xA; * @private&#xA; ">
                                  <summary>Handles the moving focus event on from elements.</summary>
                                </documentation>
                              </method>
                              <method name="_onFormatAreaViewChanged" url=".Anguilla.ItemWithSchema.js.Tridion.Cme.Views.ItemWithSchema._onFormatAreaViewChanged.html" visibility="private" rawName="Tridion.Cme.Views.ItemWithSchema.prototype._onFormatAreaViewChanged" fullName="Tridion.Cme.Views.ItemWithSchema._onFormatAreaViewChanged" staticName="ItemWithSchema._onFormatAreaViewChanged" synopsis="_onFormatAreaViewChanged(The: event.): Void" synopsisExtended="_onFormatAreaViewChanged(The: event.): Void" type="Object">
                                <arguments value="event">
                                  <argument name="The" type="event." description="event is the event fired from the &lt;c&gt;Tridion.FormatArea&lt;/c&gt;." />
                                </arguments>
                                <documentation rawString="&#xA; * Handles the view change event on Format Area.&#xA; * @param {Tridion.Core.Event} event. The event is the event fired from the &lt;c&gt;Tridion.FormatArea&lt;/c&gt;.&#xA; * @private&#xA; ">
                                  <summary>Handles the view change event on Format Area.</summary>
                                </documentation>
                              </method>
                              <method name="_onFormatAreaChanged" url=".Anguilla.ItemWithSchema.js.Tridion.Cme.Views.ItemWithSchema._onFormatAreaChanged.html" visibility="private" rawName="Tridion.Cme.Views.ItemWithSchema.prototype._onFormatAreaChanged" fullName="Tridion.Cme.Views.ItemWithSchema._onFormatAreaChanged" staticName="ItemWithSchema._onFormatAreaChanged" synopsis="_onFormatAreaChanged(The: event.): Void" synopsisExtended="_onFormatAreaChanged(The: event.): Void" type="Object">
                                <arguments value="event">
                                  <argument name="The" type="event." description="event is the event fired from the &lt;c&gt;Tridion.FormatArea&lt;/c&gt;." />
                                </arguments>
                                <documentation rawString="&#xA; * Handles the change event on Format Area.&#xA; * @param {Tridion.Core.Event} event. The event is the event fired from the &lt;c&gt;Tridion.FormatArea&lt;/c&gt;.&#xA; * @private&#xA; ">
                                  <summary>Handles the change event on Format Area.</summary>
                                </documentation>
                              </method>
                              <method name="_onFormatAreaHyperlikClicked" url=".Anguilla.ItemWithSchema.js.Tridion.Cme.Views.ItemWithSchema._onFormatAreaHyperlikClicked.html" visibility="private" rawName="Tridion.Cme.Views.ItemWithSchema.prototype._onFormatAreaHyperlikClicked" fullName="Tridion.Cme.Views.ItemWithSchema._onFormatAreaHyperlikClicked" staticName="ItemWithSchema._onFormatAreaHyperlikClicked" synopsis="_onFormatAreaHyperlikClicked(The: event.): Boolean" synopsisExtended="_onFormatAreaHyperlikClicked(The: event.): Boolean" type="Object">
                                <arguments value="event">
                                  <argument name="The" type="event." description="event is the event fired from the &lt;c&gt;Tridion.FormatArea&lt;/c&gt;." />
                                </arguments>
                                <documentation rawString="&#xA; * Handles the click event on Hyperlik in Format Area.&#xA; * @param {Tridion.Core.Event} event. The event is the event fired from the &lt;c&gt;Tridion.FormatArea&lt;/c&gt;.&#xA; * @returns {Boolean} False to cancel default browser behaviour.&#xA; * @private&#xA; ">
                                  <summary>Handles the click event on Hyperlik in Format Area.</summary>
                                </documentation>
                                <returns type="Boolean" description="False to cancel default browser behaviour." />
                              </method>
                              <method name="_onFormatAreaConvert" url=".Anguilla.ItemWithSchema.js.Tridion.Cme.Views.ItemWithSchema._onFormatAreaConvert.html" visibility="private" rawName="Tridion.Cme.Views.ItemWithSchema.prototype._onFormatAreaConvert" fullName="Tridion.Cme.Views.ItemWithSchema._onFormatAreaConvert" staticName="ItemWithSchema._onFormatAreaConvert" synopsis="_onFormatAreaConvert(The: event.): Boolean" synopsisExtended="_onFormatAreaConvert(The: event.): Boolean" type="Object">
                                <arguments value="event">
                                  <argument name="The" type="event." description="event is the event fired from the &lt;c&gt;Tridion.FormatArea&lt;/c&gt;." />
                                </arguments>
                                <documentation rawString="&#xA; * Handles the convert event in Format Area.&#xA; * @param {Tridion.Core.Event} event. The event is the event fired from the &lt;c&gt;Tridion.FormatArea&lt;/c&gt;.&#xA; * @returns {Boolean} False will force user to correct his/her text formatting issues. Otherwise true.&#xA; * @private&#xA; ">
                                  <summary>Handles the convert event in Format Area.</summary>
                                </documentation>
                                <members>
                                  <methods>
                                    <method name="ItemWithSchema$_onFormatAreaConvert$onPopupClosed" url=".Anguilla.ItemWithSchema.js.Tridion.Cme.Views.ItemWithSchema._onFormatAreaConvert.ItemWithSchema$_onFormatAreaConvert$onPopupClosed.html" visibility="private" rawName="ItemWithSchema$_onFormatAreaConvert$onPopupClosed" fullName="ItemWithSchema$_onFormatAreaConvert$onPopupClosed" staticName="_onFormatAreaConvert.ItemWithSchema$_onFormatAreaConvert$onPopupClosed" synopsis="ItemWithSchema$_onFormatAreaConvert$onPopupClosed(event: Object): Void" synopsisExtended="ItemWithSchema$_onFormatAreaConvert$onPopupClosed(event: Object): Void" type="Object">
                                      <arguments value="event">
                                        <argument name="event" type="Object" />
                                      </arguments>
                                    </method>
                                    <method name="ItemWithSchema$_onFormatAreaConvert$onPopupSubmitted" url=".Anguilla.ItemWithSchema.js.Tridion.Cme.Views.ItemWithSchema._onFormatAreaConvert.ItemWithSchema$_onFormatAreaConvert$onPopupSubmitted.html" visibility="private" rawName="ItemWithSchema$_onFormatAreaConvert$onPopupSubmitted" fullName="ItemWithSchema$_onFormatAreaConvert$onPopupSubmitted" staticName="_onFormatAreaConvert.ItemWithSchema$_onFormatAreaConvert$onPopupSubmitted" synopsis="ItemWithSchema$_onFormatAreaConvert$onPopupSubmitted(event: Object): Void" synopsisExtended="ItemWithSchema$_onFormatAreaConvert$onPopupSubmitted(event: Object): Void" type="Object">
                                      <arguments value="event">
                                        <argument name="event" type="Object" />
                                      </arguments>
                                    </method>
                                  </methods>
                                </members>
                                <returns type="Boolean" description="False will force user to correct his/her text formatting issues. Otherwise true." />
                              </method>
                              <method name="_addFaEventHandlers" url=".Anguilla.ItemWithSchema.js.Tridion.Cme.Views.ItemWithSchema._addFaEventHandlers.html" visibility="private" rawName="Tridion.Cme.Views.ItemWithSchema.prototype._addFaEventHandlers" fullName="Tridion.Cme.Views.ItemWithSchema._addFaEventHandlers" staticName="ItemWithSchema._addFaEventHandlers" synopsis="_addFaEventHandlers(editor: Tridion.FormatArea): Void" synopsisExtended="_addFaEventHandlers(editor: Tridion.FormatArea): Void" type="Object">
                                <arguments value="editor">
                                  <argument name="editor" type="Tridion.FormatArea" description="A reference to active Rich Text Editor control." />
                                </arguments>
                                <documentation rawString="&#xA; * Adds Format area event handlers.&#xA; * @param {Tridion.FormatArea} editor A reference to active Rich Text Editor control.&#xA; * @private&#xA; ">
                                  <summary>Adds Format area event handlers.</summary>
                                </documentation>
                              </method>
                              <method name="_removeFaEventHandlers" url=".Anguilla.ItemWithSchema.js.Tridion.Cme.Views.ItemWithSchema._removeFaEventHandlers.html" visibility="private" rawName="Tridion.Cme.Views.ItemWithSchema.prototype._removeFaEventHandlers" fullName="Tridion.Cme.Views.ItemWithSchema._removeFaEventHandlers" staticName="ItemWithSchema._removeFaEventHandlers" synopsis="_removeFaEventHandlers(editor: Tridion.FormatArea): Void" synopsisExtended="_removeFaEventHandlers(editor: Tridion.FormatArea): Void" type="Object">
                                <arguments value="editor">
                                  <argument name="editor" type="Tridion.FormatArea" description="A reference to active Rich Text Editor control." />
                                </arguments>
                                <documentation rawString="&#xA; * Removes Format area event handlers.&#xA; * @param {Tridion.FormatArea} editor A reference to active Rich Text Editor control.&#xA; * @private&#xA; ">
                                  <summary>Removes Format area event handlers.</summary>
                                </documentation>
                              </method>
                              <method name="_onFormatAreaWarning" url=".Anguilla.ItemWithSchema.js.Tridion.Cme.Views.ItemWithSchema._onFormatAreaWarning.html" visibility="private" rawName="Tridion.Cme.Views.ItemWithSchema.prototype._onFormatAreaWarning" fullName="Tridion.Cme.Views.ItemWithSchema._onFormatAreaWarning" staticName="ItemWithSchema._onFormatAreaWarning" synopsis="_onFormatAreaWarning(The: event.): Void" synopsisExtended="_onFormatAreaWarning(The: event.): Void" type="Object">
                                <arguments value="event">
                                  <argument name="The" type="event." description="event is the event fired from the &lt;c&gt;Tridion.FormatArea&lt;/c&gt;." />
                                </arguments>
                                <documentation rawString="&#xA; * Handles the warning event in Format Area.&#xA; * @param {Tridion.Core.Event} event. The event is the event fired from the &lt;c&gt;Tridion.FormatArea&lt;/c&gt;.&#xA; * @private&#xA; ">
                                  <summary>Handles the warning event in Format Area.</summary>
                                </documentation>
                              </method>
                              <method name="isActivePopupOpened" url=".Anguilla.ItemWithSchema.js.Tridion.Cme.Views.ItemWithSchema.isActivePopupOpened.html" visibility="private" rawName="Tridion.Cme.Views.ItemWithSchema.prototype.isActivePopupOpened" fullName="Tridion.Cme.Views.ItemWithSchema.isActivePopupOpened" staticName="ItemWithSchema.isActivePopupOpened" synopsis="isActivePopupOpened(popupUrl: Object): Boolean" synopsisExtended="isActivePopupOpened(popupUrl: Object): Boolean" type="Object">
                                <arguments value="popupUrl">
                                  <argument name="popupUrl" type="Object" />
                                </arguments>
                                <documentation rawString="&#xA; * Checks if the active popup is opened and sets the focus to it.&#xA; * @private &#xA; * @returns {Boolean} Returns true if opened, otherwise false.&#xA; ">
                                  <summary>Checks if the active popup is opened and sets the focus to it.</summary>
                                </documentation>
                                <returns type="Boolean" description="Returns true if opened, otherwise false." />
                              </method>
                              <method name="_getLocalizedSectionType" url=".Anguilla.ItemWithSchema.js.Tridion.Cme.Views.ItemWithSchema._getLocalizedSectionType.html" visibility="private" rawName="Tridion.Cme.Views.ItemWithSchema.prototype._getLocalizedSectionType" fullName="Tridion.Cme.Views.ItemWithSchema._getLocalizedSectionType" staticName="ItemWithSchema._getLocalizedSectionType" synopsis="_getLocalizedSectionType(Value: value.): String" synopsisExtended="_getLocalizedSectionType(Value: value.): String" type="Object">
                                <arguments value="value">
                                  <argument name="Value" type="value." description="which should be localized." />
                                </arguments>
                                <documentation rawString="&#xA; * Gets localized selection Type.&#xA; * @param {String} value. Value which should be localized.&#xA; * @returns {String} Returns localized value.&#xA; * @private&#xA; ">
                                  <summary>Gets localized selection Type.</summary>
                                </documentation>
                                <returns type="String" description="Returns localized value." />
                              </method>
                              <method name="_onItemToolbarBeforeSelect" url=".Anguilla.ItemWithSchema.js.Tridion.Cme.Views.ItemWithSchema._onItemToolbarBeforeSelect.html" visibility="private" rawName="Tridion.Cme.Views.ItemWithSchema.prototype._onItemToolbarBeforeSelect" fullName="Tridion.Cme.Views.ItemWithSchema._onItemToolbarBeforeSelect" staticName="ItemWithSchema._onItemToolbarBeforeSelect" synopsis="_onItemToolbarBeforeSelect(e: Tridion.Core.Event): Void" synopsisExtended="_onItemToolbarBeforeSelect(e: Tridion.Core.Event): Void" type="Object">
                                <arguments value="e">
                                  <argument name="e" type="Tridion.Core.Event" description="The event is the event fired from the &lt;c&gt;Tridion.Controls.TaskBar&lt;/c&gt; control." />
                                </arguments>
                                <documentation rawString="&#xA; * Handles the select events Task Bar&#xA; * @private  &#xA; * @param {Tridion.Core.Event} e The event is the event fired from the &lt;c&gt;Tridion.Controls.TaskBar&lt;/c&gt; control.&#xA; ">
                                  <summary>Handles the select events Task Bar</summary>
                                </documentation>
                              </method>
                            </methods>
                          </members>
                        </class>
                      </classes>
                    </members>
                  </property>
                </properties>
              </members>
            </property>
          </properties>
        </members>
      </property>
    </properties>
  </members>
</document>