<document name="ItemSelectDialog.js" url="ItemSelectDialog.js.html" visibility="default" rawName="ItemSelectDialog.js" fullName="ItemSelectDialog.js" staticName="Anguilla.ItemSelectDialog.js">
  <members>
    <properties>
      <property name="Tridion" url=".Anguilla.ItemSelectDialog.js.Tridion.html" visibility="public" rawName="Tridion" fullName="Tridion" staticName="ItemSelectDialog.js.Tridion" synopsis="ItemSelectDialog.js.Tridion: Object;" synopsisExtended="ItemSelectDialog.js.Tridion: &lt;a href=&quot;&quot;&gt;Object&lt;/a&gt;;" type="Object" virtual="true">
        <members>
          <properties>
            <property name="Cme" url=".Anguilla.ItemSelectDialog.js.Tridion.Cme.html" visibility="static" rawName="Tridion.Cme" fullName="Tridion.Cme" staticName="Tridion.Cme" synopsis="Tridion.Cme: Object;" synopsisExtended="Tridion.Cme: &lt;a href=&quot;&quot;&gt;Object&lt;/a&gt;;" type="Object" virtual="true">
              <members>
                <properties>
                  <property name="Views" url=".Anguilla.ItemSelectDialog.js.Tridion.Cme.Views.html" visibility="static" rawName="Tridion.Cme.Views" fullName="Tridion.Cme.Views" staticName="Cme.Views" synopsis="Cme.Views: Object;" synopsisExtended="Cme.Views: &lt;a href=&quot;&quot;&gt;Object&lt;/a&gt;;" type="Object" virtual="true">
                    <members>
                      <classes>
                        <class name="ItemSelectDialog" url=".Anguilla.ItemSelectDialog.js.Tridion.Cme.Views.ItemSelectDialog.html" visibility="static" rawName="Tridion.Cme.Views.ItemSelectDialog" fullName="Tridion.Cme.Views.ItemSelectDialog" staticName="Views.ItemSelectDialog" synopsis="var x: ItemSelectDialog = new ItemSelectDialog();" synopsisExtended="var x: &lt;a href=&quot;.Anguilla.ItemSelectDialog.js.Tridion.Cme.Views.ItemSelectDialog.html&quot;&gt;ItemSelectDialog&lt;/a&gt; = new ItemSelectDialog();" type="Object">
                          <extends />
                          <documentation rawString="&#xA; * Implements the select item popup dialog view.&#xA; * @constructor&#xA; ">
                            <summary>Implements the select item popup dialog view.</summary>
                          </documentation>
                          <members>
                            <methods>
                              <method name="getTreeControl" url=".Anguilla.ItemSelectDialog.js.Tridion.Cme.Views.ItemSelectDialog.getTreeControl.html" visibility="prototype" rawName="Tridion.Cme.Views.ItemSelectDialog.prototype.getTreeControl" fullName="Tridion.Cme.Views.ItemSelectDialog.getTreeControl" staticName="ItemSelectDialog.getTreeControl" synopsis="getTreeControl(): Tridion.Controls.Tree" synopsisExtended="getTreeControl(): Tridion.Controls.Tree" type="Object">
                                <documentation rawString="&#xA; * Gets the Tree control.&#xA; * @returns {Tridion.Controls.Tree} Tree control object.&#xA; ">
                                  <summary>Gets the Tree control.</summary>
                                </documentation>
                                <returns type="Tridion.Controls.Tree" description="Tree control object." />
                              </method>
                              <method name="initializeControls" url=".Anguilla.ItemSelectDialog.js.Tridion.Cme.Views.ItemSelectDialog.initializeControls.html" visibility="prototype" rawName="Tridion.Cme.Views.ItemSelectDialog.prototype.initializeControls" fullName="Tridion.Cme.Views.ItemSelectDialog.initializeControls" staticName="ItemSelectDialog.initializeControls" synopsis="initializeControls(): Void" synopsisExtended="initializeControls(): Void" type="Object">
                                <documentation rawString="&#xA; * Initializes related controls.&#xA; ">
                                  <summary>Initializes related controls.</summary>
                                </documentation>
                              </method>
                              <method name="startLoadingData" url=".Anguilla.ItemSelectDialog.js.Tridion.Cme.Views.ItemSelectDialog.startLoadingData.html" visibility="prototype" rawName="Tridion.Cme.Views.ItemSelectDialog.prototype.startLoadingData" fullName="Tridion.Cme.Views.ItemSelectDialog.startLoadingData" staticName="ItemSelectDialog.startLoadingData" synopsis="startLoadingData(): Void" synopsisExtended="startLoadingData(): Void" type="Object">
                                <documentation rawString="&#xA; * Starts data loading.&#xA; ">
                                  <summary>Starts data loading.</summary>
                                </documentation>
                              </method>
                              <method name="getListObject" url=".Anguilla.ItemSelectDialog.js.Tridion.Cme.Views.ItemSelectDialog.getListObject.html" visibility="prototype" rawName="Tridion.Cme.Views.ItemSelectDialog.prototype.getListObject" fullName="Tridion.Cme.Views.ItemSelectDialog.getListObject" staticName="ItemSelectDialog.getListObject" synopsis="getListObject(Id: itemId.): Object" synopsisExtended="getListObject(Id: itemId.): Object" type="Object">
                                <arguments value="itemId">
                                  <argument name="Id" type="itemId." description="of list parent." />
                                </arguments>
                                <documentation rawString="&#xA; * Gets the List object.&#xA; * @param {String} itemId. Id of list parent. &#xA; * @returns {Object} List.&#xA; ">
                                  <summary>Gets the List object.</summary>
                                </documentation>
                                <returns type="Object" description="List." />
                              </method>
                              <method name="_taxListXmlHeadLoadFailed" url=".Anguilla.ItemSelectDialog.js.Tridion.Cme.Views.ItemSelectDialog._taxListXmlHeadLoadFailed.html" visibility="prototype" rawName="Tridion.Cme.Views.ItemSelectDialog.prototype._taxListXmlHeadLoadFailed" fullName="Tridion.Cme.Views.ItemSelectDialog._taxListXmlHeadLoadFailed" staticName="ItemSelectDialog._taxListXmlHeadLoadFailed" synopsis="_taxListXmlHeadLoadFailed(): Void" synopsisExtended="_taxListXmlHeadLoadFailed(): Void" type="Object">
                                <documentation rawString="&#xA; * Handles the definitions XML document load faild event.&#xA; ">
                                  <summary>Handles the definitions XML document load faild event.</summary>
                                </documentation>
                              </method>
                              <method name="_taxListXmlHeadLoaded" url=".Anguilla.ItemSelectDialog.js.Tridion.Cme.Views.ItemSelectDialog._taxListXmlHeadLoaded.html" visibility="prototype" rawName="Tridion.Cme.Views.ItemSelectDialog.prototype._taxListXmlHeadLoaded" fullName="Tridion.Cme.Views.ItemSelectDialog._taxListXmlHeadLoaded" staticName="ItemSelectDialog._taxListXmlHeadLoaded" synopsis="_taxListXmlHeadLoaded(headXml: XMLDocument): Void" synopsisExtended="_taxListXmlHeadLoaded(headXml: XMLDocument): Void" type="Object">
                                <arguments value="headXml">
                                  <argument name="headXml" type="XMLDocument" description="Definitions XML document." />
                                </arguments>
                                <documentation rawString="&#xA; * Handles the definitions XML document load event.&#xA; * @param {XMLDocument} headXml Definitions XML document.&#xA; ">
                                  <summary>Handles the definitions XML document load event.</summary>
                                </documentation>
                              </method>
                              <method name="onLoadListControlDone" url=".Anguilla.ItemSelectDialog.js.Tridion.Cme.Views.ItemSelectDialog.onLoadListControlDone.html" visibility="prototype" rawName="Tridion.Cme.Views.ItemSelectDialog.prototype.onLoadListControlDone" fullName="Tridion.Cme.Views.ItemSelectDialog.onLoadListControlDone" staticName="ItemSelectDialog.onLoadListControlDone" synopsis="onLoadListControlDone(The: event.): Void" synopsisExtended="onLoadListControlDone(The: event.): Void" type="Object">
                                <arguments value="event">
                                  <argument name="The" type="event." description="event is the event fired from the list." />
                                </arguments>
                                <documentation rawString="&#xA; * Handles the list control load event.&#xA; * @param {Tridion.Core.Event} event. The event is the event fired from the list.&#xA; ">
                                  <summary>Handles the list control load event.</summary>
                                </documentation>
                              </method>
                              <method name="_getOpenerFilter" url=".Anguilla.ItemSelectDialog.js.Tridion.Cme.Views.ItemSelectDialog._getOpenerFilter.html" visibility="prototype" rawName="Tridion.Cme.Views.ItemSelectDialog.prototype._getOpenerFilter" fullName="Tridion.Cme.Views.ItemSelectDialog._getOpenerFilter" staticName="ItemSelectDialog._getOpenerFilter" synopsis="_getOpenerFilter(): Tridion.ContentManager.ListFilter" synopsisExtended="_getOpenerFilter(): Tridion.ContentManager.ListFilter" type="Object">
                                <documentation rawString="&#xA; * Gets the opened filter&#xA; * @returns {Tridion.ContentManager.ListFilter} list filter object. &#xA; ">
                                  <summary>Gets the opened filter</summary>
                                </documentation>
                                <returns type="Tridion.ContentManager.ListFilter" description="list filter object." />
                              </method>
                              <method name="onListSelectionChanged" url=".Anguilla.ItemSelectDialog.js.Tridion.Cme.Views.ItemSelectDialog.onListSelectionChanged.html" visibility="prototype" rawName="Tridion.Cme.Views.ItemSelectDialog.prototype.onListSelectionChanged" fullName="Tridion.Cme.Views.ItemSelectDialog.onListSelectionChanged" staticName="ItemSelectDialog.onListSelectionChanged" synopsis="onListSelectionChanged(The: event.): Void" synopsisExtended="onListSelectionChanged(The: event.): Void" type="Object">
                                <arguments value="event">
                                  <argument name="The" type="event." description="event is the event fired from the list." />
                                </arguments>
                                <documentation rawString="&#xA; * Handles the list selection change event.&#xA; * @param {Tridion.Core.Event} event. The event is the event fired from the list.&#xA; ">
                                  <summary>Handles the list selection change event.</summary>
                                </documentation>
                              </method>
                              <method name="getDataFilter" url=".Anguilla.ItemSelectDialog.js.Tridion.Cme.Views.ItemSelectDialog.getDataFilter.html" visibility="prototype" rawName="Tridion.Cme.Views.ItemSelectDialog.prototype.getDataFilter" fullName="Tridion.Cme.Views.ItemSelectDialog.getDataFilter" staticName="ItemSelectDialog.getDataFilter" synopsis="getDataFilter(Id: itemId., Item: itemTypes., Determines: isTreeFilter.): Tridion.ContentManager.ListFilter" synopsisExtended="getDataFilter(Id: itemId., Item: itemTypes., Determines: isTreeFilter.): Tridion.ContentManager.ListFilter" type="Object">
                                <arguments value="itemId, itemTypes, isTreeFilter">
                                  <argument name="Id" type="itemId." description="of list parent." />
                                  <argument name="Item" type="itemTypes." description="types array." />
                                  <argument name="Determines" type="isTreeFilter." description="if filer is used for tree." />
                                </arguments>
                                <documentation rawString="&#xA; * Gets the List data filter object.&#xA; * @param {String} itemId. Id of list parent. &#xA; * @param {Array} itemTypes. Item types array.&#xA; * @param {Boolean} isTreeFilter. Determines if filer is used for tree.&#xA; * @returns {Tridion.ContentManager.ListFilter} List filter object.&#xA; ">
                                  <summary>Gets the List data filter object.</summary>
                                </documentation>
                                <returns type="Tridion.ContentManager.ListFilter" description="List filter object." />
                              </method>
                              <method name="navigateToDefaultLocation" url=".Anguilla.ItemSelectDialog.js.Tridion.Cme.Views.ItemSelectDialog.navigateToDefaultLocation.html" visibility="prototype" rawName="Tridion.Cme.Views.ItemSelectDialog.prototype.navigateToDefaultLocation" fullName="Tridion.Cme.Views.ItemSelectDialog.navigateToDefaultLocation" staticName="ItemSelectDialog.navigateToDefaultLocation" synopsis="navigateToDefaultLocation(): Void" synopsisExtended="navigateToDefaultLocation(): Void" type="Object">
                                <documentation rawString="&#xA; * Navigates to default tree location.&#xA; ">
                                  <summary>Navigates to default tree location.</summary>
                                </documentation>
                              </method>
                              <method name="onListItemActivate" url=".Anguilla.ItemSelectDialog.js.Tridion.Cme.Views.ItemSelectDialog.onListItemActivate.html" visibility="prototype" rawName="Tridion.Cme.Views.ItemSelectDialog.prototype.onListItemActivate" fullName="Tridion.Cme.Views.ItemSelectDialog.onListItemActivate" staticName="ItemSelectDialog.onListItemActivate" synopsis="onListItemActivate(event: Tridion.Core.Event): Void" synopsisExtended="onListItemActivate(event: Tridion.Core.Event): Void" type="Object">
                                <arguments value="event">
                                  <argument name="event" type="Tridion.Core.Event" description="The event is the event fired from the &lt;c&gt;Tridion.Controls.List&lt;/c&gt; control." />
                                </arguments>
                                <documentation rawString="&#xA; * Handles the activate events On List Items&#xA; * @param {Tridion.Core.Event} event The event is the event fired from the &lt;c&gt;Tridion.Controls.List&lt;/c&gt; control.&#xA; ">
                                  <summary>Handles the activate events On List Items</summary>
                                </documentation>
                              </method>
                              <method name="updateControls" url=".Anguilla.ItemSelectDialog.js.Tridion.Cme.Views.ItemSelectDialog.updateControls.html" visibility="prototype" rawName="Tridion.Cme.Views.ItemSelectDialog.prototype.updateControls" fullName="Tridion.Cme.Views.ItemSelectDialog.updateControls" staticName="ItemSelectDialog.updateControls" synopsis="updateControls(): Void" synopsisExtended="updateControls(): Void" type="Object">
                                <documentation rawString="&#xA; * Updates dialog controls.&#xA; ">
                                  <summary>Updates dialog controls.</summary>
                                </documentation>
                              </method>
                              <method name="_onItemInserted" url=".Anguilla.ItemSelectDialog.js.Tridion.Cme.Views.ItemSelectDialog._onItemInserted.html" visibility="prototype" rawName="Tridion.Cme.Views.ItemSelectDialog.prototype._onItemInserted" fullName="Tridion.Cme.Views.ItemSelectDialog._onItemInserted" staticName="ItemSelectDialog._onItemInserted" synopsis="_onItemInserted(event: Tridion.Core.Event): Void" synopsisExtended="_onItemInserted(event: Tridion.Core.Event): Void" type="Object">
                                <arguments value="e">
                                  <argument name="event" type="Tridion.Core.Event" description="The event is the event fired from the parent window." />
                                </arguments>
                                <documentation rawString="&#xA; * Handles the insert items done events&#xA; * @param {Tridion.Core.Event} event The event is the event fired from the parent window.&#xA; ">
                                  <summary>Handles the insert items done events</summary>
                                </documentation>
                              </method>
                              <method name="initialize" url=".Anguilla.ItemSelectDialog.js.Tridion.Cme.Views.ItemSelectDialog.initialize.html" visibility="private" rawName="Tridion.Cme.Views.ItemSelectDialog.prototype.initialize" fullName="Tridion.Cme.Views.ItemSelectDialog.initialize" staticName="ItemSelectDialog.initialize" synopsis="initialize(): Void" synopsisExtended="initialize(): Void" type="Object">
                                <documentation rawString="&#xA; * Initializes the select item popup dialog view.&#xA; * @private&#xA; ">
                                  <summary>Initializes the select item popup dialog view.</summary>
                                </documentation>
                              </method>
                              <method name="_isTaxCommand" url=".Anguilla.ItemSelectDialog.js.Tridion.Cme.Views.ItemSelectDialog._isTaxCommand.html" visibility="private" rawName="Tridion.Cme.Views.ItemSelectDialog.prototype._isTaxCommand" fullName="Tridion.Cme.Views.ItemSelectDialog._isTaxCommand" staticName="ItemSelectDialog._isTaxCommand" synopsis="_isTaxCommand(): Boolean" synopsisExtended="_isTaxCommand(): Boolean" type="Object">
                                <documentation rawString="&#xA; * Determines if hash command param contains any classification action.&#xA; * @private &#xA; * @returns {Boolean} value True if contains, otherwise false&#xA; ">
                                  <summary>Determines if hash command param contains any classification action.</summary>
                                </documentation>
                                <returns type="Boolean" description="value True if contains, otherwise false" />
                              </method>
                              <method name="_isKeywordSelector" url=".Anguilla.ItemSelectDialog.js.Tridion.Cme.Views.ItemSelectDialog._isKeywordSelector.html" visibility="private" rawName="Tridion.Cme.Views.ItemSelectDialog.prototype._isKeywordSelector" fullName="Tridion.Cme.Views.ItemSelectDialog._isKeywordSelector" staticName="ItemSelectDialog._isKeywordSelector" synopsis="_isKeywordSelector(): Boolean" synopsisExtended="_isKeywordSelector(): Boolean" type="Object">
                                <documentation rawString="&#xA; * Determines if the dialog is the select keyword dialog.&#xA; * @private &#xA; * @returns {Boolean} value True if the dialog is the select keyword dialog, otherwise false&#xA; ">
                                  <summary>Determines if the dialog is the select keyword dialog.</summary>
                                </documentation>
                                <returns type="Boolean" description="value True if the dialog is the select keyword dialog, otherwise false" />
                              </method>
                              <method name="_initTaxLayout" url=".Anguilla.ItemSelectDialog.js.Tridion.Cme.Views.ItemSelectDialog._initTaxLayout.html" visibility="private" rawName="Tridion.Cme.Views.ItemSelectDialog.prototype._initTaxLayout" fullName="Tridion.Cme.Views.ItemSelectDialog._initTaxLayout" staticName="ItemSelectDialog._initTaxLayout" synopsis="_initTaxLayout(): Void" synopsisExtended="_initTaxLayout(): Void" type="Object">
                                <documentation rawString="&#xA; * Initialize taxonomy layout.&#xA; * @private &#xA; ">
                                  <summary>Initialize taxonomy layout.</summary>
                                </documentation>
                              </method>
                              <method name="_onTaxListSelectionChanged" url=".Anguilla.ItemSelectDialog.js.Tridion.Cme.Views.ItemSelectDialog._onTaxListSelectionChanged.html" visibility="private" rawName="Tridion.Cme.Views.ItemSelectDialog.prototype._onTaxListSelectionChanged" fullName="Tridion.Cme.Views.ItemSelectDialog._onTaxListSelectionChanged" staticName="ItemSelectDialog._onTaxListSelectionChanged" synopsis="_onTaxListSelectionChanged(event: DOMEvent): Void" synopsisExtended="_onTaxListSelectionChanged(event: DOMEvent): Void" type="Object">
                                <arguments value="event">
                                  <argument name="event" type="DOMEvent" description="The DOM click event that occured." />
                                </arguments>
                                <documentation rawString="&#xA; * Reacts to the DOM click event.&#xA; * @param {DOMEvent} event The DOM click event that occured.&#xA; * @private&#xA; ">
                                  <summary>Reacts to the DOM click event.</summary>
                                </documentation>
                              </method>
                              <method name="_addToTaxTargetList" url=".Anguilla.ItemSelectDialog.js.Tridion.Cme.Views.ItemSelectDialog._addToTaxTargetList.html" visibility="private" rawName="Tridion.Cme.Views.ItemSelectDialog.prototype._addToTaxTargetList" fullName="Tridion.Cme.Views.ItemSelectDialog._addToTaxTargetList" staticName="ItemSelectDialog._addToTaxTargetList" synopsis="_addToTaxTargetList(Items: itemIds.): Void" synopsisExtended="_addToTaxTargetList(Items: itemIds.): Void" type="Object">
                                <arguments value="itemIds">
                                  <argument name="Items" type="itemIds." description="ids." />
                                </arguments>
                                <documentation rawString="&#xA; * Adds items to taxonomy list.&#xA; * @param {Array} itemIds. Items ids.&#xA; * @private&#xA; ">
                                  <summary>Adds items to taxonomy list.</summary>
                                </documentation>
                                <members>
                                  <methods>
                                    <method name="itemLoadCallback" url=".Anguilla.ItemSelectDialog.js.Tridion.Cme.Views.ItemSelectDialog._addToTaxTargetList.itemLoadCallback.html" visibility="private" rawName="itemLoadCallback" fullName="itemLoadCallback" staticName="_addToTaxTargetList.itemLoadCallback" synopsis="itemLoadCallback(id: Object, loaded: Object): Void" synopsisExtended="itemLoadCallback(id: Object, loaded: Object): Void" type="Object">
                                      <arguments value="id, loaded">
                                        <argument name="id" type="Object" />
                                        <argument name="loaded" type="Object" />
                                      </arguments>
                                    </method>
                                  </methods>
                                </members>
                              </method>
                              <method name="_onTaxInsertButtonClicked" url=".Anguilla.ItemSelectDialog.js.Tridion.Cme.Views.ItemSelectDialog._onTaxInsertButtonClicked.html" visibility="private" rawName="Tridion.Cme.Views.ItemSelectDialog.prototype._onTaxInsertButtonClicked" fullName="Tridion.Cme.Views.ItemSelectDialog._onTaxInsertButtonClicked" staticName="ItemSelectDialog._onTaxInsertButtonClicked" synopsis="_onTaxInsertButtonClicked(event: DOMEvent): Void" synopsisExtended="_onTaxInsertButtonClicked(event: DOMEvent): Void" type="Object">
                                <arguments value="event">
                                  <argument name="event" type="DOMEvent" description="The DOM click event that occured." />
                                </arguments>
                                <documentation rawString="&#xA; * Reacts to the DOM click event.&#xA; * @param {DOMEvent} event The DOM click event that occured.&#xA; * @private&#xA; ">
                                  <summary>Reacts to the DOM click event.</summary>
                                </documentation>
                              </method>
                              <method name="_onTaxRemoveButtonClicked" url=".Anguilla.ItemSelectDialog.js.Tridion.Cme.Views.ItemSelectDialog._onTaxRemoveButtonClicked.html" visibility="private" rawName="Tridion.Cme.Views.ItemSelectDialog.prototype._onTaxRemoveButtonClicked" fullName="Tridion.Cme.Views.ItemSelectDialog._onTaxRemoveButtonClicked" staticName="ItemSelectDialog._onTaxRemoveButtonClicked" synopsis="_onTaxRemoveButtonClicked(event: DOMEvent): Void" synopsisExtended="_onTaxRemoveButtonClicked(event: DOMEvent): Void" type="Object">
                                <arguments value="event">
                                  <argument name="event" type="DOMEvent" description="The DOM click event that occured." />
                                </arguments>
                                <documentation rawString="&#xA; * Reacts to the DOM click event.&#xA; * @param {DOMEvent} event The DOM click event that occured.&#xA; * @private&#xA; ">
                                  <summary>Reacts to the DOM click event.</summary>
                                </documentation>
                              </method>
                              <method name="_onTaxActionButtonClicked" url=".Anguilla.ItemSelectDialog.js.Tridion.Cme.Views.ItemSelectDialog._onTaxActionButtonClicked.html" visibility="private" rawName="Tridion.Cme.Views.ItemSelectDialog.prototype._onTaxActionButtonClicked" fullName="Tridion.Cme.Views.ItemSelectDialog._onTaxActionButtonClicked" staticName="ItemSelectDialog._onTaxActionButtonClicked" synopsis="_onTaxActionButtonClicked(event: DOMEvent): Void" synopsisExtended="_onTaxActionButtonClicked(event: DOMEvent): Void" type="Object">
                                <arguments value="event">
                                  <argument name="event" type="DOMEvent" description="The DOM click event that occured." />
                                </arguments>
                                <documentation rawString="&#xA; * Reacts to the DOM click event.&#xA; * @param {DOMEvent} event The DOM click event that occured.&#xA; * @private&#xA; ">
                                  <summary>Reacts to the DOM click event.</summary>
                                </documentation>
                              </method>
                              <method name="_taxFilterOutExistingItems" url=".Anguilla.ItemSelectDialog.js.Tridion.Cme.Views.ItemSelectDialog._taxFilterOutExistingItems.html" visibility="private" rawName="Tridion.Cme.Views.ItemSelectDialog.prototype._taxFilterOutExistingItems" fullName="Tridion.Cme.Views.ItemSelectDialog._taxFilterOutExistingItems" staticName="ItemSelectDialog._taxFilterOutExistingItems" synopsis="_taxFilterOutExistingItems(newItems: Array, existingItems: Array): Void" synopsisExtended="_taxFilterOutExistingItems(newItems: Array, existingItems: Array): Void" type="Object">
                                <arguments value="newItems, existingItems">
                                  <argument name="newItems" type="Array" description="Array of new items." />
                                  <argument name="existingItems" type="Array" description="Array of existing Items." />
                                </arguments>
                                <documentation rawString="&#xA; * Filter out existing items from new items.&#xA; * @param {Array} newItems Array of new items.&#xA; * @param {Array} existingItems Array of existing Items.&#xA; * @private&#xA; ">
                                  <summary>Filter out existing items from new items.</summary>
                                </documentation>
                              </method>
                              <method name="_setTaxActionButtonVisibility" url=".Anguilla.ItemSelectDialog.js.Tridion.Cme.Views.ItemSelectDialog._setTaxActionButtonVisibility.html" visibility="private" rawName="Tridion.Cme.Views.ItemSelectDialog.prototype._setTaxActionButtonVisibility" fullName="Tridion.Cme.Views.ItemSelectDialog._setTaxActionButtonVisibility" staticName="ItemSelectDialog._setTaxActionButtonVisibility" synopsis="_setTaxActionButtonVisibility(): Void" synopsisExtended="_setTaxActionButtonVisibility(): Void" type="Object">
                                <documentation rawString="&#xA; * Sets visibility of taxonomy action button.&#xA; * @private&#xA; ">
                                  <summary>Sets visibility of taxonomy action button.</summary>
                                </documentation>
                              </method>
                              <method name="_taxValidateListSelection" url=".Anguilla.ItemSelectDialog.js.Tridion.Cme.Views.ItemSelectDialog._taxValidateListSelection.html" visibility="private" rawName="Tridion.Cme.Views.ItemSelectDialog.prototype._taxValidateListSelection" fullName="Tridion.Cme.Views.ItemSelectDialog._taxValidateListSelection" staticName="ItemSelectDialog._taxValidateListSelection" synopsis="_taxValidateListSelection(): Boolean" synopsisExtended="_taxValidateListSelection(): Boolean" type="Object">
                                <documentation rawString="&#xA; * Validates list taxonomy selection.&#xA; * @private&#xA; * @returns {Boolean} True if selection is valid, otherwise false   &#xA; ">
                                  <summary>Validates list taxonomy selection.</summary>
                                </documentation>
                                <members>
                                  <methods>
                                    <method name="isValidKeyword" url=".Anguilla.ItemSelectDialog.js.Tridion.Cme.Views.ItemSelectDialog._taxValidateListSelection.isValidKeyword.html" visibility="private" rawName="isValidKeyword" fullName="isValidKeyword" staticName="_taxValidateListSelection.isValidKeyword" synopsis="isValidKeyword(id: Object): Void" synopsisExtended="isValidKeyword(id: Object): Void" type="Object">
                                      <arguments value="id">
                                        <argument name="id" type="Object" />
                                      </arguments>
                                    </method>
                                  </methods>
                                </members>
                                <returns type="Boolean" description="True if selection is valid, otherwise false" />
                              </method>
                              <method name="_validate" url=".Anguilla.ItemSelectDialog.js.Tridion.Cme.Views.ItemSelectDialog._validate.html" visibility="private" rawName="Tridion.Cme.Views.ItemSelectDialog.prototype._validate" fullName="Tridion.Cme.Views.ItemSelectDialog._validate" staticName="ItemSelectDialog._validate" synopsis="_validate(): Boolean" synopsisExtended="_validate(): Boolean" type="Object">
                                <documentation rawString="&#xA; * Validate fields data.&#xA; * @private&#xA; * @returns {Boolean} True if data is valid, otherwise false   &#xA; ">
                                  <summary>Validate fields data.</summary>
                                </documentation>
                                <returns type="Boolean" description="True if data is valid, otherwise false" />
                              </method>
                              <method name="_isInsertItemValid" url=".Anguilla.ItemSelectDialog.js.Tridion.Cme.Views.ItemSelectDialog._isInsertItemValid.html" visibility="private" rawName="Tridion.Cme.Views.ItemSelectDialog.prototype._isInsertItemValid" fullName="Tridion.Cme.Views.ItemSelectDialog._isInsertItemValid" staticName="ItemSelectDialog._isInsertItemValid" synopsis="_isInsertItemValid(itemUri: String, List: Tridion.ContentManager.ListFilter): Boolean" synopsisExtended="_isInsertItemValid(itemUri: String, List: Tridion.ContentManager.ListFilter): Boolean" type="Object">
                                <arguments value="itemUri, filter">
                                  <argument name="itemUri" type="String" description="Validation item Uri." />
                                  <argument name="List" type="Tridion.ContentManager.ListFilter" description="filter object." />
                                </arguments>
                                <documentation rawString="&#xA; * Validate the items.&#xA; * @private &#xA; * @param {String} itemUri Validation item Uri. &#xA; * @param {Tridion.ContentManager.ListFilter} List filter object.&#xA; * @returns {Boolean} Truew if item is valid, otherwise false&#xA; ">
                                  <summary>Validate the items.</summary>
                                </documentation>
                                <returns type="Boolean" description="Truew if item is valid, otherwise false" />
                              </method>
                              <method name="onInsertClick" url=".Anguilla.ItemSelectDialog.js.Tridion.Cme.Views.ItemSelectDialog.onInsertClick.html" visibility="private" rawName="Tridion.Cme.Views.ItemSelectDialog.prototype.onInsertClick" fullName="Tridion.Cme.Views.ItemSelectDialog.onInsertClick" staticName="ItemSelectDialog.onInsertClick" synopsis="onInsertClick(): Void" synopsisExtended="onInsertClick(): Void" type="Object">
                                <documentation rawString="&#xA; * Handles the click event on button.&#xA; * @private &#xA; ">
                                  <summary>Handles the click event on button.</summary>
                                </documentation>
                              </method>
                              <method name="_insertItems" url=".Anguilla.ItemSelectDialog.js.Tridion.Cme.Views.ItemSelectDialog._insertItems.html" visibility="private" rawName="Tridion.Cme.Views.ItemSelectDialog.prototype._insertItems" fullName="Tridion.Cme.Views.ItemSelectDialog._insertItems" staticName="ItemSelectDialog._insertItems" synopsis="_insertItems(Array: items.): Void" synopsisExtended="_insertItems(Array: items.): Void" type="Object">
                                <arguments value="items">
                                  <argument name="Array" type="items." description="of definitions documentst." />
                                </arguments>
                                <documentation rawString="&#xA; * Inserts items from the dialog.&#xA; * @private  &#xA; * @param {Array} items. Array of definitions documentst. &#xA; ">
                                  <summary>Inserts items from the dialog.</summary>
                                </documentation>
                              </method>
                              <method name="onCloseClick" url=".Anguilla.ItemSelectDialog.js.Tridion.Cme.Views.ItemSelectDialog.onCloseClick.html" visibility="private" rawName="Tridion.Cme.Views.ItemSelectDialog.prototype.onCloseClick" fullName="Tridion.Cme.Views.ItemSelectDialog.onCloseClick" staticName="ItemSelectDialog.onCloseClick" synopsis="onCloseClick(): Void" synopsisExtended="onCloseClick(): Void" type="Object">
                                <documentation rawString="&#xA; * Handles the click event on button.&#xA; * @private &#xA; ">
                                  <summary>Handles the click event on button.</summary>
                                </documentation>
                              </method>
                              <method name="_close" url=".Anguilla.ItemSelectDialog.js.Tridion.Cme.Views.ItemSelectDialog._close.html" visibility="private" rawName="Tridion.Cme.Views.ItemSelectDialog.prototype._close" fullName="Tridion.Cme.Views.ItemSelectDialog._close" staticName="ItemSelectDialog._close" synopsis="_close(isItemInserted: Object): Void" synopsisExtended="_close(isItemInserted: Object): Void" type="Object">
                                <arguments value="isItemInserted">
                                  <argument name="isItemInserted" type="Object" />
                                </arguments>
                                <documentation rawString="&#xA; * Unloading window.&#xA; * @private &#xA; ">
                                  <summary>Unloading window.</summary>
                                </documentation>
                              </method>
                            </methods>
                          </members>
                        </class>
                      </classes>
                    </members>
                  </property>
                </properties>
              </members>
            </property>
          </properties>
        </members>
      </property>
    </properties>
  </members>
</document>