<class name="ItemInWorkflowBundle.js" url="ItemInWorkflowBundle.js.html" visibility="default" rawName="ItemInWorkflowBundle.js" fullName="ItemInWorkflowBundle.js" staticName="Anguilla.ItemInWorkflowBundle.js">
  <documentation rawString="&#xA;Represents an Item which is a Workflow Bundle (Project).&#xA;@namespace {Tridion.ContentManager}&#xA;@constructor&#xA;@param {String} id the id of this Item.&#xA;">
    <description>Represents an Item which is a Workflow Bundle (Project).</description>
  </documentation>
  <members>
    <properties>
      <property name="Tridion" url=".Anguilla.ItemInWorkflowBundle.js.Tridion.html" visibility="public" rawName="Tridion" fullName="Tridion" staticName="ItemInWorkflowBundle.js.Tridion" synopsis="ItemInWorkflowBundle.js.Tridion: Object;" synopsisExtended="ItemInWorkflowBundle.js.Tridion: &lt;a href=&quot;&quot;&gt;Object&lt;/a&gt;;" type="Object" virtual="true">
        <members>
          <properties>
            <property name="ContentManager" url=".Anguilla.ItemInWorkflowBundle.js.Tridion.ContentManager.html" visibility="static" rawName="Tridion.ContentManager" fullName="Tridion.ContentManager" staticName="Tridion.ContentManager" synopsis="Tridion.ContentManager: Object;" synopsisExtended="Tridion.ContentManager: &lt;a href=&quot;&quot;&gt;Object&lt;/a&gt;;" type="Object" virtual="true">
              <members>
                <classes>
                  <class name="ItemInWorkflowBundle" url=".Anguilla.ItemInWorkflowBundle.js.Tridion.ContentManager.ItemInWorkflowBundle.html" visibility="static" rawName="Tridion.ContentManager.ItemInWorkflowBundle" fullName="Tridion.ContentManager.ItemInWorkflowBundle" staticName="ContentManager.ItemInWorkflowBundle" synopsis="var x: ItemInWorkflowBundle = new ItemInWorkflowBundle(id: String);" synopsisExtended="var x: &lt;a href=&quot;.Anguilla.ItemInWorkflowBundle.js.Tridion.ContentManager.ItemInWorkflowBundle.html&quot;&gt;ItemInWorkflowBundle&lt;/a&gt; = new ItemInWorkflowBundle(id: String);" type="Object">
                    <arguments value="id">
                      <argument name="id" type="String" description="the id of this Item." />
                    </arguments>
                    <extends />
                    <documentation rawString="&#xA;Represents an Item which is a Workflow Bundle (Project).&#xA;@namespace {Tridion.ContentManager}&#xA;@constructor&#xA;@param {String} id the id of this Item.&#xA;">
                      <description>Represents an Item which is a Workflow Bundle (Project).</description>
                    </documentation>
                    <members>
                      <methods>
                        <method name="getListWorkflowBundles" url=".Anguilla.ItemInWorkflowBundle.js.Tridion.ContentManager.ItemInWorkflowBundle.getListWorkflowBundles.html" visibility="prototype" rawName="Tridion.ContentManager.ItemInWorkflowBundle.prototype.getListWorkflowBundles" fullName="Tridion.ContentManager.ItemInWorkflowBundle.getListWorkflowBundles" staticName="ItemInWorkflowBundle.getListWorkflowBundles" synopsis="getListWorkflowBundles(): Void" synopsisExtended="getListWorkflowBundles(): Void" type="Object" />
                        <method name="pack" url=".Anguilla.ItemInWorkflowBundle.js.Tridion.ContentManager.ItemInWorkflowBundle.pack.html" visibility="prototype" rawName="Tridion.ContentManager.ItemInWorkflowBundle.prototype.pack" fullName="Tridion.ContentManager.ItemInWorkflowBundle.pack" staticName="ItemInWorkflowBundle.pack" synopsis="pack(): Void" synopsisExtended="pack(): Void" type="Object" />
                        <method name="unpack" url=".Anguilla.ItemInWorkflowBundle.js.Tridion.ContentManager.ItemInWorkflowBundle.unpack.html" visibility="prototype" rawName="Tridion.ContentManager.ItemInWorkflowBundle.prototype.unpack" fullName="Tridion.ContentManager.ItemInWorkflowBundle.unpack" staticName="ItemInWorkflowBundle.unpack" synopsis="unpack(data: Object): Void" synopsisExtended="unpack(data: Object): Void" type="Object">
                          <arguments value="data">
                            <argument name="data" type="Object" />
                          </arguments>
                        </method>
                      </methods>
                    </members>
                  </class>
                </classes>
              </members>
            </property>
          </properties>
        </members>
      </property>
    </properties>
  </members>
</class>