<class name="ListPublications.js" url="ListPublications.js.html" visibility="default" rawName="ListPublications.js" fullName="ListPublications.js" staticName="Anguilla.ListPublications.js">
  <documentation rawString="&#xA; * Represents a List of Publications.&#xA; * @namespace {Tridion.ContentManager}&#xA; * @constructor&#xA; * @param {String} parentId The parent item's Id.&#xA; * @param {Tridion.ContentManager.ListFilter} filter The List Filter.&#xA; ">
    <summary>Represents a List of Publications.</summary>
  </documentation>
  <members>
    <properties>
      <property name="Tridion" url=".Anguilla.ListPublications.js.Tridion.html" visibility="public" rawName="Tridion" fullName="Tridion" staticName="ListPublications.js.Tridion" synopsis="ListPublications.js.Tridion: Object;" synopsisExtended="ListPublications.js.Tridion: &lt;a href=&quot;&quot;&gt;Object&lt;/a&gt;;" type="Object" virtual="true">
        <members>
          <properties>
            <property name="ContentManager" url=".Anguilla.ListPublications.js.Tridion.ContentManager.html" visibility="static" rawName="Tridion.ContentManager" fullName="Tridion.ContentManager" staticName="Tridion.ContentManager" synopsis="Tridion.ContentManager: Object;" synopsisExtended="Tridion.ContentManager: &lt;a href=&quot;&quot;&gt;Object&lt;/a&gt;;" type="Object" virtual="true">
              <members>
                <classes>
                  <class name="ListPublications" url=".Anguilla.ListPublications.js.Tridion.ContentManager.ListPublications.html" visibility="static" rawName="Tridion.ContentManager.ListPublications" fullName="Tridion.ContentManager.ListPublications" staticName="ContentManager.ListPublications" synopsis="var x: ListPublications = new ListPublications(parentId: String, filter: Tridion.ContentManager.ListFilter);" synopsisExtended="var x: &lt;a href=&quot;.Anguilla.ListPublications.js.Tridion.ContentManager.ListPublications.html&quot;&gt;ListPublications&lt;/a&gt; = new ListPublications(parentId: String, filter: Tridion.ContentManager.ListFilter);" type="Object">
                    <arguments value="parentId, filter">
                      <argument name="parentId" type="String" description="The parent item's Id." />
                      <argument name="filter" type="Tridion.ContentManager.ListFilter" description="The List Filter." />
                    </arguments>
                    <extends />
                    <documentation rawString="&#xA; * Represents a List of Publications.&#xA; * @namespace {Tridion.ContentManager}&#xA; * @constructor&#xA; * @param {String} parentId The parent item's Id.&#xA; * @param {Tridion.ContentManager.ListFilter} filter The List Filter.&#xA; ">
                      <summary>Represents a List of Publications.</summary>
                    </documentation>
                  </class>
                </classes>
              </members>
            </property>
          </properties>
        </members>
      </property>
    </properties>
  </members>
</class>