<document name="ListColumnFilter.js" url="ListColumnFilter.js.html" visibility="default" rawName="ListColumnFilter.js" fullName="ListColumnFilter.js" staticName="Anguilla.ListColumnFilter.js">
  <members>
    <properties>
      <property name="Tridion" url=".Anguilla.ListColumnFilter.js.Tridion.html" visibility="public" rawName="Tridion" fullName="Tridion" staticName="ListColumnFilter.js.Tridion" synopsis="ListColumnFilter.js.Tridion: Object;" synopsisExtended="ListColumnFilter.js.Tridion: &lt;a href=&quot;&quot;&gt;Object&lt;/a&gt;;" type="Object" virtual="true">
        <members>
          <properties>
            <property name="Controls" url=".Anguilla.ListColumnFilter.js.Tridion.Controls.html" visibility="static" rawName="Tridion.Controls" fullName="Tridion.Controls" staticName="Tridion.Controls" synopsis="Tridion.Controls: Object;" synopsisExtended="Tridion.Controls: &lt;a href=&quot;&quot;&gt;Object&lt;/a&gt;;" type="Object" virtual="true">
              <members>
                <classes>
                  <class name="ListColumnFilter" url=".Anguilla.ListColumnFilter.js.Tridion.Controls.ListColumnFilter.html" visibility="static" rawName="Tridion.Controls.ListColumnFilter" fullName="Tridion.Controls.ListColumnFilter" staticName="Controls.ListColumnFilter" synopsis="var x: ListColumnFilter = new ListColumnFilter(element: Object, settings: Object);" synopsisExtended="var x: &lt;a href=&quot;.Anguilla.ListColumnFilter.js.Tridion.Controls.ListColumnFilter.html&quot;&gt;ListColumnFilter&lt;/a&gt; = new ListColumnFilter(element: Object, settings: Object);" type="Object">
                    <arguments value="element, settings">
                      <argument name="element" type="Object" />
                      <argument name="settings" type="Object" />
                    </arguments>
                    <extends />
                    <members>
                      <methods>
                        <method name="onReposition" url=".Anguilla.ListColumnFilter.js.Tridion.Controls.ListColumnFilter.onReposition.html" visibility="prototype" rawName="Tridion.Controls.ListColumnFilter.prototype.onReposition" fullName="Tridion.Controls.ListColumnFilter.onReposition" staticName="ListColumnFilter.onReposition" synopsis="onReposition(e: Object): Void" synopsisExtended="onReposition(e: Object): Void" type="Object">
                          <arguments value="e">
                            <argument name="e" type="Object" />
                          </arguments>
                        </method>
                        <method name="getId" url=".Anguilla.ListColumnFilter.js.Tridion.Controls.ListColumnFilter.getId.html" visibility="prototype" rawName="Tridion.Controls.ListColumnFilter.prototype.getId" fullName="Tridion.Controls.ListColumnFilter.getId" staticName="ListColumnFilter.getId" synopsis="getId(): Void" synopsisExtended="getId(): Void" type="Object" />
                        <method name="getParent" url=".Anguilla.ListColumnFilter.js.Tridion.Controls.ListColumnFilter.getParent.html" visibility="prototype" rawName="Tridion.Controls.ListColumnFilter.prototype.getParent" fullName="Tridion.Controls.ListColumnFilter.getParent" staticName="ListColumnFilter.getParent" synopsis="getParent(): Void" synopsisExtended="getParent(): Void" type="Object" />
                        <method name="setParent" url=".Anguilla.ListColumnFilter.js.Tridion.Controls.ListColumnFilter.setParent.html" visibility="prototype" rawName="Tridion.Controls.ListColumnFilter.prototype.setParent" fullName="Tridion.Controls.ListColumnFilter.setParent" staticName="ListColumnFilter.setParent" synopsis="setParent(value: Object): Void" synopsisExtended="setParent(value: Object): Void" type="Object">
                          <arguments value="value">
                            <argument name="value" type="Object" />
                          </arguments>
                        </method>
                        <method name="isDrawn" url=".Anguilla.ListColumnFilter.js.Tridion.Controls.ListColumnFilter.isDrawn.html" visibility="prototype" rawName="Tridion.Controls.ListColumnFilter.prototype.isDrawn" fullName="Tridion.Controls.ListColumnFilter.isDrawn" staticName="ListColumnFilter.isDrawn" synopsis="isDrawn(): Void" synopsisExtended="isDrawn(): Void" type="Object" />
                        <method name="setDrawn" url=".Anguilla.ListColumnFilter.js.Tridion.Controls.ListColumnFilter.setDrawn.html" visibility="prototype" rawName="Tridion.Controls.ListColumnFilter.prototype.setDrawn" fullName="Tridion.Controls.ListColumnFilter.setDrawn" staticName="ListColumnFilter.setDrawn" synopsis="setDrawn(drawn: Object): Void" synopsisExtended="setDrawn(drawn: Object): Void" type="Object">
                          <arguments value="drawn">
                            <argument name="drawn" type="Object" />
                          </arguments>
                        </method>
                        <method name="isActive" url=".Anguilla.ListColumnFilter.js.Tridion.Controls.ListColumnFilter.isActive.html" visibility="prototype" rawName="Tridion.Controls.ListColumnFilter.prototype.isActive" fullName="Tridion.Controls.ListColumnFilter.isActive" staticName="ListColumnFilter.isActive" synopsis="isActive(): Void" synopsisExtended="isActive(): Void" type="Object" />
                        <method name="load" url=".Anguilla.ListColumnFilter.js.Tridion.Controls.ListColumnFilter.load.html" visibility="prototype" rawName="Tridion.Controls.ListColumnFilter.prototype.load" fullName="Tridion.Controls.ListColumnFilter.load" staticName="ListColumnFilter.load" synopsis="load(): Void" synopsisExtended="load(): Void" type="Object" />
                        <method name="load$checkIsLoading" url=".Anguilla.ListColumnFilter.js.Tridion.Controls.ListColumnFilter.load$checkIsLoading.html" visibility="prototype" rawName="Tridion.Controls.ListColumnFilter.prototype.load$checkIsLoading" fullName="Tridion.Controls.ListColumnFilter.load$checkIsLoading" staticName="ListColumnFilter.load$checkIsLoading" synopsis="load$checkIsLoading(): Void" synopsisExtended="load$checkIsLoading(): Void" type="Object" />
                        <method name="load$loadFilters" url=".Anguilla.ListColumnFilter.js.Tridion.Controls.ListColumnFilter.load$loadFilters.html" visibility="prototype" rawName="Tridion.Controls.ListColumnFilter.prototype.load$loadFilters" fullName="Tridion.Controls.ListColumnFilter.load$loadFilters" staticName="ListColumnFilter.load$loadFilters" synopsis="load$loadFilters(): Void" synopsisExtended="load$loadFilters(): Void" type="Object" />
                        <method name="load$documentsLoaded" url=".Anguilla.ListColumnFilter.js.Tridion.Controls.ListColumnFilter.load$documentsLoaded.html" visibility="prototype" rawName="Tridion.Controls.ListColumnFilter.prototype.load$documentsLoaded" fullName="Tridion.Controls.ListColumnFilter.load$documentsLoaded" staticName="ListColumnFilter.load$documentsLoaded" synopsis="load$documentsLoaded(documents: Object): Void" synopsisExtended="load$documentsLoaded(documents: Object): Void" type="Object">
                          <arguments value="documents">
                            <argument name="documents" type="Object" />
                          </arguments>
                        </method>
                        <method name="getXml" url=".Anguilla.ListColumnFilter.js.Tridion.Controls.ListColumnFilter.getXml.html" visibility="prototype" rawName="Tridion.Controls.ListColumnFilter.prototype.getXml" fullName="Tridion.Controls.ListColumnFilter.getXml" staticName="ListColumnFilter.getXml" synopsis="getXml(): Void" synopsisExtended="getXml(): Void" type="Object" />
                        <method name="_loadContent" url=".Anguilla.ListColumnFilter.js.Tridion.Controls.ListColumnFilter._loadContent.html" visibility="prototype" rawName="Tridion.Controls.ListColumnFilter.prototype._loadContent" fullName="Tridion.Controls.ListColumnFilter._loadContent" staticName="ListColumnFilter._loadContent" synopsis="_loadContent(xml: Object): Void" synopsisExtended="_loadContent(xml: Object): Void" type="Object">
                          <arguments value="xml">
                            <argument name="xml" type="Object" />
                          </arguments>
                        </method>
                        <method name="disposeInterface" url=".Anguilla.ListColumnFilter.js.Tridion.Controls.ListColumnFilter.disposeInterface.html" visibility="prototype" rawName="Tridion.Controls.ListColumnFilter.prototype.disposeInterface" fullName="Tridion.Controls.ListColumnFilter.disposeInterface" staticName="ListColumnFilter.disposeInterface" synopsis="disposeInterface(): Void" synopsisExtended="disposeInterface(): Void" type="Object">
                          <documentation rawString="&#xA;* Performs any clean-up work that may be necessary&#xA;">
                            <summary>Performs any clean-up work that may be necessary</summary>
                          </documentation>
                        </method>
                        <method name="_saveState" url=".Anguilla.ListColumnFilter.js.Tridion.Controls.ListColumnFilter._saveState.html" visibility="prototype" rawName="Tridion.Controls.ListColumnFilter.prototype._saveState" fullName="Tridion.Controls.ListColumnFilter._saveState" staticName="ListColumnFilter._saveState" synopsis="_saveState(): Void" synopsisExtended="_saveState(): Void" type="Object" />
                        <method name="_getPrevState" url=".Anguilla.ListColumnFilter.js.Tridion.Controls.ListColumnFilter._getPrevState.html" visibility="prototype" rawName="Tridion.Controls.ListColumnFilter.prototype._getPrevState" fullName="Tridion.Controls.ListColumnFilter._getPrevState" staticName="ListColumnFilter._getPrevState" synopsis="_getPrevState(): Void" synopsisExtended="_getPrevState(): Void" type="Object" />
                        <method name="isLoaded" url=".Anguilla.ListColumnFilter.js.Tridion.Controls.ListColumnFilter.isLoaded.html" visibility="prototype" rawName="Tridion.Controls.ListColumnFilter.prototype.isLoaded" fullName="Tridion.Controls.ListColumnFilter.isLoaded" staticName="ListColumnFilter.isLoaded" synopsis="isLoaded(): Void" synopsisExtended="isLoaded(): Void" type="Object" />
                        <method name="draw" url=".Anguilla.ListColumnFilter.js.Tridion.Controls.ListColumnFilter.draw.html" visibility="prototype" rawName="Tridion.Controls.ListColumnFilter.prototype.draw" fullName="Tridion.Controls.ListColumnFilter.draw" staticName="ListColumnFilter.draw" synopsis="draw(xmlDoc: Object, xslDoc: Object, refresh: Object): Void" synopsisExtended="draw(xmlDoc: Object, xslDoc: Object, refresh: Object): Void" type="Object">
                          <arguments value="xmlDoc, xslDoc, refresh">
                            <argument name="xmlDoc" type="Object" />
                            <argument name="xslDoc" type="Object" />
                            <argument name="refresh" type="Object" />
                          </arguments>
                        </method>
                        <method name="_dateRangeModified" url=".Anguilla.ListColumnFilter.js.Tridion.Controls.ListColumnFilter._dateRangeModified.html" visibility="prototype" rawName="Tridion.Controls.ListColumnFilter.prototype._dateRangeModified" fullName="Tridion.Controls.ListColumnFilter._dateRangeModified" staticName="ListColumnFilter._dateRangeModified" synopsis="_dateRangeModified(e: Object): Void" synopsisExtended="_dateRangeModified(e: Object): Void" type="Object">
                          <arguments value="e">
                            <argument name="e" type="Object" />
                          </arguments>
                        </method>
                        <method name="toggleAll" url=".Anguilla.ListColumnFilter.js.Tridion.Controls.ListColumnFilter.toggleAll.html" visibility="prototype" rawName="Tridion.Controls.ListColumnFilter.prototype.toggleAll" fullName="Tridion.Controls.ListColumnFilter.toggleAll" staticName="ListColumnFilter.toggleAll" synopsis="toggleAll(e: Object): Void" synopsisExtended="toggleAll(e: Object): Void" type="Object">
                          <arguments value="e">
                            <argument name="e" type="Object" />
                          </arguments>
                        </method>
                        <method name="onFilterValueChanged" url=".Anguilla.ListColumnFilter.js.Tridion.Controls.ListColumnFilter.onFilterValueChanged.html" visibility="prototype" rawName="Tridion.Controls.ListColumnFilter.prototype.onFilterValueChanged" fullName="Tridion.Controls.ListColumnFilter.onFilterValueChanged" staticName="ListColumnFilter.onFilterValueChanged" synopsis="onFilterValueChanged(e: Object): Void" synopsisExtended="onFilterValueChanged(e: Object): Void" type="Object">
                          <arguments value="e">
                            <argument name="e" type="Object" />
                          </arguments>
                        </method>
                        <method name="hasValue" url=".Anguilla.ListColumnFilter.js.Tridion.Controls.ListColumnFilter.hasValue.html" visibility="prototype" rawName="Tridion.Controls.ListColumnFilter.prototype.hasValue" fullName="Tridion.Controls.ListColumnFilter.hasValue" staticName="ListColumnFilter.hasValue" synopsis="hasValue(): Void" synopsisExtended="hasValue(): Void" type="Object" />
                        <method name="getValue" url=".Anguilla.ListColumnFilter.js.Tridion.Controls.ListColumnFilter.getValue.html" visibility="prototype" rawName="Tridion.Controls.ListColumnFilter.prototype.getValue" fullName="Tridion.Controls.ListColumnFilter.getValue" staticName="ListColumnFilter.getValue" synopsis="getValue(): Void" synopsisExtended="getValue(): Void" type="Object" />
                        <method name="setValue" url=".Anguilla.ListColumnFilter.js.Tridion.Controls.ListColumnFilter.setValue.html" visibility="prototype" rawName="Tridion.Controls.ListColumnFilter.prototype.setValue" fullName="Tridion.Controls.ListColumnFilter.setValue" staticName="ListColumnFilter.setValue" synopsis="setValue(value: Object, suppressEvent: Object): Void" synopsisExtended="setValue(value: Object, suppressEvent: Object): Void" type="Object">
                          <arguments value="value, suppressEvent">
                            <argument name="value" type="Object" />
                            <argument name="suppressEvent" type="Object" />
                          </arguments>
                        </method>
                        <method name="_onBlur" url=".Anguilla.ListColumnFilter.js.Tridion.Controls.ListColumnFilter._onBlur.html" visibility="prototype" rawName="Tridion.Controls.ListColumnFilter.prototype._onBlur" fullName="Tridion.Controls.ListColumnFilter._onBlur" staticName="ListColumnFilter._onBlur" synopsis="_onBlur(event: Object): Void" synopsisExtended="_onBlur(event: Object): Void" type="Object">
                          <arguments value="event">
                            <argument name="event" type="Object" />
                          </arguments>
                        </method>
                        <method name="_onBlur$timeout" url=".Anguilla.ListColumnFilter.js.Tridion.Controls.ListColumnFilter._onBlur$timeout.html" visibility="prototype" rawName="Tridion.Controls.ListColumnFilter.prototype._onBlur$timeout" fullName="Tridion.Controls.ListColumnFilter._onBlur$timeout" staticName="ListColumnFilter._onBlur$timeout" synopsis="_onBlur$timeout(): Void" synopsisExtended="_onBlur$timeout(): Void" type="Object" />
                        <method name="_onFocus" url=".Anguilla.ListColumnFilter.js.Tridion.Controls.ListColumnFilter._onFocus.html" visibility="prototype" rawName="Tridion.Controls.ListColumnFilter.prototype._onFocus" fullName="Tridion.Controls.ListColumnFilter._onFocus" staticName="ListColumnFilter._onFocus" synopsis="_onFocus(event: Object): Void" synopsisExtended="_onFocus(event: Object): Void" type="Object">
                          <arguments value="event">
                            <argument name="event" type="Object" />
                          </arguments>
                        </method>
                        <method name="loadGroupings" url=".Anguilla.ListColumnFilter.js.Tridion.Controls.ListColumnFilter.loadGroupings.html" visibility="static" rawName="Tridion.Controls.ListColumnFilter.loadGroupings" fullName="Tridion.Controls.ListColumnFilter.loadGroupings" staticName="ListColumnFilter.loadGroupings" synopsis="loadGroupings(): Void" synopsisExtended="loadGroupings(): Void" type="Object" />
                        <method name="createElement" url=".Anguilla.ListColumnFilter.js.Tridion.Controls.ListColumnFilter.createElement.html" visibility="static" rawName="Tridion.Controls.ListColumnFilter.createElement" fullName="Tridion.Controls.ListColumnFilter.createElement" staticName="ListColumnFilter.createElement" synopsis="createElement(settings: Object, doc: Object): Void" synopsisExtended="createElement(settings: Object, doc: Object): Void" type="Object">
                          <arguments value="settings, doc">
                            <argument name="settings" type="Object" />
                            <argument name="doc" type="Object" />
                          </arguments>
                        </method>
                      </methods>
                    </members>
                  </class>
                </classes>
              </members>
            </property>
          </properties>
        </members>
      </property>
    </properties>
  </members>
</document>