<class name="ListTargetGroups.js" url="ListTargetGroups.js.html" visibility="default" rawName="ListTargetGroups.js" fullName="ListTargetGroups.js" staticName="Anguilla.ListTargetGroups.js">
  <documentation rawString="&#xA; * Represents a List of Target Groups.&#xA; * @namespace {Tridion.ContentManager}&#xA; * @constructor&#xA; * @param {String} parentId The parent item's Id.&#xA; * @param {Tridion.ContentManager.ListFilter} filter The List Filter.&#xA; ">
    <summary>Represents a List of Target Groups.</summary>
  </documentation>
  <members>
    <properties>
      <property name="Tridion" url=".Anguilla.ListTargetGroups.js.Tridion.html" visibility="public" rawName="Tridion" fullName="Tridion" staticName="ListTargetGroups.js.Tridion" synopsis="ListTargetGroups.js.Tridion: Object;" synopsisExtended="ListTargetGroups.js.Tridion: &lt;a href=&quot;&quot;&gt;Object&lt;/a&gt;;" type="Object" virtual="true">
        <members>
          <properties>
            <property name="ContentManager" url=".Anguilla.ListTargetGroups.js.Tridion.ContentManager.html" visibility="static" rawName="Tridion.ContentManager" fullName="Tridion.ContentManager" staticName="Tridion.ContentManager" synopsis="Tridion.ContentManager: Object;" synopsisExtended="Tridion.ContentManager: &lt;a href=&quot;&quot;&gt;Object&lt;/a&gt;;" type="Object" virtual="true">
              <members>
                <classes>
                  <class name="ListTargetGroups" url=".Anguilla.ListTargetGroups.js.Tridion.ContentManager.ListTargetGroups.html" visibility="static" rawName="Tridion.ContentManager.ListTargetGroups" fullName="Tridion.ContentManager.ListTargetGroups" staticName="ContentManager.ListTargetGroups" synopsis="var x: ListTargetGroups = new ListTargetGroups(parentId: String, filter: Tridion.ContentManager.ListFilter);" synopsisExtended="var x: &lt;a href=&quot;.Anguilla.ListTargetGroups.js.Tridion.ContentManager.ListTargetGroups.html&quot;&gt;ListTargetGroups&lt;/a&gt; = new ListTargetGroups(parentId: String, filter: Tridion.ContentManager.ListFilter);" type="Object">
                    <arguments value="parentId, filter">
                      <argument name="parentId" type="String" description="The parent item's Id." />
                      <argument name="filter" type="Tridion.ContentManager.ListFilter" description="The List Filter." />
                    </arguments>
                    <extends />
                    <documentation rawString="&#xA; * Represents a List of Target Groups.&#xA; * @namespace {Tridion.ContentManager}&#xA; * @constructor&#xA; * @param {String} parentId The parent item's Id.&#xA; * @param {Tridion.ContentManager.ListFilter} filter The List Filter.&#xA; ">
                      <summary>Represents a List of Target Groups.</summary>
                    </documentation>
                  </class>
                </classes>
              </members>
            </property>
          </properties>
        </members>
      </property>
    </properties>
  </members>
</class>