<document name="ListView.js" url="ListView.js.html" visibility="default" rawName="ListView.js" fullName="ListView.js" staticName="Anguilla.ListView.js">
  <members>
    <properties>
      <property name="Tridion" url=".Anguilla.ListView.js.Tridion.html" visibility="public" rawName="Tridion" fullName="Tridion" staticName="ListView.js.Tridion" synopsis="ListView.js.Tridion: Object;" synopsisExtended="ListView.js.Tridion: &lt;a href=&quot;&quot;&gt;Object&lt;/a&gt;;" type="Object" virtual="true">
        <members>
          <properties>
            <property name="Controls" url=".Anguilla.ListView.js.Tridion.Controls.html" visibility="static" rawName="Tridion.Controls" fullName="Tridion.Controls" staticName="Tridion.Controls" synopsis="Tridion.Controls: Object;" synopsisExtended="Tridion.Controls: &lt;a href=&quot;&quot;&gt;Object&lt;/a&gt;;" type="Object" virtual="true">
              <members>
                <classes>
                  <class name="ListView" url=".Anguilla.ListView.js.Tridion.Controls.ListView.html" visibility="static" rawName="Tridion.Controls.ListView" fullName="Tridion.Controls.ListView" staticName="Controls.ListView" synopsis="var x: ListView = new ListView(ownerList: Object);" synopsisExtended="var x: &lt;a href=&quot;.Anguilla.ListView.js.Tridion.Controls.ListView.html&quot;&gt;ListView&lt;/a&gt; = new ListView(ownerList: Object);" type="Object">
                    <arguments value="ownerList">
                      <argument name="ownerList" type="Object" />
                    </arguments>
                    <extends />
                    <documentation rawString="&#xA; * Represents a view on the list control.&#xA; * A &lt;c&gt;ListView&lt;/c&gt; deals with a presentation (view) of the list data. As such it handles the&#xA; * &lt;ul&gt;&#xA; * &lt;li&gt;Drawing and clearing of the view&lt;/li&gt;&#xA; * &lt;li&gt;Initializing and handling of events on the view&lt;/li&gt;&#xA; * &lt;li&gt;Selection of items on the view&lt;/li&gt;&#xA; * &lt;li&gt;Visualy ordering, creating, updating and removing items&lt;/li&gt;&#xA; * &lt;/ul&gt;&#xA; * @abstract&#xA; ">
                      <summary>Represents a view on the list control.</summary>
                      <description>A &lt;c&gt;ListView&lt;/c&gt; deals with a presentation (view) of the list data. As such it handles the
&lt;ul&gt;
&lt;li&gt;Drawing and clearing of the view&lt;/li&gt;
&lt;li&gt;Initializing and handling of events on the view&lt;/li&gt;
&lt;li&gt;Selection of items on the view&lt;/li&gt;
&lt;li&gt;Visualy ordering, creating, updating and removing items&lt;/li&gt;
&lt;/ul&gt;</description>
                    </documentation>
                    <members>
                      <methods>
                        <method name="create" url=".Anguilla.ListView.js.Tridion.Controls.ListView.create.html" visibility="prototype" rawName="Tridion.Controls.ListView.prototype.create" fullName="Tridion.Controls.ListView.create" staticName="ListView.create" synopsis="create(listElement: Object): Void" synopsisExtended="create(listElement: Object): Void" type="Object">
                          <arguments value="listElement">
                            <argument name="listElement" type="Object" />
                          </arguments>
                        </method>
                        <method name="disposeInterface" url=".Anguilla.ListView.js.Tridion.Controls.ListView.disposeInterface.html" visibility="prototype" rawName="Tridion.Controls.ListView.prototype.disposeInterface" fullName="Tridion.Controls.ListView.disposeInterface" staticName="ListView.disposeInterface" synopsis="disposeInterface(): Void" synopsisExtended="disposeInterface(): Void" type="Object" />
                        <method name="enable" url=".Anguilla.ListView.js.Tridion.Controls.ListView.enable.html" visibility="prototype" rawName="Tridion.Controls.ListView.prototype.enable" fullName="Tridion.Controls.ListView.enable" staticName="ListView.enable" synopsis="enable(): Void" synopsisExtended="enable(): Void" type="Object" />
                        <method name="disable" url=".Anguilla.ListView.js.Tridion.Controls.ListView.disable.html" visibility="prototype" rawName="Tridion.Controls.ListView.prototype.disable" fullName="Tridion.Controls.ListView.disable" staticName="ListView.disable" synopsis="disable(): Void" synopsisExtended="disable(): Void" type="Object" />
                        <method name="isDisabled" url=".Anguilla.ListView.js.Tridion.Controls.ListView.isDisabled.html" visibility="prototype" rawName="Tridion.Controls.ListView.prototype.isDisabled" fullName="Tridion.Controls.ListView.isDisabled" staticName="ListView.isDisabled" synopsis="isDisabled(): Void" synopsisExtended="isDisabled(): Void" type="Object" />
                        <method name="hasColumns" url=".Anguilla.ListView.js.Tridion.Controls.ListView.hasColumns.html" visibility="prototype" rawName="Tridion.Controls.ListView.prototype.hasColumns" fullName="Tridion.Controls.ListView.hasColumns" staticName="ListView.hasColumns" synopsis="hasColumns(): Void" synopsisExtended="hasColumns(): Void" type="Object" />
                        <method name="clear" url=".Anguilla.ListView.js.Tridion.Controls.ListView.clear.html" visibility="prototype" rawName="Tridion.Controls.ListView.prototype.clear" fullName="Tridion.Controls.ListView.clear" staticName="ListView.clear" synopsis="clear(): Void" synopsisExtended="clear(): Void" type="Object" />
                        <method name="clearFocus" url=".Anguilla.ListView.js.Tridion.Controls.ListView.clearFocus.html" visibility="prototype" rawName="Tridion.Controls.ListView.prototype.clearFocus" fullName="Tridion.Controls.ListView.clearFocus" staticName="ListView.clearFocus" synopsis="clearFocus(): Void" synopsisExtended="clearFocus(): Void" type="Object" />
                        <method name="draw" url=".Anguilla.ListView.js.Tridion.Controls.ListView.draw.html" visibility="prototype" rawName="Tridion.Controls.ListView.prototype.draw" fullName="Tridion.Controls.ListView.draw" staticName="ListView.draw" synopsis="draw(): Void" synopsisExtended="draw(): Void" type="Object">
                          <documentation rawString="&#xA; * Transforms the supplied list data and display the result.&#xA; ">
                            <summary>Transforms the supplied list data and display the result.</summary>
                          </documentation>
                        </method>
                        <method name="focus" url=".Anguilla.ListView.js.Tridion.Controls.ListView.focus.html" visibility="prototype" rawName="Tridion.Controls.ListView.prototype.focus" fullName="Tridion.Controls.ListView.focus" staticName="ListView.focus" synopsis="focus(): Void" synopsisExtended="focus(): Void" type="Object" />
                        <method name="getName" url=".Anguilla.ListView.js.Tridion.Controls.ListView.getName.html" visibility="prototype" rawName="Tridion.Controls.ListView.prototype.getName" fullName="Tridion.Controls.ListView.getName" staticName="ListView.getName" synopsis="getName(): Void" synopsisExtended="getName(): Void" type="Object" />
                        <method name="getSelection" url=".Anguilla.ListView.js.Tridion.Controls.ListView.getSelection.html" visibility="prototype" rawName="Tridion.Controls.ListView.prototype.getSelection" fullName="Tridion.Controls.ListView.getSelection" staticName="ListView.getSelection" synopsis="getSelection(): Tridion.Core.Selection" synopsisExtended="getSelection(): Tridion.Core.Selection" type="Object">
                          <documentation rawString="&#xA; * Used to retrieve the current selection&#xA; * @returns {Tridion.Core.Selection} The current selection.&#xA; ">
                            <summary>Used to retrieve the current selection</summary>
                          </documentation>
                          <returns type="Tridion.Core.Selection" description="The current selection." />
                        </method>
                        <method name="_getSelection" url=".Anguilla.ListView.js.Tridion.Controls.ListView._getSelection.html" visibility="prototype" rawName="Tridion.Controls.ListView.prototype._getSelection" fullName="Tridion.Controls.ListView._getSelection" staticName="ListView._getSelection" synopsis="_getSelection(selectedItems: Object): Void" synopsisExtended="_getSelection(selectedItems: Object): Void" type="Object">
                          <arguments value="selectedItems">
                            <argument name="selectedItems" type="Object" />
                          </arguments>
                        </method>
                        <method name="_getItemIdFromNodeId" url=".Anguilla.ListView.js.Tridion.Controls.ListView._getItemIdFromNodeId.html" visibility="prototype" rawName="Tridion.Controls.ListView.prototype._getItemIdFromNodeId" fullName="Tridion.Controls.ListView._getItemIdFromNodeId" staticName="ListView._getItemIdFromNodeId" synopsis="_getItemIdFromNodeId(nodeId: Object): Void" synopsisExtended="_getItemIdFromNodeId(nodeId: Object): Void" type="Object">
                          <arguments value="nodeId">
                            <argument name="nodeId" type="Object" />
                          </arguments>
                        </method>
                        <method name="getSelectedItemIndex" url=".Anguilla.ListView.js.Tridion.Controls.ListView.getSelectedItemIndex.html" visibility="prototype" rawName="Tridion.Controls.ListView.prototype.getSelectedItemIndex" fullName="Tridion.Controls.ListView.getSelectedItemIndex" staticName="ListView.getSelectedItemIndex" synopsis="getSelectedItemIndex(): Void" synopsisExtended="getSelectedItemIndex(): Void" type="Object">
                          <documentation rawString="&#xA; * Returns the ordinal index of the first selected item&#xA; ">
                            <summary>Returns the ordinal index of the first selected item</summary>
                          </documentation>
                        </method>
                        <method name="isItemSelected" url=".Anguilla.ListView.js.Tridion.Controls.ListView.isItemSelected.html" visibility="prototype" rawName="Tridion.Controls.ListView.prototype.isItemSelected" fullName="Tridion.Controls.ListView.isItemSelected" staticName="ListView.isItemSelected" synopsis="isItemSelected(itemID: Object): Void" synopsisExtended="isItemSelected(itemID: Object): Void" type="Object">
                          <arguments value="itemID">
                            <argument name="itemID" type="Object" />
                          </arguments>
                          <documentation rawString="&#xA; * Returns the ordinal index of the first selected item&#xA; ">
                            <summary>Returns the ordinal index of the first selected item</summary>
                          </documentation>
                        </method>
                        <method name="getCount" url=".Anguilla.ListView.js.Tridion.Controls.ListView.getCount.html" visibility="prototype" rawName="Tridion.Controls.ListView.prototype.getCount" fullName="Tridion.Controls.ListView.getCount" staticName="ListView.getCount" synopsis="getCount(): Void" synopsisExtended="getCount(): Void" type="Object" />
                        <method name="getItemIndex" url=".Anguilla.ListView.js.Tridion.Controls.ListView.getItemIndex.html" visibility="prototype" rawName="Tridion.Controls.ListView.prototype.getItemIndex" fullName="Tridion.Controls.ListView.getItemIndex" staticName="ListView.getItemIndex" synopsis="getItemIndex(itemID: Object): Void" synopsisExtended="getItemIndex(itemID: Object): Void" type="Object">
                          <arguments value="itemID">
                            <argument name="itemID" type="Object" />
                          </arguments>
                          <documentation rawString="&#xA;* Returns the ordinal index of the first selected item&#xA;">
                            <summary>Returns the ordinal index of the first selected item</summary>
                          </documentation>
                        </method>
                        <method name="getElement" url=".Anguilla.ListView.js.Tridion.Controls.ListView.getElement.html" visibility="prototype" rawName="Tridion.Controls.ListView.prototype.getElement" fullName="Tridion.Controls.ListView.getElement" staticName="ListView.getElement" synopsis="getElement(): Void" synopsisExtended="getElement(): Void" type="Object" />
                        <method name="getFocusedItem" url=".Anguilla.ListView.js.Tridion.Controls.ListView.getFocusedItem.html" visibility="prototype" rawName="Tridion.Controls.ListView.prototype.getFocusedItem" fullName="Tridion.Controls.ListView.getFocusedItem" staticName="ListView.getFocusedItem" synopsis="getFocusedItem(): Void" synopsisExtended="getFocusedItem(): Void" type="Object" />
                        <method name="getScrollLeft" url=".Anguilla.ListView.js.Tridion.Controls.ListView.getScrollLeft.html" visibility="prototype" rawName="Tridion.Controls.ListView.prototype.getScrollLeft" fullName="Tridion.Controls.ListView.getScrollLeft" staticName="ListView.getScrollLeft" synopsis="getScrollLeft(): Void" synopsisExtended="getScrollLeft(): Void" type="Object" />
                        <method name="deleteItem" url=".Anguilla.ListView.js.Tridion.Controls.ListView.deleteItem.html" visibility="prototype" rawName="Tridion.Controls.ListView.prototype.deleteItem" fullName="Tridion.Controls.ListView.deleteItem" staticName="ListView.deleteItem" synopsis="deleteItem(itemID: Object): Void" synopsisExtended="deleteItem(itemID: Object): Void" type="Object">
                          <arguments value="itemID">
                            <argument name="itemID" type="Object" />
                          </arguments>
                        </method>
                        <method name="initializeDimensions" url=".Anguilla.ListView.js.Tridion.Controls.ListView.initializeDimensions.html" visibility="prototype" rawName="Tridion.Controls.ListView.prototype.initializeDimensions" fullName="Tridion.Controls.ListView.initializeDimensions" staticName="ListView.initializeDimensions" synopsis="initializeDimensions(distributeWidths: Object): Void" synopsisExtended="initializeDimensions(distributeWidths: Object): Void" type="Object">
                          <arguments value="distributeWidths">
                            <argument name="distributeWidths" type="Object" />
                          </arguments>
                        </method>
                        <method name="isCreated" url=".Anguilla.ListView.js.Tridion.Controls.ListView.isCreated.html" visibility="prototype" rawName="Tridion.Controls.ListView.prototype.isCreated" fullName="Tridion.Controls.ListView.isCreated" staticName="ListView.isCreated" synopsis="isCreated(): Void" synopsisExtended="isCreated(): Void" type="Object" />
                        <method name="isDrawn" url=".Anguilla.ListView.js.Tridion.Controls.ListView.isDrawn.html" visibility="prototype" rawName="Tridion.Controls.ListView.prototype.isDrawn" fullName="Tridion.Controls.ListView.isDrawn" staticName="ListView.isDrawn" synopsis="isDrawn(): Void" synopsisExtended="isDrawn(): Void" type="Object" />
                        <method name="refresh" url=".Anguilla.ListView.js.Tridion.Controls.ListView.refresh.html" visibility="prototype" rawName="Tridion.Controls.ListView.prototype.refresh" fullName="Tridion.Controls.ListView.refresh" staticName="ListView.refresh" synopsis="refresh(removeSelection: Object): Void" synopsisExtended="refresh(removeSelection: Object): Void" type="Object">
                          <arguments value="removeSelection">
                            <argument name="removeSelection" type="Object" />
                          </arguments>
                        </method>
                        <method name="reset" url=".Anguilla.ListView.js.Tridion.Controls.ListView.reset.html" visibility="prototype" rawName="Tridion.Controls.ListView.prototype.reset" fullName="Tridion.Controls.ListView.reset" staticName="ListView.reset" synopsis="reset(): Void" synopsisExtended="reset(): Void" type="Object" />
                        <method name="setSelection" url=".Anguilla.ListView.js.Tridion.Controls.ListView.setSelection.html" visibility="prototype" rawName="Tridion.Controls.ListView.prototype.setSelection" fullName="Tridion.Controls.ListView.setSelection" staticName="ListView.setSelection" synopsis="setSelection(selection: Object, focusedItem: Object, noEventFiring: Object): Void" synopsisExtended="setSelection(selection: Object, focusedItem: Object, noEventFiring: Object): Void" type="Object">
                          <arguments value="selection, focusedItem, noEventFiring">
                            <argument name="selection" type="Object" />
                            <argument name="focusedItem" type="Object" />
                            <argument name="noEventFiring" type="Object" />
                          </arguments>
                        </method>
                        <method name="setActive" url=".Anguilla.ListView.js.Tridion.Controls.ListView.setActive.html" visibility="prototype" rawName="Tridion.Controls.ListView.prototype.setActive" fullName="Tridion.Controls.ListView.setActive" staticName="ListView.setActive" synopsis="setActive(value: Object): Void" synopsisExtended="setActive(value: Object): Void" type="Object">
                          <arguments value="value">
                            <argument name="value" type="Object" />
                          </arguments>
                        </method>
                        <method name="handleKeyDown" url=".Anguilla.ListView.js.Tridion.Controls.ListView.handleKeyDown.html" visibility="prototype" rawName="Tridion.Controls.ListView.prototype.handleKeyDown" fullName="Tridion.Controls.ListView.handleKeyDown" staticName="ListView.handleKeyDown" synopsis="handleKeyDown(key: Object, ctrlKey: Object, shiftKey: Object): Void" synopsisExtended="handleKeyDown(key: Object, ctrlKey: Object, shiftKey: Object): Void" type="Object">
                          <arguments value="key, ctrlKey, shiftKey">
                            <argument name="key" type="Object" />
                            <argument name="ctrlKey" type="Object" />
                            <argument name="shiftKey" type="Object" />
                          </arguments>
                        </method>
                        <method name="selectNext" url=".Anguilla.ListView.js.Tridion.Controls.ListView.selectNext.html" visibility="prototype" rawName="Tridion.Controls.ListView.prototype.selectNext" fullName="Tridion.Controls.ListView.selectNext" staticName="ListView.selectNext" synopsis="selectNext(): Void" synopsisExtended="selectNext(): Void" type="Object" />
                        <method name="selectPrevious" url=".Anguilla.ListView.js.Tridion.Controls.ListView.selectPrevious.html" visibility="prototype" rawName="Tridion.Controls.ListView.prototype.selectPrevious" fullName="Tridion.Controls.ListView.selectPrevious" staticName="ListView.selectPrevious" synopsis="selectPrevious(): Void" synopsisExtended="selectPrevious(): Void" type="Object" />
                        <method name="selectItem" url=".Anguilla.ListView.js.Tridion.Controls.ListView.selectItem.html" visibility="prototype" rawName="Tridion.Controls.ListView.prototype.selectItem" fullName="Tridion.Controls.ListView.selectItem" staticName="ListView.selectItem" synopsis="selectItem(value: Object, dontFireEvent: Object, dontScrollToItem: Object): Void" synopsisExtended="selectItem(value: Object, dontFireEvent: Object, dontScrollToItem: Object): Void" type="Object">
                          <arguments value="value, dontFireEvent, dontScrollToItem">
                            <argument name="value" type="Object" />
                            <argument name="dontFireEvent" type="Object" />
                            <argument name="dontScrollToItem" type="Object" />
                          </arguments>
                        </method>
                        <method name="selectNextItemWithText" url=".Anguilla.ListView.js.Tridion.Controls.ListView.selectNextItemWithText.html" visibility="prototype" rawName="Tridion.Controls.ListView.prototype.selectNextItemWithText" fullName="Tridion.Controls.ListView.selectNextItemWithText" staticName="ListView.selectNextItemWithText" synopsis="selectNextItemWithText(text: Object, dontFireEvent: Object, dontScrollToItem: Object): Void" synopsisExtended="selectNextItemWithText(text: Object, dontFireEvent: Object, dontScrollToItem: Object): Void" type="Object">
                          <arguments value="text, dontFireEvent, dontScrollToItem">
                            <argument name="text" type="Object" />
                            <argument name="dontFireEvent" type="Object" />
                            <argument name="dontScrollToItem" type="Object" />
                          </arguments>
                          <members>
                            <methods>
                              <method name="textStartsWith" url=".Anguilla.ListView.js.Tridion.Controls.ListView.selectNextItemWithText.textStartsWith.html" visibility="private" rawName="textStartsWith" fullName="textStartsWith" staticName="selectNextItemWithText.textStartsWith" synopsis="textStartsWith(txt: Object, comp: Object): Void" synopsisExtended="textStartsWith(txt: Object, comp: Object): Void" type="Object">
                                <arguments value="txt, comp">
                                  <argument name="txt" type="Object" />
                                  <argument name="comp" type="Object" />
                                </arguments>
                              </method>
                              <method name="selectionMatchesText" url=".Anguilla.ListView.js.Tridion.Controls.ListView.selectNextItemWithText.selectionMatchesText.html" visibility="private" rawName="selectionMatchesText" fullName="selectionMatchesText" staticName="selectNextItemWithText.selectionMatchesText" synopsis="selectionMatchesText(domItemId: Object, txt: Object): Void" synopsisExtended="selectionMatchesText(domItemId: Object, txt: Object): Void" type="Object">
                                <arguments value="domItemId, txt">
                                  <argument name="domItemId" type="Object" />
                                  <argument name="txt" type="Object" />
                                </arguments>
                              </method>
                            </methods>
                          </members>
                        </method>
                        <method name="isTextLookupEnabled" url=".Anguilla.ListView.js.Tridion.Controls.ListView.isTextLookupEnabled.html" visibility="prototype" rawName="Tridion.Controls.ListView.prototype.isTextLookupEnabled" fullName="Tridion.Controls.ListView.isTextLookupEnabled" staticName="ListView.isTextLookupEnabled" synopsis="isTextLookupEnabled(): Void" synopsisExtended="isTextLookupEnabled(): Void" type="Object" />
                        <method name="getItemsLookupTable" url=".Anguilla.ListView.js.Tridion.Controls.ListView.getItemsLookupTable.html" visibility="prototype" rawName="Tridion.Controls.ListView.prototype.getItemsLookupTable" fullName="Tridion.Controls.ListView.getItemsLookupTable" staticName="ListView.getItemsLookupTable" synopsis="getItemsLookupTable(): Void" synopsisExtended="getItemsLookupTable(): Void" type="Object" />
                        <method name="getListItemTextSelector" url=".Anguilla.ListView.js.Tridion.Controls.ListView.getListItemTextSelector.html" visibility="prototype" rawName="Tridion.Controls.ListView.prototype.getListItemTextSelector" fullName="Tridion.Controls.ListView.getListItemTextSelector" staticName="ListView.getListItemTextSelector" synopsis="getListItemTextSelector(): Void" synopsisExtended="getListItemTextSelector(): Void" type="Object" />
                        <method name="setItemIndeterminate" url=".Anguilla.ListView.js.Tridion.Controls.ListView.setItemIndeterminate.html" visibility="prototype" rawName="Tridion.Controls.ListView.prototype.setItemIndeterminate" fullName="Tridion.Controls.ListView.setItemIndeterminate" staticName="ListView.setItemIndeterminate" synopsis="setItemIndeterminate(itemID: Object, dontFireEvent: Object): Void" synopsisExtended="setItemIndeterminate(itemID: Object, dontFireEvent: Object): Void" type="Object">
                          <arguments value="itemID, dontFireEvent">
                            <argument name="itemID" type="Object" />
                            <argument name="dontFireEvent" type="Object" />
                          </arguments>
                        </method>
                        <method name="isItemIndeterminate" url=".Anguilla.ListView.js.Tridion.Controls.ListView.isItemIndeterminate.html" visibility="prototype" rawName="Tridion.Controls.ListView.prototype.isItemIndeterminate" fullName="Tridion.Controls.ListView.isItemIndeterminate" staticName="ListView.isItemIndeterminate" synopsis="isItemIndeterminate(itemID: Object): Void" synopsisExtended="isItemIndeterminate(itemID: Object): Void" type="Object">
                          <arguments value="itemID">
                            <argument name="itemID" type="Object" />
                          </arguments>
                        </method>
                        <method name="focusItem" url=".Anguilla.ListView.js.Tridion.Controls.ListView.focusItem.html" visibility="prototype" rawName="Tridion.Controls.ListView.prototype.focusItem" fullName="Tridion.Controls.ListView.focusItem" staticName="ListView.focusItem" synopsis="focusItem(value: Object): Void" synopsisExtended="focusItem(value: Object): Void" type="Object">
                          <arguments value="value">
                            <argument name="value" type="Object" />
                          </arguments>
                        </method>
                        <method name="unselectItem" url=".Anguilla.ListView.js.Tridion.Controls.ListView.unselectItem.html" visibility="prototype" rawName="Tridion.Controls.ListView.prototype.unselectItem" fullName="Tridion.Controls.ListView.unselectItem" staticName="ListView.unselectItem" synopsis="unselectItem(value: Object, dontFireEvent: Object, dontScrollToItem: Object): Void" synopsisExtended="unselectItem(value: Object, dontFireEvent: Object, dontScrollToItem: Object): Void" type="Object">
                          <arguments value="value, dontFireEvent, dontScrollToItem">
                            <argument name="value" type="Object" />
                            <argument name="dontFireEvent" type="Object" />
                            <argument name="dontScrollToItem" type="Object" />
                          </arguments>
                        </method>
                        <method name="swapItems" url=".Anguilla.ListView.js.Tridion.Controls.ListView.swapItems.html" visibility="prototype" rawName="Tridion.Controls.ListView.prototype.swapItems" fullName="Tridion.Controls.ListView.swapItems" staticName="ListView.swapItems" synopsis="swapItems(itemID1: Object, itemID2: Object): Void" synopsisExtended="swapItems(itemID1: Object, itemID2: Object): Void" type="Object">
                          <arguments value="itemID1, itemID2">
                            <argument name="itemID1" type="Object" />
                            <argument name="itemID2" type="Object" />
                          </arguments>
                        </method>
                        <method name="_focusItem" url=".Anguilla.ListView.js.Tridion.Controls.ListView._focusItem.html" visibility="prototype" rawName="Tridion.Controls.ListView.prototype._focusItem" fullName="Tridion.Controls.ListView._focusItem" staticName="ListView._focusItem" synopsis="_focusItem(item: Object): Void" synopsisExtended="_focusItem(item: Object): Void" type="Object">
                          <arguments value="item">
                            <argument name="item" type="Object" />
                          </arguments>
                        </method>
                        <method name="_getContent" url=".Anguilla.ListView.js.Tridion.Controls.ListView._getContent.html" visibility="prototype" rawName="Tridion.Controls.ListView.prototype._getContent" fullName="Tridion.Controls.ListView._getContent" staticName="ListView._getContent" synopsis="_getContent(): Void" synopsisExtended="_getContent(): Void" type="Object" />
                        <method name="_getDefinition" url=".Anguilla.ListView.js.Tridion.Controls.ListView._getDefinition.html" visibility="prototype" rawName="Tridion.Controls.ListView.prototype._getDefinition" fullName="Tridion.Controls.ListView._getDefinition" staticName="ListView._getDefinition" synopsis="_getDefinition(): Void" synopsisExtended="_getDefinition(): Void" type="Object" />
                        <method name="_getNodeByItemID" url=".Anguilla.ListView.js.Tridion.Controls.ListView._getNodeByItemID.html" visibility="prototype" rawName="Tridion.Controls.ListView.prototype._getNodeByItemID" fullName="Tridion.Controls.ListView._getNodeByItemID" staticName="ListView._getNodeByItemID" synopsis="_getNodeByItemID(itemID: Object): Void" synopsisExtended="_getNodeByItemID(itemID: Object): Void" type="Object">
                          <arguments value="itemID">
                            <argument name="itemID" type="Object" />
                          </arguments>
                        </method>
                        <method name="_getNodeByNodeID" url=".Anguilla.ListView.js.Tridion.Controls.ListView._getNodeByNodeID.html" visibility="prototype" rawName="Tridion.Controls.ListView.prototype._getNodeByNodeID" fullName="Tridion.Controls.ListView._getNodeByNodeID" staticName="ListView._getNodeByNodeID" synopsis="_getNodeByNodeID(nodeID: Object): Void" synopsisExtended="_getNodeByNodeID(nodeID: Object): Void" type="Object">
                          <arguments value="nodeID">
                            <argument name="nodeID" type="Object" />
                          </arguments>
                        </method>
                        <method name="_getItemID" url=".Anguilla.ListView.js.Tridion.Controls.ListView._getItemID.html" visibility="prototype" rawName="Tridion.Controls.ListView.prototype._getItemID" fullName="Tridion.Controls.ListView._getItemID" staticName="ListView._getItemID" synopsis="_getItemID(itemID: Object): Void" synopsisExtended="_getItemID(itemID: Object): Void" type="Object">
                          <arguments value="itemID">
                            <argument name="itemID" type="Object" />
                          </arguments>
                        </method>
                        <method name="_getItemCount" url=".Anguilla.ListView.js.Tridion.Controls.ListView._getItemCount.html" visibility="prototype" rawName="Tridion.Controls.ListView.prototype._getItemCount" fullName="Tridion.Controls.ListView._getItemCount" staticName="ListView._getItemCount" synopsis="_getItemCount(): Void" synopsisExtended="_getItemCount(): Void" type="Object" />
                        <method name="_getItemIndex" url=".Anguilla.ListView.js.Tridion.Controls.ListView._getItemIndex.html" visibility="prototype" rawName="Tridion.Controls.ListView.prototype._getItemIndex" fullName="Tridion.Controls.ListView._getItemIndex" staticName="ListView._getItemIndex" synopsis="_getItemIndex(item: HTMLElement): Number" synopsisExtended="_getItemIndex(item: HTMLElement): Number" type="Object">
                          <arguments value="item">
                            <argument name="item" type="HTMLElement" description="The item for which the index is to be obtained." />
                          </arguments>
                          <documentation rawString="&#xA; * Used to obtain the index of an item in the list.&#xA; * @param {HTMLElement} item The item for which the index is to be obtained.&#xA; * @return {Number} The index of the item or, if the element is not in the list, -1.&#xA; ">
                            <summary>Used to obtain the index of an item in the list.</summary>
                          </documentation>
                          <returns type="Number" description="The index of the item or, if the element is not in the list, -1." />
                        </method>
                        <method name="_getItemSelector" url=".Anguilla.ListView.js.Tridion.Controls.ListView._getItemSelector.html" visibility="prototype" rawName="Tridion.Controls.ListView.prototype._getItemSelector" fullName="Tridion.Controls.ListView._getItemSelector" staticName="ListView._getItemSelector" synopsis="_getItemSelector(includeNull: Object): Void" synopsisExtended="_getItemSelector(includeNull: Object): Void" type="Object">
                          <arguments value="includeNull">
                            <argument name="includeNull" type="Object" />
                          </arguments>
                        </method>
                        <method name="_getItemFromKeyEvent" url=".Anguilla.ListView.js.Tridion.Controls.ListView._getItemFromKeyEvent.html" visibility="prototype" rawName="Tridion.Controls.ListView.prototype._getItemFromKeyEvent" fullName="Tridion.Controls.ListView._getItemFromKeyEvent" staticName="ListView._getItemFromKeyEvent" synopsis="_getItemFromKeyEvent(currentItem: Object, key: Object): Void" synopsisExtended="_getItemFromKeyEvent(currentItem: Object, key: Object): Void" type="Object">
                          <arguments value="currentItem, key">
                            <argument name="currentItem" type="Object" />
                            <argument name="key" type="Object" />
                          </arguments>
                        </method>
                        <method name="_getViewportInfo" url=".Anguilla.ListView.js.Tridion.Controls.ListView._getViewportInfo.html" visibility="prototype" rawName="Tridion.Controls.ListView.prototype._getViewportInfo" fullName="Tridion.Controls.ListView._getViewportInfo" staticName="ListView._getViewportInfo" synopsis="_getViewportInfo(): Void" synopsisExtended="_getViewportInfo(): Void" type="Object" />
                        <method name="_getDocument" url=".Anguilla.ListView.js.Tridion.Controls.ListView._getDocument.html" visibility="prototype" rawName="Tridion.Controls.ListView.prototype._getDocument" fullName="Tridion.Controls.ListView._getDocument" staticName="ListView._getDocument" synopsis="_getDocument(): Void" synopsisExtended="_getDocument(): Void" type="Object" />
                        <method name="_getItems" url=".Anguilla.ListView.js.Tridion.Controls.ListView._getItems.html" visibility="prototype" rawName="Tridion.Controls.ListView.prototype._getItems" fullName="Tridion.Controls.ListView._getItems" staticName="ListView._getItems" synopsis="_getItems(): Void" synopsisExtended="_getItems(): Void" type="Object" />
                        <method name="_initializeBodyEvents" url=".Anguilla.ListView.js.Tridion.Controls.ListView._initializeBodyEvents.html" visibility="prototype" rawName="Tridion.Controls.ListView.prototype._initializeBodyEvents" fullName="Tridion.Controls.ListView._initializeBodyEvents" staticName="ListView._initializeBodyEvents" synopsis="_initializeBodyEvents(): Void" synopsisExtended="_initializeBodyEvents(): Void" type="Object" />
                        <method name="_removeBodyEvents" url=".Anguilla.ListView.js.Tridion.Controls.ListView._removeBodyEvents.html" visibility="prototype" rawName="Tridion.Controls.ListView.prototype._removeBodyEvents" fullName="Tridion.Controls.ListView._removeBodyEvents" staticName="ListView._removeBodyEvents" synopsis="_removeBodyEvents(): Void" synopsisExtended="_removeBodyEvents(): Void" type="Object" />
                        <method name="_visualizeItemSelection" url=".Anguilla.ListView.js.Tridion.Controls.ListView._visualizeItemSelection.html" visibility="prototype" rawName="Tridion.Controls.ListView.prototype._visualizeItemSelection" fullName="Tridion.Controls.ListView._visualizeItemSelection" staticName="ListView._visualizeItemSelection" synopsis="_visualizeItemSelection(item: Object, selected: Object): Void" synopsisExtended="_visualizeItemSelection(item: Object, selected: Object): Void" type="Object">
                          <arguments value="item, selected">
                            <argument name="item" type="Object" />
                            <argument name="selected" type="Object" />
                          </arguments>
                        </method>
                        <method name="_renderVisibleContents" url=".Anguilla.ListView.js.Tridion.Controls.ListView._renderVisibleContents.html" visibility="prototype" rawName="Tridion.Controls.ListView.prototype._renderVisibleContents" fullName="Tridion.Controls.ListView._renderVisibleContents" staticName="ListView._renderVisibleContents" synopsis="_renderVisibleContents(): Void" synopsisExtended="_renderVisibleContents(): Void" type="Object" />
                        <method name="_renderSelectedContents" url=".Anguilla.ListView.js.Tridion.Controls.ListView._renderSelectedContents.html" visibility="prototype" rawName="Tridion.Controls.ListView.prototype._renderSelectedContents" fullName="Tridion.Controls.ListView._renderSelectedContents" staticName="ListView._renderSelectedContents" synopsis="_renderSelectedContents(selectedItems: Object): Void" synopsisExtended="_renderSelectedContents(selectedItems: Object): Void" type="Object">
                          <arguments value="selectedItems">
                            <argument name="selectedItems" type="Object" />
                          </arguments>
                        </method>
                        <method name="_removeSelection" url=".Anguilla.ListView.js.Tridion.Controls.ListView._removeSelection.html" visibility="prototype" rawName="Tridion.Controls.ListView.prototype._removeSelection" fullName="Tridion.Controls.ListView._removeSelection" staticName="ListView._removeSelection" synopsis="_removeSelection(): Void" synopsisExtended="_removeSelection(): Void" type="Object" />
                        <method name="_restoreSelection" url=".Anguilla.ListView.js.Tridion.Controls.ListView._restoreSelection.html" visibility="prototype" rawName="Tridion.Controls.ListView.prototype._restoreSelection" fullName="Tridion.Controls.ListView._restoreSelection" staticName="ListView._restoreSelection" synopsis="_restoreSelection(): Void" synopsisExtended="_restoreSelection(): Void" type="Object" />
                        <method name="_toggleItemSelection" url=".Anguilla.ListView.js.Tridion.Controls.ListView._toggleItemSelection.html" visibility="prototype" rawName="Tridion.Controls.ListView.prototype._toggleItemSelection" fullName="Tridion.Controls.ListView._toggleItemSelection" staticName="ListView._toggleItemSelection" synopsis="_toggleItemSelection(item: Object): Void" synopsisExtended="_toggleItemSelection(item: Object): Void" type="Object">
                          <arguments value="item">
                            <argument name="item" type="Object" />
                          </arguments>
                        </method>
                        <method name="_selectionContains" url=".Anguilla.ListView.js.Tridion.Controls.ListView._selectionContains.html" visibility="prototype" rawName="Tridion.Controls.ListView.prototype._selectionContains" fullName="Tridion.Controls.ListView._selectionContains" staticName="ListView._selectionContains" synopsis="_selectionContains(itemID: Object): Void" synopsisExtended="_selectionContains(itemID: Object): Void" type="Object">
                          <arguments value="itemID">
                            <argument name="itemID" type="Object" />
                          </arguments>
                        </method>
                        <method name="_scrollItemIntoView" url=".Anguilla.ListView.js.Tridion.Controls.ListView._scrollItemIntoView.html" visibility="prototype" rawName="Tridion.Controls.ListView.prototype._scrollItemIntoView" fullName="Tridion.Controls.ListView._scrollItemIntoView" staticName="ListView._scrollItemIntoView" synopsis="_scrollItemIntoView(item: Object): Void" synopsisExtended="_scrollItemIntoView(item: Object): Void" type="Object">
                          <arguments value="item">
                            <argument name="item" type="Object" />
                          </arguments>
                        </method>
                        <method name="_selectNullItem" url=".Anguilla.ListView.js.Tridion.Controls.ListView._selectNullItem.html" visibility="prototype" rawName="Tridion.Controls.ListView.prototype._selectNullItem" fullName="Tridion.Controls.ListView._selectNullItem" staticName="ListView._selectNullItem" synopsis="_selectNullItem(): Void" synopsisExtended="_selectNullItem(): Void" type="Object" />
                        <method name="_selectEmptyItem" url=".Anguilla.ListView.js.Tridion.Controls.ListView._selectEmptyItem.html" visibility="prototype" rawName="Tridion.Controls.ListView.prototype._selectEmptyItem" fullName="Tridion.Controls.ListView._selectEmptyItem" staticName="ListView._selectEmptyItem" synopsis="_selectEmptyItem(): Void" synopsisExtended="_selectEmptyItem(): Void" type="Object" />
                        <method name="_setIsEmpty" url=".Anguilla.ListView.js.Tridion.Controls.ListView._setIsEmpty.html" visibility="prototype" rawName="Tridion.Controls.ListView.prototype._setIsEmpty" fullName="Tridion.Controls.ListView._setIsEmpty" staticName="ListView._setIsEmpty" synopsis="_setIsEmpty(isEmpty: Object): Void" synopsisExtended="_setIsEmpty(isEmpty: Object): Void" type="Object">
                          <arguments value="isEmpty">
                            <argument name="isEmpty" type="Object" />
                          </arguments>
                        </method>
                        <method name="getFocusedElement" url=".Anguilla.ListView.js.Tridion.Controls.ListView.getFocusedElement.html" visibility="prototype" rawName="Tridion.Controls.ListView.prototype.getFocusedElement" fullName="Tridion.Controls.ListView.getFocusedElement" staticName="ListView.getFocusedElement" synopsis="getFocusedElement(): Void" synopsisExtended="getFocusedElement(): Void" type="Object" />
                        <method name="_onBodyItemEvent" url=".Anguilla.ListView.js.Tridion.Controls.ListView._onBodyItemEvent.html" visibility="prototype" rawName="Tridion.Controls.ListView.prototype._onBodyItemEvent" fullName="Tridion.Controls.ListView._onBodyItemEvent" staticName="ListView._onBodyItemEvent" synopsis="_onBodyItemEvent(e: DOMEvent): Void" synopsisExtended="_onBodyItemEvent(e: DOMEvent): Void" type="Object">
                          <arguments value="e">
                            <argument name="e" type="DOMEvent" description="The original DOMEvent fired by the browser." />
                            <variable type="Object" range="1-n" description="The event(s) or the name(s) of the event(s) to fire." />
                          </arguments>
                          <documentation rawString="&#xA; * Fires the specified event only if the source element is a valid item element.&#xA; * @param {DOMEvent} e The original DOMEvent fired by the browser.&#xA; * @arguments {Object} 1-n The event(s) or the name(s) of the event(s) to fire.&#xA; ">
                            <summary>Fires the specified event only if the source element is a valid item element.</summary>
                          </documentation>
                        </method>
                        <method name="_onBodyDblClick" url=".Anguilla.ListView.js.Tridion.Controls.ListView._onBodyDblClick.html" visibility="prototype" rawName="Tridion.Controls.ListView.prototype._onBodyDblClick" fullName="Tridion.Controls.ListView._onBodyDblClick" staticName="ListView._onBodyDblClick" synopsis="_onBodyDblClick(e: Object): Void" synopsisExtended="_onBodyDblClick(e: Object): Void" type="Object">
                          <arguments value="e">
                            <argument name="e" type="Object" />
                          </arguments>
                        </method>
                        <method name="_onBodyMouseUp" url=".Anguilla.ListView.js.Tridion.Controls.ListView._onBodyMouseUp.html" visibility="prototype" rawName="Tridion.Controls.ListView.prototype._onBodyMouseUp" fullName="Tridion.Controls.ListView._onBodyMouseUp" staticName="ListView._onBodyMouseUp" synopsis="_onBodyMouseUp(e: Object): Void" synopsisExtended="_onBodyMouseUp(e: Object): Void" type="Object">
                          <arguments value="e">
                            <argument name="e" type="Object" />
                          </arguments>
                        </method>
                        <method name="_onBodyClick" url=".Anguilla.ListView.js.Tridion.Controls.ListView._onBodyClick.html" visibility="prototype" rawName="Tridion.Controls.ListView.prototype._onBodyClick" fullName="Tridion.Controls.ListView._onBodyClick" staticName="ListView._onBodyClick" synopsis="_onBodyClick(e: Object): Void" synopsisExtended="_onBodyClick(e: Object): Void" type="Object">
                          <arguments value="e">
                            <argument name="e" type="Object" />
                          </arguments>
                        </method>
                        <method name="_handleDocumentFocusIn" url=".Anguilla.ListView.js.Tridion.Controls.ListView._handleDocumentFocusIn.html" visibility="prototype" rawName="Tridion.Controls.ListView.prototype._handleDocumentFocusIn" fullName="Tridion.Controls.ListView._handleDocumentFocusIn" staticName="ListView._handleDocumentFocusIn" synopsis="_handleDocumentFocusIn(event: Object): Void" synopsisExtended="_handleDocumentFocusIn(event: Object): Void" type="Object">
                          <arguments value="event">
                            <argument name="event" type="Object" />
                          </arguments>
                        </method>
                        <method name="_handleDocumentFocusOut" url=".Anguilla.ListView.js.Tridion.Controls.ListView._handleDocumentFocusOut.html" visibility="prototype" rawName="Tridion.Controls.ListView.prototype._handleDocumentFocusOut" fullName="Tridion.Controls.ListView._handleDocumentFocusOut" staticName="ListView._handleDocumentFocusOut" synopsis="_handleDocumentFocusOut(event: Object): Void" synopsisExtended="_handleDocumentFocusOut(event: Object): Void" type="Object">
                          <arguments value="event">
                            <argument name="event" type="Object" />
                          </arguments>
                        </method>
                        <method name="_onBodyMouseDown" url=".Anguilla.ListView.js.Tridion.Controls.ListView._onBodyMouseDown.html" visibility="prototype" rawName="Tridion.Controls.ListView.prototype._onBodyMouseDown" fullName="Tridion.Controls.ListView._onBodyMouseDown" staticName="ListView._onBodyMouseDown" synopsis="_onBodyMouseDown(e: Object): Void" synopsisExtended="_onBodyMouseDown(e: Object): Void" type="Object">
                          <arguments value="e">
                            <argument name="e" type="Object" />
                          </arguments>
                        </method>
                        <method name="_selectItemsBehaviourOnClick" url=".Anguilla.ListView.js.Tridion.Controls.ListView._selectItemsBehaviourOnClick.html" visibility="prototype" rawName="Tridion.Controls.ListView.prototype._selectItemsBehaviourOnClick" fullName="Tridion.Controls.ListView._selectItemsBehaviourOnClick" staticName="ListView._selectItemsBehaviourOnClick" synopsis="_selectItemsBehaviourOnClick(e: Object): Void" synopsisExtended="_selectItemsBehaviourOnClick(e: Object): Void" type="Object">
                          <arguments value="e">
                            <argument name="e" type="Object" />
                          </arguments>
                        </method>
                        <method name="_fireBodyMouseDown" url=".Anguilla.ListView.js.Tridion.Controls.ListView._fireBodyMouseDown.html" visibility="prototype" rawName="Tridion.Controls.ListView.prototype._fireBodyMouseDown" fullName="Tridion.Controls.ListView._fireBodyMouseDown" staticName="ListView._fireBodyMouseDown" synopsis="_fireBodyMouseDown(e: Object): Void" synopsisExtended="_fireBodyMouseDown(e: Object): Void" type="Object">
                          <arguments value="e">
                            <argument name="e" type="Object" />
                          </arguments>
                        </method>
                        <method name="_onBodyScroll" url=".Anguilla.ListView.js.Tridion.Controls.ListView._onBodyScroll.html" visibility="prototype" rawName="Tridion.Controls.ListView.prototype._onBodyScroll" fullName="Tridion.Controls.ListView._onBodyScroll" staticName="ListView._onBodyScroll" synopsis="_onBodyScroll(e: Object): Void" synopsisExtended="_onBodyScroll(e: Object): Void" type="Object">
                          <arguments value="e">
                            <argument name="e" type="Object" />
                          </arguments>
                        </method>
                        <method name="_scrollHead" url=".Anguilla.ListView.js.Tridion.Controls.ListView._scrollHead.html" visibility="prototype" rawName="Tridion.Controls.ListView.prototype._scrollHead" fullName="Tridion.Controls.ListView._scrollHead" staticName="ListView._scrollHead" synopsis="_scrollHead(): Void" synopsisExtended="_scrollHead(): Void" type="Object" />
                        <method name="_onBodyKeyDown" url=".Anguilla.ListView.js.Tridion.Controls.ListView._onBodyKeyDown.html" visibility="prototype" rawName="Tridion.Controls.ListView.prototype._onBodyKeyDown" fullName="Tridion.Controls.ListView._onBodyKeyDown" staticName="ListView._onBodyKeyDown" synopsis="_onBodyKeyDown(e: Object): Void" synopsisExtended="_onBodyKeyDown(e: Object): Void" type="Object">
                          <arguments value="e">
                            <argument name="e" type="Object" />
                          </arguments>
                        </method>
                        <method name="_onBodyContextMenu" url=".Anguilla.ListView.js.Tridion.Controls.ListView._onBodyContextMenu.html" visibility="prototype" rawName="Tridion.Controls.ListView.prototype._onBodyContextMenu" fullName="Tridion.Controls.ListView._onBodyContextMenu" staticName="ListView._onBodyContextMenu" synopsis="_onBodyContextMenu(e: Object): Void" synopsisExtended="_onBodyContextMenu(e: Object): Void" type="Object">
                          <arguments value="e">
                            <argument name="e" type="Object" />
                          </arguments>
                        </method>
                        <method name="_onWindowResize" url=".Anguilla.ListView.js.Tridion.Controls.ListView._onWindowResize.html" visibility="prototype" rawName="Tridion.Controls.ListView.prototype._onWindowResize" fullName="Tridion.Controls.ListView._onWindowResize" staticName="ListView._onWindowResize" synopsis="_onWindowResize(e: Object): Void" synopsisExtended="_onWindowResize(e: Object): Void" type="Object">
                          <arguments value="e">
                            <argument name="e" type="Object" />
                          </arguments>
                        </method>
                        <method name="_onDisplayResize" url=".Anguilla.ListView.js.Tridion.Controls.ListView._onDisplayResize.html" visibility="prototype" rawName="Tridion.Controls.ListView.prototype._onDisplayResize" fullName="Tridion.Controls.ListView._onDisplayResize" staticName="ListView._onDisplayResize" synopsis="_onDisplayResize(e: Object): Void" synopsisExtended="_onDisplayResize(e: Object): Void" type="Object">
                          <arguments value="e">
                            <argument name="e" type="Object" />
                          </arguments>
                        </method>
                        <method name="_checkList" url=".Anguilla.ListView.js.Tridion.Controls.ListView._checkList.html" visibility="prototype" rawName="Tridion.Controls.ListView.prototype._checkList" fullName="Tridion.Controls.ListView._checkList" staticName="ListView._checkList" synopsis="_checkList(list: Object): Void" synopsisExtended="_checkList(list: Object): Void" type="Object">
                          <arguments value="list">
                            <argument name="list" type="Object" />
                          </arguments>
                        </method>
                        <method name="_isListDropdown" url=".Anguilla.ListView.js.Tridion.Controls.ListView._isListDropdown.html" visibility="prototype" rawName="Tridion.Controls.ListView.prototype._isListDropdown" fullName="Tridion.Controls.ListView._isListDropdown" staticName="ListView._isListDropdown" synopsis="_isListDropdown(): Void" synopsisExtended="_isListDropdown(): Void" type="Object" />
                        <method name="_handleKeyDown" url=".Anguilla.ListView.js.Tridion.Controls.ListView._handleKeyDown.html" visibility="prototype" rawName="Tridion.Controls.ListView.prototype._handleKeyDown" fullName="Tridion.Controls.ListView._handleKeyDown" staticName="ListView._handleKeyDown" synopsis="_handleKeyDown(key: Object, ctrlKey: Object, shiftKey: Object): Void" synopsisExtended="_handleKeyDown(key: Object, ctrlKey: Object, shiftKey: Object): Void" type="Object">
                          <arguments value="key, ctrlKey, shiftKey">
                            <argument name="key" type="Object" />
                            <argument name="ctrlKey" type="Object" />
                            <argument name="shiftKey" type="Object" />
                          </arguments>
                          <members>
                            <methods>
                              <method name="updateSelection" url=".Anguilla.ListView.js.Tridion.Controls.ListView._handleKeyDown.updateSelection.html" visibility="private" rawName="updateSelection" fullName="updateSelection" staticName="_handleKeyDown.updateSelection" synopsis="updateSelection(): Void" synopsisExtended="updateSelection(): Void" type="Object" />
                            </methods>
                          </members>
                        </method>
                        <method name="_showFocusVisualization" url=".Anguilla.ListView.js.Tridion.Controls.ListView._showFocusVisualization.html" visibility="prototype" rawName="Tridion.Controls.ListView.prototype._showFocusVisualization" fullName="Tridion.Controls.ListView._showFocusVisualization" staticName="ListView._showFocusVisualization" synopsis="_showFocusVisualization(element: Object): Void" synopsisExtended="_showFocusVisualization(element: Object): Void" type="Object">
                          <arguments value="element">
                            <argument name="element" type="Object" />
                          </arguments>
                        </method>
                        <method name="_hideFocusVisualization" url=".Anguilla.ListView.js.Tridion.Controls.ListView._hideFocusVisualization.html" visibility="prototype" rawName="Tridion.Controls.ListView.prototype._hideFocusVisualization" fullName="Tridion.Controls.ListView._hideFocusVisualization" staticName="ListView._hideFocusVisualization" synopsis="_hideFocusVisualization(element: Object): Void" synopsisExtended="_hideFocusVisualization(element: Object): Void" type="Object">
                          <arguments value="element">
                            <argument name="element" type="Object" />
                          </arguments>
                        </method>
                        <method name="_paintListFocus" url=".Anguilla.ListView.js.Tridion.Controls.ListView._paintListFocus.html" visibility="prototype" rawName="Tridion.Controls.ListView.prototype._paintListFocus" fullName="Tridion.Controls.ListView._paintListFocus" staticName="ListView._paintListFocus" synopsis="_paintListFocus(): Void" synopsisExtended="_paintListFocus(): Void" type="Object" />
                        <method name="_disposeLookupTable" url=".Anguilla.ListView.js.Tridion.Controls.ListView._disposeLookupTable.html" visibility="prototype" rawName="Tridion.Controls.ListView.prototype._disposeLookupTable" fullName="Tridion.Controls.ListView._disposeLookupTable" staticName="ListView._disposeLookupTable" synopsis="_disposeLookupTable(): Void" synopsisExtended="_disposeLookupTable(): Void" type="Object" />
                        <method name="clearSelection" url=".Anguilla.ListView.js.Tridion.Controls.ListView.clearSelection.html" visibility="private" rawName="Tridion.Controls.ListView.prototype.clearSelection" fullName="Tridion.Controls.ListView.clearSelection" staticName="ListView.clearSelection" synopsis="clearSelection(fireSelectionEvent: Object): Void" synopsisExtended="clearSelection(fireSelectionEvent: Object): Void" type="Object">
                          <arguments value="fireSelectionEvent">
                            <argument name="fireSelectionEvent" type="Object" />
                          </arguments>
                          <documentation rawString="&#xA; * Clears the current selection and updates the styling&#xA; * @private&#xA; ">
                            <summary>Clears the current selection and updates the styling</summary>
                          </documentation>
                        </method>
                        <method name="_expandSelectionTo" url=".Anguilla.ListView.js.Tridion.Controls.ListView._expandSelectionTo.html" visibility="private" rawName="Tridion.Controls.ListView.prototype._expandSelectionTo" fullName="Tridion.Controls.ListView._expandSelectionTo" staticName="ListView._expandSelectionTo" synopsis="_expandSelectionTo(item: Object): Void" synopsisExtended="_expandSelectionTo(item: Object): Void" type="Object">
                          <arguments value="item">
                            <argument name="item" type="Object" />
                          </arguments>
                          <documentation rawString="&#xA; * Selects a contiguous block of items between the last selected item and the item passed as an argument&#xA; * @private&#xA; ">
                            <summary>Selects a contiguous block of items between the last selected item and the item passed as an argument</summary>
                          </documentation>
                        </method>
                        <method name="_removeFromSelection" url=".Anguilla.ListView.js.Tridion.Controls.ListView._removeFromSelection.html" visibility="private" rawName="Tridion.Controls.ListView.prototype._removeFromSelection" fullName="Tridion.Controls.ListView._removeFromSelection" staticName="ListView._removeFromSelection" synopsis="_removeFromSelection(item: Object, noEventFiring: Object): Void" synopsisExtended="_removeFromSelection(item: Object, noEventFiring: Object): Void" type="Object">
                          <arguments value="item, noEventFiring">
                            <argument name="item" type="Object" />
                            <argument name="noEventFiring" type="Object" />
                          </arguments>
                          <documentation rawString="&#xA; * Removes the specified item from the selection&#xA; * @private&#xA; ">
                            <summary>Removes the specified item from the selection</summary>
                          </documentation>
                        </method>
                        <method name="_selectItem" url=".Anguilla.ListView.js.Tridion.Controls.ListView._selectItem.html" visibility="private" rawName="Tridion.Controls.ListView.prototype._selectItem" fullName="Tridion.Controls.ListView._selectItem" staticName="ListView._selectItem" synopsis="_selectItem(item: Object, noEventFiring: Object): Void" synopsisExtended="_selectItem(item: Object, noEventFiring: Object): Void" type="Object">
                          <arguments value="item, noEventFiring">
                            <argument name="item" type="Object" />
                            <argument name="noEventFiring" type="Object" />
                          </arguments>
                          <documentation rawString="&#xA; * Adds the specified item to the selection if not already selected&#xA; * @private&#xA; ">
                            <summary>Adds the specified item to the selection if not already selected</summary>
                          </documentation>
                        </method>
                      </methods>
                    </members>
                  </class>
                </classes>
              </members>
            </property>
          </properties>
        </members>
      </property>
    </properties>
  </members>
</document>