<class name="ListR6.js" url="ListR6.js.html" visibility="default" rawName="ListR6.js" fullName="ListR6.js" staticName="Anguilla.ListR6.js">
  <documentation rawString="&#xA; * Represents a ListR6 object.&#xA; * @namespace {Tridion.ContentManager}&#xA; * @constructor&#xA; * @param {String} parentId The parent item's Id.&#xA; * @param {Tridion.ContentManager.ListFilter} filter The List filter.&#xA; * @event loading Fires when List started to load.&#xA; * @event load Fires when List loaded.&#xA; * @event loadfailed Fires when List load failed.&#xA; * @event unload Fires when List unloading.&#xA; ">
    <summary>Represents a ListR6 object.</summary>
  </documentation>
  <members>
    <properties>
      <property name="Tridion" url=".Anguilla.ListR6.js.Tridion.html" visibility="public" rawName="Tridion" fullName="Tridion" staticName="ListR6.js.Tridion" synopsis="ListR6.js.Tridion: Object;" synopsisExtended="ListR6.js.Tridion: &lt;a href=&quot;&quot;&gt;Object&lt;/a&gt;;" type="Object" virtual="true">
        <members>
          <properties>
            <property name="ContentManager" url=".Anguilla.ListR6.js.Tridion.ContentManager.html" visibility="static" rawName="Tridion.ContentManager" fullName="Tridion.ContentManager" staticName="Tridion.ContentManager" synopsis="Tridion.ContentManager: Object;" synopsisExtended="Tridion.ContentManager: &lt;a href=&quot;&quot;&gt;Object&lt;/a&gt;;" type="Object" virtual="true">
              <members>
                <classes>
                  <class name="ListR6" url=".Anguilla.ListR6.js.Tridion.ContentManager.ListR6.html" visibility="static" rawName="Tridion.ContentManager.ListR6" fullName="Tridion.ContentManager.ListR6" staticName="ContentManager.ListR6" synopsis="var x: ListR6 = new ListR6(parentId: String, filter: Tridion.ContentManager.ListFilter);" synopsisExtended="var x: &lt;a href=&quot;.Anguilla.ListR6.js.Tridion.ContentManager.ListR6.html&quot;&gt;ListR6&lt;/a&gt; = new ListR6(parentId: String, filter: Tridion.ContentManager.ListFilter);" type="Object">
                    <arguments value="parentId, filter">
                      <argument name="parentId" type="String" description="The parent item's Id." />
                      <argument name="filter" type="Tridion.ContentManager.ListFilter" description="The List filter." />
                    </arguments>
                    <extends />
                    <documentation rawString="&#xA; * Represents a ListR6 object.&#xA; * @namespace {Tridion.ContentManager}&#xA; * @constructor&#xA; * @param {String} parentId The parent item's Id.&#xA; * @param {Tridion.ContentManager.ListFilter} filter The List filter.&#xA; * @event loading Fires when List started to load.&#xA; * @event load Fires when List loaded.&#xA; * @event loadfailed Fires when List load failed.&#xA; * @event unload Fires when List unloading.&#xA; ">
                      <summary>Represents a ListR6 object.</summary>
                    </documentation>
                    <members>
                      <methods>
                        <method name="setId" url=".Anguilla.ListR6.js.Tridion.ContentManager.ListR6.setId.html" visibility="prototype" rawName="Tridion.ContentManager.ListR6.prototype.setId" fullName="Tridion.ContentManager.ListR6.setId" staticName="ListR6.setId" synopsis="setId(value: String): Void" synopsisExtended="setId(value: String): Void" type="Object">
                          <arguments value="value">
                            <argument name="value" type="String" description="The Id value." />
                          </arguments>
                          <documentation rawString="&#xA; * Sets the Id of this List.&#xA; * @param {String} value The Id value.&#xA; ">
                            <summary>Sets the Id of this List.</summary>
                          </documentation>
                        </method>
                        <method name="getId" url=".Anguilla.ListR6.js.Tridion.ContentManager.ListR6.getId.html" visibility="prototype" rawName="Tridion.ContentManager.ListR6.prototype.getId" fullName="Tridion.ContentManager.ListR6.getId" staticName="ListR6.getId" synopsis="getId(): String" synopsisExtended="getId(): String" type="Object">
                          <documentation rawString="&#xA; * Returns the Id of this List.&#xA; * @return {String} The Id of this List.&#xA; ">
                            <summary>Returns the Id of this List.</summary>
                          </documentation>
                          <returns type="String" description="The Id of this List." />
                        </method>
                        <method name="getParentId" url=".Anguilla.ListR6.js.Tridion.ContentManager.ListR6.getParentId.html" visibility="prototype" rawName="Tridion.ContentManager.ListR6.prototype.getParentId" fullName="Tridion.ContentManager.ListR6.getParentId" staticName="ListR6.getParentId" synopsis="getParentId(): String" synopsisExtended="getParentId(): String" type="Object">
                          <documentation rawString="&#xA; * Returns the Id of parent Item.&#xA; * @return {String} The Id of parent Item.&#xA; ">
                            <summary>Returns the Id of parent Item.</summary>
                          </documentation>
                          <returns type="String" description="The Id of parent Item." />
                        </method>
                        <method name="getParent" url=".Anguilla.ListR6.js.Tridion.ContentManager.ListR6.getParent.html" visibility="prototype" rawName="Tridion.ContentManager.ListR6.prototype.getParent" fullName="Tridion.ContentManager.ListR6.getParent" staticName="ListR6.getParent" synopsis="getParent(): Tridion.ContentManager.Item" synopsisExtended="getParent(): Tridion.ContentManager.Item" type="Object">
                          <documentation rawString="&#xA; * Returns parent Item.&#xA; * @return {Tridion.ContentManager.Item} The parent Item.&#xA; ">
                            <summary>Returns parent Item.</summary>
                          </documentation>
                          <returns type="Tridion.ContentManager.Item" description="The parent Item." />
                        </method>
                        <method name="getCount" url=".Anguilla.ListR6.js.Tridion.ContentManager.ListR6.getCount.html" visibility="prototype" rawName="Tridion.ContentManager.ListR6.prototype.getCount" fullName="Tridion.ContentManager.ListR6.getCount" staticName="ListR6.getCount" synopsis="getCount(): Number" synopsisExtended="getCount(): Number" type="Object">
                          <documentation rawString="&#xA; * Return the amount of items that are in this list. If the xml document of&#xA; * this list is not loaded yet, it will return undefined.&#xA; * @return {Number} The amount of items in the list.&#xA; ">
                            <summary>Return the amount of items that are in this list. If the xml document of</summary>
                            <description>this list is not loaded yet, it will return undefined.</description>
                          </documentation>
                          <returns type="Number" description="The amount of items in the list." />
                        </method>
                        <method name="getManagedActions" url=".Anguilla.ListR6.js.Tridion.ContentManager.ListR6.getManagedActions.html" visibility="prototype" rawName="Tridion.ContentManager.ListR6.prototype.getManagedActions" fullName="Tridion.ContentManager.ListR6.getManagedActions" staticName="ListR6.getManagedActions" synopsis="getManagedActions(): String" synopsisExtended="getManagedActions(): String" type="Object">
                          <documentation rawString="&#xA; * Returns managed actions flag for this List.&#xA; * @return {String} Managed actions.&#xA; ">
                            <summary>Returns managed actions flag for this List.</summary>
                          </documentation>
                          <returns type="String" description="Managed actions." />
                        </method>
                        <method name="invalidateLocalState" url=".Anguilla.ListR6.js.Tridion.ContentManager.ListR6.invalidateLocalState.html" visibility="prototype" rawName="Tridion.ContentManager.ListR6.prototype.invalidateLocalState" fullName="Tridion.ContentManager.ListR6.invalidateLocalState" staticName="ListR6.invalidateLocalState" synopsis="invalidateLocalState(): Void" synopsisExtended="invalidateLocalState(): Void" type="Object">
                          <documentation rawString="&#xA; * Invalidates the cached properties when the latest version gets loaded from the server.&#xA; ">
                            <summary>Invalidates the cached properties when the latest version gets loaded from the server.</summary>
                          </documentation>
                        </method>
                        <method name="getCombinedItemsInfo" url=".Anguilla.ListR6.js.Tridion.ContentManager.ListR6.getCombinedItemsInfo.html" visibility="prototype" rawName="Tridion.ContentManager.ListR6.prototype.getCombinedItemsInfo" fullName="Tridion.ContentManager.ListR6.getCombinedItemsInfo" staticName="ListR6.getCombinedItemsInfo" synopsis="getCombinedItemsInfo(items: Object, combinedBitsAttributeNames: Object): Tridion.ContentManager.CombinedItemsInfo" synopsisExtended="getCombinedItemsInfo(items: Object, combinedBitsAttributeNames: Object): Tridion.ContentManager.CombinedItemsInfo" type="Object">
                          <arguments value="items, combinedBitsAttributeNames">
                            <argument name="items" type="Object" />
                            <argument name="combinedBitsAttributeNames" type="Object" />
                          </arguments>
                          <documentation rawString="&#xA; * Returns the combined items info for this List.&#xA; * @param {Array} items&#xA; * @param {String} combinedBitsAttributeNames&#xA; * @return {Tridion.ContentManager.CombinedItemsInfo} The combined items info.&#xA; ">
                            <summary>Returns the combined items info for this List.</summary>
                          </documentation>
                          <returns type="Tridion.ContentManager.CombinedItemsInfo" description="The combined items info." />
                        </method>
                        <method name="isLoading" url=".Anguilla.ListR6.js.Tridion.ContentManager.ListR6.isLoading.html" visibility="prototype" rawName="Tridion.ContentManager.ListR6.prototype.isLoading" fullName="Tridion.ContentManager.ListR6.isLoading" staticName="ListR6.isLoading" synopsis="isLoading(): Boolean" synopsisExtended="isLoading(): Boolean" type="Object">
                          <documentation rawString="&#xA; * Indicates whether the list's xml is loading or not.&#xA; * @return {Boolean} &lt;c&gt;true&lt;/c&gt; if the list's xml is loading, &lt;c&gt;false&lt;/c&gt; otherwise.&#xA; ">
                            <summary>Indicates whether the list's xml is loading or not.</summary>
                          </documentation>
                          <returns type="Boolean" description="&lt;c&gt;true&lt;/c&gt; if the list's xml is loading, &lt;c&gt;false&lt;/c&gt; otherwise." />
                        </method>
                        <method name="isLoaded" url=".Anguilla.ListR6.js.Tridion.ContentManager.ListR6.isLoaded.html" visibility="prototype" rawName="Tridion.ContentManager.ListR6.prototype.isLoaded" fullName="Tridion.ContentManager.ListR6.isLoaded" staticName="ListR6.isLoaded" synopsis="isLoaded(checkCacheValidity: Boolean): Boolean" synopsisExtended="isLoaded(checkCacheValidity: Boolean): Boolean" type="Object">
                          <arguments value="checkCacheValidity">
                            <argument name="checkCacheValidity" type="Boolean" description="Specifies should item's cache be checked for validity. Optional." />
                          </arguments>
                          <documentation rawString="&#xA; * Indicates whether the list's xml has been loaded.&#xA; * @param {Boolean} checkCacheValidity Specifies should item's cache be checked for validity. Optional.&#xA; * @return {Boolean} &lt;c&gt;true&lt;/c&gt; if the list's xml has been loaded, &lt;c&gt;false&lt;/c&gt; otherwise.&#xA; ">
                            <summary>Indicates whether the list's xml has been loaded.</summary>
                          </documentation>
                          <returns type="Boolean" description="&lt;c&gt;true&lt;/c&gt; if the list's xml has been loaded, &lt;c&gt;false&lt;/c&gt; otherwise." />
                        </method>
                        <method name="getFilter" url=".Anguilla.ListR6.js.Tridion.ContentManager.ListR6.getFilter.html" visibility="prototype" rawName="Tridion.ContentManager.ListR6.prototype.getFilter" fullName="Tridion.ContentManager.ListR6.getFilter" staticName="ListR6.getFilter" synopsis="getFilter(): Tridion.ContentManager.ListFilter" synopsisExtended="getFilter(): Tridion.ContentManager.ListFilter" type="Object">
                          <documentation rawString="&#xA; * Returns list filter object.&#xA; * @return {Tridion.ContentManager.ListFilter} The list filter object.&#xA; ">
                            <summary>Returns list filter object.</summary>
                          </documentation>
                          <returns type="Tridion.ContentManager.ListFilter" description="The list filter object." />
                        </method>
                        <method name="getXml" url=".Anguilla.ListR6.js.Tridion.ContentManager.ListR6.getXml.html" visibility="prototype" rawName="Tridion.ContentManager.ListR6.prototype.getXml" fullName="Tridion.ContentManager.ListR6.getXml" staticName="ListR6.getXml" synopsis="getXml(onlyValidCache: Boolean): String" synopsisExtended="getXml(onlyValidCache: Boolean): String" type="Object">
                          <arguments value="onlyValidCache">
                            <argument name="onlyValidCache" type="Boolean" description="Specifies should item's cache be checked for validity. Optional." />
                          </arguments>
                          <documentation rawString="&#xA; * Returns the xml string of the list.&#xA; * @param {Boolean} onlyValidCache Specifies should item's cache be checked for validity. Optional.&#xA; * @return {String} The xml of the list.&#xA; ">
                            <summary>Returns the xml string of the list.</summary>
                          </documentation>
                          <returns type="String" description="The xml of the list." />
                        </method>
                        <method name="setXml" url=".Anguilla.ListR6.js.Tridion.ContentManager.ListR6.setXml.html" visibility="prototype" rawName="Tridion.ContentManager.ListR6.prototype.setXml" fullName="Tridion.ContentManager.ListR6.setXml" staticName="ListR6.setXml" synopsis="setXml(value: String): Void" synopsisExtended="setXml(value: String): Void" type="Object">
                          <arguments value="value">
                            <argument name="value" type="String" description="The new xml for the list." />
                          </arguments>
                          <documentation rawString="&#xA; * Sets new xml string for the list.&#xA; * @param {String} value The new xml for the list.&#xA; ">
                            <summary>Sets new xml string for the list.</summary>
                          </documentation>
                        </method>
                        <method name="getXmlDocument" url=".Anguilla.ListR6.js.Tridion.ContentManager.ListR6.getXmlDocument.html" visibility="prototype" rawName="Tridion.ContentManager.ListR6.prototype.getXmlDocument" fullName="Tridion.ContentManager.ListR6.getXmlDocument" staticName="ListR6.getXmlDocument" synopsis="getXmlDocument(onlyValidCache: Boolean): Object" synopsisExtended="getXmlDocument(onlyValidCache: Boolean): Object" type="Object">
                          <arguments value="onlyValidCache">
                            <argument name="onlyValidCache" type="Boolean" description="Specifies should item's cache be checked for validity. Optional." />
                          </arguments>
                          <documentation rawString="&#xA; * Returns list xml as an Xml document.&#xA; * @param {Boolean} onlyValidCache Specifies should item's cache be checked for validity. Optional.&#xA; * @return {Object} The list xml as an Xml document.&#xA; ">
                            <summary>Returns list xml as an Xml document.</summary>
                          </documentation>
                          <returns type="Object" description="The list xml as an Xml document." />
                        </method>
                        <method name="load" url=".Anguilla.ListR6.js.Tridion.ContentManager.ListR6.load.html" visibility="prototype" rawName="Tridion.ContentManager.ListR6.prototype.load" fullName="Tridion.ContentManager.ListR6.load" staticName="ListR6.load" synopsis="load(reload: Boolean): Void" synopsisExtended="load(reload: Boolean): Void" type="Object">
                          <arguments value="reload">
                            <argument name="reload" type="Boolean" description="&lt;c&gt;true&lt;/c&gt; if whether to force reload; &lt;c&gt;false&lt;/c&gt; otherwise." />
                          </arguments>
                          <documentation rawString="&#xA; * Loads list xml from TCM.&#xA; * @param {Boolean} reload &lt;c&gt;true&lt;/c&gt; if whether to force reload; &lt;c&gt;false&lt;/c&gt; otherwise.&#xA; ">
                            <summary>Loads list xml from TCM.</summary>
                          </documentation>
                        </method>
                        <method name="unload" url=".Anguilla.ListR6.js.Tridion.ContentManager.ListR6.unload.html" visibility="prototype" rawName="Tridion.ContentManager.ListR6.prototype.unload" fullName="Tridion.ContentManager.ListR6.unload" staticName="ListR6.unload" synopsis="unload(): Void" synopsisExtended="unload(): Void" type="Object">
                          <documentation rawString="&#xA; * Unloads the list. Fires &quot;unload&quot; event.&#xA; ">
                            <summary>Unloads the list. Fires "unload" event.</summary>
                          </documentation>
                        </method>
                        <method name="executeLoadList" url=".Anguilla.ListR6.js.Tridion.ContentManager.ListR6.executeLoadList.html" visibility="prototype" rawName="Tridion.ContentManager.ListR6.prototype.executeLoadList" fullName="Tridion.ContentManager.ListR6.executeLoadList" staticName="ListR6.executeLoadList" synopsis="executeLoadList(id: String, filter: Tridion.ContentManager.ListFilter, success: Function, failure: Function): Void" synopsisExtended="executeLoadList(id: String, filter: Tridion.ContentManager.ListFilter, success: Function, failure: Function): Void" type="Object">
                          <arguments value="id, filter, success, failure">
                            <argument name="id" type="String" description="The Id of the List." />
                            <argument name="filter" type="Tridion.ContentManager.ListFilter" description="The filter of the list." />
                            <argument name="success" type="Function" description="The callback to be caled on success." />
                            <argument name="failure" type="Function" description="The callback to be called on failure." />
                          </arguments>
                          <documentation rawString="&#xA; * Server call to load the List.&#xA; * @param {String} id The Id of the List.&#xA; * @param {Tridion.ContentManager.ListFilter} filter The filter of the list.&#xA; * @param {Function} success The callback to be caled on success.&#xA; * @param {Function} failure The callback to be called on failure.&#xA; ">
                            <summary>Server call to load the List.</summary>
                          </documentation>
                        </method>
                        <method name="showError" url=".Anguilla.ListR6.js.Tridion.ContentManager.ListR6.showError.html" visibility="prototype" rawName="Tridion.ContentManager.ListR6.prototype.showError" fullName="Tridion.ContentManager.ListR6.showError" staticName="ListR6.showError" synopsis="showError(error: Object): Void" synopsisExtended="showError(error: Object): Void" type="Object">
                          <arguments value="error">
                            <argument name="error" type="Object" description="Error object." />
                          </arguments>
                          <documentation rawString="&#xA; * Shows list error.&#xA; * @param {Object} error Error object.&#xA; ">
                            <summary>Shows list error.</summary>
                          </documentation>
                        </method>
                        <method name="setColumnsFilter" url=".Anguilla.ListR6.js.Tridion.ContentManager.ListR6.setColumnsFilter.html" visibility="prototype" rawName="Tridion.ContentManager.ListR6.prototype.setColumnsFilter" fullName="Tridion.ContentManager.ListR6.setColumnsFilter" staticName="ListR6.setColumnsFilter" synopsis="setColumnsFilter(columnFilters: Object): Void" synopsisExtended="setColumnsFilter(columnFilters: Object): Void" type="Object">
                          <arguments value="columnFilters">
                            <argument name="columnFilters" type="Object" />
                          </arguments>
                        </method>
                        <method name="getListItemNode" url=".Anguilla.ListR6.js.Tridion.ContentManager.ListR6.getListItemNode.html" visibility="prototype" rawName="Tridion.ContentManager.ListR6.prototype.getListItemNode" fullName="Tridion.ContentManager.ListR6.getListItemNode" staticName="ListR6.getListItemNode" synopsis="getListItemNode(identifier: Object): Void" synopsisExtended="getListItemNode(identifier: Object): Void" type="Object">
                          <arguments value="identifier">
                            <argument name="identifier" type="Object" />
                          </arguments>
                        </method>
                        <method name="pack" url=".Anguilla.ListR6.js.Tridion.ContentManager.ListR6.pack.html" visibility="prototype" rawName="Tridion.ContentManager.ListR6.prototype.pack" fullName="Tridion.ContentManager.ListR6.pack" staticName="ListR6.pack" synopsis="pack(): Void" synopsisExtended="pack(): Void" type="Object" />
                        <method name="unpack" url=".Anguilla.ListR6.js.Tridion.ContentManager.ListR6.unpack.html" visibility="prototype" rawName="Tridion.ContentManager.ListR6.prototype.unpack" fullName="Tridion.ContentManager.ListR6.unpack" staticName="ListR6.unpack" synopsis="unpack(data: Object): Void" synopsisExtended="unpack(data: Object): Void" type="Object">
                          <arguments value="data">
                            <argument name="data" type="Object" />
                          </arguments>
                        </method>
                        <method name="initializeMarshalledObject" url=".Anguilla.ListR6.js.Tridion.ContentManager.ListR6.initializeMarshalledObject.html" visibility="prototype" rawName="Tridion.ContentManager.ListR6.prototype.initializeMarshalledObject" fullName="Tridion.ContentManager.ListR6.initializeMarshalledObject" staticName="ListR6.initializeMarshalledObject" synopsis="initializeMarshalledObject(object: Object): Void" synopsisExtended="initializeMarshalledObject(object: Object): Void" type="Object">
                          <arguments value="object">
                            <argument name="object" type="Object" />
                          </arguments>
                        </method>
                        <method name="_onLoad" url=".Anguilla.ListR6.js.Tridion.ContentManager.ListR6._onLoad.html" visibility="private" rawName="Tridion.ContentManager.ListR6.prototype._onLoad" fullName="Tridion.ContentManager.ListR6._onLoad" staticName="ListR6._onLoad" synopsis="_onLoad(value: Object): Void" synopsisExtended="_onLoad(value: Object): Void" type="Object">
                          <arguments value="value">
                            <argument name="value" type="Object" />
                          </arguments>
                          <documentation rawString="&#xA; * @private&#xA; " />
                        </method>
                        <method name="onLoad" url=".Anguilla.ListR6.js.Tridion.ContentManager.ListR6.onLoad.html" visibility="private" rawName="Tridion.ContentManager.ListR6.prototype.onLoad" fullName="Tridion.ContentManager.ListR6.onLoad" staticName="ListR6.onLoad" synopsis="onLoad(value: Object): Void" synopsisExtended="onLoad(value: Object): Void" type="Object">
                          <arguments value="value">
                            <argument name="value" type="Object" />
                          </arguments>
                          <documentation rawString="&#xA; * @private&#xA; " />
                        </method>
                        <method name="_onLoadError" url=".Anguilla.ListR6.js.Tridion.ContentManager.ListR6._onLoadError.html" visibility="private" rawName="Tridion.ContentManager.ListR6.prototype._onLoadError" fullName="Tridion.ContentManager.ListR6._onLoadError" staticName="ListR6._onLoadError" synopsis="_onLoadError(error: Object): Void" synopsisExtended="_onLoadError(error: Object): Void" type="Object">
                          <arguments value="error">
                            <argument name="error" type="Object" />
                          </arguments>
                          <documentation rawString="&#xA; * @private&#xA; " />
                        </method>
                        <method name="onLoadError" url=".Anguilla.ListR6.js.Tridion.ContentManager.ListR6.onLoadError.html" visibility="private" rawName="Tridion.ContentManager.ListR6.prototype.onLoadError" fullName="Tridion.ContentManager.ListR6.onLoadError" staticName="ListR6.onLoadError" synopsis="onLoadError(error: Object): Void" synopsisExtended="onLoadError(error: Object): Void" type="Object">
                          <arguments value="error">
                            <argument name="error" type="Object" />
                          </arguments>
                          <documentation rawString="&#xA; * @private&#xA; " />
                        </method>
                      </methods>
                      <events>
                        <event name="loading" url=".Anguilla.ListR6.js.Tridion.ContentManager.ListR6.loading.html" visibility="prototype" rawName="loading" fullName="loading" staticName="ListR6.loading" type="Object">
                          <documentation rawString="">
                            <summary>Fires when List started to load.</summary>
                          </documentation>
                        </event>
                        <event name="load" url=".Anguilla.ListR6.js.Tridion.ContentManager.ListR6.load.html" visibility="prototype" rawName="load" fullName="load" staticName="ListR6.load" type="Object">
                          <documentation rawString="">
                            <summary>Fires when List loaded.</summary>
                          </documentation>
                        </event>
                        <event name="loadfailed" url=".Anguilla.ListR6.js.Tridion.ContentManager.ListR6.loadfailed.html" visibility="prototype" rawName="loadfailed" fullName="loadfailed" staticName="ListR6.loadfailed" type="Object">
                          <documentation rawString="">
                            <summary>Fires when List load failed.</summary>
                          </documentation>
                        </event>
                        <event name="unload" url=".Anguilla.ListR6.js.Tridion.ContentManager.ListR6.unload.html" visibility="prototype" rawName="unload" fullName="unload" staticName="ListR6.unload" type="Object">
                          <documentation rawString="">
                            <summary>Fires when List unloading.</summary>
                          </documentation>
                        </event>
                      </events>
                    </members>
                  </class>
                </classes>
              </members>
            </property>
          </properties>
        </members>
      </property>
    </properties>
    <events>
      <event name="loading" url=".Anguilla.ListR6.js.loading.html" visibility="prototype" rawName="loading" fullName="loading" staticName="ListR6.js.loading" type="Object">
        <documentation rawString="">
          <summary>Fires when List started to load.</summary>
        </documentation>
      </event>
      <event name="load" url=".Anguilla.ListR6.js.load.html" visibility="prototype" rawName="load" fullName="load" staticName="ListR6.js.load" type="Object">
        <documentation rawString="">
          <summary>Fires when List loaded.</summary>
        </documentation>
      </event>
      <event name="loadfailed" url=".Anguilla.ListR6.js.loadfailed.html" visibility="prototype" rawName="loadfailed" fullName="loadfailed" staticName="ListR6.js.loadfailed" type="Object">
        <documentation rawString="">
          <summary>Fires when List load failed.</summary>
        </documentation>
      </event>
      <event name="unload" url=".Anguilla.ListR6.js.unload.html" visibility="prototype" rawName="unload" fullName="unload" staticName="ListR6.js.unload" type="Object">
        <documentation rawString="">
          <summary>Fires when List unloading.</summary>
        </documentation>
      </event>
    </events>
  </members>
</class>