<class name="ListBundles.js" url="ListBundles.js.html" visibility="default" rawName="ListBundles.js" fullName="ListBundles.js" staticName="Anguilla.ListBundles.js">
  <documentation rawString="&#xA;* Represents a List of bundles.&#xA;* @namespace {Tridion.ContentManager}&#xA;* @constructor&#xA;">
    <summary>Represents a List of bundles.</summary>
  </documentation>
  <members>
    <properties>
      <property name="Tridion" url=".Anguilla.ListBundles.js.Tridion.html" visibility="public" rawName="Tridion" fullName="Tridion" staticName="ListBundles.js.Tridion" synopsis="ListBundles.js.Tridion: Object;" synopsisExtended="ListBundles.js.Tridion: &lt;a href=&quot;&quot;&gt;Object&lt;/a&gt;;" type="Object" virtual="true">
        <members>
          <properties>
            <property name="ContentManager" url=".Anguilla.ListBundles.js.Tridion.ContentManager.html" visibility="static" rawName="Tridion.ContentManager" fullName="Tridion.ContentManager" staticName="Tridion.ContentManager" synopsis="Tridion.ContentManager: Object;" synopsisExtended="Tridion.ContentManager: &lt;a href=&quot;&quot;&gt;Object&lt;/a&gt;;" type="Object" virtual="true">
              <members>
                <classes>
                  <class name="ListBundles" url=".Anguilla.ListBundles.js.Tridion.ContentManager.ListBundles.html" visibility="static" rawName="Tridion.ContentManager.ListBundles" fullName="Tridion.ContentManager.ListBundles" staticName="ContentManager.ListBundles" synopsis="var x: ListBundles = new ListBundles(parentId: Object, filter: Object);" synopsisExtended="var x: &lt;a href=&quot;.Anguilla.ListBundles.js.Tridion.ContentManager.ListBundles.html&quot;&gt;ListBundles&lt;/a&gt; = new ListBundles(parentId: Object, filter: Object);" type="Object">
                    <arguments value="parentId, filter">
                      <argument name="parentId" type="Object" />
                      <argument name="filter" type="Object" />
                    </arguments>
                    <extends />
                    <documentation rawString="&#xA;* Represents a List of bundles.&#xA;* @namespace {Tridion.ContentManager}&#xA;* @constructor&#xA;">
                      <summary>Represents a List of bundles.</summary>
                    </documentation>
                    <members>
                      <methods>
                        <method name="executeLoadList" url=".Anguilla.ListBundles.js.Tridion.ContentManager.ListBundles.executeLoadList.html" visibility="prototype" rawName="Tridion.ContentManager.ListBundles.prototype.executeLoadList" fullName="Tridion.ContentManager.ListBundles.executeLoadList" staticName="ListBundles.executeLoadList" synopsis="executeLoadList(success: Function, failure: Function): Void" synopsisExtended="executeLoadList(success: Function, failure: Function): Void" type="Object">
                          <arguments value="parentId, filter, success, failure">
                            <argument name="success" type="Function" description="The callback to be caled on success." />
                            <argument name="failure" type="Function" description="The callback to be called on failure." />
                          </arguments>
                          <documentation rawString="&#xA;* Server call to load the List.&#xA;* @param {Function} success The callback to be caled on success.&#xA;* @param {Function} failure The callback to be called on failure.&#xA;">
                            <summary>Server call to load the List.</summary>
                          </documentation>
                        </method>
                        <method name="isInBundle" url=".Anguilla.ListBundles.js.Tridion.ContentManager.ListBundles.isInBundle.html" visibility="prototype" rawName="Tridion.ContentManager.ListBundles.prototype.isInBundle" fullName="Tridion.ContentManager.ListBundles.isInBundle" staticName="ListBundles.isInBundle" synopsis="isInBundle(itemId: Object): Void" synopsisExtended="isInBundle(itemId: Object): Void" type="Object">
                          <arguments value="itemId">
                            <argument name="itemId" type="Object" />
                          </arguments>
                        </method>
                        <method name="getProjectSchemas" url=".Anguilla.ListBundles.js.Tridion.ContentManager.ListBundles.getProjectSchemas.html" visibility="prototype" rawName="Tridion.ContentManager.ListBundles.prototype.getProjectSchemas" fullName="Tridion.ContentManager.ListBundles.getProjectSchemas" staticName="ListBundles.getProjectSchemas" synopsis="getProjectSchemas(): Void" synopsisExtended="getProjectSchemas(): Void" type="Object" />
                        <method name="getUsedBundlesXmlDocument" url=".Anguilla.ListBundles.js.Tridion.ContentManager.ListBundles.getUsedBundlesXmlDocument.html" visibility="prototype" rawName="Tridion.ContentManager.ListBundles.prototype.getUsedBundlesXmlDocument" fullName="Tridion.ContentManager.ListBundles.getUsedBundlesXmlDocument" staticName="ListBundles.getUsedBundlesXmlDocument" synopsis="getUsedBundlesXmlDocument(pageItems: Object): Void" synopsisExtended="getUsedBundlesXmlDocument(pageItems: Object): Void" type="Object">
                          <arguments value="pageItems">
                            <argument name="pageItems" type="Object" />
                          </arguments>
                        </method>
                        <method name="itemUpdated" url=".Anguilla.ListBundles.js.Tridion.ContentManager.ListBundles.itemUpdated.html" visibility="prototype" rawName="Tridion.ContentManager.ListBundles.prototype.itemUpdated" fullName="Tridion.ContentManager.ListBundles.itemUpdated" staticName="ListBundles.itemUpdated" synopsis="itemUpdated(item: Object, oldId: String): Void" synopsisExtended="itemUpdated(item: Object, oldId: String): Void" type="Object">
                          <arguments value="item, oldId">
                            <argument name="item" type="Object" description="Item object." />
                            <argument name="oldId" type="String" description="Item's previous Id. Optional." />
                          </arguments>
                          <documentation rawString="&#xA; * Updates item in the list.&#xA; * @param {Object} item Item object.&#xA; * @param {String} oldId Item's previous Id. Optional.&#xA; ">
                            <summary>Updates item in the list.</summary>
                          </documentation>
                        </method>
                        <method name="createListItemNode" url=".Anguilla.ListBundles.js.Tridion.ContentManager.ListBundles.createListItemNode.html" visibility="prototype" rawName="Tridion.ContentManager.ListBundles.prototype.createListItemNode" fullName="Tridion.ContentManager.ListBundles.createListItemNode" staticName="ListBundles.createListItemNode" synopsis="createListItemNode(item: Object): Void" synopsisExtended="createListItemNode(item: Object): Void" type="Object">
                          <arguments value="item">
                            <argument name="item" type="Object" />
                          </arguments>
                        </method>
                        <method name="getCount" url=".Anguilla.ListBundles.js.Tridion.ContentManager.ListBundles.getCount.html" visibility="prototype" rawName="Tridion.ContentManager.ListBundles.prototype.getCount" fullName="Tridion.ContentManager.ListBundles.getCount" staticName="ListBundles.getCount" synopsis="getCount(): Number" synopsisExtended="getCount(): Number" type="Object">
                          <documentation rawString="&#xA; * Return the number of bundles that are in this list. &#xA; * @return {Number} The number of bundles in the list.&#xA; ">
                            <summary>Return the number of bundles that are in this list.</summary>
                          </documentation>
                          <returns type="Number" description="The number of bundles in the list." />
                        </method>
                        <method name="updateItemData" url=".Anguilla.ListBundles.js.Tridion.ContentManager.ListBundles.updateItemData.html" visibility="prototype" rawName="Tridion.ContentManager.ListBundles.prototype.updateItemData" fullName="Tridion.ContentManager.ListBundles.updateItemData" staticName="ListBundles.updateItemData" synopsis="updateItemData(item: Object): Void" synopsisExtended="updateItemData(item: Object): Void" type="Object">
                          <arguments value="item">
                            <argument name="item" type="Object" />
                          </arguments>
                        </method>
                        <method name="_setBundleItemDataFromListNode" url=".Anguilla.ListBundles.js.Tridion.ContentManager.ListBundles._setBundleItemDataFromListNode.html" visibility="prototype" rawName="Tridion.ContentManager.ListBundles.prototype._setBundleItemDataFromListNode" fullName="Tridion.ContentManager.ListBundles._setBundleItemDataFromListNode" staticName="ListBundles._setBundleItemDataFromListNode" synopsis="_setBundleItemDataFromListNode(item: Object, bundleNode: Object): Void" synopsisExtended="_setBundleItemDataFromListNode(item: Object, bundleNode: Object): Void" type="Object">
                          <arguments value="item, bundleNode">
                            <argument name="item" type="Object" />
                            <argument name="bundleNode" type="Object" />
                          </arguments>
                        </method>
                        <method name="isItemFilteredIn" url=".Anguilla.ListBundles.js.Tridion.ContentManager.ListBundles.isItemFilteredIn.html" visibility="prototype" rawName="Tridion.ContentManager.ListBundles.prototype.isItemFilteredIn" fullName="Tridion.ContentManager.ListBundles.isItemFilteredIn" staticName="ListBundles.isItemFilteredIn" synopsis="isItemFilteredIn(item: Object): Void" synopsisExtended="isItemFilteredIn(item: Object): Void" type="Object">
                          <arguments value="item">
                            <argument name="item" type="Object" />
                          </arguments>
                        </method>
                      </methods>
                    </members>
                  </class>
                </classes>
              </members>
            </property>
          </properties>
        </members>
      </property>
    </properties>
  </members>
</class>