<class name="ListSearchFilter.js" url="ListSearchFilter.js.html" visibility="default" rawName="ListSearchFilter.js" fullName="ListSearchFilter.js" staticName="Anguilla.ListSearchFilter.js">
  <documentation rawString="&#xA; * Represents a List Search Filter.&#xA; * @namespace {Tridion.ContentManager}&#xA; * @constructor&#xA; * @param {Object} searchFilter The basic search filter object.&#xA; ">
    <summary>Represents a List Search Filter.</summary>
  </documentation>
  <members>
    <properties>
      <property name="Tridion" url=".Anguilla.ListSearchFilter.js.Tridion.html" visibility="public" rawName="Tridion" fullName="Tridion" staticName="ListSearchFilter.js.Tridion" synopsis="ListSearchFilter.js.Tridion: Object;" synopsisExtended="ListSearchFilter.js.Tridion: &lt;a href=&quot;&quot;&gt;Object&lt;/a&gt;;" type="Object" virtual="true">
        <members>
          <properties>
            <property name="ContentManager" url=".Anguilla.ListSearchFilter.js.Tridion.ContentManager.html" visibility="static" rawName="Tridion.ContentManager" fullName="Tridion.ContentManager" staticName="Tridion.ContentManager" synopsis="Tridion.ContentManager: Object;" synopsisExtended="Tridion.ContentManager: &lt;a href=&quot;&quot;&gt;Object&lt;/a&gt;;" type="Object" virtual="true">
              <members>
                <classes>
                  <class name="ListSearchFilter" url=".Anguilla.ListSearchFilter.js.Tridion.ContentManager.ListSearchFilter.html" visibility="static" rawName="Tridion.ContentManager.ListSearchFilter" fullName="Tridion.ContentManager.ListSearchFilter" staticName="ContentManager.ListSearchFilter" synopsis="var x: ListSearchFilter = new ListSearchFilter(searchFilter: Object);" synopsisExtended="var x: &lt;a href=&quot;.Anguilla.ListSearchFilter.js.Tridion.ContentManager.ListSearchFilter.html&quot;&gt;ListSearchFilter&lt;/a&gt; = new ListSearchFilter(searchFilter: Object);" type="Object">
                    <arguments value="searchFilter">
                      <argument name="searchFilter" type="Object" description="The basic search filter object." />
                    </arguments>
                    <extends />
                    <documentation rawString="&#xA; * Represents a List Search Filter.&#xA; * @namespace {Tridion.ContentManager}&#xA; * @constructor&#xA; * @param {Object} searchFilter The basic search filter object.&#xA; ">
                      <summary>Represents a List Search Filter.</summary>
                    </documentation>
                    <members>
                      <methods>
                        <method name="includes" url=".Anguilla.ListSearchFilter.js.Tridion.ContentManager.ListSearchFilter.includes.html" visibility="prototype" rawName="Tridion.ContentManager.ListSearchFilter.prototype.includes" fullName="Tridion.ContentManager.ListSearchFilter.includes" staticName="ListSearchFilter.includes" synopsis="includes(filter: Tridion.ContentManager.ListSearchFilter): Boolean" synopsisExtended="includes(filter: Tridion.ContentManager.ListSearchFilter): Boolean" type="Object">
                          <arguments value="filter">
                            <argument name="filter" type="Tridion.ContentManager.ListSearchFilter" description="The Search Filter to compare with." />
                          </arguments>
                          <documentation rawString="&#xA; * Determine if the current filter includes specified filter.&#xA; * @param {Tridion.ContentManager.ListSearchFilter} filter The Search Filter to compare with.&#xA; * @return {Boolean} &lt;c&gt;true&lt;/c&gt; if the current filter includes specified filter, &lt;c&gt;false&lt;/c&gt; otherwise.&#xA; ">
                            <summary>Determine if the current filter includes specified filter.</summary>
                          </documentation>
                          <returns type="Boolean" description="&lt;c&gt;true&lt;/c&gt; if the current filter includes specified filter, &lt;c&gt;false&lt;/c&gt; otherwise." />
                        </method>
                        <method name="equal" url=".Anguilla.ListSearchFilter.js.Tridion.ContentManager.ListSearchFilter.equal.html" visibility="prototype" rawName="Tridion.ContentManager.ListSearchFilter.prototype.equal" fullName="Tridion.ContentManager.ListSearchFilter.equal" staticName="ListSearchFilter.equal" synopsis="equal(filter: Tridion.ContentManager.ListSearchFilter): Boolean" synopsisExtended="equal(filter: Tridion.ContentManager.ListSearchFilter): Boolean" type="Object">
                          <arguments value="filter">
                            <argument name="filter" type="Tridion.ContentManager.ListSearchFilter" description="The Search Filter to compare with." />
                          </arguments>
                          <documentation rawString="&#xA; * Determine if the current filter equals to specified filter.&#xA; * @param {Tridion.ContentManager.ListSearchFilter} filter The Search Filter to compare with.&#xA; * @return {Boolean} &lt;c&gt;true&lt;/c&gt; if the current filter equals to specified filter, &lt;c&gt;false&lt;/c&gt; otherwise.&#xA; ">
                            <summary>Determine if the current filter equals to specified filter.</summary>
                          </documentation>
                          <returns type="Boolean" description="&lt;c&gt;true&lt;/c&gt; if the current filter equals to specified filter, &lt;c&gt;false&lt;/c&gt; otherwise." />
                        </method>
                        <method name="convertToXml" url=".Anguilla.ListSearchFilter.js.Tridion.ContentManager.ListSearchFilter.convertToXml.html" visibility="prototype" rawName="Tridion.ContentManager.ListSearchFilter.prototype.convertToXml" fullName="Tridion.ContentManager.ListSearchFilter.convertToXml" staticName="ListSearchFilter.convertToXml" synopsis="convertToXml(): String" synopsisExtended="convertToXml(): String" type="Object">
                          <documentation rawString="&#xA; * Returns List Search Filter as xml string.&#xA; * @return {String} List Search Filter as xml string.&#xA; ">
                            <summary>Returns List Search Filter as xml string.</summary>
                          </documentation>
                          <returns type="String" description="List Search Filter as xml string." />
                        </method>
                        <method name="createFromXml" url=".Anguilla.ListSearchFilter.js.Tridion.ContentManager.ListSearchFilter.createFromXml.html" visibility="static" rawName="Tridion.ContentManager.ListSearchFilter.createFromXml" fullName="Tridion.ContentManager.ListSearchFilter.createFromXml" staticName="ListSearchFilter.createFromXml" synopsis="createFromXml(List: String): Tridion.ContentManager.ListSearchFilter" synopsisExtended="createFromXml(List: String): Tridion.ContentManager.ListSearchFilter" type="Object">
                          <arguments value="xmlFilter">
                            <argument name="List" type="String" description="Search Filter as xml string." />
                          </arguments>
                          <documentation rawString="&#xA; * Creates new List Search Filter from specified xml string and returns it.&#xA; * @param {String} List Search Filter as xml string.&#xA; * @return {Tridion.ContentManager.ListSearchFilter} New List Search Filter.&#xA; ">
                            <summary>Creates new List Search Filter from specified xml string and returns it.</summary>
                          </documentation>
                          <returns type="Tridion.ContentManager.ListSearchFilter" description="New List Search Filter." />
                        </method>
                      </methods>
                      <properties>
                        <property name="conditions" url=".Anguilla.ListSearchFilter.js.Tridion.ContentManager.ListSearchFilter.conditions.html" visibility="instance" rawName="this.conditions" fullName="this.conditions" staticName="ListSearchFilter.conditions" synopsis="ListSearchFilter.conditions: Object;" synopsisExtended="ListSearchFilter.conditions: &lt;a href=&quot;&quot;&gt;Object&lt;/a&gt;;" type="Object" />
                        <property name="columns" url=".Anguilla.ListSearchFilter.js.Tridion.ContentManager.ListSearchFilter.columns.html" visibility="instance" rawName="this.columns" fullName="this.columns" staticName="ListSearchFilter.columns" synopsis="ListSearchFilter.columns: Object;" synopsisExtended="ListSearchFilter.columns: &lt;a href=&quot;&quot;&gt;Object&lt;/a&gt;;" type="Object" />
                      </properties>
                    </members>
                  </class>
                </classes>
              </members>
            </property>
          </properties>
        </members>
      </property>
    </properties>
  </members>
</class>