<class name="ListActivitiesRelations.js" url="ListActivitiesRelations.js.html" visibility="default" rawName="ListActivitiesRelations.js" fullName="ListActivitiesRelations.js" staticName="Anguilla.ListActivitiesRelations.js">
  <documentation rawString="&#xA; * Provides support for a List with Relations between work items and their`s activity defeinitions.&#xA; * @namespace {Tridion.ContentManager}&#xA; * @param {String} workItemsIds The Ids of the work items.&#xA; * @constructor&#xA; * @event activitiesrelationsload Fires when activities relations loaded.&#xA; * @event activitiesrelationsloadfailed Fires when activities relations load failed.&#xA; ">
    <summary>Provides support for a List with Relations between work items and their`s activity defeinitions.</summary>
  </documentation>
  <members>
    <properties>
      <property name="Tridion" url=".Anguilla.ListActivitiesRelations.js.Tridion.html" visibility="public" rawName="Tridion" fullName="Tridion" staticName="ListActivitiesRelations.js.Tridion" synopsis="ListActivitiesRelations.js.Tridion: Object;" synopsisExtended="ListActivitiesRelations.js.Tridion: &lt;a href=&quot;&quot;&gt;Object&lt;/a&gt;;" type="Object" virtual="true">
        <members>
          <properties>
            <property name="ContentManager" url=".Anguilla.ListActivitiesRelations.js.Tridion.ContentManager.html" visibility="static" rawName="Tridion.ContentManager" fullName="Tridion.ContentManager" staticName="Tridion.ContentManager" synopsis="Tridion.ContentManager: Object;" synopsisExtended="Tridion.ContentManager: &lt;a href=&quot;&quot;&gt;Object&lt;/a&gt;;" type="Object" virtual="true">
              <members>
                <classes>
                  <class name="ListActivitiesRelations" url=".Anguilla.ListActivitiesRelations.js.Tridion.ContentManager.ListActivitiesRelations.html" visibility="static" rawName="Tridion.ContentManager.ListActivitiesRelations" fullName="Tridion.ContentManager.ListActivitiesRelations" staticName="ContentManager.ListActivitiesRelations" synopsis="var x: ListActivitiesRelations = new ListActivitiesRelations(workItemsIds: String);" synopsisExtended="var x: &lt;a href=&quot;.Anguilla.ListActivitiesRelations.js.Tridion.ContentManager.ListActivitiesRelations.html&quot;&gt;ListActivitiesRelations&lt;/a&gt; = new ListActivitiesRelations(workItemsIds: String);" type="Object">
                    <arguments value="workItemsIds">
                      <argument name="workItemsIds" type="String" description="The Ids of the work items." />
                    </arguments>
                    <extends />
                    <documentation rawString="&#xA; * Provides support for a List with Relations between work items and their`s activity defeinitions.&#xA; * @namespace {Tridion.ContentManager}&#xA; * @param {String} workItemsIds The Ids of the work items.&#xA; * @constructor&#xA; * @event activitiesrelationsload Fires when activities relations loaded.&#xA; * @event activitiesrelationsloadfailed Fires when activities relations load failed.&#xA; ">
                      <summary>Provides support for a List with Relations between work items and their`s activity defeinitions.</summary>
                    </documentation>
                    <members>
                      <methods>
                        <method name="getId" url=".Anguilla.ListActivitiesRelations.js.Tridion.ContentManager.ListActivitiesRelations.getId.html" visibility="prototype" rawName="Tridion.ContentManager.ListActivitiesRelations.prototype.getId" fullName="Tridion.ContentManager.ListActivitiesRelations.getId" staticName="ListActivitiesRelations.getId" synopsis="getId(): String" synopsisExtended="getId(): String" type="Object">
                          <documentation rawString="&#xA; * Returns the Id of the List.&#xA; * @return {String} The Id of the List.&#xA; ">
                            <summary>Returns the Id of the List.</summary>
                          </documentation>
                          <returns type="String" description="The Id of the List." />
                        </method>
                        <method name="load" url=".Anguilla.ListActivitiesRelations.js.Tridion.ContentManager.ListActivitiesRelations.load.html" visibility="prototype" rawName="Tridion.ContentManager.ListActivitiesRelations.prototype.load" fullName="Tridion.ContentManager.ListActivitiesRelations.load" staticName="ListActivitiesRelations.load" synopsis="load(reload: Boolean): Void" synopsisExtended="load(reload: Boolean): Void" type="Object">
                          <arguments value="reload">
                            <argument name="reload" type="Boolean" description="&lt;c&gt;true&lt;/c&gt; if whether to force reload; &lt;c&gt;false&lt;/c&gt; otherwise." />
                          </arguments>
                          <documentation rawString="&#xA; * Loads activities relations from TCM.&#xA; * @param {Boolean} reload &lt;c&gt;true&lt;/c&gt; if whether to force reload; &lt;c&gt;false&lt;/c&gt; otherwise.&#xA; ">
                            <summary>Loads activities relations from TCM.</summary>
                          </documentation>
                        </method>
                        <method name="isLoaded" url=".Anguilla.ListActivitiesRelations.js.Tridion.ContentManager.ListActivitiesRelations.isLoaded.html" visibility="prototype" rawName="Tridion.ContentManager.ListActivitiesRelations.prototype.isLoaded" fullName="Tridion.ContentManager.ListActivitiesRelations.isLoaded" staticName="ListActivitiesRelations.isLoaded" synopsis="isLoaded(): Boolean" synopsisExtended="isLoaded(): Boolean" type="Object">
                          <documentation rawString="&#xA; * Determine if the list xml has been loaded.&#xA; * @return {Boolean} &lt;c&gt;true&lt;/c&gt; if list xml has been loaded, &lt;c&gt;false&lt;/c&gt; otherwise.&#xA; ">
                            <summary>Determine if the list xml has been loaded.</summary>
                          </documentation>
                          <returns type="Boolean" description="&lt;c&gt;true&lt;/c&gt; if list xml has been loaded, &lt;c&gt;false&lt;/c&gt; otherwise." />
                        </method>
                        <method name="getRelations" url=".Anguilla.ListActivitiesRelations.js.Tridion.ContentManager.ListActivitiesRelations.getRelations.html" visibility="prototype" rawName="Tridion.ContentManager.ListActivitiesRelations.prototype.getRelations" fullName="Tridion.ContentManager.ListActivitiesRelations.getRelations" staticName="ListActivitiesRelations.getRelations" synopsis="getRelations(): Array" synopsisExtended="getRelations(): Array" type="Object">
                          <documentation rawString="&#xA; * Returns activities relations.&#xA; * @return {Array} The activities relations.&#xA; ">
                            <summary>Returns activities relations.</summary>
                          </documentation>
                          <returns type="Array" description="The activities relations." />
                        </method>
                        <method name="setRelations" url=".Anguilla.ListActivitiesRelations.js.Tridion.ContentManager.ListActivitiesRelations.setRelations.html" visibility="prototype" rawName="Tridion.ContentManager.ListActivitiesRelations.prototype.setRelations" fullName="Tridion.ContentManager.ListActivitiesRelations.setRelations" staticName="ListActivitiesRelations.setRelations" synopsis="setRelations(relations: Array): Void" synopsisExtended="setRelations(relations: Array): Void" type="Object">
                          <arguments value="relations">
                            <argument name="relations" type="Array" description="The activities relations to set." />
                          </arguments>
                          <documentation rawString="&#xA; * Sets activities relations.&#xA; * @param {Array} relations The activities relations to set.&#xA; ">
                            <summary>Sets activities relations.</summary>
                          </documentation>
                        </method>
                        <method name="getWorkItemsGroup" url=".Anguilla.ListActivitiesRelations.js.Tridion.ContentManager.ListActivitiesRelations.getWorkItemsGroup.html" visibility="prototype" rawName="Tridion.ContentManager.ListActivitiesRelations.prototype.getWorkItemsGroup" fullName="Tridion.ContentManager.ListActivitiesRelations.getWorkItemsGroup" staticName="ListActivitiesRelations.getWorkItemsGroup" synopsis="getWorkItemsGroup(activityDefinitionId: String): Array" synopsisExtended="getWorkItemsGroup(activityDefinitionId: String): Array" type="Object">
                          <arguments value="activityDefinitionId">
                            <argument name="activityDefinitionId" type="String" description="The Id of the activity definition." />
                          </arguments>
                          <documentation rawString="&#xA; * Returns work items group.&#xA; * @param {String} activityDefinitionId The Id of the activity definition.&#xA; * @return {Array} The group of work items.&#xA; ">
                            <summary>Returns work items group.</summary>
                          </documentation>
                          <returns type="Array" description="The group of work items." />
                        </method>
                        <method name="executeGetListActivitiesRelations" url=".Anguilla.ListActivitiesRelations.js.Tridion.ContentManager.ListActivitiesRelations.executeGetListActivitiesRelations.html" visibility="prototype" rawName="Tridion.ContentManager.ListActivitiesRelations.prototype.executeGetListActivitiesRelations" fullName="Tridion.ContentManager.ListActivitiesRelations.executeGetListActivitiesRelations" staticName="ListActivitiesRelations.executeGetListActivitiesRelations" synopsis="executeGetListActivitiesRelations(workItemsIds: String, success: Function, failure: Function): Void" synopsisExtended="executeGetListActivitiesRelations(workItemsIds: String, success: Function, failure: Function): Void" type="Object">
                          <arguments value="workItemsIds, success, failure">
                            <argument name="workItemsIds" type="String" description="The Ids of the work items." />
                            <argument name="success" type="Function" description="the callback to be caled on finish activity success." />
                            <argument name="failure" type="Function" description="the callback to be called on finish activity failure." />
                          </arguments>
                          <documentation rawString="&#xA; * Server call to load activities relations from TCM.&#xA; * @param {String} workItemsIds The Ids of the work items.&#xA; * @param {Function} success the callback to be caled on finish activity success.&#xA; * @param {Function} failure the callback to be called on finish activity failure.&#xA; ">
                            <summary>Server call to load activities relations from TCM.</summary>
                          </documentation>
                        </method>
                        <method name="onLoad" url=".Anguilla.ListActivitiesRelations.js.Tridion.ContentManager.ListActivitiesRelations.onLoad.html" visibility="private" rawName="Tridion.ContentManager.ListActivitiesRelations.prototype.onLoad" fullName="Tridion.ContentManager.ListActivitiesRelations.onLoad" staticName="ListActivitiesRelations.onLoad" synopsis="onLoad(result: Object): Void" synopsisExtended="onLoad(result: Object): Void" type="Object">
                          <arguments value="result">
                            <argument name="result" type="Object" />
                          </arguments>
                          <documentation rawString="&#xA; * @private&#xA; " />
                        </method>
                        <method name="onLoadFailed" url=".Anguilla.ListActivitiesRelations.js.Tridion.ContentManager.ListActivitiesRelations.onLoadFailed.html" visibility="private" rawName="Tridion.ContentManager.ListActivitiesRelations.prototype.onLoadFailed" fullName="Tridion.ContentManager.ListActivitiesRelations.onLoadFailed" staticName="ListActivitiesRelations.onLoadFailed" synopsis="onLoadFailed(error: Object): Void" synopsisExtended="onLoadFailed(error: Object): Void" type="Object">
                          <arguments value="error">
                            <argument name="error" type="Object" />
                          </arguments>
                          <documentation rawString="&#xA; * @private&#xA; " />
                        </method>
                      </methods>
                      <events>
                        <event name="activitiesrelationsload" url=".Anguilla.ListActivitiesRelations.js.Tridion.ContentManager.ListActivitiesRelations.activitiesrelationsload.html" visibility="prototype" rawName="activitiesrelationsload" fullName="activitiesrelationsload" staticName="ListActivitiesRelations.activitiesrelationsload" type="Object">
                          <documentation rawString="">
                            <summary>Fires when activities relations loaded.</summary>
                          </documentation>
                        </event>
                        <event name="activitiesrelationsloadfailed" url=".Anguilla.ListActivitiesRelations.js.Tridion.ContentManager.ListActivitiesRelations.activitiesrelationsloadfailed.html" visibility="prototype" rawName="activitiesrelationsloadfailed" fullName="activitiesrelationsloadfailed" staticName="ListActivitiesRelations.activitiesrelationsloadfailed" type="Object">
                          <documentation rawString="">
                            <summary>Fires when activities relations load failed.</summary>
                          </documentation>
                        </event>
                      </events>
                    </members>
                  </class>
                </classes>
              </members>
            </property>
          </properties>
        </members>
      </property>
    </properties>
    <events>
      <event name="activitiesrelationsload" url=".Anguilla.ListActivitiesRelations.js.activitiesrelationsload.html" visibility="prototype" rawName="activitiesrelationsload" fullName="activitiesrelationsload" staticName="ListActivitiesRelations.js.activitiesrelationsload" type="Object">
        <documentation rawString="">
          <summary>Fires when activities relations loaded.</summary>
        </documentation>
      </event>
      <event name="activitiesrelationsloadfailed" url=".Anguilla.ListActivitiesRelations.js.activitiesrelationsloadfailed.html" visibility="prototype" rawName="activitiesrelationsloadfailed" fullName="activitiesrelationsloadfailed" staticName="ListActivitiesRelations.js.activitiesrelationsloadfailed" type="Object">
        <documentation rawString="">
          <summary>Fires when activities relations load failed.</summary>
        </documentation>
      </event>
    </events>
  </members>
</class>