<document name="ListActivityInstanceRelatedItems.js" url="ListActivityInstanceRelatedItems.js.html" visibility="default" rawName="ListActivityInstanceRelatedItems.js" fullName="ListActivityInstanceRelatedItems.js" staticName="Anguilla.ListActivityInstanceRelatedItems.js">
  <members>
    <properties>
      <property name="Tridion" url=".Anguilla.ListActivityInstanceRelatedItems.js.Tridion.html" visibility="public" rawName="Tridion" fullName="Tridion" staticName="ListActivityInstanceRelatedItems.js.Tridion" synopsis="ListActivityInstanceRelatedItems.js.Tridion: Object;" synopsisExtended="ListActivityInstanceRelatedItems.js.Tridion: &lt;a href=&quot;&quot;&gt;Object&lt;/a&gt;;" type="Object" virtual="true">
        <members>
          <properties>
            <property name="ContentManager" url=".Anguilla.ListActivityInstanceRelatedItems.js.Tridion.ContentManager.html" visibility="static" rawName="Tridion.ContentManager" fullName="Tridion.ContentManager" staticName="Tridion.ContentManager" synopsis="Tridion.ContentManager: Object;" synopsisExtended="Tridion.ContentManager: &lt;a href=&quot;&quot;&gt;Object&lt;/a&gt;;" type="Object" virtual="true">
              <members>
                <classes>
                  <class name="ListActivityInstanceRelatedItems" url=".Anguilla.ListActivityInstanceRelatedItems.js.Tridion.ContentManager.ListActivityInstanceRelatedItems.html" visibility="static" rawName="Tridion.ContentManager.ListActivityInstanceRelatedItems" fullName="Tridion.ContentManager.ListActivityInstanceRelatedItems" staticName="ContentManager.ListActivityInstanceRelatedItems" synopsis="var x: ListActivityInstanceRelatedItems = new ListActivityInstanceRelatedItems(id: Object, filter: Object);" synopsisExtended="var x: &lt;a href=&quot;.Anguilla.ListActivityInstanceRelatedItems.js.Tridion.ContentManager.ListActivityInstanceRelatedItems.html&quot;&gt;ListActivityInstanceRelatedItems&lt;/a&gt; = new ListActivityInstanceRelatedItems(id: Object, filter: Object);" type="Object">
                    <arguments value="id, filter">
                      <argument name="id" type="Object" />
                      <argument name="filter" type="Object" />
                    </arguments>
                    <extends />
                    <members>
                      <methods>
                        <method name="setXml" url=".Anguilla.ListActivityInstanceRelatedItems.js.Tridion.ContentManager.ListActivityInstanceRelatedItems.setXml.html" visibility="prototype" rawName="Tridion.ContentManager.ListActivityInstanceRelatedItems.prototype.setXml" fullName="Tridion.ContentManager.ListActivityInstanceRelatedItems.setXml" staticName="ListActivityInstanceRelatedItems.setXml" synopsis="setXml(value: Object): Void" synopsisExtended="setXml(value: Object): Void" type="Object">
                          <arguments value="value">
                            <argument name="value" type="Object" />
                          </arguments>
                        </method>
                      </methods>
                    </members>
                  </class>
                </classes>
              </members>
            </property>
          </properties>
        </members>
      </property>
    </properties>
  </members>
</document>