<class name="ListComponentPresentations.js" url="ListComponentPresentations.js.html" visibility="default" rawName="ListComponentPresentations.js" fullName="ListComponentPresentations.js" staticName="Anguilla.ListComponentPresentations.js">
  <documentation rawString="&#xA; * Represents a List of component presentations.&#xA; * @namespace {Tridion.ContentManager}&#xA; * @constructor&#xA; * @param {Tridion.ContentManager.Page} page The page which contains this list.&#xA; * @event change Fires when List changed.&#xA; ">
    <summary>Represents a List of component presentations.</summary>
  </documentation>
  <members>
    <properties>
      <property name="Tridion" url=".Anguilla.ListComponentPresentations.js.Tridion.html" visibility="public" rawName="Tridion" fullName="Tridion" staticName="ListComponentPresentations.js.Tridion" synopsis="ListComponentPresentations.js.Tridion: Object;" synopsisExtended="ListComponentPresentations.js.Tridion: &lt;a href=&quot;&quot;&gt;Object&lt;/a&gt;;" type="Object" virtual="true">
        <members>
          <properties>
            <property name="ContentManager" url=".Anguilla.ListComponentPresentations.js.Tridion.ContentManager.html" visibility="static" rawName="Tridion.ContentManager" fullName="Tridion.ContentManager" staticName="Tridion.ContentManager" synopsis="Tridion.ContentManager: Object;" synopsisExtended="Tridion.ContentManager: &lt;a href=&quot;&quot;&gt;Object&lt;/a&gt;;" type="Object" virtual="true">
              <members>
                <classes>
                  <class name="ListComponentPresentations" url=".Anguilla.ListComponentPresentations.js.Tridion.ContentManager.ListComponentPresentations.html" visibility="static" rawName="Tridion.ContentManager.ListComponentPresentations" fullName="Tridion.ContentManager.ListComponentPresentations" staticName="ContentManager.ListComponentPresentations" synopsis="var x: ListComponentPresentations = new ListComponentPresentations(page: Tridion.ContentManager.Page);" synopsisExtended="var x: &lt;a href=&quot;.Anguilla.ListComponentPresentations.js.Tridion.ContentManager.ListComponentPresentations.html&quot;&gt;ListComponentPresentations&lt;/a&gt; = new ListComponentPresentations(page: Tridion.ContentManager.Page);" type="Object">
                    <arguments value="page">
                      <argument name="page" type="Tridion.ContentManager.Page" description="The page which contains this list." />
                    </arguments>
                    <extends />
                    <documentation rawString="&#xA; * Represents a List of component presentations.&#xA; * @namespace {Tridion.ContentManager}&#xA; * @constructor&#xA; * @param {Tridion.ContentManager.Page} page The page which contains this list.&#xA; * @event change Fires when List changed.&#xA; ">
                      <summary>Represents a List of component presentations.</summary>
                    </documentation>
                    <members>
                      <methods>
                        <method name="setPageId" url=".Anguilla.ListComponentPresentations.js.Tridion.ContentManager.ListComponentPresentations.setPageId.html" visibility="prototype" rawName="Tridion.ContentManager.ListComponentPresentations.prototype.setPageId" fullName="Tridion.ContentManager.ListComponentPresentations.setPageId" staticName="ListComponentPresentations.setPageId" synopsis="setPageId(value: String): Void" synopsisExtended="setPageId(value: String): Void" type="Object">
                          <arguments value="value">
                            <argument name="value" type="String" description="The Id of the page." />
                          </arguments>
                          <documentation rawString="&#xA; * Sets the Id of the page which contains this list.&#xA; * @param {String} value The Id of the page.&#xA; ">
                            <summary>Sets the Id of the page which contains this list.</summary>
                          </documentation>
                        </method>
                        <method name="getXml" url=".Anguilla.ListComponentPresentations.js.Tridion.ContentManager.ListComponentPresentations.getXml.html" visibility="prototype" rawName="Tridion.ContentManager.ListComponentPresentations.prototype.getXml" fullName="Tridion.ContentManager.ListComponentPresentations.getXml" staticName="ListComponentPresentations.getXml" synopsis="getXml(): String" synopsisExtended="getXml(): String" type="Object">
                          <documentation rawString="&#xA; * Returns the xml string of the list.&#xA; * @return {String} The list's xml.&#xA; ">
                            <summary>Returns the xml string of the list.</summary>
                          </documentation>
                          <returns type="String" description="The list's xml." />
                        </method>
                        <method name="invalidateState" url=".Anguilla.ListComponentPresentations.js.Tridion.ContentManager.ListComponentPresentations.invalidateState.html" visibility="prototype" rawName="Tridion.ContentManager.ListComponentPresentations.prototype.invalidateState" fullName="Tridion.ContentManager.ListComponentPresentations.invalidateState" staticName="ListComponentPresentations.invalidateState" synopsis="invalidateState(xpath: String): Void" synopsisExtended="invalidateState(xpath: String): Void" type="Object">
                          <arguments value="xpath">
                            <argument name="xpath" type="String" description="XPath to identify the element to be invalidated." />
                          </arguments>
                          <documentation rawString="&#xA; * Invalidates the cached properties.&#xA; * @param {String} xpath XPath to identify the element to be invalidated.&#xA; ">
                            <summary>Invalidates the cached properties.</summary>
                          </documentation>
                        </method>
                        <method name="getXmlNode" url=".Anguilla.ListComponentPresentations.js.Tridion.ContentManager.ListComponentPresentations.getXmlNode.html" visibility="prototype" rawName="Tridion.ContentManager.ListComponentPresentations.prototype.getXmlNode" fullName="Tridion.ContentManager.ListComponentPresentations.getXmlNode" staticName="ListComponentPresentations.getXmlNode" synopsis="getXmlNode(): Object" synopsisExtended="getXmlNode(): Object" type="Object">
                          <documentation rawString="&#xA; * Returns Component Presentations xml node from Page's xml.&#xA; * @return {Object} The xml node.&#xA; ">
                            <summary>Returns Component Presentations xml node from Page's xml.</summary>
                          </documentation>
                          <returns type="Object" description="The xml node." />
                        </method>
                        <method name="getItems" url=".Anguilla.ListComponentPresentations.js.Tridion.ContentManager.ListComponentPresentations.getItems.html" visibility="prototype" rawName="Tridion.ContentManager.ListComponentPresentations.prototype.getItems" fullName="Tridion.ContentManager.ListComponentPresentations.getItems" staticName="ListComponentPresentations.getItems" synopsis="getItems(): Array" synopsisExtended="getItems(): Array" type="Object">
                          <documentation rawString="&#xA; * Return component presentation items containing in the list.&#xA; * @return {Array} The items containing in the list.&#xA; ">
                            <summary>Return component presentation items containing in the list.</summary>
                          </documentation>
                          <returns type="Array" description="The items containing in the list." />
                        </method>
                        <method name="getItem" url=".Anguilla.ListComponentPresentations.js.Tridion.ContentManager.ListComponentPresentations.getItem.html" visibility="prototype" rawName="Tridion.ContentManager.ListComponentPresentations.prototype.getItem" fullName="Tridion.ContentManager.ListComponentPresentations.getItem" staticName="ListComponentPresentations.getItem" synopsis="getItem(index: Number): Tridion.ContentManager.ComponentPresentation" synopsisExtended="getItem(index: Number): Tridion.ContentManager.ComponentPresentation" type="Object">
                          <arguments value="index">
                            <argument name="index" type="Number" description="The index of looked for item." />
                          </arguments>
                          <documentation rawString="&#xA; * Return component presentation item from the list with specified index.&#xA; * @param {Number} index The index of looked for item.&#xA; * @return {Tridion.ContentManager.ComponentPresentation} The component presentation item.&#xA; ">
                            <summary>Return component presentation item from the list with specified index.</summary>
                          </documentation>
                          <returns type="Tridion.ContentManager.ComponentPresentation" description="The component presentation item." />
                        </method>
                        <method name="getItemIndex" url=".Anguilla.ListComponentPresentations.js.Tridion.ContentManager.ListComponentPresentations.getItemIndex.html" visibility="prototype" rawName="Tridion.ContentManager.ListComponentPresentations.prototype.getItemIndex" fullName="Tridion.ContentManager.ListComponentPresentations.getItemIndex" staticName="ListComponentPresentations.getItemIndex" synopsis="getItemIndex(item: Tridion.ContentManager.ComponentPresentation): Number" synopsisExtended="getItemIndex(item: Tridion.ContentManager.ComponentPresentation): Number" type="Object">
                          <arguments value="item">
                            <argument name="item" type="Tridion.ContentManager.ComponentPresentation" description="The looked for item." />
                          </arguments>
                          <documentation rawString="&#xA; * Returns the index of component presentation item in the list.&#xA; * @param {Tridion.ContentManager.ComponentPresentation} item The looked for item.&#xA; * @return {Number} The index of the component presentation item in the list.&#xA; ">
                            <summary>Returns the index of component presentation item in the list.</summary>
                          </documentation>
                          <returns type="Number" description="The index of the component presentation item in the list." />
                        </method>
                        <method name="insertItem" url=".Anguilla.ListComponentPresentations.js.Tridion.ContentManager.ListComponentPresentations.insertItem.html" visibility="prototype" rawName="Tridion.ContentManager.ListComponentPresentations.prototype.insertItem" fullName="Tridion.ContentManager.ListComponentPresentations.insertItem" staticName="ListComponentPresentations.insertItem" synopsis="insertItem(index: Number, component: Tridion.ContentManager.Component, componentTemplate: Tridion.ContentManager.ComponentTemplate, context: Object): Void" synopsisExtended="insertItem(index: Number, component: Tridion.ContentManager.Component, componentTemplate: Tridion.ContentManager.ComponentTemplate, context: Object): Void" type="Object">
                          <arguments value="index, component, componentTemplate, context">
                            <argument name="index" type="Number" description="The index where to insert new item." />
                            <argument name="component" type="Tridion.ContentManager.Component" description="The component for component presentation." />
                            <argument name="componentTemplate" type="Tridion.ContentManager.ComponentTemplate" description="The component template for component presentation." />
                            <argument name="context" type="Object" description="The context where the method is used." />
                          </arguments>
                          <documentation rawString="&#xA; * Creates new component presentation item and insert it into the list.&#xA; * @param {Number} index The index where to insert new item.&#xA; * @param {Tridion.ContentManager.Component} component The component for component presentation.&#xA; * @param {Tridion.ContentManager.ComponentTemplate} componentTemplate The component template for component presentation.&#xA; * @param {Object} context The context where the method is used.&#xA; ">
                            <summary>Creates new component presentation item and insert it into the list.</summary>
                          </documentation>
                        </method>
                        <method name="removeItem" url=".Anguilla.ListComponentPresentations.js.Tridion.ContentManager.ListComponentPresentations.removeItem.html" visibility="prototype" rawName="Tridion.ContentManager.ListComponentPresentations.prototype.removeItem" fullName="Tridion.ContentManager.ListComponentPresentations.removeItem" staticName="ListComponentPresentations.removeItem" synopsis="removeItem(item: Tridion.ContentManager.ComponentPresentation, context: Object): Void" synopsisExtended="removeItem(item: Tridion.ContentManager.ComponentPresentation, context: Object): Void" type="Object">
                          <arguments value="item, context">
                            <argument name="item" type="Tridion.ContentManager.ComponentPresentation" description="The component presentation item to remove." />
                            <argument name="context" type="Object" description="The context where the method is used." />
                          </arguments>
                          <documentation rawString="&#xA; * Removes component presentation item from the list.&#xA; * @param {Tridion.ContentManager.ComponentPresentation} item The component presentation item to remove.&#xA; * @param {Object} context The context where the method is used.&#xA; ">
                            <summary>Removes component presentation item from the list.</summary>
                          </documentation>
                        </method>
                        <method name="moveItem" url=".Anguilla.ListComponentPresentations.js.Tridion.ContentManager.ListComponentPresentations.moveItem.html" visibility="prototype" rawName="Tridion.ContentManager.ListComponentPresentations.prototype.moveItem" fullName="Tridion.ContentManager.ListComponentPresentations.moveItem" staticName="ListComponentPresentations.moveItem" synopsis="moveItem(item: Tridion.ContentManager.ComponentPresentation, toIndex: Number, context: Object): Void" synopsisExtended="moveItem(item: Tridion.ContentManager.ComponentPresentation, toIndex: Number, context: Object): Void" type="Object">
                          <arguments value="item, toIndex, context">
                            <argument name="item" type="Tridion.ContentManager.ComponentPresentation" description="The component presentation item to move." />
                            <argument name="toIndex" type="Number" description="The index where component presentation item should be moved." />
                            <argument name="context" type="Object" description="The context where the method is used." />
                          </arguments>
                          <documentation rawString="&#xA; * Moves component presentation item in the list to specified position.&#xA; * @param {Tridion.ContentManager.ComponentPresentation} item The component presentation item to move.&#xA; * @param {Number} toIndex The index where component presentation item should be moved.&#xA; * @param {Object} context The context where the method is used.&#xA; ">
                            <summary>Moves component presentation item in the list to specified position.</summary>
                          </documentation>
                        </method>
                        <method name="moveItems" url=".Anguilla.ListComponentPresentations.js.Tridion.ContentManager.ListComponentPresentations.moveItems.html" visibility="prototype" rawName="Tridion.ContentManager.ListComponentPresentations.prototype.moveItems" fullName="Tridion.ContentManager.ListComponentPresentations.moveItems" staticName="ListComponentPresentations.moveItems" synopsis="moveItems(items: Array, indexShift: Number, context: Object): Void" synopsisExtended="moveItems(items: Array, indexShift: Number, context: Object): Void" type="Object">
                          <arguments value="items, indexShift, context">
                            <argument name="items" type="Array" description="The component presentation items to shift." />
                            <argument name="indexShift" type="Number" description="The shift index." />
                            <argument name="context" type="Object" description="The context where the method is used." />
                          </arguments>
                          <documentation rawString="&#xA; * Shifts a number of component presentation items in the list up or down.&#xA; * @param {Array} items The component presentation items to shift.&#xA; * @param {Number} indexShift The shift index.&#xA; * @param {Object} context The context where the method is used.&#xA; ">
                            <summary>Shifts a number of component presentation items in the list up or down.</summary>
                          </documentation>
                        </method>
                        <method name="insertItems" url=".Anguilla.ListComponentPresentations.js.Tridion.ContentManager.ListComponentPresentations.insertItems.html" visibility="prototype" rawName="Tridion.ContentManager.ListComponentPresentations.prototype.insertItems" fullName="Tridion.ContentManager.ListComponentPresentations.insertItems" staticName="ListComponentPresentations.insertItems" synopsis="insertItems(index: Number, components: Array, componentTemplate: Array, context: Object): Void" synopsisExtended="insertItems(index: Number, components: Array, componentTemplate: Array, context: Object): Void" type="Object">
                          <arguments value="index, components, componentTemplate, context">
                            <argument name="index" type="Number" description="The index where to insert new items." />
                            <argument name="components" type="Array" description="The components for component presentations." />
                            <argument name="componentTemplate" type="Array" description="The component template for component presentations." />
                            <argument name="context" type="Object" description="The context where the method is used." />
                          </arguments>
                          <documentation rawString="&#xA; * Creates new component presentation items and insert them into the list.&#xA; * @param {Number} index The index where to insert new items.&#xA; * @param {Array} components The components for component presentations.&#xA; * @param {Array} componentTemplate The component template for component presentations.&#xA; * @param {Object} context The context where the method is used.&#xA; ">
                            <summary>Creates new component presentation items and insert them into the list.</summary>
                          </documentation>
                        </method>
                        <method name="removeItems" url=".Anguilla.ListComponentPresentations.js.Tridion.ContentManager.ListComponentPresentations.removeItems.html" visibility="prototype" rawName="Tridion.ContentManager.ListComponentPresentations.prototype.removeItems" fullName="Tridion.ContentManager.ListComponentPresentations.removeItems" staticName="ListComponentPresentations.removeItems" synopsis="removeItems(indexes: Array, context: Object): Void" synopsisExtended="removeItems(indexes: Array, context: Object): Void" type="Object">
                          <arguments value="indexes, context">
                            <argument name="indexes" type="Array" description="The indexes of component presentation items to remove." />
                            <argument name="context" type="Object" description="The context where the method is used." />
                          </arguments>
                          <documentation rawString="&#xA; * Removes component presentation items from the list.&#xA; * @param {Array} indexes The indexes of component presentation items to remove.&#xA; * @param {Object} context The context where the method is used.&#xA; ">
                            <summary>Removes component presentation items from the list.</summary>
                          </documentation>
                        </method>
                        <method name="pack" url=".Anguilla.ListComponentPresentations.js.Tridion.ContentManager.ListComponentPresentations.pack.html" visibility="prototype" rawName="Tridion.ContentManager.ListComponentPresentations.prototype.pack" fullName="Tridion.ContentManager.ListComponentPresentations.pack" staticName="ListComponentPresentations.pack" synopsis="pack(): Void" synopsisExtended="pack(): Void" type="Object" />
                        <method name="unpack" url=".Anguilla.ListComponentPresentations.js.Tridion.ContentManager.ListComponentPresentations.unpack.html" visibility="prototype" rawName="Tridion.ContentManager.ListComponentPresentations.prototype.unpack" fullName="Tridion.ContentManager.ListComponentPresentations.unpack" staticName="ListComponentPresentations.unpack" synopsis="unpack(data: Object): Void" synopsisExtended="unpack(data: Object): Void" type="Object">
                          <arguments value="data">
                            <argument name="data" type="Object" />
                          </arguments>
                        </method>
                      </methods>
                      <events>
                        <event name="change" url=".Anguilla.ListComponentPresentations.js.Tridion.ContentManager.ListComponentPresentations.change.html" visibility="prototype" rawName="change" fullName="change" staticName="ListComponentPresentations.change" type="Object">
                          <documentation rawString="">
                            <summary>Fires when List changed.</summary>
                          </documentation>
                        </event>
                      </events>
                    </members>
                  </class>
                </classes>
              </members>
            </property>
          </properties>
        </members>
      </property>
    </properties>
    <events>
      <event name="change" url=".Anguilla.ListComponentPresentations.js.change.html" visibility="prototype" rawName="change" fullName="change" staticName="ListComponentPresentations.js.change" type="Object">
        <documentation rawString="">
          <summary>Fires when List changed.</summary>
        </documentation>
      </event>
    </events>
  </members>
</class>