<class name="ListGroupMembers.js" url="ListGroupMembers.js.html" visibility="default" rawName="ListGroupMembers.js" fullName="ListGroupMembers.js" staticName="Anguilla.ListGroupMembers.js">
  <documentation rawString="&#xA; * Represents a List of group members.&#xA; * @namespace {Tridion.ContentManager}&#xA; * @constructor&#xA; * @param {String} groupId The parent item's Id.&#xA; * @param {Tridion.ContentManager.ListFilter} filter The List Filter.&#xA; ">
    <summary>Represents a List of group members.</summary>
  </documentation>
  <members>
    <properties>
      <property name="Tridion" url=".Anguilla.ListGroupMembers.js.Tridion.html" visibility="public" rawName="Tridion" fullName="Tridion" staticName="ListGroupMembers.js.Tridion" synopsis="ListGroupMembers.js.Tridion: Object;" synopsisExtended="ListGroupMembers.js.Tridion: &lt;a href=&quot;&quot;&gt;Object&lt;/a&gt;;" type="Object" virtual="true">
        <members>
          <properties>
            <property name="ContentManager" url=".Anguilla.ListGroupMembers.js.Tridion.ContentManager.html" visibility="static" rawName="Tridion.ContentManager" fullName="Tridion.ContentManager" staticName="Tridion.ContentManager" synopsis="Tridion.ContentManager: Object;" synopsisExtended="Tridion.ContentManager: &lt;a href=&quot;&quot;&gt;Object&lt;/a&gt;;" type="Object" virtual="true">
              <members>
                <classes>
                  <class name="ListGroupMembers" url=".Anguilla.ListGroupMembers.js.Tridion.ContentManager.ListGroupMembers.html" visibility="static" rawName="Tridion.ContentManager.ListGroupMembers" fullName="Tridion.ContentManager.ListGroupMembers" staticName="ContentManager.ListGroupMembers" synopsis="var x: ListGroupMembers = new ListGroupMembers(groupId: String, filter: Tridion.ContentManager.ListFilter);" synopsisExtended="var x: &lt;a href=&quot;.Anguilla.ListGroupMembers.js.Tridion.ContentManager.ListGroupMembers.html&quot;&gt;ListGroupMembers&lt;/a&gt; = new ListGroupMembers(groupId: String, filter: Tridion.ContentManager.ListFilter);" type="Object">
                    <arguments value="groupId, filter">
                      <argument name="groupId" type="String" description="The parent item's Id." />
                      <argument name="filter" type="Tridion.ContentManager.ListFilter" description="The List Filter." />
                    </arguments>
                    <extends />
                    <documentation rawString="&#xA; * Represents a List of group members.&#xA; * @namespace {Tridion.ContentManager}&#xA; * @constructor&#xA; * @param {String} groupId The parent item's Id.&#xA; * @param {Tridion.ContentManager.ListFilter} filter The List Filter.&#xA; ">
                      <summary>Represents a List of group members.</summary>
                    </documentation>
                    <members>
                      <methods>
                        <method name="getTrusteesXml" url=".Anguilla.ListGroupMembers.js.Tridion.ContentManager.ListGroupMembers.getTrusteesXml.html" visibility="prototype" rawName="Tridion.ContentManager.ListGroupMembers.prototype.getTrusteesXml" fullName="Tridion.ContentManager.ListGroupMembers.getTrusteesXml" staticName="ListGroupMembers.getTrusteesXml" synopsis="getTrusteesXml(): String" synopsisExtended="getTrusteesXml(): String" type="Object">
                          <documentation rawString="&#xA; * Returns the Trustees xml fragment from this list.&#xA; * @return {String} The xml with Trustees nodes.&#xA; ">
                            <summary>Returns the Trustees xml fragment from this list.</summary>
                          </documentation>
                          <returns type="String" description="The xml with Trustees nodes." />
                        </method>
                        <method name="getTrusteeMembershipConstrainsXml" url=".Anguilla.ListGroupMembers.js.Tridion.ContentManager.ListGroupMembers.getTrusteeMembershipConstrainsXml.html" visibility="prototype" rawName="Tridion.ContentManager.ListGroupMembers.prototype.getTrusteeMembershipConstrainsXml" fullName="Tridion.ContentManager.ListGroupMembers.getTrusteeMembershipConstrainsXml" staticName="ListGroupMembers.getTrusteeMembershipConstrainsXml" synopsis="getTrusteeMembershipConstrainsXml(trusteeId: String): String" synopsisExtended="getTrusteeMembershipConstrainsXml(trusteeId: String): String" type="Object">
                          <arguments value="trusteeId">
                            <argument name="trusteeId" type="String" description="The trustee uri." />
                          </arguments>
                          <documentation rawString="&#xA; * Returns the Trustee's membership constrains (publications) xml fragment.&#xA; * @param {String} trusteeId The trustee uri.&#xA; * @return {String} The xml with MembershipConstrain data for provided trusteeId.&#xA; ">
                            <summary>Returns the Trustee's membership constrains (publications) xml fragment.</summary>
                          </documentation>
                          <returns type="String" description="The xml with MembershipConstrain data for provided trusteeId." />
                        </method>
                      </methods>
                    </members>
                  </class>
                </classes>
              </members>
            </property>
          </properties>
        </members>
      </property>
    </properties>
  </members>
</class>