<class name="ListEventsFilter.js" url="ListEventsFilter.js.html" visibility="default" rawName="ListEventsFilter.js" fullName="ListEventsFilter.js" staticName="Anguilla.ListEventsFilter.js">
  <documentation rawString="&#xA; * Represents a List events Filter in TCM.&#xA; * @namespace {Tridion.ContentManager}&#xA; * @constructor&#xA; * @param {Object} filter The base filter.&#xA; ">
    <summary>Represents a List events Filter in TCM.</summary>
  </documentation>
  <members>
    <properties>
      <property name="Tridion" url=".Anguilla.ListEventsFilter.js.Tridion.html" visibility="public" rawName="Tridion" fullName="Tridion" staticName="ListEventsFilter.js.Tridion" synopsis="ListEventsFilter.js.Tridion: Object;" synopsisExtended="ListEventsFilter.js.Tridion: &lt;a href=&quot;&quot;&gt;Object&lt;/a&gt;;" type="Object" virtual="true">
        <members>
          <properties>
            <property name="ContentManager" url=".Anguilla.ListEventsFilter.js.Tridion.ContentManager.html" visibility="static" rawName="Tridion.ContentManager" fullName="Tridion.ContentManager" staticName="Tridion.ContentManager" synopsis="Tridion.ContentManager: Object;" synopsisExtended="Tridion.ContentManager: &lt;a href=&quot;&quot;&gt;Object&lt;/a&gt;;" type="Object" virtual="true">
              <members>
                <classes>
                  <class name="ListEventsFilter" url=".Anguilla.ListEventsFilter.js.Tridion.ContentManager.ListEventsFilter.html" visibility="static" rawName="Tridion.ContentManager.ListEventsFilter" fullName="Tridion.ContentManager.ListEventsFilter" staticName="ContentManager.ListEventsFilter" synopsis="var x: ListEventsFilter = new ListEventsFilter(filter: Object);" synopsisExtended="var x: &lt;a href=&quot;.Anguilla.ListEventsFilter.js.Tridion.ContentManager.ListEventsFilter.html&quot;&gt;ListEventsFilter&lt;/a&gt; = new ListEventsFilter(filter: Object);" type="Object">
                    <arguments value="filter">
                      <argument name="filter" type="Object" description="The base filter." />
                    </arguments>
                    <extends />
                    <documentation rawString="&#xA; * Represents a List events Filter in TCM.&#xA; * @namespace {Tridion.ContentManager}&#xA; * @constructor&#xA; * @param {Object} filter The base filter.&#xA; ">
                      <summary>Represents a List events Filter in TCM.</summary>
                    </documentation>
                    <members>
                      <methods>
                        <method name="includes" url=".Anguilla.ListEventsFilter.js.Tridion.ContentManager.ListEventsFilter.includes.html" visibility="prototype" rawName="Tridion.ContentManager.ListEventsFilter.prototype.includes" fullName="Tridion.ContentManager.ListEventsFilter.includes" staticName="ListEventsFilter.includes" synopsis="includes(filter: Tridion.ContentManager.ListEventsFilter): Void" synopsisExtended="includes(filter: Tridion.ContentManager.ListEventsFilter): Void" type="Object">
                          <arguments value="filter">
                            <argument name="filter" type="Tridion.ContentManager.ListEventsFilter" description="The list filter to compare with." />
                          </arguments>
                          <documentation rawString="&#xA; * Indicates if this Filter includes another filter.&#xA; * @param {Tridion.ContentManager.ListEventsFilter} filter The list filter to compare with.&#xA; * @result {Boolean} &lt;c&gt;true&lt;/c&gt; if this list includes specified one, &lt;c&gt;false&lt;/c&gt; otherwise.&#xA; ">
                            <summary>Indicates if this Filter includes another filter.</summary>
                          </documentation>
                        </method>
                        <method name="equal" url=".Anguilla.ListEventsFilter.js.Tridion.ContentManager.ListEventsFilter.equal.html" visibility="prototype" rawName="Tridion.ContentManager.ListEventsFilter.prototype.equal" fullName="Tridion.ContentManager.ListEventsFilter.equal" staticName="ListEventsFilter.equal" synopsis="equal(filter: Tridion.ContentManager.ListEventsFilter): Void" synopsisExtended="equal(filter: Tridion.ContentManager.ListEventsFilter): Void" type="Object">
                          <arguments value="filter">
                            <argument name="filter" type="Tridion.ContentManager.ListEventsFilter" description="The list filter to compare with." />
                          </arguments>
                          <documentation rawString="&#xA; * Indicates if this Filter equals another filter.&#xA; * @param {Tridion.ContentManager.ListEventsFilter} filter The list filter to compare with.&#xA; * @result {Boolean} &lt;c&gt;true&lt;/c&gt; if this list equals to specified one, &lt;c&gt;false&lt;/c&gt; otherwise.&#xA; ">
                            <summary>Indicates if this Filter equals another filter.</summary>
                          </documentation>
                        </method>
                      </methods>
                      <properties>
                        <property name="conditions" url=".Anguilla.ListEventsFilter.js.Tridion.ContentManager.ListEventsFilter.conditions.html" visibility="instance" rawName="this.conditions" fullName="this.conditions" staticName="ListEventsFilter.conditions" synopsis="ListEventsFilter.conditions: Object;" synopsisExtended="ListEventsFilter.conditions: &lt;a href=&quot;&quot;&gt;Object&lt;/a&gt;;" type="Object" />
                      </properties>
                    </members>
                  </class>
                </classes>
              </members>
            </property>
          </properties>
        </members>
      </property>
    </properties>
  </members>
</class>