<class name="ListSystemAdministration.js" url="ListSystemAdministration.js.html" visibility="default" rawName="ListSystemAdministration.js" fullName="ListSystemAdministration.js" staticName="Anguilla.ListSystemAdministration.js">
  <documentation rawString="&#xA; * Represents a list system administration item.&#xA; * @namespace {Tridion.ContentManager}&#xA; * @constructor&#xA; * @param {String} id&#xA; * @param {Tridion.ContentManager.ListFilter} filter&#xA; ">
    <summary>Represents a list system administration item.</summary>
  </documentation>
  <members>
    <properties>
      <property name="Tridion" url=".Anguilla.ListSystemAdministration.js.Tridion.html" visibility="public" rawName="Tridion" fullName="Tridion" staticName="ListSystemAdministration.js.Tridion" synopsis="ListSystemAdministration.js.Tridion: Object;" synopsisExtended="ListSystemAdministration.js.Tridion: &lt;a href=&quot;&quot;&gt;Object&lt;/a&gt;;" type="Object" virtual="true">
        <members>
          <properties>
            <property name="Cme" url=".Anguilla.ListSystemAdministration.js.Tridion.Cme.html" visibility="static" rawName="Tridion.Cme" fullName="Tridion.Cme" staticName="Tridion.Cme" synopsis="Tridion.Cme: Object;" synopsisExtended="Tridion.Cme: &lt;a href=&quot;&quot;&gt;Object&lt;/a&gt;;" type="Object" virtual="true">
              <members>
                <properties>
                  <property name="Model" url=".Anguilla.ListSystemAdministration.js.Tridion.Cme.Model.html" visibility="static" rawName="Tridion.Cme.Model" fullName="Tridion.Cme.Model" staticName="Cme.Model" synopsis="Cme.Model: Object;" synopsisExtended="Cme.Model: &lt;a href=&quot;&quot;&gt;Object&lt;/a&gt;;" type="Object" virtual="true">
                    <members>
                      <classes>
                        <class name="ListSystemAdministration" url=".Anguilla.ListSystemAdministration.js.Tridion.Cme.Model.ListSystemAdministration.html" visibility="static" rawName="Tridion.Cme.Model.ListSystemAdministration" fullName="Tridion.Cme.Model.ListSystemAdministration" staticName="Model.ListSystemAdministration" synopsis="var x: ListSystemAdministration = new ListSystemAdministration(id: Object, filter: Object);" synopsisExtended="var x: &lt;a href=&quot;.Anguilla.ListSystemAdministration.js.Tridion.Cme.Model.ListSystemAdministration.html&quot;&gt;ListSystemAdministration&lt;/a&gt; = new ListSystemAdministration(id: Object, filter: Object);" type="Object">
                          <arguments value="id, filter">
                            <argument name="id" type="Object" />
                            <argument name="filter" type="Object" />
                          </arguments>
                          <extends />
                          <documentation rawString="&#xA; * Represents a list system administration item.&#xA; * @namespace {Tridion.ContentManager}&#xA; * @constructor&#xA; * @param {String} id&#xA; * @param {Tridion.ContentManager.ListFilter} filter&#xA; ">
                            <summary>Represents a list system administration item.</summary>
                          </documentation>
                          <members>
                            <methods>
                              <method name="executeLoadList" url=".Anguilla.ListSystemAdministration.js.Tridion.Cme.Model.ListSystemAdministration.executeLoadList.html" visibility="prototype" rawName="Tridion.Cme.Model.ListSystemAdministration.prototype.executeLoadList" fullName="Tridion.Cme.Model.ListSystemAdministration.executeLoadList" staticName="ListSystemAdministration.executeLoadList" synopsis="executeLoadList(id: String, filter: Tridion.ContentManager.ListFilter, success: Function, failure: Function): Void" synopsisExtended="executeLoadList(id: String, filter: Tridion.ContentManager.ListFilter, success: Function, failure: Function): Void" type="Object">
                                <arguments value="id, filter, success, failure">
                                  <argument name="id" type="String" description="The id of the List." />
                                  <argument name="filter" type="Tridion.ContentManager.ListFilter" description="The filter of the list." />
                                  <argument name="success" type="Function" description="The callback to be caled on success." />
                                  <argument name="failure" type="Function" description="The callback to be called on failure." />
                                </arguments>
                                <documentation rawString="&#xA; * Server call to load the List.&#xA; * @param {String} id The id of the List.&#xA; * @param {Tridion.ContentManager.ListFilter} filter The filter of the list.&#xA; * @param {Function} success The callback to be caled on success.&#xA; * @param {Function} failure The callback to be called on failure.&#xA; ">
                                  <summary>Server call to load the List.</summary>
                                </documentation>
                              </method>
                            </methods>
                          </members>
                        </class>
                      </classes>
                    </members>
                  </property>
                </properties>
              </members>
            </property>
          </properties>
        </members>
      </property>
    </properties>
  </members>
</class>