<document name="ListFilterView.js" url="ListFilterView.js.html" visibility="default" rawName="ListFilterView.js" fullName="ListFilterView.js" staticName="Anguilla.ListFilterView.js">
  <members>
    <properties>
      <property name="Tridion" url=".Anguilla.ListFilterView.js.Tridion.html" visibility="public" rawName="Tridion" fullName="Tridion" staticName="ListFilterView.js.Tridion" synopsis="ListFilterView.js.Tridion: Object;" synopsisExtended="ListFilterView.js.Tridion: &lt;a href=&quot;&quot;&gt;Object&lt;/a&gt;;" type="Object" virtual="true">
        <members>
          <properties>
            <property name="Cme" url=".Anguilla.ListFilterView.js.Tridion.Cme.html" visibility="static" rawName="Tridion.Cme" fullName="Tridion.Cme" staticName="Tridion.Cme" synopsis="Tridion.Cme: Object;" synopsisExtended="Tridion.Cme: &lt;a href=&quot;&quot;&gt;Object&lt;/a&gt;;" type="Object" virtual="true">
              <members>
                <properties>
                  <property name="Views" url=".Anguilla.ListFilterView.js.Tridion.Cme.Views.html" visibility="static" rawName="Tridion.Cme.Views" fullName="Tridion.Cme.Views" staticName="Cme.Views" synopsis="Cme.Views: Object;" synopsisExtended="Cme.Views: &lt;a href=&quot;&quot;&gt;Object&lt;/a&gt;;" type="Object" virtual="true">
                    <members>
                      <classes>
                        <class name="ListFilterView" url=".Anguilla.ListFilterView.js.Tridion.Cme.Views.ListFilterView.html" visibility="static" rawName="Tridion.Cme.Views.ListFilterView" fullName="Tridion.Cme.Views.ListFilterView" staticName="Views.ListFilterView" synopsis="var x: ListFilterView = new ListFilterView();" synopsisExtended="var x: &lt;a href=&quot;.Anguilla.ListFilterView.js.Tridion.Cme.Views.ListFilterView.html&quot;&gt;ListFilterView&lt;/a&gt; = new ListFilterView();" type="Object">
                          <extends />
                          <documentation rawString="&#xA; * Implements list filter view&#xA; * @constructor&#xA; ">
                            <summary>Implements list filter view</summary>
                          </documentation>
                          <members>
                            <methods>
                              <method name="disposeInterface" url=".Anguilla.ListFilterView.js.Tridion.Cme.Views.ListFilterView.disposeInterface.html" visibility="prototype" rawName="Tridion.Cme.Views.ListFilterView.prototype.disposeInterface" fullName="Tridion.Cme.Views.ListFilterView.disposeInterface" staticName="ListFilterView.disposeInterface" synopsis="disposeInterface(): Void" synopsisExtended="disposeInterface(): Void" type="Object">
                                <documentation rawString="&#xA; * Clean up.&#xA; ">
                                  <summary>Clean up.</summary>
                                </documentation>
                              </method>
                              <method name="updateView" url=".Anguilla.ListFilterView.js.Tridion.Cme.Views.ListFilterView.updateView.html" visibility="prototype" rawName="Tridion.Cme.Views.ListFilterView.prototype.updateView" fullName="Tridion.Cme.Views.ListFilterView.updateView" staticName="ListFilterView.updateView" synopsis="updateView(TCM: itemId., Set: params.): Void" synopsisExtended="updateView(TCM: itemId., Set: params.): Void" type="Object">
                                <arguments value="itemId, params">
                                  <argument name="TCM" type="itemId." description="item id." />
                                  <argument name="Set" type="params." description="of the list parameters." />
                                </arguments>
                                <documentation rawString="&#xA; * Updating view representation.&#xA; * @param {String} itemId. TCM item id.&#xA; * @param {Object} params. Set of the list parameters. &#xA; ">
                                  <summary>Updating view representation.</summary>
                                </documentation>
                              </method>
                              <method name="getHeight" url=".Anguilla.ListFilterView.js.Tridion.Cme.Views.ListFilterView.getHeight.html" visibility="prototype" rawName="Tridion.Cme.Views.ListFilterView.prototype.getHeight" fullName="Tridion.Cme.Views.ListFilterView.getHeight" staticName="ListFilterView.getHeight" synopsis="getHeight(): Number" synopsisExtended="getHeight(): Number" type="Object">
                                <documentation rawString="&#xA; * Gets the list filter height.&#xA; * @returns {Number} list filter height. &#xA; ">
                                  <summary>Gets the list filter height.</summary>
                                </documentation>
                                <returns type="Number" description="list filter height." />
                              </method>
                              <method name="getFilter" url=".Anguilla.ListFilterView.js.Tridion.Cme.Views.ListFilterView.getFilter.html" visibility="prototype" rawName="Tridion.Cme.Views.ListFilterView.prototype.getFilter" fullName="Tridion.Cme.Views.ListFilterView.getFilter" staticName="ListFilterView.getFilter" synopsis="getFilter(): Void" synopsisExtended="getFilter(): Void" type="Object">
                                <documentation rawString="&#xA; * Gets the list filter for items list.&#xA; ">
                                  <summary>Gets the list filter for items list.</summary>
                                </documentation>
                              </method>
                              <method name="notifyParentControl" url=".Anguilla.ListFilterView.js.Tridion.Cme.Views.ListFilterView.notifyParentControl.html" visibility="prototype" rawName="Tridion.Cme.Views.ListFilterView.prototype.notifyParentControl" fullName="Tridion.Cme.Views.ListFilterView.notifyParentControl" staticName="ListFilterView.notifyParentControl" synopsis="notifyParentControl(): Void" synopsisExtended="notifyParentControl(): Void" type="Object" />
                              <method name="_getWindowUrl" url=".Anguilla.ListFilterView.js.Tridion.Cme.Views.ListFilterView._getWindowUrl.html" visibility="prototype" rawName="Tridion.Cme.Views.ListFilterView.prototype._getWindowUrl" fullName="Tridion.Cme.Views.ListFilterView._getWindowUrl" staticName="ListFilterView._getWindowUrl" synopsis="_getWindowUrl(): Void" synopsisExtended="_getWindowUrl(): Void" type="Object" />
                              <method name="initialize" url=".Anguilla.ListFilterView.js.Tridion.Cme.Views.ListFilterView.initialize.html" visibility="private" rawName="Tridion.Cme.Views.ListFilterView.prototype.initialize" fullName="Tridion.Cme.Views.ListFilterView.initialize" staticName="ListFilterView.initialize" synopsis="initialize(): Void" synopsisExtended="initialize(): Void" type="Object">
                                <documentation rawString="&#xA; * Initializes list filter view&#xA; * @private&#xA; ">
                                  <summary>Initializes list filter view</summary>
                                </documentation>
                              </method>
                            </methods>
                          </members>
                        </class>
                      </classes>
                    </members>
                  </property>
                </properties>
              </members>
            </property>
          </properties>
        </members>
      </property>
    </properties>
  </members>
</document>