<class name="ListTemplateBuildingBlocks.js" url="ListTemplateBuildingBlocks.js.html" visibility="default" rawName="ListTemplateBuildingBlocks.js" fullName="ListTemplateBuildingBlocks.js" staticName="Anguilla.ListTemplateBuildingBlocks.js">
  <documentation rawString="&#xA; * Represents a List of Template Building Blocks.&#xA; * @namespace {Tridion.ContentManager}&#xA; * @constructor&#xA; * @param {String} parentId The parent item's Id.&#xA; * @param {Tridion.ContentManager.ListFilter} filter The List Filter.&#xA; ">
    <summary>Represents a List of Template Building Blocks.</summary>
  </documentation>
  <members>
    <properties>
      <property name="Tridion" url=".Anguilla.ListTemplateBuildingBlocks.js.Tridion.html" visibility="public" rawName="Tridion" fullName="Tridion" staticName="ListTemplateBuildingBlocks.js.Tridion" synopsis="ListTemplateBuildingBlocks.js.Tridion: Object;" synopsisExtended="ListTemplateBuildingBlocks.js.Tridion: &lt;a href=&quot;&quot;&gt;Object&lt;/a&gt;;" type="Object" virtual="true">
        <members>
          <properties>
            <property name="ContentManager" url=".Anguilla.ListTemplateBuildingBlocks.js.Tridion.ContentManager.html" visibility="static" rawName="Tridion.ContentManager" fullName="Tridion.ContentManager" staticName="Tridion.ContentManager" synopsis="Tridion.ContentManager: Object;" synopsisExtended="Tridion.ContentManager: &lt;a href=&quot;&quot;&gt;Object&lt;/a&gt;;" type="Object" virtual="true">
              <members>
                <classes>
                  <class name="ListTemplateBuildingBlocks" url=".Anguilla.ListTemplateBuildingBlocks.js.Tridion.ContentManager.ListTemplateBuildingBlocks.html" visibility="static" rawName="Tridion.ContentManager.ListTemplateBuildingBlocks" fullName="Tridion.ContentManager.ListTemplateBuildingBlocks" staticName="ContentManager.ListTemplateBuildingBlocks" synopsis="var x: ListTemplateBuildingBlocks = new ListTemplateBuildingBlocks(parentId: String, filter: Tridion.ContentManager.ListFilter);" synopsisExtended="var x: &lt;a href=&quot;.Anguilla.ListTemplateBuildingBlocks.js.Tridion.ContentManager.ListTemplateBuildingBlocks.html&quot;&gt;ListTemplateBuildingBlocks&lt;/a&gt; = new ListTemplateBuildingBlocks(parentId: String, filter: Tridion.ContentManager.ListFilter);" type="Object">
                    <arguments value="parentId, filter">
                      <argument name="parentId" type="String" description="The parent item's Id." />
                      <argument name="filter" type="Tridion.ContentManager.ListFilter" description="The List Filter." />
                    </arguments>
                    <extends />
                    <documentation rawString="&#xA; * Represents a List of Template Building Blocks.&#xA; * @namespace {Tridion.ContentManager}&#xA; * @constructor&#xA; * @param {String} parentId The parent item's Id.&#xA; * @param {Tridion.ContentManager.ListFilter} filter The List Filter.&#xA; ">
                      <summary>Represents a List of Template Building Blocks.</summary>
                    </documentation>
                  </class>
                </classes>
              </members>
            </property>
          </properties>
        </members>
      </property>
    </properties>
  </members>
</class>