<document name="ListColumn.js" url="ListColumn.js.html" visibility="default" rawName="ListColumn.js" fullName="ListColumn.js" staticName="Anguilla.ListColumn.js">
  <members>
    <properties>
      <property name="Tridion" url=".Anguilla.ListColumn.js.Tridion.html" visibility="public" rawName="Tridion" fullName="Tridion" staticName="ListColumn.js.Tridion" synopsis="ListColumn.js.Tridion: Object;" synopsisExtended="ListColumn.js.Tridion: &lt;a href=&quot;&quot;&gt;Object&lt;/a&gt;;" type="Object" virtual="true">
        <members>
          <properties>
            <property name="Controls" url=".Anguilla.ListColumn.js.Tridion.Controls.html" visibility="static" rawName="Tridion.Controls" fullName="Tridion.Controls" staticName="Tridion.Controls" synopsis="Tridion.Controls: Object;" synopsisExtended="Tridion.Controls: &lt;a href=&quot;&quot;&gt;Object&lt;/a&gt;;" type="Object" virtual="true">
              <members>
                <classes>
                  <class name="ListColumn" url=".Anguilla.ListColumn.js.Tridion.Controls.ListColumn.html" visibility="static" rawName="Tridion.Controls.ListColumn" fullName="Tridion.Controls.ListColumn" staticName="Controls.ListColumn" synopsis="var x: ListColumn = new ListColumn(definitionNode: Object, dictionary: Object, index: Object);" synopsisExtended="var x: &lt;a href=&quot;.Anguilla.ListColumn.js.Tridion.Controls.ListColumn.html&quot;&gt;ListColumn&lt;/a&gt; = new ListColumn(definitionNode: Object, dictionary: Object, index: Object);" type="Object">
                    <arguments value="definitionNode, dictionary, index">
                      <argument name="definitionNode" type="Object" />
                      <argument name="dictionary" type="Object" />
                      <argument name="index" type="Object" />
                    </arguments>
                    <extends />
                    <members>
                      <methods>
                        <method name="getColumnFilter" url=".Anguilla.ListColumn.js.Tridion.Controls.ListColumn.getColumnFilter.html" visibility="prototype" rawName="Tridion.Controls.ListColumn.prototype.getColumnFilter" fullName="Tridion.Controls.ListColumn.getColumnFilter" staticName="ListColumn.getColumnFilter" synopsis="getColumnFilter(): Void" synopsisExtended="getColumnFilter(): Void" type="Object" />
                        <method name="getElement" url=".Anguilla.ListColumn.js.Tridion.Controls.ListColumn.getElement.html" visibility="prototype" rawName="Tridion.Controls.ListColumn.prototype.getElement" fullName="Tridion.Controls.ListColumn.getElement" staticName="ListColumn.getElement" synopsis="getElement(): Void" synopsisExtended="getElement(): Void" type="Object" />
                        <method name="parse" url=".Anguilla.ListColumn.js.Tridion.Controls.ListColumn.parse.html" visibility="prototype" rawName="Tridion.Controls.ListColumn.prototype.parse" fullName="Tridion.Controls.ListColumn.parse" staticName="ListColumn.parse" synopsis="parse(definitionNode: Object): Void" synopsisExtended="parse(definitionNode: Object): Void" type="Object">
                          <arguments value="definitionNode">
                            <argument name="definitionNode" type="Object" />
                          </arguments>
                        </method>
                        <method name="getTitle" url=".Anguilla.ListColumn.js.Tridion.Controls.ListColumn.getTitle.html" visibility="prototype" rawName="Tridion.Controls.ListColumn.prototype.getTitle" fullName="Tridion.Controls.ListColumn.getTitle" staticName="ListColumn.getTitle" synopsis="getTitle(): Void" synopsisExtended="getTitle(): Void" type="Object" />
                        <method name="getId" url=".Anguilla.ListColumn.js.Tridion.Controls.ListColumn.getId.html" visibility="prototype" rawName="Tridion.Controls.ListColumn.prototype.getId" fullName="Tridion.Controls.ListColumn.getId" staticName="ListColumn.getId" synopsis="getId(): Void" synopsisExtended="getId(): Void" type="Object" />
                        <method name="getMinWidth" url=".Anguilla.ListColumn.js.Tridion.Controls.ListColumn.getMinWidth.html" visibility="prototype" rawName="Tridion.Controls.ListColumn.prototype.getMinWidth" fullName="Tridion.Controls.ListColumn.getMinWidth" staticName="ListColumn.getMinWidth" synopsis="getMinWidth(value: Number): Number" synopsisExtended="getMinWidth(value: Number): Number" type="Object">
                          <arguments value="value">
                            <argument name="value" type="Number" description="Optional proposed minimum value." />
                          </arguments>
                          <documentation rawString="&#xA; * Returns this column's minimum outer width.&#xA; * If the &lt;c&gt;value&lt;/c&gt; argument is specified, returns the value if the value is equal to or greater than the minimum value.&#xA; * @param {Number} value Optional proposed minimum value.&#xA; * @return {Number} This column's minimum outer width.&#xA; ">
                            <summary>Returns this column's minimum outer width.</summary>
                            <description>If the &lt;c&gt;value&lt;/c&gt; argument is specified, returns the value if the value is equal to or greater than the minimum value.</description>
                          </documentation>
                          <returns type="Number" description="This column's minimum outer width." />
                        </method>
                        <method name="getOuterWidth" url=".Anguilla.ListColumn.js.Tridion.Controls.ListColumn.getOuterWidth.html" visibility="prototype" rawName="Tridion.Controls.ListColumn.prototype.getOuterWidth" fullName="Tridion.Controls.ListColumn.getOuterWidth" staticName="ListColumn.getOuterWidth" synopsis="getOuterWidth(value: Object): Void" synopsisExtended="getOuterWidth(value: Object): Void" type="Object">
                          <arguments value="value">
                            <argument name="value" type="Object" />
                          </arguments>
                        </method>
                        <method name="setOuterWidth" url=".Anguilla.ListColumn.js.Tridion.Controls.ListColumn.setOuterWidth.html" visibility="prototype" rawName="Tridion.Controls.ListColumn.prototype.setOuterWidth" fullName="Tridion.Controls.ListColumn.setOuterWidth" staticName="ListColumn.setOuterWidth" synopsis="setOuterWidth(value: Object): Void" synopsisExtended="setOuterWidth(value: Object): Void" type="Object">
                          <arguments value="value">
                            <argument name="value" type="Object" />
                          </arguments>
                        </method>
                        <method name="getPaddingWidth" url=".Anguilla.ListColumn.js.Tridion.Controls.ListColumn.getPaddingWidth.html" visibility="prototype" rawName="Tridion.Controls.ListColumn.prototype.getPaddingWidth" fullName="Tridion.Controls.ListColumn.getPaddingWidth" staticName="ListColumn.getPaddingWidth" synopsis="getPaddingWidth(value: Object): Void" synopsisExtended="getPaddingWidth(value: Object): Void" type="Object">
                          <arguments value="value">
                            <argument name="value" type="Object" />
                          </arguments>
                        </method>
                        <method name="setPaddingWidth" url=".Anguilla.ListColumn.js.Tridion.Controls.ListColumn.setPaddingWidth.html" visibility="prototype" rawName="Tridion.Controls.ListColumn.prototype.setPaddingWidth" fullName="Tridion.Controls.ListColumn.setPaddingWidth" staticName="ListColumn.setPaddingWidth" synopsis="setPaddingWidth(value: Object): Void" synopsisExtended="setPaddingWidth(value: Object): Void" type="Object">
                          <arguments value="value">
                            <argument name="value" type="Object" />
                          </arguments>
                        </method>
                        <method name="getBorderWidth" url=".Anguilla.ListColumn.js.Tridion.Controls.ListColumn.getBorderWidth.html" visibility="prototype" rawName="Tridion.Controls.ListColumn.prototype.getBorderWidth" fullName="Tridion.Controls.ListColumn.getBorderWidth" staticName="ListColumn.getBorderWidth" synopsis="getBorderWidth(): Void" synopsisExtended="getBorderWidth(): Void" type="Object" />
                        <method name="setBorderWidth" url=".Anguilla.ListColumn.js.Tridion.Controls.ListColumn.setBorderWidth.html" visibility="prototype" rawName="Tridion.Controls.ListColumn.prototype.setBorderWidth" fullName="Tridion.Controls.ListColumn.setBorderWidth" staticName="ListColumn.setBorderWidth" synopsis="setBorderWidth(value: Object): Void" synopsisExtended="setBorderWidth(value: Object): Void" type="Object">
                          <arguments value="value">
                            <argument name="value" type="Object" />
                          </arguments>
                        </method>
                        <method name="getContentWidth" url=".Anguilla.ListColumn.js.Tridion.Controls.ListColumn.getContentWidth.html" visibility="prototype" rawName="Tridion.Controls.ListColumn.prototype.getContentWidth" fullName="Tridion.Controls.ListColumn.getContentWidth" staticName="ListColumn.getContentWidth" synopsis="getContentWidth(): Void" synopsisExtended="getContentWidth(): Void" type="Object" />
                        <method name="getInnerWidth" url=".Anguilla.ListColumn.js.Tridion.Controls.ListColumn.getInnerWidth.html" visibility="prototype" rawName="Tridion.Controls.ListColumn.prototype.getInnerWidth" fullName="Tridion.Controls.ListColumn.getInnerWidth" staticName="ListColumn.getInnerWidth" synopsis="getInnerWidth(): Void" synopsisExtended="getInnerWidth(): Void" type="Object" />
                        <method name="getDefinedWidth" url=".Anguilla.ListColumn.js.Tridion.Controls.ListColumn.getDefinedWidth.html" visibility="prototype" rawName="Tridion.Controls.ListColumn.prototype.getDefinedWidth" fullName="Tridion.Controls.ListColumn.getDefinedWidth" staticName="ListColumn.getDefinedWidth" synopsis="getDefinedWidth(): Void" synopsisExtended="getDefinedWidth(): Void" type="Object" />
                        <method name="setDefinedWidth" url=".Anguilla.ListColumn.js.Tridion.Controls.ListColumn.setDefinedWidth.html" visibility="prototype" rawName="Tridion.Controls.ListColumn.prototype.setDefinedWidth" fullName="Tridion.Controls.ListColumn.setDefinedWidth" staticName="ListColumn.setDefinedWidth" synopsis="setDefinedWidth(value: Object): Void" synopsisExtended="setDefinedWidth(value: Object): Void" type="Object">
                          <arguments value="value">
                            <argument name="value" type="Object" />
                          </arguments>
                        </method>
                        <method name="getDictionary" url=".Anguilla.ListColumn.js.Tridion.Controls.ListColumn.getDictionary.html" visibility="prototype" rawName="Tridion.Controls.ListColumn.prototype.getDictionary" fullName="Tridion.Controls.ListColumn.getDictionary" staticName="ListColumn.getDictionary" synopsis="getDictionary(): Void" synopsisExtended="getDictionary(): Void" type="Object" />
                        <method name="isResizable" url=".Anguilla.ListColumn.js.Tridion.Controls.ListColumn.isResizable.html" visibility="prototype" rawName="Tridion.Controls.ListColumn.prototype.isResizable" fullName="Tridion.Controls.ListColumn.isResizable" staticName="ListColumn.isResizable" synopsis="isResizable(): Void" synopsisExtended="isResizable(): Void" type="Object" />
                        <method name="isFilterable" url=".Anguilla.ListColumn.js.Tridion.Controls.ListColumn.isFilterable.html" visibility="prototype" rawName="Tridion.Controls.ListColumn.prototype.isFilterable" fullName="Tridion.Controls.ListColumn.isFilterable" staticName="ListColumn.isFilterable" synopsis="isFilterable(): Void" synopsisExtended="isFilterable(): Void" type="Object" />
                        <method name="isSortable" url=".Anguilla.ListColumn.js.Tridion.Controls.ListColumn.isSortable.html" visibility="prototype" rawName="Tridion.Controls.ListColumn.prototype.isSortable" fullName="Tridion.Controls.ListColumn.isSortable" staticName="ListColumn.isSortable" synopsis="isSortable(): Void" synopsisExtended="isSortable(): Void" type="Object" />
                        <method name="isIconColumn" url=".Anguilla.ListColumn.js.Tridion.Controls.ListColumn.isIconColumn.html" visibility="prototype" rawName="Tridion.Controls.ListColumn.prototype.isIconColumn" fullName="Tridion.Controls.ListColumn.isIconColumn" staticName="ListColumn.isIconColumn" synopsis="isIconColumn(): Void" synopsisExtended="isIconColumn(): Void" type="Object" />
                        <method name="getValueType" url=".Anguilla.ListColumn.js.Tridion.Controls.ListColumn.getValueType.html" visibility="prototype" rawName="Tridion.Controls.ListColumn.prototype.getValueType" fullName="Tridion.Controls.ListColumn.getValueType" staticName="ListColumn.getValueType" synopsis="getValueType(): Void" synopsisExtended="getValueType(): Void" type="Object" />
                        <method name="getXPath" url=".Anguilla.ListColumn.js.Tridion.Controls.ListColumn.getXPath.html" visibility="prototype" rawName="Tridion.Controls.ListColumn.prototype.getXPath" fullName="Tridion.Controls.ListColumn.getXPath" staticName="ListColumn.getXPath" synopsis="getXPath(): Void" synopsisExtended="getXPath(): Void" type="Object" />
                        <method name="getAlternateXPath" url=".Anguilla.ListColumn.js.Tridion.Controls.ListColumn.getAlternateXPath.html" visibility="prototype" rawName="Tridion.Controls.ListColumn.prototype.getAlternateXPath" fullName="Tridion.Controls.ListColumn.getAlternateXPath" staticName="ListColumn.getAlternateXPath" synopsis="getAlternateXPath(): Void" synopsisExtended="getAlternateXPath(): Void" type="Object" />
                        <method name="getIconPath" url=".Anguilla.ListColumn.js.Tridion.Controls.ListColumn.getIconPath.html" visibility="prototype" rawName="Tridion.Controls.ListColumn.prototype.getIconPath" fullName="Tridion.Controls.ListColumn.getIconPath" staticName="ListColumn.getIconPath" synopsis="getIconPath(iconValue: Object): Void" synopsisExtended="getIconPath(iconValue: Object): Void" type="Object">
                          <arguments value="iconValue">
                            <argument name="iconValue" type="Object" />
                          </arguments>
                        </method>
                        <method name="translateValue" url=".Anguilla.ListColumn.js.Tridion.Controls.ListColumn.translateValue.html" visibility="prototype" rawName="Tridion.Controls.ListColumn.prototype.translateValue" fullName="Tridion.Controls.ListColumn.translateValue" staticName="ListColumn.translateValue" synopsis="translateValue(colValue: Object): Void" synopsisExtended="translateValue(colValue: Object): Void" type="Object">
                          <arguments value="colValue">
                            <argument name="colValue" type="Object" />
                          </arguments>
                        </method>
                        <method name="setCellValue" url=".Anguilla.ListColumn.js.Tridion.Controls.ListColumn.setCellValue.html" visibility="prototype" rawName="Tridion.Controls.ListColumn.prototype.setCellValue" fullName="Tridion.Controls.ListColumn.setCellValue" staticName="ListColumn.setCellValue" synopsis="setCellValue(cell: Object): Void" synopsisExtended="setCellValue(cell: Object): Void" type="Object">
                          <arguments value="cell">
                            <argument name="cell" type="Object" />
                          </arguments>
                        </method>
                        <method name="compareValues" url=".Anguilla.ListColumn.js.Tridion.Controls.ListColumn.compareValues.html" visibility="prototype" rawName="Tridion.Controls.ListColumn.prototype.compareValues" fullName="Tridion.Controls.ListColumn.compareValues" staticName="ListColumn.compareValues" synopsis="compareValues(value1: Object, value2: Object, reverse: Object): Void" synopsisExtended="compareValues(value1: Object, value2: Object, reverse: Object): Void" type="Object">
                          <arguments value="value1, value2, reverse">
                            <argument name="value1" type="Object" />
                            <argument name="value2" type="Object" />
                            <argument name="reverse" type="Object" />
                          </arguments>
                        </method>
                        <method name="compareLiteral" url=".Anguilla.ListColumn.js.Tridion.Controls.ListColumn.compareLiteral.html" visibility="prototype" rawName="Tridion.Controls.ListColumn.prototype.compareLiteral" fullName="Tridion.Controls.ListColumn.compareLiteral" staticName="ListColumn.compareLiteral" synopsis="compareLiteral(value1: Object, value2: Object, reverse: Object): Void" synopsisExtended="compareLiteral(value1: Object, value2: Object, reverse: Object): Void" type="Object">
                          <arguments value="value1, value2, reverse">
                            <argument name="value1" type="Object" />
                            <argument name="value2" type="Object" />
                            <argument name="reverse" type="Object" />
                          </arguments>
                        </method>
                        <method name="compareByDictionary" url=".Anguilla.ListColumn.js.Tridion.Controls.ListColumn.compareByDictionary.html" visibility="prototype" rawName="Tridion.Controls.ListColumn.prototype.compareByDictionary" fullName="Tridion.Controls.ListColumn.compareByDictionary" staticName="ListColumn.compareByDictionary" synopsis="compareByDictionary(value1: Object, value2: Object, reverse: Object): Void" synopsisExtended="compareByDictionary(value1: Object, value2: Object, reverse: Object): Void" type="Object">
                          <arguments value="value1, value2, reverse">
                            <argument name="value1" type="Object" />
                            <argument name="value2" type="Object" />
                            <argument name="reverse" type="Object" />
                          </arguments>
                        </method>
                        <method name="createHead_refreshColumnFilters" url=".Anguilla.ListColumn.js.Tridion.Controls.ListColumn.createHead_refreshColumnFilters.html" visibility="prototype" rawName="Tridion.Controls.ListColumn.prototype.createHead_refreshColumnFilters" fullName="Tridion.Controls.ListColumn.createHead_refreshColumnFilters" staticName="ListColumn.createHead_refreshColumnFilters" synopsis="createHead_refreshColumnFilters(): Void" synopsisExtended="createHead_refreshColumnFilters(): Void" type="Object" />
                        <method name="_drawColumnFilter" url=".Anguilla.ListColumn.js.Tridion.Controls.ListColumn._drawColumnFilter.html" visibility="prototype" rawName="Tridion.Controls.ListColumn.prototype._drawColumnFilter" fullName="Tridion.Controls.ListColumn._drawColumnFilter" staticName="ListColumn._drawColumnFilter" synopsis="_drawColumnFilter(): Void" synopsisExtended="_drawColumnFilter(): Void" type="Object" />
                        <method name="createHead" url=".Anguilla.ListColumn.js.Tridion.Controls.ListColumn.createHead.html" visibility="prototype" rawName="Tridion.Controls.ListColumn.prototype.createHead" fullName="Tridion.Controls.ListColumn.createHead" staticName="ListColumn.createHead" synopsis="createHead(container: Object): Void" synopsisExtended="createHead(container: Object): Void" type="Object">
                          <arguments value="container">
                            <argument name="container" type="Object" />
                          </arguments>
                        </method>
                        <method name="refreshColumnFilter" url=".Anguilla.ListColumn.js.Tridion.Controls.ListColumn.refreshColumnFilter.html" visibility="prototype" rawName="Tridion.Controls.ListColumn.prototype.refreshColumnFilter" fullName="Tridion.Controls.ListColumn.refreshColumnFilter" staticName="ListColumn.refreshColumnFilter" synopsis="refreshColumnFilter(): Void" synopsisExtended="refreshColumnFilter(): Void" type="Object" />
                        <method name="_firstDraw" url=".Anguilla.ListColumn.js.Tridion.Controls.ListColumn._firstDraw.html" visibility="prototype" rawName="Tridion.Controls.ListColumn.prototype._firstDraw" fullName="Tridion.Controls.ListColumn._firstDraw" staticName="ListColumn._firstDraw" synopsis="_firstDraw(): Void" synopsisExtended="_firstDraw(): Void" type="Object" />
                        <method name="_onFilter" url=".Anguilla.ListColumn.js.Tridion.Controls.ListColumn._onFilter.html" visibility="prototype" rawName="Tridion.Controls.ListColumn.prototype._onFilter" fullName="Tridion.Controls.ListColumn._onFilter" staticName="ListColumn._onFilter" synopsis="_onFilter(e: Object): Void" synopsisExtended="_onFilter(e: Object): Void" type="Object">
                          <arguments value="e">
                            <argument name="e" type="Object" />
                          </arguments>
                        </method>
                        <method name="_onColumnFilterBtnClicked" url=".Anguilla.ListColumn.js.Tridion.Controls.ListColumn._onColumnFilterBtnClicked.html" visibility="prototype" rawName="Tridion.Controls.ListColumn.prototype._onColumnFilterBtnClicked" fullName="Tridion.Controls.ListColumn._onColumnFilterBtnClicked" staticName="ListColumn._onColumnFilterBtnClicked" synopsis="_onColumnFilterBtnClicked(e: Object): Void" synopsisExtended="_onColumnFilterBtnClicked(e: Object): Void" type="Object">
                          <arguments value="e">
                            <argument name="e" type="Object" />
                          </arguments>
                        </method>
                        <method name="repositionColumnFilter" url=".Anguilla.ListColumn.js.Tridion.Controls.ListColumn.repositionColumnFilter.html" visibility="prototype" rawName="Tridion.Controls.ListColumn.prototype.repositionColumnFilter" fullName="Tridion.Controls.ListColumn.repositionColumnFilter" staticName="ListColumn.repositionColumnFilter" synopsis="repositionColumnFilter(): Void" synopsisExtended="repositionColumnFilter(): Void" type="Object" />
                        <method name="getParent" url=".Anguilla.ListColumn.js.Tridion.Controls.ListColumn.getParent.html" visibility="prototype" rawName="Tridion.Controls.ListColumn.prototype.getParent" fullName="Tridion.Controls.ListColumn.getParent" staticName="ListColumn.getParent" synopsis="getParent(): Void" synopsisExtended="getParent(): Void" type="Object" />
                        <method name="setParent" url=".Anguilla.ListColumn.js.Tridion.Controls.ListColumn.setParent.html" visibility="prototype" rawName="Tridion.Controls.ListColumn.prototype.setParent" fullName="Tridion.Controls.ListColumn.setParent" staticName="ListColumn.setParent" synopsis="setParent(value: Object): Void" synopsisExtended="setParent(value: Object): Void" type="Object">
                          <arguments value="value">
                            <argument name="value" type="Object" />
                          </arguments>
                        </method>
                        <method name="disposeInterface" url=".Anguilla.ListColumn.js.Tridion.Controls.ListColumn.disposeInterface.html" visibility="prototype" rawName="Tridion.Controls.ListColumn.prototype.disposeInterface" fullName="Tridion.Controls.ListColumn.disposeInterface" staticName="ListColumn.disposeInterface" synopsis="disposeInterface(): Void" synopsisExtended="disposeInterface(): Void" type="Object" />
                      </methods>
                      <properties>
                        <property name="ValueType" url=".Anguilla.ListColumn.js.Tridion.Controls.ListColumn.ValueType.html" visibility="instance" rawName="Tridion.Controls.ListColumn.ValueType" fullName="Tridion.Controls.ListColumn.ValueType" staticName="ListColumn.ValueType" synopsis="ListColumn.ValueType: Object;" synopsisExtended="ListColumn.ValueType: &lt;a href=&quot;&quot;&gt;Object&lt;/a&gt;;" type="Object">
                          <documentation rawString="&#xA; * Defines the column value types.&#xA; * @struct&#xA; ">
                            <summary>Defines the column value types.</summary>
                          </documentation>
                          <members>
                            <properties>
                              <property name="LITERAL" url=".Anguilla.ListColumn.js.Tridion.Controls.ListColumn.ValueType.LITERAL.html" visibility="instance" rawName="LITERAL" fullName="LITERAL" staticName="ValueType.LITERAL" synopsis="ValueType.LITERAL: Object;" synopsisExtended="ValueType.LITERAL: &lt;a href=&quot;&quot;&gt;Object&lt;/a&gt;;" type="Object" />
                              <property name="DICTIONARY" url=".Anguilla.ListColumn.js.Tridion.Controls.ListColumn.ValueType.DICTIONARY.html" visibility="instance" rawName="DICTIONARY" fullName="DICTIONARY" staticName="ValueType.DICTIONARY" synopsis="ValueType.DICTIONARY: Object;" synopsisExtended="ValueType.DICTIONARY: &lt;a href=&quot;&quot;&gt;Object&lt;/a&gt;;" type="Object" />
                              <property name="TRANSLATED" url=".Anguilla.ListColumn.js.Tridion.Controls.ListColumn.ValueType.TRANSLATED.html" visibility="instance" rawName="TRANSLATED" fullName="TRANSLATED" staticName="ValueType.TRANSLATED" synopsis="ValueType.TRANSLATED: Object;" synopsisExtended="ValueType.TRANSLATED: &lt;a href=&quot;&quot;&gt;Object&lt;/a&gt;;" type="Object" />
                              <property name="ICON" url=".Anguilla.ListColumn.js.Tridion.Controls.ListColumn.ValueType.ICON.html" visibility="instance" rawName="ICON" fullName="ICON" staticName="ValueType.ICON" synopsis="ValueType.ICON: Object;" synopsisExtended="ValueType.ICON: &lt;a href=&quot;&quot;&gt;Object&lt;/a&gt;;" type="Object" />
                              <property name="CHECKBOX" url=".Anguilla.ListColumn.js.Tridion.Controls.ListColumn.ValueType.CHECKBOX.html" visibility="instance" rawName="CHECKBOX" fullName="CHECKBOX" staticName="ValueType.CHECKBOX" synopsis="ValueType.CHECKBOX: Object;" synopsisExtended="ValueType.CHECKBOX: &lt;a href=&quot;&quot;&gt;Object&lt;/a&gt;;" type="Object" />
                            </properties>
                          </members>
                        </property>
                        <property name="p" url=".Anguilla.ListColumn.js.Tridion.Controls.ListColumn.p.html" visibility="static" rawName="p" fullName="p" staticName="ListColumn.p" synopsis="ListColumn.p: Object;" synopsisExtended="ListColumn.p: &lt;a href=&quot;&quot;&gt;Object&lt;/a&gt;;" type="Object" virtual="true">
                          <members>
                            <properties>
                              <property name="isResizable" url=".Anguilla.ListColumn.js.Tridion.Controls.ListColumn.p.isResizable.html" visibility="static" rawName="p.isResizable" fullName="p.isResizable" staticName="p.isResizable" synopsis="p.isResizable: Boolean;" synopsisExtended="p.isResizable: &lt;a href=&quot;&quot;&gt;Boolean&lt;/a&gt;;" type="Boolean">
                                <documentation rawString="&#xA;	* Defines whether this column is resizable.&#xA;	* @type {Boolean}&#xA;	">
                                  <summary>Defines whether this column is resizable.</summary>
                                </documentation>
                              </property>
                              <property name="width" url=".Anguilla.ListColumn.js.Tridion.Controls.ListColumn.p.width.html" visibility="static" rawName="p.width" fullName="p.width" staticName="p.width" synopsis="p.width: Number;" synopsisExtended="p.width: &lt;a href=&quot;&quot;&gt;Number&lt;/a&gt;;" type="Number">
                                <documentation rawString="&#xA;	* Defines the width of the column (in absolute pixels or relative percent).&#xA;	* @type {Number}&#xA;	">
                                  <summary>Defines the width of the column (in absolute pixels or relative percent).</summary>
                                </documentation>
                              </property>
                            </properties>
                          </members>
                        </property>
                      </properties>
                    </members>
                  </class>
                </classes>
              </members>
            </property>
          </properties>
        </members>
      </property>
    </properties>
  </members>
</document>