<class name="ListPublishedTo.js" url="ListPublishedTo.js.html" visibility="default" rawName="ListPublishedTo.js" fullName="ListPublishedTo.js" staticName="Anguilla.ListPublishedTo.js">
  <documentation rawString="&#xA; * Represents a List of published to items.&#xA; * @namespace {Tridion.ContentManager}&#xA; * @constructor&#xA; * @param {String} id The parent item's Id.&#xA; * @param {Tridion.ContentManager.ListFilter} filter The List Filter.&#xA; ">
    <summary>Represents a List of published to items.</summary>
  </documentation>
  <members>
    <properties>
      <property name="Tridion" url=".Anguilla.ListPublishedTo.js.Tridion.html" visibility="public" rawName="Tridion" fullName="Tridion" staticName="ListPublishedTo.js.Tridion" synopsis="ListPublishedTo.js.Tridion: Object;" synopsisExtended="ListPublishedTo.js.Tridion: &lt;a href=&quot;&quot;&gt;Object&lt;/a&gt;;" type="Object" virtual="true">
        <members>
          <properties>
            <property name="ContentManager" url=".Anguilla.ListPublishedTo.js.Tridion.ContentManager.html" visibility="static" rawName="Tridion.ContentManager" fullName="Tridion.ContentManager" staticName="Tridion.ContentManager" synopsis="Tridion.ContentManager: Object;" synopsisExtended="Tridion.ContentManager: &lt;a href=&quot;&quot;&gt;Object&lt;/a&gt;;" type="Object" virtual="true">
              <members>
                <classes>
                  <class name="ListPublishedTo" url=".Anguilla.ListPublishedTo.js.Tridion.ContentManager.ListPublishedTo.html" visibility="static" rawName="Tridion.ContentManager.ListPublishedTo" fullName="Tridion.ContentManager.ListPublishedTo" staticName="ContentManager.ListPublishedTo" synopsis="var x: ListPublishedTo = new ListPublishedTo(id: String, filter: Tridion.ContentManager.ListFilter);" synopsisExtended="var x: &lt;a href=&quot;.Anguilla.ListPublishedTo.js.Tridion.ContentManager.ListPublishedTo.html&quot;&gt;ListPublishedTo&lt;/a&gt; = new ListPublishedTo(id: String, filter: Tridion.ContentManager.ListFilter);" type="Object">
                    <arguments value="id, filter">
                      <argument name="id" type="String" description="The parent item's Id." />
                      <argument name="filter" type="Tridion.ContentManager.ListFilter" description="The List Filter." />
                    </arguments>
                    <extends />
                    <documentation rawString="&#xA; * Represents a List of published to items.&#xA; * @namespace {Tridion.ContentManager}&#xA; * @constructor&#xA; * @param {String} id The parent item's Id.&#xA; * @param {Tridion.ContentManager.ListFilter} filter The List Filter.&#xA; ">
                      <summary>Represents a List of published to items.</summary>
                    </documentation>
                    <members>
                      <methods>
                        <method name="executeLoadList" url=".Anguilla.ListPublishedTo.js.Tridion.ContentManager.ListPublishedTo.executeLoadList.html" visibility="prototype" rawName="Tridion.ContentManager.ListPublishedTo.prototype.executeLoadList" fullName="Tridion.ContentManager.ListPublishedTo.executeLoadList" staticName="ListPublishedTo.executeLoadList" synopsis="executeLoadList(id: String, filter: Tridion.ContentManager.ListFilter, success: Function, failure: Function): Void" synopsisExtended="executeLoadList(id: String, filter: Tridion.ContentManager.ListFilter, success: Function, failure: Function): Void" type="Object">
                          <arguments value="id, filter, success, failure">
                            <argument name="id" type="String" description="The Id of the List." />
                            <argument name="filter" type="Tridion.ContentManager.ListFilter" description="The filter of the list." />
                            <argument name="success" type="Function" description="The callback to be caled on success." />
                            <argument name="failure" type="Function" description="The callback to be called on failure." />
                          </arguments>
                          <documentation rawString="&#xA; * Server call to load the List.&#xA; * @param {String} id The Id of the List.&#xA; * @param {Tridion.ContentManager.ListFilter} filter The filter of the list.&#xA; * @param {Function} success The callback to be caled on success.&#xA; * @param {Function} failure The callback to be called on failure.&#xA; ">
                            <summary>Server call to load the List.</summary>
                          </documentation>
                        </method>
                      </methods>
                    </members>
                  </class>
                </classes>
              </members>
            </property>
          </properties>
        </members>
      </property>
    </properties>
  </members>
</class>