<class name="ListTargetTypes.js" url="ListTargetTypes.js.html" visibility="default" rawName="ListTargetTypes.js" fullName="ListTargetTypes.js" staticName="Anguilla.ListTargetTypes.js">
  <documentation rawString="&#xA; * Represents a List of Target Types.&#xA; * @namespace {Tridion.ContentManager}&#xA; * @constructor&#xA; * @param {String} parentId The parent item's Id.&#xA; * @param {Tridion.ContentManager.ListFilter} filter The List Filter.&#xA; ">
    <summary>Represents a List of Target Types.</summary>
  </documentation>
  <members>
    <properties>
      <property name="Tridion" url=".Anguilla.ListTargetTypes.js.Tridion.html" visibility="public" rawName="Tridion" fullName="Tridion" staticName="ListTargetTypes.js.Tridion" synopsis="ListTargetTypes.js.Tridion: Object;" synopsisExtended="ListTargetTypes.js.Tridion: &lt;a href=&quot;&quot;&gt;Object&lt;/a&gt;;" type="Object" virtual="true">
        <members>
          <properties>
            <property name="ContentManager" url=".Anguilla.ListTargetTypes.js.Tridion.ContentManager.html" visibility="static" rawName="Tridion.ContentManager" fullName="Tridion.ContentManager" staticName="Tridion.ContentManager" synopsis="Tridion.ContentManager: Object;" synopsisExtended="Tridion.ContentManager: &lt;a href=&quot;&quot;&gt;Object&lt;/a&gt;;" type="Object" virtual="true">
              <members>
                <classes>
                  <class name="ListTargetTypes" url=".Anguilla.ListTargetTypes.js.Tridion.ContentManager.ListTargetTypes.html" visibility="static" rawName="Tridion.ContentManager.ListTargetTypes" fullName="Tridion.ContentManager.ListTargetTypes" staticName="ContentManager.ListTargetTypes" synopsis="var x: ListTargetTypes = new ListTargetTypes(parentId: String, filter: Tridion.ContentManager.ListFilter);" synopsisExtended="var x: &lt;a href=&quot;.Anguilla.ListTargetTypes.js.Tridion.ContentManager.ListTargetTypes.html&quot;&gt;ListTargetTypes&lt;/a&gt; = new ListTargetTypes(parentId: String, filter: Tridion.ContentManager.ListFilter);" type="Object">
                    <arguments value="parentId, filter">
                      <argument name="parentId" type="String" description="The parent item's Id." />
                      <argument name="filter" type="Tridion.ContentManager.ListFilter" description="The List Filter." />
                    </arguments>
                    <extends />
                    <documentation rawString="&#xA; * Represents a List of Target Types.&#xA; * @namespace {Tridion.ContentManager}&#xA; * @constructor&#xA; * @param {String} parentId The parent item's Id.&#xA; * @param {Tridion.ContentManager.ListFilter} filter The List Filter.&#xA; ">
                      <summary>Represents a List of Target Types.</summary>
                    </documentation>
                    <members>
                      <methods>
                        <method name="itemUpdated" url=".Anguilla.ListTargetTypes.js.Tridion.ContentManager.ListTargetTypes.itemUpdated.html" visibility="prototype" rawName="Tridion.ContentManager.ListTargetTypes.prototype.itemUpdated" fullName="Tridion.ContentManager.ListTargetTypes.itemUpdated" staticName="ListTargetTypes.itemUpdated" synopsis="itemUpdated(item: Object, oldId: String): Void" synopsisExtended="itemUpdated(item: Object, oldId: String): Void" type="Object">
                          <arguments value="item, oldId">
                            <argument name="item" type="Object" description="Item object." />
                            <argument name="oldId" type="String" description="Item's previous Id. Optional." />
                          </arguments>
                          <documentation rawString="&#xA; * Updates item in the list.&#xA; * @param {Object} item Item object.&#xA; * @param {String} oldId Item's previous Id. Optional.&#xA; ">
                            <summary>Updates item in the list.</summary>
                          </documentation>
                        </method>
                      </methods>
                    </members>
                  </class>
                </classes>
              </members>
            </property>
          </properties>
        </members>
      </property>
    </properties>
  </members>
</class>