<class name="ListProcessAssociations.js" url="ListProcessAssociations.js.html" visibility="default" rawName="ListProcessAssociations.js" fullName="ListProcessAssociations.js" staticName="Anguilla.ListProcessAssociations.js">
  <documentation rawString="&#xA; * Represents a List of Process Associations.&#xA; * @namespace {Tridion.ContentManager}&#xA; * @constructor&#xA; * @param {String} parentId The parent item's Id.&#xA; * @param {Tridion.ContentManager.ListFilter} filter The List Filter.&#xA; ">
    <summary>Represents a List of Process Associations.</summary>
  </documentation>
  <members>
    <properties>
      <property name="Tridion" url=".Anguilla.ListProcessAssociations.js.Tridion.html" visibility="public" rawName="Tridion" fullName="Tridion" staticName="ListProcessAssociations.js.Tridion" synopsis="ListProcessAssociations.js.Tridion: Object;" synopsisExtended="ListProcessAssociations.js.Tridion: &lt;a href=&quot;&quot;&gt;Object&lt;/a&gt;;" type="Object" virtual="true">
        <members>
          <properties>
            <property name="ContentManager" url=".Anguilla.ListProcessAssociations.js.Tridion.ContentManager.html" visibility="static" rawName="Tridion.ContentManager" fullName="Tridion.ContentManager" staticName="Tridion.ContentManager" synopsis="Tridion.ContentManager: Object;" synopsisExtended="Tridion.ContentManager: &lt;a href=&quot;&quot;&gt;Object&lt;/a&gt;;" type="Object" virtual="true">
              <members>
                <classes>
                  <class name="ListProcessAssociations" url=".Anguilla.ListProcessAssociations.js.Tridion.ContentManager.ListProcessAssociations.html" visibility="static" rawName="Tridion.ContentManager.ListProcessAssociations" fullName="Tridion.ContentManager.ListProcessAssociations" staticName="ContentManager.ListProcessAssociations" synopsis="var x: ListProcessAssociations = new ListProcessAssociations(parentId: String, filter: Tridion.ContentManager.ListFilter);" synopsisExtended="var x: &lt;a href=&quot;.Anguilla.ListProcessAssociations.js.Tridion.ContentManager.ListProcessAssociations.html&quot;&gt;ListProcessAssociations&lt;/a&gt; = new ListProcessAssociations(parentId: String, filter: Tridion.ContentManager.ListFilter);" type="Object">
                    <arguments value="parentId, filter">
                      <argument name="parentId" type="String" description="The parent item's Id." />
                      <argument name="filter" type="Tridion.ContentManager.ListFilter" description="The List Filter." />
                    </arguments>
                    <extends />
                    <documentation rawString="&#xA; * Represents a List of Process Associations.&#xA; * @namespace {Tridion.ContentManager}&#xA; * @constructor&#xA; * @param {String} parentId The parent item's Id.&#xA; * @param {Tridion.ContentManager.ListFilter} filter The List Filter.&#xA; ">
                      <summary>Represents a List of Process Associations.</summary>
                    </documentation>
                    <members>
                      <methods>
                        <method name="isItemFilteredIn" url=".Anguilla.ListProcessAssociations.js.Tridion.ContentManager.ListProcessAssociations.isItemFilteredIn.html" visibility="prototype" rawName="Tridion.ContentManager.ListProcessAssociations.prototype.isItemFilteredIn" fullName="Tridion.ContentManager.ListProcessAssociations.isItemFilteredIn" staticName="ListProcessAssociations.isItemFilteredIn" synopsis="isItemFilteredIn(item: Tridion.ContentManager.Item): Boolean" synopsisExtended="isItemFilteredIn(item: Tridion.ContentManager.Item): Boolean" type="Object">
                          <arguments value="item">
                            <argument name="item" type="Tridion.ContentManager.Item" description="Item object to check." />
                          </arguments>
                          <documentation rawString="&#xA; * Checks is item filtered in list or not.&#xA; * @param {Tridion.ContentManager.Item} item Item object to check.&#xA; * @return {Boolean} &lt;c&gt;true&lt;/c&gt; if specified item was filtered in, &lt;c&gt;false&lt;/c&gt; otherwise.&#xA; ">
                            <summary>Checks is item filtered in list or not.</summary>
                          </documentation>
                          <returns type="Boolean" description="&lt;c&gt;true&lt;/c&gt; if specified item was filtered in, &lt;c&gt;false&lt;/c&gt; otherwise." />
                        </method>
                        <method name="executeLoadList" url=".Anguilla.ListProcessAssociations.js.Tridion.ContentManager.ListProcessAssociations.executeLoadList.html" visibility="prototype" rawName="Tridion.ContentManager.ListProcessAssociations.prototype.executeLoadList" fullName="Tridion.ContentManager.ListProcessAssociations.executeLoadList" staticName="ListProcessAssociations.executeLoadList" synopsis="executeLoadList(id: String, filter: Tridion.ContentManager.ListFilter, success: Function, failure: Function): Void" synopsisExtended="executeLoadList(id: String, filter: Tridion.ContentManager.ListFilter, success: Function, failure: Function): Void" type="Object">
                          <arguments value="id, filter, success, failure">
                            <argument name="id" type="String" description="The Id of the List." />
                            <argument name="filter" type="Tridion.ContentManager.ListFilter" description="The filter of the list." />
                            <argument name="success" type="Function" description="The callback to be caled on success." />
                            <argument name="failure" type="Function" description="The callback to be called on failure." />
                          </arguments>
                          <documentation rawString="&#xA; * Server call to load the List.&#xA; * @param {String} id The Id of the List.&#xA; * @param {Tridion.ContentManager.ListFilter} filter The filter of the list.&#xA; * @param {Function} success The callback to be caled on success.&#xA; * @param {Function} failure The callback to be called on failure.&#xA; ">
                            <summary>Server call to load the List.</summary>
                          </documentation>
                        </method>
                        <method name="itemUpdated" url=".Anguilla.ListProcessAssociations.js.Tridion.ContentManager.ListProcessAssociations.itemUpdated.html" visibility="prototype" rawName="Tridion.ContentManager.ListProcessAssociations.prototype.itemUpdated" fullName="Tridion.ContentManager.ListProcessAssociations.itemUpdated" staticName="ListProcessAssociations.itemUpdated" synopsis="itemUpdated(item: Object, oldId: String): Void" synopsisExtended="itemUpdated(item: Object, oldId: String): Void" type="Object">
                          <arguments value="item, oldId">
                            <argument name="item" type="Object" description="Item object." />
                            <argument name="oldId" type="String" description="Item's previous Id. Optional." />
                          </arguments>
                          <documentation rawString="&#xA; * Updates item in the list.&#xA; * @param {Object} item Item object.&#xA; * @param {String} oldId Item's previous Id. Optional.&#xA; ">
                            <summary>Updates item in the list.</summary>
                          </documentation>
                        </method>
                      </methods>
                    </members>
                  </class>
                </classes>
              </members>
            </property>
          </properties>
        </members>
      </property>
    </properties>
  </members>
</class>