<class name="ListActivityInstances.js" url="ListActivityInstances.js.html" visibility="default" rawName="ListActivityInstances.js" fullName="ListActivityInstances.js" staticName="Anguilla.ListActivityInstances.js">
  <documentation rawString="&#xA; * Represents an Activity Instance Items List.&#xA; * @namespace {Tridion.ContentManager}&#xA; * @constructor&#xA; * @param {String} id The parent item's Id.&#xA; * @param {Tridion.ContentManager.ListFilter} filter The List Filter.&#xA; * @param {Number} activityState &#xA; ">
    <summary>Represents an Activity Instance Items List.</summary>
  </documentation>
  <members>
    <properties>
      <property name="Tridion" url=".Anguilla.ListActivityInstances.js.Tridion.html" visibility="public" rawName="Tridion" fullName="Tridion" staticName="ListActivityInstances.js.Tridion" synopsis="ListActivityInstances.js.Tridion: Object;" synopsisExtended="ListActivityInstances.js.Tridion: &lt;a href=&quot;&quot;&gt;Object&lt;/a&gt;;" type="Object" virtual="true">
        <members>
          <properties>
            <property name="ContentManager" url=".Anguilla.ListActivityInstances.js.Tridion.ContentManager.html" visibility="static" rawName="Tridion.ContentManager" fullName="Tridion.ContentManager" staticName="Tridion.ContentManager" synopsis="Tridion.ContentManager: Object;" synopsisExtended="Tridion.ContentManager: &lt;a href=&quot;&quot;&gt;Object&lt;/a&gt;;" type="Object" virtual="true">
              <members>
                <classes>
                  <class name="ListActivityInstances" url=".Anguilla.ListActivityInstances.js.Tridion.ContentManager.ListActivityInstances.html" visibility="static" rawName="Tridion.ContentManager.ListActivityInstances" fullName="Tridion.ContentManager.ListActivityInstances" staticName="ContentManager.ListActivityInstances" synopsis="var x: ListActivityInstances = new ListActivityInstances(id: String, filter: Tridion.ContentManager.ListFilter);" synopsisExtended="var x: &lt;a href=&quot;.Anguilla.ListActivityInstances.js.Tridion.ContentManager.ListActivityInstances.html&quot;&gt;ListActivityInstances&lt;/a&gt; = new ListActivityInstances(id: String, filter: Tridion.ContentManager.ListFilter);" type="Object">
                    <arguments value="id, filter">
                      <argument name="id" type="String" description="The parent item's Id." />
                      <argument name="filter" type="Tridion.ContentManager.ListFilter" description="The List Filter." />
                    </arguments>
                    <extends />
                    <documentation rawString="&#xA; * Represents an Activity Instance Items List.&#xA; * @namespace {Tridion.ContentManager}&#xA; * @constructor&#xA; * @param {String} id The parent item's Id.&#xA; * @param {Tridion.ContentManager.ListFilter} filter The List Filter.&#xA; * @param {Number} activityState &#xA; ">
                      <summary>Represents an Activity Instance Items List.</summary>
                    </documentation>
                    <members>
                      <methods>
                        <method name="itemUpdated" url=".Anguilla.ListActivityInstances.js.Tridion.ContentManager.ListActivityInstances.itemUpdated.html" visibility="prototype" rawName="Tridion.ContentManager.ListActivityInstances.prototype.itemUpdated" fullName="Tridion.ContentManager.ListActivityInstances.itemUpdated" staticName="ListActivityInstances.itemUpdated" synopsis="itemUpdated(item: Object, oldId: Object): Void" synopsisExtended="itemUpdated(item: Object, oldId: Object): Void" type="Object">
                          <arguments value="item, oldId">
                            <argument name="item" type="Object" />
                            <argument name="oldId" type="Object" />
                          </arguments>
                        </method>
                        <method name="executeLoadList" url=".Anguilla.ListActivityInstances.js.Tridion.ContentManager.ListActivityInstances.executeLoadList.html" visibility="prototype" rawName="Tridion.ContentManager.ListActivityInstances.prototype.executeLoadList" fullName="Tridion.ContentManager.ListActivityInstances.executeLoadList" staticName="ListActivityInstances.executeLoadList" synopsis="executeLoadList(id: String, filter: Tridion.ContentManager.ListFilter, success: Function, failure: Function): Void" synopsisExtended="executeLoadList(id: String, filter: Tridion.ContentManager.ListFilter, success: Function, failure: Function): Void" type="Object">
                          <arguments value="id, filter, success, failure">
                            <argument name="id" type="String" description="The id of the List to be loaded." />
                            <argument name="filter" type="Tridion.ContentManager.ListFilter" description="The List Filter object." />
                            <argument name="success" type="Function" description="The callback to be caled on load success." />
                            <argument name="failure" type="Function" description="the callback to be called on load failure." />
                          </arguments>
                          <documentation rawString="&#xA; * Server call for loading List.&#xA; * @param {String} id The id of the List to be loaded.&#xA; * @param {Tridion.ContentManager.ListFilter} filter The List Filter object.&#xA; * @param {Function} success The callback to be caled on load success.&#xA; * @param {Function} failure the callback to be called on load failure.&#xA; ">
                            <summary>Server call for loading List.</summary>
                          </documentation>
                        </method>
                        <method name="isItemFilteredIn" url=".Anguilla.ListActivityInstances.js.Tridion.ContentManager.ListActivityInstances.isItemFilteredIn.html" visibility="prototype" rawName="Tridion.ContentManager.ListActivityInstances.prototype.isItemFilteredIn" fullName="Tridion.ContentManager.ListActivityInstances.isItemFilteredIn" staticName="ListActivityInstances.isItemFilteredIn" synopsis="isItemFilteredIn(item: Tridion.ContentManager.Item): Boolean" synopsisExtended="isItemFilteredIn(item: Tridion.ContentManager.Item): Boolean" type="Object">
                          <arguments value="item">
                            <argument name="item" type="Tridion.ContentManager.Item" description="Item object to check." />
                          </arguments>
                          <documentation rawString="&#xA; * Checks is item filtered in list or not.&#xA; * @param {Tridion.ContentManager.Item} item Item object to check.&#xA; * @return {Boolean} &lt;c&gt;true&lt;/c&gt; if specified item was filtered in, &lt;c&gt;false&lt;/c&gt; otherwise.&#xA; ">
                            <summary>Checks is item filtered in list or not.</summary>
                          </documentation>
                          <returns type="Boolean" description="&lt;c&gt;true&lt;/c&gt; if specified item was filtered in, &lt;c&gt;false&lt;/c&gt; otherwise." />
                        </method>
                      </methods>
                    </members>
                  </class>
                </classes>
              </members>
            </property>
          </properties>
        </members>
      </property>
    </properties>
  </members>
</class>