<class name="ListPublishItems.js" url="ListPublishItems.js.html" visibility="default" rawName="ListPublishItems.js" fullName="ListPublishItems.js" staticName="Anguilla.ListPublishItems.js">
  <documentation rawString="&#xA; * Represents a List of publish Items.&#xA; * @namespace {Tridion.ContentManager}&#xA; * @constructor&#xA; * @param {String} id The parent item's Id.&#xA; * @param {Tridion.ContentManager.ListFilter} filter The List Filter.&#xA; * @param {Array} items An array of publish Items.&#xA; * @param {Object} publishInstruction A publish instructions object.&#xA; ">
    <summary>Represents a List of publish Items.</summary>
  </documentation>
  <members>
    <properties>
      <property name="Tridion" url=".Anguilla.ListPublishItems.js.Tridion.html" visibility="public" rawName="Tridion" fullName="Tridion" staticName="ListPublishItems.js.Tridion" synopsis="ListPublishItems.js.Tridion: Object;" synopsisExtended="ListPublishItems.js.Tridion: &lt;a href=&quot;&quot;&gt;Object&lt;/a&gt;;" type="Object" virtual="true">
        <members>
          <properties>
            <property name="ContentManager" url=".Anguilla.ListPublishItems.js.Tridion.ContentManager.html" visibility="static" rawName="Tridion.ContentManager" fullName="Tridion.ContentManager" staticName="Tridion.ContentManager" synopsis="Tridion.ContentManager: Object;" synopsisExtended="Tridion.ContentManager: &lt;a href=&quot;&quot;&gt;Object&lt;/a&gt;;" type="Object" virtual="true">
              <members>
                <classes>
                  <class name="ListPublishItems" url=".Anguilla.ListPublishItems.js.Tridion.ContentManager.ListPublishItems.html" visibility="static" rawName="Tridion.ContentManager.ListPublishItems" fullName="Tridion.ContentManager.ListPublishItems" staticName="ContentManager.ListPublishItems" synopsis="var x: ListPublishItems = new ListPublishItems(id: String, filter: Tridion.ContentManager.ListFilter, items: Array, publishInstruction: Object);" synopsisExtended="var x: &lt;a href=&quot;.Anguilla.ListPublishItems.js.Tridion.ContentManager.ListPublishItems.html&quot;&gt;ListPublishItems&lt;/a&gt; = new ListPublishItems(id: String, filter: Tridion.ContentManager.ListFilter, items: Array, publishInstruction: Object);" type="Object">
                    <arguments value="id, filter, items, publishInstruction">
                      <argument name="id" type="String" description="The parent item's Id." />
                      <argument name="filter" type="Tridion.ContentManager.ListFilter" description="The List Filter." />
                      <argument name="items" type="Array" description="An array of publish Items." />
                      <argument name="publishInstruction" type="Object" description="A publish instructions object." />
                    </arguments>
                    <extends />
                    <documentation rawString="&#xA; * Represents a List of publish Items.&#xA; * @namespace {Tridion.ContentManager}&#xA; * @constructor&#xA; * @param {String} id The parent item's Id.&#xA; * @param {Tridion.ContentManager.ListFilter} filter The List Filter.&#xA; * @param {Array} items An array of publish Items.&#xA; * @param {Object} publishInstruction A publish instructions object.&#xA; ">
                      <summary>Represents a List of publish Items.</summary>
                    </documentation>
                    <members>
                      <methods>
                        <method name="executeLoadList" url=".Anguilla.ListPublishItems.js.Tridion.ContentManager.ListPublishItems.executeLoadList.html" visibility="prototype" rawName="Tridion.ContentManager.ListPublishItems.prototype.executeLoadList" fullName="Tridion.ContentManager.ListPublishItems.executeLoadList" staticName="ListPublishItems.executeLoadList" synopsis="executeLoadList(id: String, filter: Tridion.ContentManager.ListFilter, success: Function, failure: Function): Void" synopsisExtended="executeLoadList(id: String, filter: Tridion.ContentManager.ListFilter, success: Function, failure: Function): Void" type="Object">
                          <arguments value="id, filter, success, failure">
                            <argument name="id" type="String" description="The Id of the List." />
                            <argument name="filter" type="Tridion.ContentManager.ListFilter" description="The filter of the list." />
                            <argument name="success" type="Function" description="The callback to be caled on success." />
                            <argument name="failure" type="Function" description="The callback to be called on failure." />
                          </arguments>
                          <documentation rawString="&#xA; * Server call to load the List.&#xA; * @param {String} id The Id of the List.&#xA; * @param {Tridion.ContentManager.ListFilter} filter The filter of the list.&#xA; * @param {Function} success The callback to be caled on success.&#xA; * @param {Function} failure The callback to be called on failure.&#xA; ">
                            <summary>Server call to load the List.</summary>
                          </documentation>
                        </method>
                        <method name="pack" url=".Anguilla.ListPublishItems.js.Tridion.ContentManager.ListPublishItems.pack.html" visibility="prototype" rawName="Tridion.ContentManager.ListPublishItems.prototype.pack" fullName="Tridion.ContentManager.ListPublishItems.pack" staticName="ListPublishItems.pack" synopsis="pack(): Void" synopsisExtended="pack(): Void" type="Object" />
                        <method name="unpack" url=".Anguilla.ListPublishItems.js.Tridion.ContentManager.ListPublishItems.unpack.html" visibility="prototype" rawName="Tridion.ContentManager.ListPublishItems.prototype.unpack" fullName="Tridion.ContentManager.ListPublishItems.unpack" staticName="ListPublishItems.unpack" synopsis="unpack(data: Object): Void" synopsisExtended="unpack(data: Object): Void" type="Object">
                          <arguments value="data">
                            <argument name="data" type="Object" />
                          </arguments>
                        </method>
                      </methods>
                      <properties>
                        <property name="items" url=".Anguilla.ListPublishItems.js.Tridion.ContentManager.ListPublishItems.items.html" visibility="instance" rawName="this.items" fullName="this.items" staticName="ListPublishItems.items" synopsis="ListPublishItems.items: Object;" synopsisExtended="ListPublishItems.items: &lt;a href=&quot;&quot;&gt;Object&lt;/a&gt;;" type="Object" />
                        <property name="publishInstruction" url=".Anguilla.ListPublishItems.js.Tridion.ContentManager.ListPublishItems.publishInstruction.html" visibility="instance" rawName="this.publishInstruction" fullName="this.publishInstruction" staticName="ListPublishItems.publishInstruction" synopsis="ListPublishItems.publishInstruction: Object;" synopsisExtended="ListPublishItems.publishInstruction: &lt;a href=&quot;&quot;&gt;Object&lt;/a&gt;;" type="Object" />
                      </properties>
                    </members>
                  </class>
                </classes>
              </members>
            </property>
          </properties>
        </members>
      </property>
    </properties>
  </members>
</class>