<class name="ListUsedItems.js" url="ListUsedItems.js.html" visibility="default" rawName="ListUsedItems.js" fullName="ListUsedItems.js" staticName="Anguilla.ListUsedItems.js">
  <documentation rawString="&#xA; * Represents a List of Used Items.&#xA; * @namespace {Tridion.ContentManager}&#xA; * @constructor&#xA; * @param {String} id The parent item's Id.&#xA; * @param {Tridion.ContentManager.ListFilter} filter The List Filter.&#xA; ">
    <summary>Represents a List of Used Items.</summary>
  </documentation>
  <members>
    <properties>
      <property name="Tridion" url=".Anguilla.ListUsedItems.js.Tridion.html" visibility="public" rawName="Tridion" fullName="Tridion" staticName="ListUsedItems.js.Tridion" synopsis="ListUsedItems.js.Tridion: Object;" synopsisExtended="ListUsedItems.js.Tridion: &lt;a href=&quot;&quot;&gt;Object&lt;/a&gt;;" type="Object" virtual="true">
        <members>
          <properties>
            <property name="ContentManager" url=".Anguilla.ListUsedItems.js.Tridion.ContentManager.html" visibility="static" rawName="Tridion.ContentManager" fullName="Tridion.ContentManager" staticName="Tridion.ContentManager" synopsis="Tridion.ContentManager: Object;" synopsisExtended="Tridion.ContentManager: &lt;a href=&quot;&quot;&gt;Object&lt;/a&gt;;" type="Object" virtual="true">
              <members>
                <classes>
                  <class name="ListUsedItems" url=".Anguilla.ListUsedItems.js.Tridion.ContentManager.ListUsedItems.html" visibility="static" rawName="Tridion.ContentManager.ListUsedItems" fullName="Tridion.ContentManager.ListUsedItems" staticName="ContentManager.ListUsedItems" synopsis="var x: ListUsedItems = new ListUsedItems(id: String, filter: Tridion.ContentManager.ListFilter);" synopsisExtended="var x: &lt;a href=&quot;.Anguilla.ListUsedItems.js.Tridion.ContentManager.ListUsedItems.html&quot;&gt;ListUsedItems&lt;/a&gt; = new ListUsedItems(id: String, filter: Tridion.ContentManager.ListFilter);" type="Object">
                    <arguments value="id, filter">
                      <argument name="id" type="String" description="The parent item's Id." />
                      <argument name="filter" type="Tridion.ContentManager.ListFilter" description="The List Filter." />
                    </arguments>
                    <extends />
                    <documentation rawString="&#xA; * Represents a List of Used Items.&#xA; * @namespace {Tridion.ContentManager}&#xA; * @constructor&#xA; * @param {String} id The parent item's Id.&#xA; * @param {Tridion.ContentManager.ListFilter} filter The List Filter.&#xA; ">
                      <summary>Represents a List of Used Items.</summary>
                    </documentation>
                    <members>
                      <methods>
                        <method name="executeLoadList" url=".Anguilla.ListUsedItems.js.Tridion.ContentManager.ListUsedItems.executeLoadList.html" visibility="prototype" rawName="Tridion.ContentManager.ListUsedItems.prototype.executeLoadList" fullName="Tridion.ContentManager.ListUsedItems.executeLoadList" staticName="ListUsedItems.executeLoadList" synopsis="executeLoadList(id: String, filter: Tridion.ContentManager.ListFilter, success: Function, failure: Function): Void" synopsisExtended="executeLoadList(id: String, filter: Tridion.ContentManager.ListFilter, success: Function, failure: Function): Void" type="Object">
                          <arguments value="id, filter, success, failure">
                            <argument name="id" type="String" description="The Id of the List." />
                            <argument name="filter" type="Tridion.ContentManager.ListFilter" description="The filter of the list." />
                            <argument name="success" type="Function" description="The callback to be caled on success." />
                            <argument name="failure" type="Function" description="The callback to be called on failure." />
                          </arguments>
                          <documentation rawString="&#xA; * Server call to load the List.&#xA; * @param {String} id The Id of the List.&#xA; * @param {Tridion.ContentManager.ListFilter} filter The filter of the list.&#xA; * @param {Function} success The callback to be caled on success.&#xA; * @param {Function} failure The callback to be called on failure.&#xA; ">
                            <summary>Server call to load the List.</summary>
                          </documentation>
                        </method>
                        <method name="isItemFilteredIn" url=".Anguilla.ListUsedItems.js.Tridion.ContentManager.ListUsedItems.isItemFilteredIn.html" visibility="prototype" rawName="Tridion.ContentManager.ListUsedItems.prototype.isItemFilteredIn" fullName="Tridion.ContentManager.ListUsedItems.isItemFilteredIn" staticName="ListUsedItems.isItemFilteredIn" synopsis="isItemFilteredIn(item: Tridion.ContentManager.Item): Boolean" synopsisExtended="isItemFilteredIn(item: Tridion.ContentManager.Item): Boolean" type="Object">
                          <arguments value="item">
                            <argument name="item" type="Tridion.ContentManager.Item" description="Item object to check." />
                          </arguments>
                          <documentation rawString="&#xA; * Checks is item filtered in list or not.&#xA; * @param {Tridion.ContentManager.Item} item Item object to check.&#xA; * @return {Boolean} &lt;c&gt;true&lt;/c&gt; if specified item was filtered in, &lt;c&gt;false&lt;/c&gt; otherwise.&#xA; ">
                            <summary>Checks is item filtered in list or not.</summary>
                          </documentation>
                          <returns type="Boolean" description="&lt;c&gt;true&lt;/c&gt; if specified item was filtered in, &lt;c&gt;false&lt;/c&gt; otherwise." />
                        </method>
                      </methods>
                    </members>
                  </class>
                </classes>
              </members>
            </property>
          </properties>
        </members>
      </property>
    </properties>
  </members>
</class>