<document name="ListMonitoredItems.js" url="ListMonitoredItems.js.html" visibility="default" rawName="ListMonitoredItems.js" fullName="ListMonitoredItems.js" staticName="Anguilla.ListMonitoredItems.js">
  <members>
    <properties>
      <property name="Tridion" url=".Anguilla.ListMonitoredItems.js.Tridion.html" visibility="public" rawName="Tridion" fullName="Tridion" staticName="ListMonitoredItems.js.Tridion" synopsis="ListMonitoredItems.js.Tridion: Object;" synopsisExtended="ListMonitoredItems.js.Tridion: &lt;a href=&quot;&quot;&gt;Object&lt;/a&gt;;" type="Object" virtual="true">
        <members>
          <properties>
            <property name="ContentManager" url=".Anguilla.ListMonitoredItems.js.Tridion.ContentManager.html" visibility="static" rawName="Tridion.ContentManager" fullName="Tridion.ContentManager" staticName="Tridion.ContentManager" synopsis="Tridion.ContentManager: Object;" synopsisExtended="Tridion.ContentManager: &lt;a href=&quot;&quot;&gt;Object&lt;/a&gt;;" type="Object" virtual="true">
              <members>
                <classes>
                  <class name="ListMonitoredItems" url=".Anguilla.ListMonitoredItems.js.Tridion.ContentManager.ListMonitoredItems.html" visibility="static" rawName="Tridion.ContentManager.ListMonitoredItems" fullName="Tridion.ContentManager.ListMonitoredItems" staticName="ContentManager.ListMonitoredItems" synopsis="var x: ListMonitoredItems = new ListMonitoredItems(parentId: Object, filter: Object);" synopsisExtended="var x: &lt;a href=&quot;.Anguilla.ListMonitoredItems.js.Tridion.ContentManager.ListMonitoredItems.html&quot;&gt;ListMonitoredItems&lt;/a&gt; = new ListMonitoredItems(parentId: Object, filter: Object);" type="Object">
                    <arguments value="parentId, filter">
                      <argument name="parentId" type="Object" />
                      <argument name="filter" type="Object" />
                    </arguments>
                    <extends />
                    <members>
                      <methods>
                        <method name="setParentStaticData" url=".Anguilla.ListMonitoredItems.js.Tridion.ContentManager.ListMonitoredItems.setParentStaticData.html" visibility="prototype" rawName="Tridion.ContentManager.ListMonitoredItems.prototype.setParentStaticData" fullName="Tridion.ContentManager.ListMonitoredItems.setParentStaticData" staticName="ListMonitoredItems.setParentStaticData" synopsis="setParentStaticData(): Void" synopsisExtended="setParentStaticData(): Void" type="Object" />
                        <method name="_scheduleCheckItems" url=".Anguilla.ListMonitoredItems.js.Tridion.ContentManager.ListMonitoredItems._scheduleCheckItems.html" visibility="prototype" rawName="Tridion.ContentManager.ListMonitoredItems.prototype._scheduleCheckItems" fullName="Tridion.ContentManager.ListMonitoredItems._scheduleCheckItems" staticName="ListMonitoredItems._scheduleCheckItems" synopsis="_scheduleCheckItems(delay: Object): Void" synopsisExtended="_scheduleCheckItems(delay: Object): Void" type="Object">
                          <arguments value="delay">
                            <argument name="delay" type="Object" />
                          </arguments>
                        </method>
                        <method name="_checkItems" url=".Anguilla.ListMonitoredItems.js.Tridion.ContentManager.ListMonitoredItems._checkItems.html" visibility="prototype" rawName="Tridion.ContentManager.ListMonitoredItems.prototype._checkItems" fullName="Tridion.ContentManager.ListMonitoredItems._checkItems" staticName="ListMonitoredItems._checkItems" synopsis="_checkItems(): Void" synopsisExtended="_checkItems(): Void" type="Object" />
                        <method name="addItem" url=".Anguilla.ListMonitoredItems.js.Tridion.ContentManager.ListMonitoredItems.addItem.html" visibility="prototype" rawName="Tridion.ContentManager.ListMonitoredItems.prototype.addItem" fullName="Tridion.ContentManager.ListMonitoredItems.addItem" staticName="ListMonitoredItems.addItem" synopsis="addItem(item: Object, token: Object): Void" synopsisExtended="addItem(item: Object, token: Object): Void" type="Object">
                          <arguments value="item, token">
                            <argument name="item" type="Object" />
                            <argument name="token" type="Object" />
                          </arguments>
                        </method>
                        <method name="removeItem" url=".Anguilla.ListMonitoredItems.js.Tridion.ContentManager.ListMonitoredItems.removeItem.html" visibility="prototype" rawName="Tridion.ContentManager.ListMonitoredItems.prototype.removeItem" fullName="Tridion.ContentManager.ListMonitoredItems.removeItem" staticName="ListMonitoredItems.removeItem" synopsis="removeItem(item: Object, token: Object): Void" synopsisExtended="removeItem(item: Object, token: Object): Void" type="Object">
                          <arguments value="item, token">
                            <argument name="item" type="Object" />
                            <argument name="token" type="Object" />
                          </arguments>
                        </method>
                        <method name="itemRemoved" url=".Anguilla.ListMonitoredItems.js.Tridion.ContentManager.ListMonitoredItems.itemRemoved.html" visibility="prototype" rawName="Tridion.ContentManager.ListMonitoredItems.prototype.itemRemoved" fullName="Tridion.ContentManager.ListMonitoredItems.itemRemoved" staticName="ListMonitoredItems.itemRemoved" synopsis="itemRemoved(itemId: String): Void" synopsisExtended="itemRemoved(itemId: String): Void" type="Object">
                          <arguments value="itemId">
                            <argument name="itemId" type="String" description="Id of the item to remove." />
                          </arguments>
                          <documentation rawString="&#xA; * Removes item from the list when deleted.&#xA; * @param {String} itemId Id of the item to remove.&#xA; ">
                            <summary>Removes item from the list when deleted.</summary>
                          </documentation>
                        </method>
                        <method name="scheduleProcessListItems" url=".Anguilla.ListMonitoredItems.js.Tridion.ContentManager.ListMonitoredItems.scheduleProcessListItems.html" visibility="prototype" rawName="Tridion.ContentManager.ListMonitoredItems.prototype.scheduleProcessListItems" fullName="Tridion.ContentManager.ListMonitoredItems.scheduleProcessListItems" staticName="ListMonitoredItems.scheduleProcessListItems" synopsis="scheduleProcessListItems(): Void" synopsisExtended="scheduleProcessListItems(): Void" type="Object" />
                        <method name="processListItems" url=".Anguilla.ListMonitoredItems.js.Tridion.ContentManager.ListMonitoredItems.processListItems.html" visibility="prototype" rawName="Tridion.ContentManager.ListMonitoredItems.prototype.processListItems" fullName="Tridion.ContentManager.ListMonitoredItems.processListItems" staticName="ListMonitoredItems.processListItems" synopsis="processListItems(): Void" synopsisExtended="processListItems(): Void" type="Object" />
                        <method name="registerChanges" url=".Anguilla.ListMonitoredItems.js.Tridion.ContentManager.ListMonitoredItems.registerChanges.html" visibility="prototype" rawName="Tridion.ContentManager.ListMonitoredItems.prototype.registerChanges" fullName="Tridion.ContentManager.ListMonitoredItems.registerChanges" staticName="ListMonitoredItems.registerChanges" synopsis="registerChanges(event: Object): Void" synopsisExtended="registerChanges(event: Object): Void" type="Object">
                          <arguments value="event">
                            <argument name="event" type="Object" />
                          </arguments>
                        </method>
                        <method name="onLoad" url=".Anguilla.ListMonitoredItems.js.Tridion.ContentManager.ListMonitoredItems.onLoad.html" visibility="prototype" rawName="Tridion.ContentManager.ListMonitoredItems.prototype.onLoad" fullName="Tridion.ContentManager.ListMonitoredItems.onLoad" staticName="ListMonitoredItems.onLoad" synopsis="onLoad(value: Object): Void" synopsisExtended="onLoad(value: Object): Void" type="Object">
                          <arguments value="value">
                            <argument name="value" type="Object" />
                          </arguments>
                        </method>
                        <method name="onLoadError" url=".Anguilla.ListMonitoredItems.js.Tridion.ContentManager.ListMonitoredItems.onLoadError.html" visibility="prototype" rawName="Tridion.ContentManager.ListMonitoredItems.prototype.onLoadError" fullName="Tridion.ContentManager.ListMonitoredItems.onLoadError" staticName="ListMonitoredItems.onLoadError" synopsis="onLoadError(error: Object): Void" synopsisExtended="onLoadError(error: Object): Void" type="Object">
                          <arguments value="error">
                            <argument name="error" type="Object" />
                          </arguments>
                        </method>
                        <method name="showError" url=".Anguilla.ListMonitoredItems.js.Tridion.ContentManager.ListMonitoredItems.showError.html" visibility="prototype" rawName="Tridion.ContentManager.ListMonitoredItems.prototype.showError" fullName="Tridion.ContentManager.ListMonitoredItems.showError" staticName="ListMonitoredItems.showError" synopsis="showError(error: Object): Void" synopsisExtended="showError(error: Object): Void" type="Object">
                          <arguments value="error">
                            <argument name="error" type="Object" />
                          </arguments>
                        </method>
                        <method name="executeLoadList" url=".Anguilla.ListMonitoredItems.js.Tridion.ContentManager.ListMonitoredItems.executeLoadList.html" visibility="prototype" rawName="Tridion.ContentManager.ListMonitoredItems.prototype.executeLoadList" fullName="Tridion.ContentManager.ListMonitoredItems.executeLoadList" staticName="ListMonitoredItems.executeLoadList" synopsis="executeLoadList(id: Object, filter: Object, success: Object, failure: Object): Void" synopsisExtended="executeLoadList(id: Object, filter: Object, success: Object, failure: Object): Void" type="Object">
                          <arguments value="id, filter, success, failure">
                            <argument name="id" type="Object" />
                            <argument name="filter" type="Object" />
                            <argument name="success" type="Object" />
                            <argument name="failure" type="Object" />
                          </arguments>
                        </method>
                        <method name="pack" url=".Anguilla.ListMonitoredItems.js.Tridion.ContentManager.ListMonitoredItems.pack.html" visibility="prototype" rawName="Tridion.ContentManager.ListMonitoredItems.prototype.pack" fullName="Tridion.ContentManager.ListMonitoredItems.pack" staticName="ListMonitoredItems.pack" synopsis="pack(): Void" synopsisExtended="pack(): Void" type="Object" />
                        <method name="unpack" url=".Anguilla.ListMonitoredItems.js.Tridion.ContentManager.ListMonitoredItems.unpack.html" visibility="prototype" rawName="Tridion.ContentManager.ListMonitoredItems.prototype.unpack" fullName="Tridion.ContentManager.ListMonitoredItems.unpack" staticName="ListMonitoredItems.unpack" synopsis="unpack(data: Object): Void" synopsisExtended="unpack(data: Object): Void" type="Object">
                          <arguments value="data">
                            <argument name="data" type="Object" />
                          </arguments>
                        </method>
                        <method name="initializeMarshalledObject" url=".Anguilla.ListMonitoredItems.js.Tridion.ContentManager.ListMonitoredItems.initializeMarshalledObject.html" visibility="prototype" rawName="Tridion.ContentManager.ListMonitoredItems.prototype.initializeMarshalledObject" fullName="Tridion.ContentManager.ListMonitoredItems.initializeMarshalledObject" staticName="ListMonitoredItems.initializeMarshalledObject" synopsis="initializeMarshalledObject(object: Object): Void" synopsisExtended="initializeMarshalledObject(object: Object): Void" type="Object">
                          <arguments value="object">
                            <argument name="object" type="Object" />
                          </arguments>
                        </method>
                      </methods>
                    </members>
                  </class>
                </classes>
              </members>
            </property>
          </properties>
        </members>
      </property>
    </properties>
  </members>
</document>