<document name="ListWorkflowAvailable.js" url="ListWorkflowAvailable.js.html" visibility="default" rawName="ListWorkflowAvailable.js" fullName="ListWorkflowAvailable.js" staticName="Anguilla.ListWorkflowAvailable.js">
  <members>
    <properties>
      <property name="Tridion" url=".Anguilla.ListWorkflowAvailable.js.Tridion.html" visibility="public" rawName="Tridion" fullName="Tridion" staticName="ListWorkflowAvailable.js.Tridion" synopsis="ListWorkflowAvailable.js.Tridion: Object;" synopsisExtended="ListWorkflowAvailable.js.Tridion: &lt;a href=&quot;&quot;&gt;Object&lt;/a&gt;;" type="Object" virtual="true">
        <members>
          <properties>
            <property name="Cme" url=".Anguilla.ListWorkflowAvailable.js.Tridion.Cme.html" visibility="static" rawName="Tridion.Cme" fullName="Tridion.Cme" staticName="Tridion.Cme" synopsis="Tridion.Cme: Object;" synopsisExtended="Tridion.Cme: &lt;a href=&quot;&quot;&gt;Object&lt;/a&gt;;" type="Object" virtual="true">
              <members>
                <properties>
                  <property name="Model" url=".Anguilla.ListWorkflowAvailable.js.Tridion.Cme.Model.html" visibility="static" rawName="Tridion.Cme.Model" fullName="Tridion.Cme.Model" staticName="Cme.Model" synopsis="Cme.Model: Object;" synopsisExtended="Cme.Model: &lt;a href=&quot;&quot;&gt;Object&lt;/a&gt;;" type="Object" virtual="true">
                    <members>
                      <classes>
                        <class name="ListWorkflowAvailable" url=".Anguilla.ListWorkflowAvailable.js.Tridion.Cme.Model.ListWorkflowAvailable.html" visibility="static" rawName="Tridion.Cme.Model.ListWorkflowAvailable" fullName="Tridion.Cme.Model.ListWorkflowAvailable" staticName="Model.ListWorkflowAvailable" synopsis="var x: ListWorkflowAvailable = new ListWorkflowAvailable(parentId: Object, filter: Object);" synopsisExtended="var x: &lt;a href=&quot;.Anguilla.ListWorkflowAvailable.js.Tridion.Cme.Model.ListWorkflowAvailable.html&quot;&gt;ListWorkflowAvailable&lt;/a&gt; = new ListWorkflowAvailable(parentId: Object, filter: Object);" type="Object">
                          <arguments value="parentId, filter">
                            <argument name="parentId" type="Object" />
                            <argument name="filter" type="Object" />
                          </arguments>
                          <extends />
                          <members>
                            <methods>
                              <method name="executeLoadList" url=".Anguilla.ListWorkflowAvailable.js.Tridion.Cme.Model.ListWorkflowAvailable.executeLoadList.html" visibility="prototype" rawName="Tridion.Cme.Model.ListWorkflowAvailable.prototype.executeLoadList" fullName="Tridion.Cme.Model.ListWorkflowAvailable.executeLoadList" staticName="ListWorkflowAvailable.executeLoadList" synopsis="executeLoadList(id: Object, filter: Object, success: Object, failure: Object): Void" synopsisExtended="executeLoadList(id: Object, filter: Object, success: Object, failure: Object): Void" type="Object">
                                <arguments value="id, filter, success, failure">
                                  <argument name="id" type="Object" />
                                  <argument name="filter" type="Object" />
                                  <argument name="success" type="Object" />
                                  <argument name="failure" type="Object" />
                                </arguments>
                              </method>
                            </methods>
                          </members>
                        </class>
                      </classes>
                    </members>
                  </property>
                </properties>
              </members>
            </property>
          </properties>
        </members>
      </property>
    </properties>
  </members>
</document>