<class name="ListCategories.js" url="ListCategories.js.html" visibility="default" rawName="ListCategories.js" fullName="ListCategories.js" staticName="Anguilla.ListCategories.js">
  <documentation rawString="&#xA; * Represents an Categories List.&#xA; * @namespace {Tridion.ContentManager}&#xA; * @constructor&#xA; * @param {String} parentId The parent item's Id.&#xA; * @param {Tridion.ContentManager.ListFilter} filter The List Filter.&#xA; ">
    <summary>Represents an Categories List.</summary>
  </documentation>
  <members>
    <properties>
      <property name="Tridion" url=".Anguilla.ListCategories.js.Tridion.html" visibility="public" rawName="Tridion" fullName="Tridion" staticName="ListCategories.js.Tridion" synopsis="ListCategories.js.Tridion: Object;" synopsisExtended="ListCategories.js.Tridion: &lt;a href=&quot;&quot;&gt;Object&lt;/a&gt;;" type="Object" virtual="true">
        <members>
          <properties>
            <property name="ContentManager" url=".Anguilla.ListCategories.js.Tridion.ContentManager.html" visibility="static" rawName="Tridion.ContentManager" fullName="Tridion.ContentManager" staticName="Tridion.ContentManager" synopsis="Tridion.ContentManager: Object;" synopsisExtended="Tridion.ContentManager: &lt;a href=&quot;&quot;&gt;Object&lt;/a&gt;;" type="Object" virtual="true">
              <members>
                <classes>
                  <class name="ListCategories" url=".Anguilla.ListCategories.js.Tridion.ContentManager.ListCategories.html" visibility="static" rawName="Tridion.ContentManager.ListCategories" fullName="Tridion.ContentManager.ListCategories" staticName="ContentManager.ListCategories" synopsis="var x: ListCategories = new ListCategories(parentId: String, filter: Tridion.ContentManager.ListFilter);" synopsisExtended="var x: &lt;a href=&quot;.Anguilla.ListCategories.js.Tridion.ContentManager.ListCategories.html&quot;&gt;ListCategories&lt;/a&gt; = new ListCategories(parentId: String, filter: Tridion.ContentManager.ListFilter);" type="Object">
                    <arguments value="parentId, filter">
                      <argument name="parentId" type="String" description="The parent item's Id." />
                      <argument name="filter" type="Tridion.ContentManager.ListFilter" description="The List Filter." />
                    </arguments>
                    <extends />
                    <documentation rawString="&#xA; * Represents an Categories List.&#xA; * @namespace {Tridion.ContentManager}&#xA; * @constructor&#xA; * @param {String} parentId The parent item's Id.&#xA; * @param {Tridion.ContentManager.ListFilter} filter The List Filter.&#xA; ">
                      <summary>Represents an Categories List.</summary>
                    </documentation>
                  </class>
                </classes>
              </members>
            </property>
          </properties>
        </members>
      </property>
    </properties>
  </members>
</class>