<document name="MemberOf.js" url="MemberOf.js.html" visibility="default" rawName="MemberOf.js" fullName="MemberOf.js" staticName="Anguilla.MemberOf.js">
  <members>
    <properties>
      <property name="Tridion" url=".Anguilla.MemberOf.js.Tridion.html" visibility="public" rawName="Tridion" fullName="Tridion" staticName="MemberOf.js.Tridion" synopsis="MemberOf.js.Tridion: Object;" synopsisExtended="MemberOf.js.Tridion: &lt;a href=&quot;&quot;&gt;Object&lt;/a&gt;;" type="Object" virtual="true">
        <members>
          <properties>
            <property name="Cme" url=".Anguilla.MemberOf.js.Tridion.Cme.html" visibility="static" rawName="Tridion.Cme" fullName="Tridion.Cme" staticName="Tridion.Cme" synopsis="Tridion.Cme: Object;" synopsisExtended="Tridion.Cme: &lt;a href=&quot;&quot;&gt;Object&lt;/a&gt;;" type="Object" virtual="true">
              <members>
                <classes>
                  <class name="MemberOfTab" url=".Anguilla.MemberOf.js.Tridion.Cme.MemberOfTab.html" visibility="static" rawName="Tridion.Cme.MemberOfTab" fullName="Tridion.Cme.MemberOfTab" staticName="Cme.MemberOfTab" synopsis="var x: MemberOfTab = new MemberOfTab(element: HTMLElement);" synopsisExtended="var x: &lt;a href=&quot;.Anguilla.MemberOf.js.Tridion.Cme.MemberOfTab.html&quot;&gt;MemberOfTab&lt;/a&gt; = new MemberOfTab(element: HTMLElement);" type="Object">
                    <arguments value="element">
                      <argument name="element" type="HTMLElement" description="The html element that represents this control." />
                    </arguments>
                    <extends />
                    <documentation rawString="&#xA; * Implements Security tab view.&#xA; * @param {HTMLElement} element The html element that represents this control.   &#xA; * @constructor&#xA; ">
                      <summary>Implements Security tab view.</summary>
                    </documentation>
                    <members>
                      <methods>
                        <method name="disposeInterface" url=".Anguilla.MemberOf.js.Tridion.Cme.MemberOfTab.disposeInterface.html" visibility="prototype" rawName="Tridion.Cme.MemberOfTab.prototype.disposeInterface" fullName="Tridion.Cme.MemberOfTab.disposeInterface" staticName="MemberOfTab.disposeInterface" synopsis="disposeInterface(): Void" synopsisExtended="disposeInterface(): Void" type="Object">
                          <documentation rawString="&#xA; * Clean up.&#xA; ">
                            <summary>Clean up.</summary>
                          </documentation>
                        </method>
                        <method name="onRefresh" url=".Anguilla.MemberOf.js.Tridion.Cme.MemberOfTab.onRefresh.html" visibility="prototype" rawName="Tridion.Cme.MemberOfTab.prototype.onRefresh" fullName="Tridion.Cme.MemberOfTab.onRefresh" staticName="MemberOfTab.onRefresh" synopsis="onRefresh(The: e.): Void" synopsisExtended="onRefresh(The: e.): Void" type="Object">
                          <arguments value="e">
                            <argument name="The" type="e." description="event is fired from the &lt;c&gt;Tridion.DisplayController&lt;/c&gt;." />
                          </arguments>
                          <documentation rawString="&#xA; * Reacts on Display Refresh event.&#xA; * @param {Tridion.Core.Event} e. The event is fired from the &lt;c&gt;Tridion.DisplayController&lt;/c&gt;.&#xA; ">
                            <summary>Reacts on Display Refresh event.</summary>
                          </documentation>
                        </method>
                        <method name="select" url=".Anguilla.MemberOf.js.Tridion.Cme.MemberOfTab.select.html" visibility="prototype" rawName="Tridion.Cme.MemberOfTab.prototype.select" fullName="Tridion.Cme.MemberOfTab.select" staticName="MemberOfTab.select" synopsis="select(): Void" synopsisExtended="select(): Void" type="Object">
                          <documentation rawString="&#xA; * Selects current tab.&#xA; ">
                            <summary>Selects current tab.</summary>
                          </documentation>
                        </method>
                        <method name="updateView" url=".Anguilla.MemberOf.js.Tridion.Cme.MemberOfTab.updateView.html" visibility="prototype" rawName="Tridion.Cme.MemberOfTab.prototype.updateView" fullName="Tridion.Cme.MemberOfTab.updateView" staticName="MemberOfTab.updateView" synopsis="updateView(): Void" synopsisExtended="updateView(): Void" type="Object">
                          <documentation rawString="&#xA; * Updating view representation.&#xA; ">
                            <summary>Updating view representation.</summary>
                          </documentation>
                        </method>
                        <method name="_onItemChange" url=".Anguilla.MemberOf.js.Tridion.Cme.MemberOfTab._onItemChange.html" visibility="prototype" rawName="Tridion.Cme.MemberOfTab.prototype._onItemChange" fullName="Tridion.Cme.MemberOfTab._onItemChange" staticName="MemberOfTab._onItemChange" synopsis="_onItemChange(event: Tridion.Core.Event): Void" synopsisExtended="_onItemChange(event: Tridion.Core.Event): Void" type="Object">
                          <arguments value="event">
                            <argument name="event" type="Tridion.Core.Event" description="The event is the event fired from the &lt;c&gt;Tridion.Controls.List&lt;/c&gt; control." />
                          </arguments>
                          <documentation rawString="&#xA; * Handles the TCM Item change event.&#xA; * @param {Tridion.Core.Event} event The event is the event fired from the &lt;c&gt;Tridion.Controls.List&lt;/c&gt; control.&#xA; ">
                            <summary>Handles the TCM Item change event.</summary>
                          </documentation>
                        </method>
                        <method name="_renderTrusteeList" url=".Anguilla.MemberOf.js.Tridion.Cme.MemberOfTab._renderTrusteeList.html" visibility="prototype" rawName="Tridion.Cme.MemberOfTab.prototype._renderTrusteeList" fullName="Tridion.Cme.MemberOfTab._renderTrusteeList" staticName="MemberOfTab._renderTrusteeList" synopsis="_renderTrusteeList(): Void" synopsisExtended="_renderTrusteeList(): Void" type="Object">
                          <documentation rawString="&#xA; * Populates Trustee list&#xA; ">
                            <summary>Populates Trustee list</summary>
                          </documentation>
                        </method>
                        <method name="_showTrusteePublications" url=".Anguilla.MemberOf.js.Tridion.Cme.MemberOfTab._showTrusteePublications.html" visibility="prototype" rawName="Tridion.Cme.MemberOfTab.prototype._showTrusteePublications" fullName="Tridion.Cme.MemberOfTab._showTrusteePublications" staticName="MemberOfTab._showTrusteePublications" synopsis="_showTrusteePublications(): Void" synopsisExtended="_showTrusteePublications(): Void" type="Object">
                          <documentation rawString="&#xA; * Shows publication trusee section.&#xA; ">
                            <summary>Shows publication trusee section.</summary>
                          </documentation>
                        </method>
                        <method name="_onListPublicationsLoaded" url=".Anguilla.MemberOf.js.Tridion.Cme.MemberOfTab._onListPublicationsLoaded.html" visibility="prototype" rawName="Tridion.Cme.MemberOfTab.prototype._onListPublicationsLoaded" fullName="Tridion.Cme.MemberOfTab._onListPublicationsLoaded" staticName="MemberOfTab._onListPublicationsLoaded" synopsis="_onListPublicationsLoaded(The: e.): Void" synopsisExtended="_onListPublicationsLoaded(The: e.): Void" type="Object">
                          <arguments value="e">
                            <argument name="The" type="e." description="event is fired from the list." />
                          </arguments>
                          <documentation rawString="&#xA; * Handles the List of publications load event.&#xA; * @param {Tridion.Core.Event} e. The event is fired from the list. &#xA; ">
                            <summary>Handles the List of publications load event.</summary>
                          </documentation>
                        </method>
                        <method name="_onListPublicationsLoadFailed" url=".Anguilla.MemberOf.js.Tridion.Cme.MemberOfTab._onListPublicationsLoadFailed.html" visibility="prototype" rawName="Tridion.Cme.MemberOfTab.prototype._onListPublicationsLoadFailed" fullName="Tridion.Cme.MemberOfTab._onListPublicationsLoadFailed" staticName="MemberOfTab._onListPublicationsLoadFailed" synopsis="_onListPublicationsLoadFailed(The: e.): Void" synopsisExtended="_onListPublicationsLoadFailed(The: e.): Void" type="Object">
                          <arguments value="e">
                            <argument name="The" type="e." description="event is fired from the list." />
                          </arguments>
                          <documentation rawString="&#xA; * Handles the List of publications load failed event.&#xA; * @param {Tridion.Core.Event} e. The event is fired from the list. &#xA; ">
                            <summary>Handles the List of publications load failed event.</summary>
                          </documentation>
                        </method>
                        <method name="_populatePublicationsList" url=".Anguilla.MemberOf.js.Tridion.Cme.MemberOfTab._populatePublicationsList.html" visibility="prototype" rawName="Tridion.Cme.MemberOfTab.prototype._populatePublicationsList" fullName="Tridion.Cme.MemberOfTab._populatePublicationsList" staticName="MemberOfTab._populatePublicationsList" synopsis="_populatePublicationsList(xml: XMLDocumetn): Void" synopsisExtended="_populatePublicationsList(xml: XMLDocumetn): Void" type="Object">
                          <arguments value="xml">
                            <argument name="xml" type="XMLDocumetn" description="The list content Xml" />
                          </arguments>
                          <documentation rawString="&#xA; * Populates publications list&#xA; * @param {XMLDocumetn} xml The list content Xml&#xA; ">
                            <summary>Populates publications list</summary>
                          </documentation>
                        </method>
                        <method name="_onInheritanceMembershipScopeChanged" url=".Anguilla.MemberOf.js.Tridion.Cme.MemberOfTab._onInheritanceMembershipScopeChanged.html" visibility="prototype" rawName="Tridion.Cme.MemberOfTab.prototype._onInheritanceMembershipScopeChanged" fullName="Tridion.Cme.MemberOfTab._onInheritanceMembershipScopeChanged" staticName="MemberOfTab._onInheritanceMembershipScopeChanged" synopsis="_onInheritanceMembershipScopeChanged(The: event.): Void" synopsisExtended="_onInheritanceMembershipScopeChanged(The: event.): Void" type="Object">
                          <arguments value="">
                            <argument name="The" type="event." description="event is the event fired from the Field." />
                          </arguments>
                          <documentation rawString="&#xA; * Handles the change events from Field.&#xA; * @param {Tridion.Core.Event} event. The event is the event fired from the Field.&#xA; ">
                            <summary>Handles the change events from Field.</summary>
                          </documentation>
                        </method>
                        <method name="initialize" url=".Anguilla.MemberOf.js.Tridion.Cme.MemberOfTab.initialize.html" visibility="private" rawName="Tridion.Cme.MemberOfTab.prototype.initialize" fullName="Tridion.Cme.MemberOfTab.initialize" staticName="MemberOfTab.initialize" synopsis="initialize(): Void" synopsisExtended="initialize(): Void" type="Object">
                          <documentation rawString="&#xA; * Initializes Security tab view.&#xA; * @private&#xA; ">
                            <summary>Initializes Security tab view.</summary>
                          </documentation>
                        </method>
                        <method name="_updateControls" url=".Anguilla.MemberOf.js.Tridion.Cme.MemberOfTab._updateControls.html" visibility="private" rawName="Tridion.Cme.MemberOfTab.prototype._updateControls" fullName="Tridion.Cme.MemberOfTab._updateControls" staticName="MemberOfTab._updateControls" synopsis="_updateControls(): Void" synopsisExtended="_updateControls(): Void" type="Object">
                          <documentation rawString="&#xA; * Updates tab controls&#xA; * @private  &#xA; ">
                            <summary>Updates tab controls</summary>
                          </documentation>
                        </method>
                        <method name="_asyncLoadListDefinitions" url=".Anguilla.MemberOf.js.Tridion.Cme.MemberOfTab._asyncLoadListDefinitions.html" visibility="private" rawName="Tridion.Cme.MemberOfTab.prototype._asyncLoadListDefinitions" fullName="Tridion.Cme.MemberOfTab._asyncLoadListDefinitions" staticName="MemberOfTab._asyncLoadListDefinitions" synopsis="_asyncLoadListDefinitions(): Void" synopsisExtended="_asyncLoadListDefinitions(): Void" type="Object">
                          <documentation rawString="&#xA; * Load list definition.&#xA; * @private&#xA; ">
                            <summary>Load list definition.</summary>
                          </documentation>
                          <members>
                            <methods>
                              <method name="headerLoaded" url=".Anguilla.MemberOf.js.Tridion.Cme.MemberOfTab._asyncLoadListDefinitions.headerLoaded.html" visibility="private" rawName="headerLoaded" fullName="headerLoaded" staticName="_asyncLoadListDefinitions.headerLoaded" synopsis="headerLoaded(documents: Object): Void" synopsisExtended="headerLoaded(documents: Object): Void" type="Object">
                                <arguments value="documents">
                                  <argument name="documents" type="Object" />
                                </arguments>
                              </method>
                              <method name="headerLoadFailed" url=".Anguilla.MemberOf.js.Tridion.Cme.MemberOfTab._asyncLoadListDefinitions.headerLoadFailed.html" visibility="private" rawName="headerLoadFailed" fullName="headerLoadFailed" staticName="_asyncLoadListDefinitions.headerLoadFailed" synopsis="headerLoadFailed(error: Object): Void" synopsisExtended="headerLoadFailed(error: Object): Void" type="Object">
                                <arguments value="error">
                                  <argument name="error" type="Object" />
                                </arguments>
                              </method>
                            </methods>
                          </members>
                        </method>
                        <method name="_getGroupMembershipsXmlDoc" url=".Anguilla.MemberOf.js.Tridion.Cme.MemberOfTab._getGroupMembershipsXmlDoc.html" visibility="private" rawName="Tridion.Cme.MemberOfTab.prototype._getGroupMembershipsXmlDoc" fullName="Tridion.Cme.MemberOfTab._getGroupMembershipsXmlDoc" staticName="MemberOfTab._getGroupMembershipsXmlDoc" synopsis="_getGroupMembershipsXmlDoc(): XMLDocument" synopsisExtended="_getGroupMembershipsXmlDoc(): XMLDocument" type="Object">
                          <documentation rawString="&#xA; * Gets the group membership list Xml Document&#xA; * @private  &#xA; * @returns {XMLDocument} fieldXml The XML document of group membership list.&#xA; ">
                            <summary>Gets the group membership list Xml Document</summary>
                          </documentation>
                          <returns type="XMLDocument" description="fieldXml The XML document of group membership list." />
                        </method>
                        <method name="_onTrusteeListSelectionChanged" url=".Anguilla.MemberOf.js.Tridion.Cme.MemberOfTab._onTrusteeListSelectionChanged.html" visibility="private" rawName="Tridion.Cme.MemberOfTab.prototype._onTrusteeListSelectionChanged" fullName="Tridion.Cme.MemberOfTab._onTrusteeListSelectionChanged" staticName="MemberOfTab._onTrusteeListSelectionChanged" synopsis="_onTrusteeListSelectionChanged(The: event.): Void" synopsisExtended="_onTrusteeListSelectionChanged(The: event.): Void" type="Object">
                          <arguments value="event">
                            <argument name="The" type="event." description="event is the event fired from the list." />
                          </arguments>
                          <documentation rawString="&#xA; * Handles the list selection change event.&#xA; * @param {Tridion.Core.Event} event. The event is the event fired from the list.&#xA; * @private&#xA; ">
                            <summary>Handles the list selection change event.</summary>
                          </documentation>
                        </method>
                        <method name="_renderEmptyPublicationsList" url=".Anguilla.MemberOf.js.Tridion.Cme.MemberOfTab._renderEmptyPublicationsList.html" visibility="private" rawName="Tridion.Cme.MemberOfTab.prototype._renderEmptyPublicationsList" fullName="Tridion.Cme.MemberOfTab._renderEmptyPublicationsList" staticName="MemberOfTab._renderEmptyPublicationsList" synopsis="_renderEmptyPublicationsList(): Void" synopsisExtended="_renderEmptyPublicationsList(): Void" type="Object">
                          <documentation rawString="&#xA; * Populates empty publications list.&#xA; * @private &#xA; ">
                            <summary>Populates empty publications list.</summary>
                          </documentation>
                        </method>
                        <method name="_onPublicationListSelectionChanged" url=".Anguilla.MemberOf.js.Tridion.Cme.MemberOfTab._onPublicationListSelectionChanged.html" visibility="private" rawName="Tridion.Cme.MemberOfTab.prototype._onPublicationListSelectionChanged" fullName="Tridion.Cme.MemberOfTab._onPublicationListSelectionChanged" staticName="MemberOfTab._onPublicationListSelectionChanged" synopsis="_onPublicationListSelectionChanged(The: event.): Void" synopsisExtended="_onPublicationListSelectionChanged(The: event.): Void" type="Object">
                          <arguments value="e">
                            <argument name="The" type="event." description="event is the event fired from the list." />
                          </arguments>
                          <documentation rawString="&#xA; * Handles the list selection change event.&#xA; * @param {Tridion.Core.Event} event. The event is the event fired from the list.&#xA; * @private&#xA; ">
                            <summary>Handles the list selection change event.</summary>
                          </documentation>
                        </method>
                        <method name="_onGroupLoaded" url=".Anguilla.MemberOf.js.Tridion.Cme.MemberOfTab._onGroupLoaded.html" visibility="private" rawName="Tridion.Cme.MemberOfTab.prototype._onGroupLoaded" fullName="Tridion.Cme.MemberOfTab._onGroupLoaded" staticName="MemberOfTab._onGroupLoaded" synopsis="_onGroupLoaded(The: e.): Void" synopsisExtended="_onGroupLoaded(The: e.): Void" type="Object">
                          <arguments value="e">
                            <argument name="The" type="e." description="event is fired from the &lt;c&gt;Tridion.ContentManager.Group&lt;/c&gt;." />
                          </arguments>
                          <documentation rawString="&#xA; * Handles the group item load event.&#xA; * @param {Tridion.Core.Event} e. The event is fired from the &lt;c&gt;Tridion.ContentManager.Group&lt;/c&gt;.&#xA; * @private&#xA; ">
                            <summary>Handles the group item load event.</summary>
                          </documentation>
                        </method>
                        <method name="_onGroupLoadFailed" url=".Anguilla.MemberOf.js.Tridion.Cme.MemberOfTab._onGroupLoadFailed.html" visibility="private" rawName="Tridion.Cme.MemberOfTab.prototype._onGroupLoadFailed" fullName="Tridion.Cme.MemberOfTab._onGroupLoadFailed" staticName="MemberOfTab._onGroupLoadFailed" synopsis="_onGroupLoadFailed(The: e.): Void" synopsisExtended="_onGroupLoadFailed(The: e.): Void" type="Object">
                          <arguments value="e">
                            <argument name="The" type="e." description="event is fired from the &lt;c&gt;Tridion.ContentManager.Group&lt;/c&gt;." />
                          </arguments>
                          <documentation rawString="&#xA; * Handles the group item load failed event.&#xA; * @param {Tridion.Core.Event} e. The event is fired from the &lt;c&gt;Tridion.ContentManager.Group&lt;/c&gt;.&#xA; * @private&#xA; ">
                            <summary>Handles the group item load failed event.</summary>
                          </documentation>
                        </method>
                        <method name="_renderMembershipScope" url=".Anguilla.MemberOf.js.Tridion.Cme.MemberOfTab._renderMembershipScope.html" visibility="private" rawName="Tridion.Cme.MemberOfTab.prototype._renderMembershipScope" fullName="Tridion.Cme.MemberOfTab._renderMembershipScope" staticName="MemberOfTab._renderMembershipScope" synopsis="_renderMembershipScope(group: Object): Void" synopsisExtended="_renderMembershipScope(group: Object): Void" type="Object">
                          <arguments value="group">
                            <argument name="group" type="Object" />
                          </arguments>
                          <documentation rawString="&#xA; * Populates membership scope.&#xA; * @private &#xA; * @param {Tridion.ContentManager.Group} group&#xA; ">
                            <summary>Populates membership scope.</summary>
                          </documentation>
                        </method>
                        <method name="_onMemberOfAddButtonClicked" url=".Anguilla.MemberOf.js.Tridion.Cme.MemberOfTab._onMemberOfAddButtonClicked.html" visibility="private" rawName="Tridion.Cme.MemberOfTab.prototype._onMemberOfAddButtonClicked" fullName="Tridion.Cme.MemberOfTab._onMemberOfAddButtonClicked" staticName="MemberOfTab._onMemberOfAddButtonClicked" synopsis="_onMemberOfAddButtonClicked(): Void" synopsisExtended="_onMemberOfAddButtonClicked(): Void" type="Object">
                          <documentation rawString="&#xA; * Handles the click event from Button.&#xA; * @private &#xA; ">
                            <summary>Handles the click event from Button.</summary>
                          </documentation>
                        </method>
                        <method name="_onGroupsSelectPopupUnloaded" url=".Anguilla.MemberOf.js.Tridion.Cme.MemberOfTab._onGroupsSelectPopupUnloaded.html" visibility="private" rawName="Tridion.Cme.MemberOfTab.prototype._onGroupsSelectPopupUnloaded" fullName="Tridion.Cme.MemberOfTab._onGroupsSelectPopupUnloaded" staticName="MemberOfTab._onGroupsSelectPopupUnloaded" synopsis="_onGroupsSelectPopupUnloaded(The: event.): Void" synopsisExtended="_onGroupsSelectPopupUnloaded(The: event.): Void" type="Object">
                          <arguments value="event">
                            <argument name="The" type="event." description="event is the event fired from the popup." />
                          </arguments>
                          <documentation rawString="&#xA; * Handles the popup unload event.&#xA; * @param {DOMEvent} event. The event is the event fired from the popup.&#xA; * @private&#xA; ">
                            <summary>Handles the popup unload event.</summary>
                          </documentation>
                        </method>
                        <method name="_onGroupsSelected" url=".Anguilla.MemberOf.js.Tridion.Cme.MemberOfTab._onGroupsSelected.html" visibility="private" rawName="Tridion.Cme.MemberOfTab.prototype._onGroupsSelected" fullName="Tridion.Cme.MemberOfTab._onGroupsSelected" staticName="MemberOfTab._onGroupsSelected" synopsis="_onGroupsSelected(The: event.): Void" synopsisExtended="_onGroupsSelected(The: event.): Void" type="Object">
                          <arguments value="event">
                            <argument name="The" type="event." description="event is the event fired from the popup." />
                          </arguments>
                          <documentation rawString="&#xA; * Handles the select event from popup.&#xA; * @param {DOMEvent} event. The event is the event fired from the popup.&#xA; * @private&#xA; ">
                            <summary>Handles the select event from popup.</summary>
                          </documentation>
                        </method>
                        <method name="_addGroupToTrusteesList" url=".Anguilla.MemberOf.js.Tridion.Cme.MemberOfTab._addGroupToTrusteesList.html" visibility="private" rawName="Tridion.Cme.MemberOfTab.prototype._addGroupToTrusteesList" fullName="Tridion.Cme.MemberOfTab._addGroupToTrusteesList" staticName="MemberOfTab._addGroupToTrusteesList" synopsis="_addGroupToTrusteesList(item: Tridion.ContentManager.Item, groupId: String): Void" synopsisExtended="_addGroupToTrusteesList(item: Tridion.ContentManager.Item, groupId: String): Void" type="Object">
                          <arguments value="item, groupId">
                            <argument name="item" type="Tridion.ContentManager.Item" description="The trustees list container." />
                            <argument name="groupId" type="String" description="Adding group id." />
                          </arguments>
                          <documentation rawString="&#xA; * Adds group to List trustees.&#xA; * @param {Tridion.ContentManager.Item} item The trustees list container.&#xA; * @param {String} groupId Adding group id.&#xA; * @private&#xA; ">
                            <summary>Adds group to List trustees.</summary>
                          </documentation>
                          <members>
                            <methods>
                              <method name="groupLoaded" url=".Anguilla.MemberOf.js.Tridion.Cme.MemberOfTab._addGroupToTrusteesList.groupLoaded.html" visibility="private" rawName="groupLoaded" fullName="groupLoaded" staticName="_addGroupToTrusteesList.groupLoaded" synopsis="groupLoaded(): Void" synopsisExtended="groupLoaded(): Void" type="Object" />
                            </methods>
                          </members>
                        </method>
                        <method name="_onMemberOfRemoveButtonClicked" url=".Anguilla.MemberOf.js.Tridion.Cme.MemberOfTab._onMemberOfRemoveButtonClicked.html" visibility="private" rawName="Tridion.Cme.MemberOfTab.prototype._onMemberOfRemoveButtonClicked" fullName="Tridion.Cme.MemberOfTab._onMemberOfRemoveButtonClicked" staticName="MemberOfTab._onMemberOfRemoveButtonClicked" synopsis="_onMemberOfRemoveButtonClicked(): Void" synopsisExtended="_onMemberOfRemoveButtonClicked(): Void" type="Object">
                          <documentation rawString="&#xA; * Handles the click event from Button.&#xA; * @private &#xA; ">
                            <summary>Handles the click event from Button.</summary>
                          </documentation>
                        </method>
                        <method name="_updateGroupMembershipConstraints" url=".Anguilla.MemberOf.js.Tridion.Cme.MemberOfTab._updateGroupMembershipConstraints.html" visibility="private" rawName="Tridion.Cme.MemberOfTab.prototype._updateGroupMembershipConstraints" fullName="Tridion.Cme.MemberOfTab._updateGroupMembershipConstraints" staticName="MemberOfTab._updateGroupMembershipConstraints" synopsis="_updateGroupMembershipConstraints(): Void" synopsisExtended="_updateGroupMembershipConstraints(): Void" type="Object">
                          <documentation rawString="&#xA; * Update group membership.&#xA; * @private&#xA; ">
                            <summary>Update group membership.</summary>
                          </documentation>
                        </method>
                        <method name="_addToEmptyGroups" url=".Anguilla.MemberOf.js.Tridion.Cme.MemberOfTab._addToEmptyGroups.html" visibility="private" rawName="Tridion.Cme.MemberOfTab.prototype._addToEmptyGroups" fullName="Tridion.Cme.MemberOfTab._addToEmptyGroups" staticName="MemberOfTab._addToEmptyGroups" synopsis="_addToEmptyGroups(id: String): Void" synopsisExtended="_addToEmptyGroups(id: String): Void" type="Object">
                          <arguments value="id">
                            <argument name="id" type="String" description="Adding item id." />
                          </arguments>
                          <documentation rawString="&#xA; * Adds item to empty group.&#xA; * @param {String} id Adding item id.&#xA; * @private&#xA; ">
                            <summary>Adds item to empty group.</summary>
                          </documentation>
                        </method>
                        <method name="_removeFromEmptyGroups" url=".Anguilla.MemberOf.js.Tridion.Cme.MemberOfTab._removeFromEmptyGroups.html" visibility="private" rawName="Tridion.Cme.MemberOfTab.prototype._removeFromEmptyGroups" fullName="Tridion.Cme.MemberOfTab._removeFromEmptyGroups" staticName="MemberOfTab._removeFromEmptyGroups" synopsis="_removeFromEmptyGroups(id: String): Void" synopsisExtended="_removeFromEmptyGroups(id: String): Void" type="Object">
                          <arguments value="id">
                            <argument name="id" type="String" description="Removing item id." />
                          </arguments>
                          <documentation rawString="&#xA; * Remove item from empty group.&#xA; * @param {String} id Removing item id.&#xA; * @private&#xA; ">
                            <summary>Remove item from empty group.</summary>
                          </documentation>
                        </method>
                        <method name="_onItemValidate" url=".Anguilla.MemberOf.js.Tridion.Cme.MemberOfTab._onItemValidate.html" visibility="private" rawName="Tridion.Cme.MemberOfTab.prototype._onItemValidate" fullName="Tridion.Cme.MemberOfTab._onItemValidate" staticName="MemberOfTab._onItemValidate" synopsis="_onItemValidate(The: e.): Void" synopsisExtended="_onItemValidate(The: e.): Void" type="Object">
                          <arguments value="e">
                            <argument name="The" type="e." description="event is fired from the &lt;c&gt;Tridion.ContentManager.Item&lt;/c&gt;." />
                          </arguments>
                          <documentation rawString="&#xA; * Handles the validate event in Item.&#xA; * @private &#xA; * @param {Tridion.Core.Event} e. The event is fired from the &lt;c&gt;Tridion.ContentManager.Item&lt;/c&gt;.&#xA; ">
                            <summary>Handles the validate event in Item.</summary>
                          </documentation>
                        </method>
                      </methods>
                    </members>
                  </class>
                </classes>
              </members>
            </property>
          </properties>
        </members>
      </property>
    </properties>
  </members>
</document>