<document name="MessageLog.js" url="MessageLog.js.html" visibility="default" rawName="MessageLog.js" fullName="MessageLog.js" staticName="Anguilla.MessageLog.js">
  <members>
    <properties>
      <property name="Tridion" url=".Anguilla.MessageLog.js.Tridion.html" visibility="public" rawName="Tridion" fullName="Tridion" staticName="MessageLog.js.Tridion" synopsis="MessageLog.js.Tridion: Object;" synopsisExtended="MessageLog.js.Tridion: &lt;a href=&quot;&quot;&gt;Object&lt;/a&gt;;" type="Object" virtual="true">
        <members>
          <properties>
            <property name="Core" url=".Anguilla.MessageLog.js.Tridion.Core.html" visibility="static" rawName="Tridion.Core" fullName="Tridion.Core" staticName="Tridion.Core" synopsis="Tridion.Core: Object;" synopsisExtended="Tridion.Core: &lt;a href=&quot;&quot;&gt;Object&lt;/a&gt;;" type="Object" virtual="true">
              <members>
                <properties>
                  <property name="MessageLog" url=".Anguilla.MessageLog.js.Tridion.Core.MessageLog.html" visibility="static" rawName="Tridion.Core.MessageLog" fullName="Tridion.Core.MessageLog" staticName="Core.MessageLog" synopsis="Core.MessageLog: Tridion.ObjectWithEvents;" synopsisExtended="Core.MessageLog: &lt;a href=&quot;&quot;&gt;Tridion.ObjectWithEvents&lt;/a&gt;;" type="Tridion.ObjectWithEvents">
                    <documentation rawString="&#xA; * Implements a central message store that can be used anywhere through our the system.&#xA; * This class provides a structured store for text messages, organized in categories. For each of the avilable categories&#xA; * there is a corresponding method that stores a message in that category. Upon recieving each message, a&#xA; * &lt;c&gt;messagereceived&lt;/c&gt; event is fired. This enables external listeners to implement visual representation of these&#xA; * messages.&#xA; * @event messagereceived Fires each time a message is received. The data for the event will contain the message as&#xA; * well as the message category. &lt;c&gt;{ message: String, category: Tridion.Core.MessageType }&lt;/c&gt;&#xA; ">
                      <summary>Implements a central message store that can be used anywhere through our the system.</summary>
                      <description>This class provides a structured store for text messages, organized in categories. For each of the avilable categories
there is a corresponding method that stores a message in that category. Upon recieving each message, a
&lt;c&gt;messagereceived&lt;/c&gt; event is fired. This enables external listeners to implement visual representation of these
messages.</description>
                    </documentation>
                    <members>
                      <methods>
                        <method name="trace" url=".Anguilla.MessageLog.js.Tridion.Core.MessageLog.trace.html" visibility="instance" rawName="Tridion.Core.MessageLog.trace" fullName="Tridion.Core.MessageLog.trace" staticName="MessageLog.trace" synopsis="trace(message: String): Void" synopsisExtended="trace(message: String): Void" type="Object">
                          <arguments value="message">
                            <argument name="message" type="String" description="The message to log." />
                            <variable type="String" range="1-n" description="The formatting values to apply to the message being logged." />
                          </arguments>
                          <documentation rawString="&#xA; * Logs a trace message to the DEBUG registry.&#xA; * @param {String} message The message to log.&#xA; * @arguments {String} [1-n] The formatting values to apply to the message being logged.&#xA; ">
                            <summary>Logs a trace message to the DEBUG registry.</summary>
                          </documentation>
                        </method>
                        <method name="message" url=".Anguilla.MessageLog.js.Tridion.Core.MessageLog.message.html" visibility="instance" rawName="Tridion.Core.MessageLog.message" fullName="Tridion.Core.MessageLog.message" staticName="MessageLog.message" synopsis="message(message: String): Void" synopsisExtended="message(message: String): Void" type="Object">
                          <arguments value="message">
                            <argument name="message" type="String" description="The message to log." />
                            <variable type="String" range="1-n" description="The formatting values to apply to the message being logged." />
                          </arguments>
                          <documentation rawString="&#xA; * Logs a trace message to the INFO registry.&#xA; * @param {String} message The message to log.&#xA; * @arguments {String} [1-n] The formatting values to apply to the message being logged.&#xA; ">
                            <summary>Logs a trace message to the INFO registry.</summary>
                          </documentation>
                        </method>
                        <method name="info" url=".Anguilla.MessageLog.js.Tridion.Core.MessageLog.info.html" visibility="instance" rawName="Tridion.Core.MessageLog.info" fullName="Tridion.Core.MessageLog.info" staticName="MessageLog.info" synopsis="info(message: String): Void" synopsisExtended="info(message: String): Void" type="Object">
                          <arguments value="message">
                            <argument name="message" type="String" description="The message to log." />
                            <variable type="String" range="1-n" description="The formatting values to apply to the message being logged." />
                          </arguments>
                          <documentation rawString="&#xA; * Logs a trace message to the INFO registry.&#xA; * @param {String} message The message to log.&#xA; * @arguments {String} [1-n] The formatting values to apply to the message being logged.&#xA; ">
                            <summary>Logs a trace message to the INFO registry.</summary>
                          </documentation>
                        </method>
                        <method name="warn" url=".Anguilla.MessageLog.js.Tridion.Core.MessageLog.warn.html" visibility="instance" rawName="Tridion.Core.MessageLog.warn" fullName="Tridion.Core.MessageLog.warn" staticName="MessageLog.warn" synopsis="warn(message: String): Void" synopsisExtended="warn(message: String): Void" type="Object">
                          <arguments value="message">
                            <argument name="message" type="String" description="The message to log." />
                            <variable type="String" range="1-n" description="The formatting values to apply to the message being logged." />
                          </arguments>
                          <documentation rawString="&#xA; * Logs a trace message to the WARNING registry.&#xA; * @param {String} message The message to log.&#xA; * @arguments {String} [1-n] The formatting values to apply to the message being logged.&#xA; ">
                            <summary>Logs a trace message to the WARNING registry.</summary>
                          </documentation>
                        </method>
                        <method name="error" url=".Anguilla.MessageLog.js.Tridion.Core.MessageLog.error.html" visibility="instance" rawName="Tridion.Core.MessageLog.error" fullName="Tridion.Core.MessageLog.error" staticName="MessageLog.error" synopsis="error(message: String): Void" synopsisExtended="error(message: String): Void" type="Object">
                          <arguments value="message">
                            <argument name="message" type="String" description="The message to log." />
                            <variable type="String" range="1-n" description="The formatting values to apply to the message being logged." />
                          </arguments>
                          <documentation rawString="&#xA; * Logs a trace message to the ERROR registry.&#xA; * @param {String} message The message to log.&#xA; * @arguments {String} [1-n] The formatting values to apply to the message being logged.&#xA; ">
                            <summary>Logs a trace message to the ERROR registry.</summary>
                          </documentation>
                        </method>
                        <method name="debug" url=".Anguilla.MessageLog.js.Tridion.Core.MessageLog.debug.html" visibility="instance" rawName="Tridion.Core.MessageLog.debug" fullName="Tridion.Core.MessageLog.debug" staticName="MessageLog.debug" synopsis="debug(message: String): Void" synopsisExtended="debug(message: String): Void" type="Object">
                          <arguments value="">
                            <argument name="message" type="String" description="The message to log." />
                            <variable type="String" range="1-n" description="The formatting values to apply to the message being logged." />
                          </arguments>
                          <documentation rawString="&#xA; * Logs a trace message to the DEBUG registry.&#xA; * @param {String} message The message to log.&#xA; * @arguments {String} [1-n] The formatting values to apply to the message being logged.&#xA; ">
                            <summary>Logs a trace message to the DEBUG registry.</summary>
                          </documentation>
                        </method>
                        <method name="_addMessage" url=".Anguilla.MessageLog.js.Tridion.Core.MessageLog._addMessage.html" visibility="instance" rawName="Tridion.Core.MessageLog._addMessage" fullName="Tridion.Core.MessageLog._addMessage" staticName="MessageLog._addMessage" synopsis="_addMessage(data: Object): Void" synopsisExtended="_addMessage(data: Object): Void" type="Object">
                          <arguments value="data">
                            <argument name="data" type="Object" description="The log message data." />
                          </arguments>
                          <documentation rawString="&#xA; * Logs a trace message into the registry associated with the specified category.&#xA; * @param {Object} data The log message data.&#xA; ">
                            <summary>Logs a trace message into the registry associated with the specified category.</summary>
                          </documentation>
                        </method>
                        <method name="event" url=".Anguilla.MessageLog.js.Tridion.Core.MessageLog.event.html" visibility="instance" rawName="Tridion.Core.MessageLog.event" fullName="Tridion.Core.MessageLog.event" staticName="MessageLog.event" synopsis="event(event: Object, data: Object): Void" synopsisExtended="event(event: Object, data: Object): Void" type="Object">
                          <arguments value="event, data">
                            <argument name="event" type="Object" />
                            <argument name="data" type="Object" />
                          </arguments>
                        </method>
                        <method name="eventDone" url=".Anguilla.MessageLog.js.Tridion.Core.MessageLog.eventDone.html" visibility="instance" rawName="Tridion.Core.MessageLog.eventDone" fullName="Tridion.Core.MessageLog.eventDone" staticName="MessageLog.eventDone" synopsis="eventDone(): Void" synopsisExtended="eventDone(): Void" type="Object" />
                      </methods>
                      <properties>
                        <property name="Messages" url=".Anguilla.MessageLog.js.Tridion.Core.MessageLog.Messages.html" visibility="instance" rawName="Tridion.Core.MessageLog.Messages" fullName="Tridion.Core.MessageLog.Messages" staticName="MessageLog.Messages" synopsis="MessageLog.Messages: Object;" synopsisExtended="MessageLog.Messages: &lt;a href=&quot;&quot;&gt;Object&lt;/a&gt;;" type="Object">
                          <documentation rawString="&#xA; * Contains message registries.&#xA; ">
                            <summary>Contains message registries.</summary>
                          </documentation>
                          <members>
                            <properties>
                              <property name="INFO" url=".Anguilla.MessageLog.js.Tridion.Core.MessageLog.Messages.INFO.html" visibility="instance" rawName="Tridion.Core.MessageLog.Messages.INFO" fullName="Tridion.Core.MessageLog.Messages.INFO" staticName="Messages.INFO" synopsis="Messages.INFO: Array;" synopsisExtended="Messages.INFO: &lt;a href=&quot;&quot;&gt;Array&lt;/a&gt;;" type="Array">
                                <documentation rawString="&#xA; * The registry for informational messages.&#xA; * @type {Array}&#xA; ">
                                  <summary>The registry for informational messages.</summary>
                                </documentation>
                              </property>
                              <property name="WARNING" url=".Anguilla.MessageLog.js.Tridion.Core.MessageLog.Messages.WARNING.html" visibility="instance" rawName="Tridion.Core.MessageLog.Messages.WARNING" fullName="Tridion.Core.MessageLog.Messages.WARNING" staticName="Messages.WARNING" synopsis="Messages.WARNING: Array;" synopsisExtended="Messages.WARNING: &lt;a href=&quot;&quot;&gt;Array&lt;/a&gt;;" type="Array">
                                <documentation rawString="&#xA; * The registry for warning messages.&#xA; * @type {Array}&#xA; ">
                                  <summary>The registry for warning messages.</summary>
                                </documentation>
                              </property>
                              <property name="ERROR" url=".Anguilla.MessageLog.js.Tridion.Core.MessageLog.Messages.ERROR.html" visibility="instance" rawName="Tridion.Core.MessageLog.Messages.ERROR" fullName="Tridion.Core.MessageLog.Messages.ERROR" staticName="Messages.ERROR" synopsis="Messages.ERROR: Array;" synopsisExtended="Messages.ERROR: &lt;a href=&quot;&quot;&gt;Array&lt;/a&gt;;" type="Array">
                                <documentation rawString="&#xA; * The registry for error messages.&#xA; * @type {Array}&#xA; ">
                                  <summary>The registry for error messages.</summary>
                                </documentation>
                              </property>
                              <property name="DEBUG" url=".Anguilla.MessageLog.js.Tridion.Core.MessageLog.Messages.DEBUG.html" visibility="instance" rawName="Tridion.Core.MessageLog.Messages.DEBUG" fullName="Tridion.Core.MessageLog.Messages.DEBUG" staticName="Messages.DEBUG" synopsis="Messages.DEBUG: Array;" synopsisExtended="Messages.DEBUG: &lt;a href=&quot;&quot;&gt;Array&lt;/a&gt;;" type="Array">
                                <documentation rawString="&#xA; * The registry for debug messages.&#xA; * @type {Array}&#xA; ">
                                  <summary>The registry for debug messages.</summary>
                                </documentation>
                              </property>
                            </properties>
                          </members>
                        </property>
                      </properties>
                      <events>
                        <event name="messagereceived" url=".Anguilla.MessageLog.js.Tridion.Core.MessageLog.messagereceived.html" visibility="prototype" rawName="messagereceived" fullName="messagereceived" staticName="MessageLog.messagereceived" type="Object">
                          <documentation rawString="">
                            <summary>Fires each time a message is received. The data for the event will contain the message as</summary>
                            <description>well as the message category. &lt;c&gt;{ message: String, category: Tridion.Core.MessageType }&lt;/c&gt;</description>
                          </documentation>
                        </event>
                      </events>
                    </members>
                  </property>
                  <property name="ConsoleLogger" url=".Anguilla.MessageLog.js.Tridion.Core.ConsoleLogger.html" visibility="static" rawName="Tridion.Core.ConsoleLogger" fullName="Tridion.Core.ConsoleLogger" staticName="Core.ConsoleLogger" synopsis="Core.ConsoleLogger: Object;" synopsisExtended="Core.ConsoleLogger: &lt;a href=&quot;&quot;&gt;Object&lt;/a&gt;;" type="Object">
                    <documentation rawString="&#xA; * Implements a simple message log listener that forwards the messages to the console.&#xA; * @static&#xA; ">
                      <summary>Implements a simple message log listener that forwards the messages to the console.</summary>
                    </documentation>
                    <members>
                      <methods>
                        <method name="ConsoleLogger$onLogMessageReceived" url=".Anguilla.MessageLog.js.Tridion.Core.ConsoleLogger.ConsoleLogger$onLogMessageReceived.html" visibility="private" rawName="ConsoleLogger$onLogMessageReceived" fullName="ConsoleLogger$onLogMessageReceived" staticName="ConsoleLogger.ConsoleLogger$onLogMessageReceived" synopsis="ConsoleLogger$onLogMessageReceived(event: Object): Void" synopsisExtended="ConsoleLogger$onLogMessageReceived(event: Object): Void" type="Object">
                          <arguments value="event">
                            <argument name="event" type="Object" />
                          </arguments>
                        </method>
                        <method name="_error" url=".Anguilla.MessageLog.js.Tridion.Core.ConsoleLogger._error.html" visibility="instance" rawName="Tridion.Core.ConsoleLogger._error" fullName="Tridion.Core.ConsoleLogger._error" staticName="ConsoleLogger._error" synopsis="_error(eventData: Object): Void" synopsisExtended="_error(eventData: Object): Void" type="Object">
                          <arguments value="eventData">
                            <argument name="eventData" type="Object" description="The data from the message event that was raised." />
                          </arguments>
                          <documentation rawString="&#xA; * Sends a message to the console as an error message.&#xA; * @param {Object} eventData The data from the message event that was raised.&#xA; ">
                            <summary>Sends a message to the console as an error message.</summary>
                          </documentation>
                        </method>
                        <method name="_warn" url=".Anguilla.MessageLog.js.Tridion.Core.ConsoleLogger._warn.html" visibility="instance" rawName="Tridion.Core.ConsoleLogger._warn" fullName="Tridion.Core.ConsoleLogger._warn" staticName="ConsoleLogger._warn" synopsis="_warn(eventData: Object): Void" synopsisExtended="_warn(eventData: Object): Void" type="Object">
                          <arguments value="eventData">
                            <argument name="eventData" type="Object" description="The data from the message event that was raised." />
                          </arguments>
                          <documentation rawString="&#xA; * Sends a message to the console as a warning message.&#xA; * @param {Object} eventData The data from the message event that was raised.&#xA; ">
                            <summary>Sends a message to the console as a warning message.</summary>
                          </documentation>
                        </method>
                        <method name="_debug" url=".Anguilla.MessageLog.js.Tridion.Core.ConsoleLogger._debug.html" visibility="instance" rawName="Tridion.Core.ConsoleLogger._debug" fullName="Tridion.Core.ConsoleLogger._debug" staticName="ConsoleLogger._debug" synopsis="_debug(eventData: Object): Void" synopsisExtended="_debug(eventData: Object): Void" type="Object">
                          <arguments value="eventData">
                            <argument name="eventData" type="Object" description="The data from the message event that was raised." />
                          </arguments>
                          <documentation rawString="&#xA; * Sends a message to the console as a debug message.&#xA; * @param {Object} eventData The data from the message event that was raised.&#xA; ">
                            <summary>Sends a message to the console as a debug message.</summary>
                          </documentation>
                        </method>
                        <method name="_info" url=".Anguilla.MessageLog.js.Tridion.Core.ConsoleLogger._info.html" visibility="instance" rawName="Tridion.Core.ConsoleLogger._info" fullName="Tridion.Core.ConsoleLogger._info" staticName="ConsoleLogger._info" synopsis="_info(eventData: Object): Void" synopsisExtended="_info(eventData: Object): Void" type="Object">
                          <arguments value="eventData">
                            <argument name="eventData" type="Object" description="The data from the message event that was raised." />
                          </arguments>
                          <documentation rawString="&#xA; * Sends a message to the console as a log message.&#xA; * @param {Object} eventData The data from the message event that was raised.&#xA; ">
                            <summary>Sends a message to the console as a log message.</summary>
                          </documentation>
                        </method>
                      </methods>
                    </members>
                  </property>
                </properties>
              </members>
            </property>
          </properties>
        </members>
      </property>
    </properties>
  </members>
</document>