<document name="Metadata.js" url="Metadata.js.html" visibility="default" rawName="Metadata.js" fullName="Metadata.js" staticName="Anguilla.Metadata.js">
  <members>
    <properties>
      <property name="Tridion" url=".Anguilla.Metadata.js.Tridion.html" visibility="public" rawName="Tridion" fullName="Tridion" staticName="Metadata.js.Tridion" synopsis="Metadata.js.Tridion: Object;" synopsisExtended="Metadata.js.Tridion: &lt;a href=&quot;&quot;&gt;Object&lt;/a&gt;;" type="Object" virtual="true">
        <members>
          <properties>
            <property name="Cme" url=".Anguilla.Metadata.js.Tridion.Cme.html" visibility="static" rawName="Tridion.Cme" fullName="Tridion.Cme" staticName="Tridion.Cme" synopsis="Tridion.Cme: Object;" synopsisExtended="Tridion.Cme: &lt;a href=&quot;&quot;&gt;Object&lt;/a&gt;;" type="Object" virtual="true">
              <members>
                <classes>
                  <class name="MetadataTab" url=".Anguilla.Metadata.js.Tridion.Cme.MetadataTab.html" visibility="static" rawName="Tridion.Cme.MetadataTab" fullName="Tridion.Cme.MetadataTab" staticName="Cme.MetadataTab" synopsis="var x: MetadataTab = new MetadataTab(element: HTMLElement);" synopsisExtended="var x: &lt;a href=&quot;.Anguilla.Metadata.js.Tridion.Cme.MetadataTab.html&quot;&gt;MetadataTab&lt;/a&gt; = new MetadataTab(element: HTMLElement);" type="Object">
                    <arguments value="element">
                      <argument name="element" type="HTMLElement" description="The html element that represents this control." />
                    </arguments>
                    <extends />
                    <documentation rawString="&#xA; * Implements Metadata Tab view.&#xA; * @param {HTMLElement} element The html element that represents this control.   &#xA; * @constructor&#xA; ">
                      <summary>Implements Metadata Tab view.</summary>
                    </documentation>
                    <members>
                      <methods>
                        <method name="generateFields" url=".Anguilla.Metadata.js.Tridion.Cme.MetadataTab.generateFields.html" visibility="prototype" rawName="Tridion.Cme.MetadataTab.prototype.generateFields" fullName="Tridion.Cme.MetadataTab.generateFields" staticName="MetadataTab.generateFields" synopsis="generateFields(True: reload.): Void" synopsisExtended="generateFields(True: reload.): Void" type="Object">
                          <arguments value="reload">
                            <argument name="True" type="reload." description="regenarates fields Item fields. Optional." />
                          </arguments>
                          <documentation rawString="&#xA; * Generate Schema Fields.&#xA; * @param {Boolean} reload. True regenarates fields Item fields. Optional.&#xA; ">
                            <summary>Generate Schema Fields.</summary>
                          </documentation>
                        </method>
                        <method name="onWebSchemaLoad" url=".Anguilla.Metadata.js.Tridion.Cme.MetadataTab.onWebSchemaLoad.html" visibility="prototype" rawName="Tridion.Cme.MetadataTab.prototype.onWebSchemaLoad" fullName="Tridion.Cme.MetadataTab.onWebSchemaLoad" staticName="MetadataTab.onWebSchemaLoad" synopsis="onWebSchemaLoad(The: event.): Void" synopsisExtended="onWebSchemaLoad(The: event.): Void" type="Object">
                          <arguments value="">
                            <argument name="The" type="event." description="event is the event fired from the &lt;c&gt;Tridion.ContentManager.Schema&lt;/c&gt; Item." />
                          </arguments>
                          <documentation rawString="&#xA; * Handles the web schema load event on the &lt;c&gt;Tridion.ContentManager.Schema&lt;/c&gt; Item.&#xA; * @param {Tridion.Core.Event} event. The event is the event fired from the &lt;c&gt;Tridion.ContentManager.Schema&lt;/c&gt; Item.&#xA; ">
                            <summary>Handles the web schema load event on the &lt;c&gt;Tridion.ContentManager.Schema&lt;/c&gt; Item.</summary>
                          </documentation>
                        </method>
                        <method name="onWebSchemaLoadFailed" url=".Anguilla.Metadata.js.Tridion.Cme.MetadataTab.onWebSchemaLoadFailed.html" visibility="prototype" rawName="Tridion.Cme.MetadataTab.prototype.onWebSchemaLoadFailed" fullName="Tridion.Cme.MetadataTab.onWebSchemaLoadFailed" staticName="MetadataTab.onWebSchemaLoadFailed" synopsis="onWebSchemaLoadFailed(): Void" synopsisExtended="onWebSchemaLoadFailed(): Void" type="Object">
                          <documentation rawString="&#xA; * Handles the web schema load failed on the &lt;c&gt;Tridion.ContentManager.Schema&lt;/c&gt; Item.&#xA; ">
                            <summary>Handles the web schema load failed on the &lt;c&gt;Tridion.ContentManager.Schema&lt;/c&gt; Item.</summary>
                          </documentation>
                        </method>
                        <method name="onFormChanged" url=".Anguilla.Metadata.js.Tridion.Cme.MetadataTab.onFormChanged.html" visibility="prototype" rawName="Tridion.Cme.MetadataTab.prototype.onFormChanged" fullName="Tridion.Cme.MetadataTab.onFormChanged" staticName="MetadataTab.onFormChanged" synopsis="onFormChanged(The: event.): Void" synopsisExtended="onFormChanged(The: event.): Void" type="Object">
                          <arguments value="">
                            <argument name="The" type="event." description="event is the event fired from the form Fields." />
                          </arguments>
                          <documentation rawString="&#xA; * Handles the change events from form Fields.&#xA; * @param {Tridion.Core.Event} event. The event is the event fired from the form Fields.&#xA; ">
                            <summary>Handles the change events from form Fields.</summary>
                          </documentation>
                        </method>
                        <method name="invalidateItemFields" url=".Anguilla.Metadata.js.Tridion.Cme.MetadataTab.invalidateItemFields.html" visibility="prototype" rawName="Tridion.Cme.MetadataTab.prototype.invalidateItemFields" fullName="Tridion.Cme.MetadataTab.invalidateItemFields" staticName="MetadataTab.invalidateItemFields" synopsis="invalidateItemFields(): Void" synopsisExtended="invalidateItemFields(): Void" type="Object">
                          <documentation rawString="&#xA; * Invalidates the cached field properties.&#xA; ">
                            <summary>Invalidates the cached field properties.</summary>
                          </documentation>
                        </method>
                        <method name="applyFieldsSchema" url=".Anguilla.Metadata.js.Tridion.Cme.MetadataTab.applyFieldsSchema.html" visibility="prototype" rawName="Tridion.Cme.MetadataTab.prototype.applyFieldsSchema" fullName="Tridion.Cme.MetadataTab.applyFieldsSchema" staticName="MetadataTab.applyFieldsSchema" synopsis="applyFieldsSchema(Schema: schema., True: invalidateItemFields.): Void" synopsisExtended="applyFieldsSchema(Schema: schema., True: invalidateItemFields.): Void" type="Object">
                          <arguments value="schema, invalidateItemFields">
                            <argument name="Schema" type="schema." description="which is used to loading and fields generating." />
                            <argument name="True" type="invalidateItemFields." description="invalidate Item fields. Optional." />
                          </arguments>
                          <documentation rawString="&#xA; * Loading the Schema if it`s not loaded and applying the fields to the Schema.&#xA; * @param {Tridion.ContentManager.Schema} schema. Schema which is used to loading and fields generating.&#xA; * @param {Boolean} invalidateItemFields. True invalidate Item fields. Optional. &#xA; ">
                            <summary>Loading the Schema if it`s not loaded and applying the fields to the Schema.</summary>
                          </documentation>
                        </method>
                        <method name="onSchemaInstanceDataLoaded" url=".Anguilla.Metadata.js.Tridion.Cme.MetadataTab.onSchemaInstanceDataLoaded.html" visibility="prototype" rawName="Tridion.Cme.MetadataTab.prototype.onSchemaInstanceDataLoaded" fullName="Tridion.Cme.MetadataTab.onSchemaInstanceDataLoaded" staticName="MetadataTab.onSchemaInstanceDataLoaded" synopsis="onSchemaInstanceDataLoaded(The: event.): Void" synopsisExtended="onSchemaInstanceDataLoaded(The: event.): Void" type="Object">
                          <arguments value="event">
                            <argument name="The" type="event." description="event is the event fired from the Item." />
                          </arguments>
                          <documentation rawString="&#xA; * Handles the Item data load event on the  Item.&#xA; * @param {Tridion.Core.Event} event. The event is the event fired from the Item.&#xA; ">
                            <summary>Handles the Item data load event on the  Item.</summary>
                          </documentation>
                        </method>
                        <method name="collectData" url=".Anguilla.Metadata.js.Tridion.Cme.MetadataTab.collectData.html" visibility="prototype" rawName="Tridion.Cme.MetadataTab.prototype.collectData" fullName="Tridion.Cme.MetadataTab.collectData" staticName="MetadataTab.collectData" synopsis="collectData(): Void" synopsisExtended="collectData(): Void" type="Object">
                          <documentation rawString="&#xA; * Collect fields data.&#xA; ">
                            <summary>Collect fields data.</summary>
                          </documentation>
                        </method>
                        <method name="validate" url=".Anguilla.Metadata.js.Tridion.Cme.MetadataTab.validate.html" visibility="prototype" rawName="Tridion.Cme.MetadataTab.prototype.validate" fullName="Tridion.Cme.MetadataTab.validate" staticName="MetadataTab.validate" synopsis="validate(): Boolean" synopsisExtended="validate(): Boolean" type="Object">
                          <documentation rawString="&#xA; * Validate data.&#xA; * @returns {Boolean} True if data is valid, otherwise false &#xA; ">
                            <summary>Validate data.</summary>
                          </documentation>
                          <returns type="Boolean" description="True if data is valid, otherwise false" />
                        </method>
                        <method name="_onFormFieldsInsert" url=".Anguilla.Metadata.js.Tridion.Cme.MetadataTab._onFormFieldsInsert.html" visibility="prototype" rawName="Tridion.Cme.MetadataTab.prototype._onFormFieldsInsert" fullName="Tridion.Cme.MetadataTab._onFormFieldsInsert" staticName="MetadataTab._onFormFieldsInsert" synopsis="_onFormFieldsInsert(event: Object): Void" synopsisExtended="_onFormFieldsInsert(event: Object): Void" type="Object">
                          <arguments value="event">
                            <argument name="event" type="Object" />
                          </arguments>
                        </method>
                        <method name="initialize" url=".Anguilla.Metadata.js.Tridion.Cme.MetadataTab.initialize.html" visibility="private" rawName="Tridion.Cme.MetadataTab.prototype.initialize" fullName="Tridion.Cme.MetadataTab.initialize" staticName="MetadataTab.initialize" synopsis="initialize(): Void" synopsisExtended="initialize(): Void" type="Object">
                          <documentation rawString="&#xA; * Initializes Metadata Tab view.&#xA; * @private&#xA; ">
                            <summary>Initializes Metadata Tab view.</summary>
                          </documentation>
                        </method>
                        <method name="_getView" url=".Anguilla.Metadata.js.Tridion.Cme.MetadataTab._getView.html" visibility="private" rawName="Tridion.Cme.MetadataTab.prototype._getView" fullName="Tridion.Cme.MetadataTab._getView" staticName="MetadataTab._getView" synopsis="_getView(): Void" synopsisExtended="_getView(): Void" type="Object">
                          <documentation rawString="&#xA; * Initializes Metadata Tab view.&#xA; * @private&#xA; ">
                            <summary>Initializes Metadata Tab view.</summary>
                          </documentation>
                        </method>
                        <method name="_onFormFocusMoved" url=".Anguilla.Metadata.js.Tridion.Cme.MetadataTab._onFormFocusMoved.html" visibility="private" rawName="Tridion.Cme.MetadataTab.prototype._onFormFocusMoved" fullName="Tridion.Cme.MetadataTab._onFormFocusMoved" staticName="MetadataTab._onFormFocusMoved" synopsis="_onFormFocusMoved(The: event.): Void" synopsisExtended="_onFormFocusMoved(The: event.): Void" type="Object">
                          <arguments value="event">
                            <argument name="The" type="event." description="event is the event fired from the &lt;c&gt;Tridion.FieldBuilder&lt;/c&gt;." />
                          </arguments>
                          <documentation rawString="&#xA; * Handles the moving focus event on from elements.&#xA; * @param {Tridion.Core.Event} event. The event is the event fired from the &lt;c&gt;Tridion.FieldBuilder&lt;/c&gt;.&#xA; * @private&#xA; ">
                            <summary>Handles the moving focus event on from elements.</summary>
                          </documentation>
                        </method>
                      </methods>
                    </members>
                  </class>
                </classes>
              </members>
            </property>
          </properties>
        </members>
      </property>
    </properties>
  </members>
</document>