<document name="ModalPopupView.js" url="ModalPopupView.js.html" visibility="default" rawName="ModalPopupView.js" fullName="ModalPopupView.js" staticName="Anguilla.ModalPopupView.js">
  <members>
    <properties>
      <property name="Tridion" url=".Anguilla.ModalPopupView.js.Tridion.html" visibility="public" rawName="Tridion" fullName="Tridion" staticName="ModalPopupView.js.Tridion" synopsis="ModalPopupView.js.Tridion: Object;" synopsisExtended="ModalPopupView.js.Tridion: &lt;a href=&quot;&quot;&gt;Object&lt;/a&gt;;" type="Object" virtual="true">
        <members>
          <properties>
            <property name="Controls" url=".Anguilla.ModalPopupView.js.Tridion.Controls.html" visibility="static" rawName="Tridion.Controls" fullName="Tridion.Controls" staticName="Tridion.Controls" synopsis="Tridion.Controls: Object;" synopsisExtended="Tridion.Controls: &lt;a href=&quot;&quot;&gt;Object&lt;/a&gt;;" type="Object" virtual="true">
              <members>
                <classes>
                  <class name="ModalPopupView" url=".Anguilla.ModalPopupView.js.Tridion.Controls.ModalPopupView.html" visibility="static" rawName="Tridion.Controls.ModalPopupView" fullName="Tridion.Controls.ModalPopupView" staticName="Controls.ModalPopupView" synopsis="var x: ModalPopupView = new ModalPopupView();" synopsisExtended="var x: &lt;a href=&quot;.Anguilla.ModalPopupView.js.Tridion.Controls.ModalPopupView.html&quot;&gt;ModalPopupView&lt;/a&gt; = new ModalPopupView();" type="Object">
                    <extends />
                    <members>
                      <methods>
                        <method name="getDialogArguments" url=".Anguilla.ModalPopupView.js.Tridion.Controls.ModalPopupView.getDialogArguments.html" visibility="prototype" rawName="Tridion.Controls.ModalPopupView.prototype.getDialogArguments" fullName="Tridion.Controls.ModalPopupView.getDialogArguments" staticName="ModalPopupView.getDialogArguments" synopsis="getDialogArguments(): Void" synopsisExtended="getDialogArguments(): Void" type="Object" />
                      </methods>
                    </members>
                  </class>
                </classes>
              </members>
            </property>
          </properties>
        </members>
      </property>
    </properties>
  </members>
</document>