<document name="ModalIframePopup.js" url="ModalIframePopup.js.html" visibility="default" rawName="ModalIframePopup.js" fullName="ModalIframePopup.js" staticName="Anguilla.ModalIframePopup.js">
  <members>
    <properties>
      <property name="Tridion" url=".Anguilla.ModalIframePopup.js.Tridion.html" visibility="public" rawName="Tridion" fullName="Tridion" staticName="ModalIframePopup.js.Tridion" synopsis="ModalIframePopup.js.Tridion: Object;" synopsisExtended="ModalIframePopup.js.Tridion: &lt;a href=&quot;&quot;&gt;Object&lt;/a&gt;;" type="Object" virtual="true">
        <members>
          <properties>
            <property name="Controls" url=".Anguilla.ModalIframePopup.js.Tridion.Controls.html" visibility="static" rawName="Tridion.Controls" fullName="Tridion.Controls" staticName="Tridion.Controls" synopsis="Tridion.Controls: Object;" synopsisExtended="Tridion.Controls: &lt;a href=&quot;&quot;&gt;Object&lt;/a&gt;;" type="Object" virtual="true">
              <members>
                <classes>
                  <class name="ModalIframePopup" url=".Anguilla.ModalIframePopup.js.Tridion.Controls.ModalIframePopup.html" visibility="static" rawName="Tridion.Controls.ModalIframePopup" fullName="Tridion.Controls.ModalIframePopup" staticName="Controls.ModalIframePopup" synopsis="var x: ModalIframePopup = new ModalIframePopup(url: Object, parameters: Object, dialogArgs: Object);" synopsisExtended="var x: &lt;a href=&quot;.Anguilla.ModalIframePopup.js.Tridion.Controls.ModalIframePopup.html&quot;&gt;ModalIframePopup&lt;/a&gt; = new ModalIframePopup(url: Object, parameters: Object, dialogArgs: Object);" type="Object">
                    <arguments value="url, parameters, dialogArgs">
                      <argument name="url" type="Object" />
                      <argument name="parameters" type="Object" />
                      <argument name="dialogArgs" type="Object" />
                    </arguments>
                    <extends />
                    <members>
                      <methods>
                        <method name="disposeInterface" url=".Anguilla.ModalIframePopup.js.Tridion.Controls.ModalIframePopup.disposeInterface.html" visibility="prototype" rawName="Tridion.Controls.ModalIframePopup.prototype.disposeInterface" fullName="Tridion.Controls.ModalIframePopup.disposeInterface" staticName="ModalIframePopup.disposeInterface" synopsis="disposeInterface(): Void" synopsisExtended="disposeInterface(): Void" type="Object" />
                        <method name="_buildModalIframe" url=".Anguilla.ModalIframePopup.js.Tridion.Controls.ModalIframePopup._buildModalIframe.html" visibility="prototype" rawName="Tridion.Controls.ModalIframePopup.prototype._buildModalIframe" fullName="Tridion.Controls.ModalIframePopup._buildModalIframe" staticName="ModalIframePopup._buildModalIframe" synopsis="_buildModalIframe(url: Object): Void" synopsisExtended="_buildModalIframe(url: Object): Void" type="Object">
                          <arguments value="url">
                            <argument name="url" type="Object" />
                          </arguments>
                        </method>
                        <method name="_addIframeEventHandlers" url=".Anguilla.ModalIframePopup.js.Tridion.Controls.ModalIframePopup._addIframeEventHandlers.html" visibility="prototype" rawName="Tridion.Controls.ModalIframePopup.prototype._addIframeEventHandlers" fullName="Tridion.Controls.ModalIframePopup._addIframeEventHandlers" staticName="ModalIframePopup._addIframeEventHandlers" synopsis="_addIframeEventHandlers(iframe: Object): Void" synopsisExtended="_addIframeEventHandlers(iframe: Object): Void" type="Object">
                          <arguments value="iframe">
                            <argument name="iframe" type="Object" />
                          </arguments>
                          <members>
                            <methods>
                              <method name="getContentHeight" url=".Anguilla.ModalIframePopup.js.Tridion.Controls.ModalIframePopup._addIframeEventHandlers.getContentHeight.html" visibility="private" rawName="getContentHeight" fullName="getContentHeight" staticName="_addIframeEventHandlers.getContentHeight" synopsis="getContentHeight(iframe: Object): Void" synopsisExtended="getContentHeight(iframe: Object): Void" type="Object">
                                <arguments value="iframe">
                                  <argument name="iframe" type="Object" />
                                </arguments>
                              </method>
                              <method name="handleLoad" url=".Anguilla.ModalIframePopup.js.Tridion.Controls.ModalIframePopup._addIframeEventHandlers.handleLoad.html" visibility="private" rawName="handleLoad" fullName="handleLoad" staticName="_addIframeEventHandlers.handleLoad" synopsis="handleLoad(event: Object): Void" synopsisExtended="handleLoad(event: Object): Void" type="Object">
                                <arguments value="event">
                                  <argument name="event" type="Object" />
                                </arguments>
                              </method>
                            </methods>
                          </members>
                        </method>
                        <method name="_addEventHandlers" url=".Anguilla.ModalIframePopup.js.Tridion.Controls.ModalIframePopup._addEventHandlers.html" visibility="prototype" rawName="Tridion.Controls.ModalIframePopup.prototype._addEventHandlers" fullName="Tridion.Controls.ModalIframePopup._addEventHandlers" staticName="ModalIframePopup._addEventHandlers" synopsis="_addEventHandlers(): Void" synopsisExtended="_addEventHandlers(): Void" type="Object" />
                        <method name="open" url=".Anguilla.ModalIframePopup.js.Tridion.Controls.ModalIframePopup.open.html" visibility="prototype" rawName="Tridion.Controls.ModalIframePopup.prototype.open" fullName="Tridion.Controls.ModalIframePopup.open" staticName="ModalIframePopup.open" synopsis="open(): Void" synopsisExtended="open(): Void" type="Object" />
                        <method name="focus" url=".Anguilla.ModalIframePopup.js.Tridion.Controls.ModalIframePopup.focus.html" visibility="prototype" rawName="Tridion.Controls.ModalIframePopup.prototype.focus" fullName="Tridion.Controls.ModalIframePopup.focus" staticName="ModalIframePopup.focus" synopsis="focus(): Void" synopsisExtended="focus(): Void" type="Object" />
                        <method name="close" url=".Anguilla.ModalIframePopup.js.Tridion.Controls.ModalIframePopup.close.html" visibility="prototype" rawName="Tridion.Controls.ModalIframePopup.prototype.close" fullName="Tridion.Controls.ModalIframePopup.close" staticName="ModalIframePopup.close" synopsis="close(): Void" synopsisExtended="close(): Void" type="Object" />
                        <method name="getUrl" url=".Anguilla.ModalIframePopup.js.Tridion.Controls.ModalIframePopup.getUrl.html" visibility="prototype" rawName="Tridion.Controls.ModalIframePopup.prototype.getUrl" fullName="Tridion.Controls.ModalIframePopup.getUrl" staticName="ModalIframePopup.getUrl" synopsis="getUrl(): Void" synopsisExtended="getUrl(): Void" type="Object" />
                        <method name="setNextPopup" url=".Anguilla.ModalIframePopup.js.Tridion.Controls.ModalIframePopup.setNextPopup.html" visibility="prototype" rawName="Tridion.Controls.ModalIframePopup.prototype.setNextPopup" fullName="Tridion.Controls.ModalIframePopup.setNextPopup" staticName="ModalIframePopup.setNextPopup" synopsis="setNextPopup(popup: Object): Void" synopsisExtended="setNextPopup(popup: Object): Void" type="Object">
                          <arguments value="popup">
                            <argument name="popup" type="Object" />
                          </arguments>
                        </method>
                        <method name="setPreviousPopup" url=".Anguilla.ModalIframePopup.js.Tridion.Controls.ModalIframePopup.setPreviousPopup.html" visibility="prototype" rawName="Tridion.Controls.ModalIframePopup.prototype.setPreviousPopup" fullName="Tridion.Controls.ModalIframePopup.setPreviousPopup" staticName="ModalIframePopup.setPreviousPopup" synopsis="setPreviousPopup(popup: Object): Void" synopsisExtended="setPreviousPopup(popup: Object): Void" type="Object">
                          <arguments value="popup">
                            <argument name="popup" type="Object" />
                          </arguments>
                        </method>
                        <method name="setCentered" url=".Anguilla.ModalIframePopup.js.Tridion.Controls.ModalIframePopup.setCentered.html" visibility="prototype" rawName="Tridion.Controls.ModalIframePopup.prototype.setCentered" fullName="Tridion.Controls.ModalIframePopup.setCentered" staticName="ModalIframePopup.setCentered" synopsis="setCentered(): Void" synopsisExtended="setCentered(): Void" type="Object" />
                        <method name="_onWindowLoad" url=".Anguilla.ModalIframePopup.js.Tridion.Controls.ModalIframePopup._onWindowLoad.html" visibility="prototype" rawName="Tridion.Controls.ModalIframePopup.prototype._onWindowLoad" fullName="Tridion.Controls.ModalIframePopup._onWindowLoad" staticName="ModalIframePopup._onWindowLoad" synopsis="_onWindowLoad(win: Object, view: Object): Void" synopsisExtended="_onWindowLoad(win: Object, view: Object): Void" type="Object">
                          <arguments value="win, view">
                            <argument name="win" type="Object" />
                            <argument name="view" type="Object" />
                          </arguments>
                        </method>
                        <method name="_onWindowUnload" url=".Anguilla.ModalIframePopup.js.Tridion.Controls.ModalIframePopup._onWindowUnload.html" visibility="prototype" rawName="Tridion.Controls.ModalIframePopup.prototype._onWindowUnload" fullName="Tridion.Controls.ModalIframePopup._onWindowUnload" staticName="ModalIframePopup._onWindowUnload" synopsis="_onWindowUnload(): Void" synopsisExtended="_onWindowUnload(): Void" type="Object" />
                        <method name="isOpen" url=".Anguilla.ModalIframePopup.js.Tridion.Controls.ModalIframePopup.isOpen.html" visibility="prototype" rawName="Tridion.Controls.ModalIframePopup.prototype.isOpen" fullName="Tridion.Controls.ModalIframePopup.isOpen" staticName="ModalIframePopup.isOpen" synopsis="isOpen(): Void" synopsisExtended="isOpen(): Void" type="Object" />
                        <method name="resize" url=".Anguilla.ModalIframePopup.js.Tridion.Controls.ModalIframePopup.resize.html" visibility="prototype" rawName="Tridion.Controls.ModalIframePopup.prototype.resize" fullName="Tridion.Controls.ModalIframePopup.resize" staticName="ModalIframePopup.resize" synopsis="resize(width: Object, height: Object): Void" synopsisExtended="resize(width: Object, height: Object): Void" type="Object">
                          <arguments value="width, height">
                            <argument name="width" type="Object" />
                            <argument name="height" type="Object" />
                          </arguments>
                        </method>
                        <method name="_handleFocusOutside" url=".Anguilla.ModalIframePopup.js.Tridion.Controls.ModalIframePopup._handleFocusOutside.html" visibility="prototype" rawName="Tridion.Controls.ModalIframePopup.prototype._handleFocusOutside" fullName="Tridion.Controls.ModalIframePopup._handleFocusOutside" staticName="ModalIframePopup._handleFocusOutside" synopsis="_handleFocusOutside(event: Object): Void" synopsisExtended="_handleFocusOutside(event: Object): Void" type="Object">
                          <arguments value="event">
                            <argument name="event" type="Object" />
                          </arguments>
                        </method>
                        <method name="IFrameUnloaded" url=".Anguilla.ModalIframePopup.js.Tridion.Controls.ModalIframePopup.IFrameUnloaded.html" visibility="static" rawName="Tridion.Controls.ModalIframePopup.IFrameUnloaded" fullName="Tridion.Controls.ModalIframePopup.IFrameUnloaded" staticName="ModalIframePopup.IFrameUnloaded" synopsis="IFrameUnloaded(evt: Object): Void" synopsisExtended="IFrameUnloaded(evt: Object): Void" type="Object">
                          <arguments value="evt">
                            <argument name="evt" type="Object" />
                          </arguments>
                        </method>
                        <method name="closeActivePopup" url=".Anguilla.ModalIframePopup.js.Tridion.Controls.ModalIframePopup.closeActivePopup.html" visibility="static" rawName="Tridion.Controls.ModalIframePopup.closeActivePopup" fullName="Tridion.Controls.ModalIframePopup.closeActivePopup" staticName="ModalIframePopup.closeActivePopup" synopsis="closeActivePopup(): Void" synopsisExtended="closeActivePopup(): Void" type="Object" />
                        <method name="registerView" url=".Anguilla.ModalIframePopup.js.Tridion.Controls.ModalIframePopup.registerView.html" visibility="static" rawName="Tridion.Controls.ModalIframePopup.registerView" fullName="Tridion.Controls.ModalIframePopup.registerView" staticName="ModalIframePopup.registerView" synopsis="registerView(view: Object, viewWindow: Object): Void" synopsisExtended="registerView(view: Object, viewWindow: Object): Void" type="Object">
                          <arguments value="view, viewWindow">
                            <argument name="view" type="Object" />
                            <argument name="viewWindow" type="Object" />
                          </arguments>
                        </method>
                      </methods>
                    </members>
                  </class>
                </classes>
              </members>
            </property>
          </properties>
        </members>
      </property>
    </properties>
  </members>
</document>