<document name="Model.js" url="Model.js.html" visibility="default" rawName="Model.js" fullName="Model.js" staticName="Anguilla.Model.js">
  <members>
    <properties>
      <property name="Tridion" url=".Anguilla.Model.js.Tridion.html" visibility="public" rawName="Tridion" fullName="Tridion" staticName="Model.js.Tridion" synopsis="Model.js.Tridion: Object;" synopsisExtended="Model.js.Tridion: &lt;a href=&quot;&quot;&gt;Object&lt;/a&gt;;" type="Object" virtual="true">
        <members>
          <properties>
            <property name="ContentManager" url=".Anguilla.Model.js.Tridion.ContentManager.html" visibility="static" rawName="Tridion.ContentManager" fullName="Tridion.ContentManager" staticName="Tridion.ContentManager" synopsis="Tridion.ContentManager: Object;" synopsisExtended="Tridion.ContentManager: &lt;a href=&quot;&quot;&gt;Object&lt;/a&gt;;" type="Object" virtual="true">
              <members>
                <properties>
                  <property name="Model" url=".Anguilla.Model.js.Tridion.ContentManager.Model.html" visibility="static" rawName="Tridion.ContentManager.Model" fullName="Tridion.ContentManager.Model" staticName="ContentManager.Model" synopsis="ContentManager.Model: Object;" synopsisExtended="ContentManager.Model: &lt;a href=&quot;&quot;&gt;Object&lt;/a&gt;;" type="Object">
                    <members>
                      <methods>
                        <method name="getItemType" url=".Anguilla.Model.js.Tridion.ContentManager.Model.getItemType.html" visibility="instance" rawName="this.getItemType" fullName="this.getItemType" staticName="Model.getItemType" synopsis="getItemType(item: Object): Void" synopsisExtended="getItemType(item: Object): Void" type="Object">
                          <arguments value="item">
                            <argument name="item" type="Object" />
                          </arguments>
                        </method>
                        <method name="getItem" url=".Anguilla.Model.js.Tridion.ContentManager.Model.getItem.html" visibility="instance" rawName="this.getItem" fullName="this.getItem" staticName="Model.getItem" synopsis="getItem(id: Object): Void" synopsisExtended="getItem(id: Object): Void" type="Object">
                          <arguments value="id">
                            <argument name="id" type="Object" />
                          </arguments>
                        </method>
                        <method name="addItem" url=".Anguilla.Model.js.Tridion.ContentManager.Model.addItem.html" visibility="instance" rawName="this.addItem" fullName="this.addItem" staticName="Model.addItem" synopsis="addItem(id: Object, item: Object): Void" synopsisExtended="addItem(id: Object, item: Object): Void" type="Object">
                          <arguments value="id, item">
                            <argument name="id" type="Object" />
                            <argument name="item" type="Object" />
                          </arguments>
                        </method>
                        <method name="getItemFromXml" url=".Anguilla.Model.js.Tridion.ContentManager.Model.getItemFromXml.html" visibility="instance" rawName="this.getItemFromXml" fullName="this.getItemFromXml" staticName="Model.getItemFromXml" synopsis="getItemFromXml(xml: Object): Void" synopsisExtended="getItemFromXml(xml: Object): Void" type="Object">
                          <arguments value="xml">
                            <argument name="xml" type="Object" />
                          </arguments>
                        </method>
                        <method name="createNewItem" url=".Anguilla.Model.js.Tridion.ContentManager.Model.createNewItem.html" visibility="instance" rawName="this.createNewItem" fullName="this.createNewItem" staticName="Model.createNewItem" synopsis="createNewItem(type: Object): Void" synopsisExtended="createNewItem(type: Object): Void" type="Object">
                          <arguments value="type">
                            <argument name="type" type="Object" />
                          </arguments>
                        </method>
                        <method name="getSystemRoot" url=".Anguilla.Model.js.Tridion.ContentManager.Model.getSystemRoot.html" visibility="instance" rawName="this.getSystemRoot" fullName="this.getSystemRoot" staticName="Model.getSystemRoot" synopsis="getSystemRoot(): Void" synopsisExtended="getSystemRoot(): Void" type="Object" />
                        <method name="createMultipleOperations" url=".Anguilla.Model.js.Tridion.ContentManager.Model.createMultipleOperations.html" visibility="instance" rawName="this.createMultipleOperations" fullName="this.createMultipleOperations" staticName="Model.createMultipleOperations" synopsis="createMultipleOperations(): Void" synopsisExtended="createMultipleOperations(): Void" type="Object" />
                        <method name="compare" url=".Anguilla.Model.js.Tridion.ContentManager.Model.compare.html" visibility="instance" rawName="this.compare" fullName="this.compare" staticName="Model.compare" synopsis="compare(item1: Object, item2: Object, onSuccess: Object, onError: Object): Void" synopsisExtended="compare(item1: Object, item2: Object, onSuccess: Object, onError: Object): Void" type="Object">
                          <arguments value="item1, item2, onSuccess, onError">
                            <argument name="item1" type="Object" />
                            <argument name="item2" type="Object" />
                            <argument name="onSuccess" type="Object" />
                            <argument name="onError" type="Object" />
                          </arguments>
                        </method>
                        <method name="getListPublishPriorities" url=".Anguilla.Model.js.Tridion.ContentManager.Model.getListPublishPriorities.html" visibility="instance" rawName="this.getListPublishPriorities" fullName="this.getListPublishPriorities" staticName="Model.getListPublishPriorities" synopsis="getListPublishPriorities(): Void" synopsisExtended="getListPublishPriorities(): Void" type="Object" />
                        <method name="getListServerSideLanguages" url=".Anguilla.Model.js.Tridion.ContentManager.Model.getListServerSideLanguages.html" visibility="instance" rawName="this.getListServerSideLanguages" fullName="this.getListServerSideLanguages" staticName="Model.getListServerSideLanguages" synopsis="getListServerSideLanguages(): Void" synopsisExtended="getListServerSideLanguages(): Void" type="Object" />
                        <method name="getListPublishTransactionStates" url=".Anguilla.Model.js.Tridion.ContentManager.Model.getListPublishTransactionStates.html" visibility="instance" rawName="this.getListPublishTransactionStates" fullName="this.getListPublishTransactionStates" staticName="Model.getListPublishTransactionStates" synopsis="getListPublishTransactionStates(): Void" synopsisExtended="getListPublishTransactionStates(): Void" type="Object" />
                        <method name="getListPublishActions" url=".Anguilla.Model.js.Tridion.ContentManager.Model.getListPublishActions.html" visibility="instance" rawName="this.getListPublishActions" fullName="this.getListPublishActions" staticName="Model.getListPublishActions" synopsis="getListPublishActions(): Void" synopsisExtended="getListPublishActions(): Void" type="Object" />
                        <method name="getListCodePages" url=".Anguilla.Model.js.Tridion.ContentManager.Model.getListCodePages.html" visibility="instance" rawName="this.getListCodePages" fullName="this.getListCodePages" staticName="Model.getListCodePages" synopsis="getListCodePages(): Void" synopsisExtended="getListCodePages(): Void" type="Object" />
                        <method name="addExtension" url=".Anguilla.Model.js.Tridion.ContentManager.Model.addExtension.html" visibility="instance" rawName="this.addExtension" fullName="this.addExtension" staticName="Model.addExtension" synopsis="addExtension(itemTypes: Object, extensionPoint: Object, handler: Object): Void" synopsisExtended="addExtension(itemTypes: Object, extensionPoint: Object, handler: Object): Void" type="Object">
                          <arguments value="itemTypes, extensionPoint, handler">
                            <argument name="itemTypes" type="Object" />
                            <argument name="extensionPoint" type="Object" />
                            <argument name="handler" type="Object" />
                          </arguments>
                        </method>
                      </methods>
                    </members>
                  </property>
                </properties>
              </members>
            </property>
          </properties>
        </members>
      </property>
    </properties>
  </members>
</document>