<document name="MultimediaLinkControl.js" url="MultimediaLinkControl.js.html" visibility="default" rawName="MultimediaLinkControl.js" fullName="MultimediaLinkControl.js" staticName="Anguilla.MultimediaLinkControl.js">
  <members>
    <properties>
      <property name="Tridion" url=".Anguilla.MultimediaLinkControl.js.Tridion.html" visibility="public" rawName="Tridion" fullName="Tridion" staticName="MultimediaLinkControl.js.Tridion" synopsis="MultimediaLinkControl.js.Tridion: Object;" synopsisExtended="MultimediaLinkControl.js.Tridion: &lt;a href=&quot;&quot;&gt;Object&lt;/a&gt;;" type="Object" virtual="true">
        <members>
          <properties>
            <property name="Controls" url=".Anguilla.MultimediaLinkControl.js.Tridion.Controls.html" visibility="static" rawName="Tridion.Controls" fullName="Tridion.Controls" staticName="Tridion.Controls" synopsis="Tridion.Controls: Object;" synopsisExtended="Tridion.Controls: &lt;a href=&quot;&quot;&gt;Object&lt;/a&gt;;" type="Object" virtual="true">
              <members>
                <classes>
                  <class name="MultiMediaLinkControl" url=".Anguilla.MultimediaLinkControl.js.Tridion.Controls.MultiMediaLinkControl.html" visibility="static" rawName="Tridion.Controls.MultiMediaLinkControl" fullName="Tridion.Controls.MultiMediaLinkControl" staticName="Controls.MultiMediaLinkControl" synopsis="var x: MultiMediaLinkControl = new MultiMediaLinkControl(element: Object, settings: Object);" synopsisExtended="var x: &lt;a href=&quot;.Anguilla.MultimediaLinkControl.js.Tridion.Controls.MultiMediaLinkControl.html&quot;&gt;MultiMediaLinkControl&lt;/a&gt; = new MultiMediaLinkControl(element: Object, settings: Object);" type="Object">
                    <arguments value="element, settings">
                      <argument name="element" type="Object" />
                      <argument name="settings" type="Object" />
                    </arguments>
                    <extends />
                    <documentation rawString="&#xA; * Implements the MultiMediaLink Control&#xA; * @constructor&#xA; ">
                      <summary>Implements the MultiMediaLink Control</summary>
                    </documentation>
                    <members>
                      <methods>
                        <method name="setItem" url=".Anguilla.MultimediaLinkControl.js.Tridion.Controls.MultiMediaLinkControl.setItem.html" visibility="prototype" rawName="Tridion.Controls.MultiMediaLinkControl.prototype.setItem" fullName="Tridion.Controls.MultiMediaLinkControl.setItem" staticName="MultiMediaLinkControl.setItem" synopsis="setItem(itemId: String, Determine: skipFireEvent.): Void" synopsisExtended="setItem(itemId: String, Determine: skipFireEvent.): Void" type="Object">
                          <arguments value="itemId, skipFireEvent">
                            <argument name="itemId" type="String" description="The id of the item" />
                            <argument name="Determine" type="skipFireEvent." description="if related events should be fired." />
                          </arguments>
                          <documentation rawString="&#xA; * Sets the value (id) of the item and updates the display accordingly&#xA; * @param {String} itemId The id of the item&#xA; * @param {Boolean} skipFireEvent. Determine if related events should be fired. &#xA; ">
                            <summary>Sets the value (id) of the item and updates the display accordingly</summary>
                          </documentation>
                        </method>
                        <method name="updatePreview" url=".Anguilla.MultimediaLinkControl.js.Tridion.Controls.MultiMediaLinkControl.updatePreview.html" visibility="prototype" rawName="Tridion.Controls.MultiMediaLinkControl.prototype.updatePreview" fullName="Tridion.Controls.MultiMediaLinkControl.updatePreview" staticName="MultiMediaLinkControl.updatePreview" synopsis="updatePreview(): Void" synopsisExtended="updatePreview(): Void" type="Object">
                          <documentation rawString="&#xA; * Updating Multimedia preview representation.&#xA; ">
                            <summary>Updating Multimedia preview representation.</summary>
                          </documentation>
                        </method>
                        <method name="onThumbnailLoad" url=".Anguilla.MultimediaLinkControl.js.Tridion.Controls.MultiMediaLinkControl.onThumbnailLoad.html" visibility="prototype" rawName="Tridion.Controls.MultiMediaLinkControl.prototype.onThumbnailLoad" fullName="Tridion.Controls.MultiMediaLinkControl.onThumbnailLoad" staticName="MultiMediaLinkControl.onThumbnailLoad" synopsis="onThumbnailLoad(): Void" synopsisExtended="onThumbnailLoad(): Void" type="Object">
                          <documentation rawString="&#xA; * Handles the thumbnail load event.&#xA; ">
                            <summary>Handles the thumbnail load event.</summary>
                          </documentation>
                        </method>
                        <method name="clear" url=".Anguilla.MultimediaLinkControl.js.Tridion.Controls.MultiMediaLinkControl.clear.html" visibility="prototype" rawName="Tridion.Controls.MultiMediaLinkControl.prototype.clear" fullName="Tridion.Controls.MultiMediaLinkControl.clear" staticName="MultiMediaLinkControl.clear" synopsis="clear(): Void" synopsisExtended="clear(): Void" type="Object">
                          <documentation rawString="&#xA; * Clears the current value&#xA; ">
                            <summary>Clears the current value</summary>
                          </documentation>
                        </method>
                        <method name="initialize" url=".Anguilla.MultimediaLinkControl.js.Tridion.Controls.MultiMediaLinkControl.initialize.html" visibility="private" rawName="Tridion.Controls.MultiMediaLinkControl.prototype.initialize" fullName="Tridion.Controls.MultiMediaLinkControl.initialize" staticName="MultiMediaLinkControl.initialize" synopsis="initialize(): Void" synopsisExtended="initialize(): Void" type="Object">
                          <documentation rawString="&#xA; * Initializes MultiMediaLink control.&#xA; * @private&#xA; ">
                            <summary>Initializes MultiMediaLink control.</summary>
                          </documentation>
                        </method>
                        <method name="createElement" url=".Anguilla.MultimediaLinkControl.js.Tridion.Controls.MultiMediaLinkControl.createElement.html" visibility="static" rawName="Tridion.Controls.MultiMediaLinkControl.createElement" fullName="Tridion.Controls.MultiMediaLinkControl.createElement" staticName="MultiMediaLinkControl.createElement" synopsis="createElement(): HTMLElement" synopsisExtended="createElement(): HTMLElement" type="Object">
                          <documentation rawString="&#xA; * Static method for creating control's HTML layout.&#xA; * @returns {HTMLElement} The HTML element which will represent this control.&#xA; ">
                            <summary>Static method for creating control's HTML layout.</summary>
                          </documentation>
                          <returns type="HTMLElement" description="The HTML element which will represent this control." />
                        </method>
                      </methods>
                    </members>
                  </class>
                </classes>
              </members>
            </property>
          </properties>
        </members>
      </property>
    </properties>
  </members>
</document>