<document name="NumberField.js" url="NumberField.js.html" visibility="default" rawName="NumberField.js" fullName="NumberField.js" staticName="Anguilla.NumberField.js">
  <members>
    <properties>
      <property name="Tridion" url=".Anguilla.NumberField.js.Tridion.html" visibility="public" rawName="Tridion" fullName="Tridion" staticName="NumberField.js.Tridion" synopsis="NumberField.js.Tridion: Object;" synopsisExtended="NumberField.js.Tridion: &lt;a href=&quot;&quot;&gt;Object&lt;/a&gt;;" type="Object" virtual="true">
        <members>
          <properties>
            <property name="Controls" url=".Anguilla.NumberField.js.Tridion.Controls.html" visibility="static" rawName="Tridion.Controls" fullName="Tridion.Controls" staticName="Tridion.Controls" synopsis="Tridion.Controls: Object;" synopsisExtended="Tridion.Controls: &lt;a href=&quot;&quot;&gt;Object&lt;/a&gt;;" type="Object" virtual="true">
              <members>
                <properties>
                  <property name="FieldDesigner" url=".Anguilla.NumberField.js.Tridion.Controls.FieldDesigner.html" visibility="static" rawName="Tridion.Controls.FieldDesigner" fullName="Tridion.Controls.FieldDesigner" staticName="Controls.FieldDesigner" synopsis="Controls.FieldDesigner: Object;" synopsisExtended="Controls.FieldDesigner: &lt;a href=&quot;&quot;&gt;Object&lt;/a&gt;;" type="Object" virtual="true">
                    <members>
                      <classes>
                        <class name="NumberField" url=".Anguilla.NumberField.js.Tridion.Controls.FieldDesigner.NumberField.html" visibility="static" rawName="Tridion.Controls.FieldDesigner.NumberField" fullName="Tridion.Controls.FieldDesigner.NumberField" staticName="FieldDesigner.NumberField" synopsis="var x: NumberField = new NumberField(element: Object);" synopsisExtended="var x: &lt;a href=&quot;.Anguilla.NumberField.js.Tridion.Controls.FieldDesigner.NumberField.html&quot;&gt;NumberField&lt;/a&gt; = new NumberField(element: Object);" type="Object">
                          <arguments value="element">
                            <argument name="element" type="Object" />
                          </arguments>
                          <extends />
                          <documentation rawString="&#xA;* Implements the FieldDesigner.FieldTypes Single line text field control&#xA;* @constructor&#xA;">
                            <summary>Implements the FieldDesigner.FieldTypes Single line text field control</summary>
                          </documentation>
                          <members>
                            <methods>
                              <method name="setDisabled" url=".Anguilla.NumberField.js.Tridion.Controls.FieldDesigner.NumberField.setDisabled.html" visibility="prototype" rawName="Tridion.Controls.FieldDesigner.NumberField.prototype.setDisabled" fullName="Tridion.Controls.FieldDesigner.NumberField.setDisabled" staticName="NumberField.setDisabled" synopsis="setDisabled(isReadOnly: Boolean): Void" synopsisExtended="setDisabled(isReadOnly: Boolean): Void" type="Object">
                                <arguments value="isReadOnly">
                                  <argument name="isReadOnly" type="Boolean" description="True to set the control to readonly, otherwise false" />
                                </arguments>
                                <documentation rawString="&#xA; * Sets the value of the readOnly property and updates the state of the browse and open buttons accordingly&#xA; * @param {Boolean} isReadOnly True to set the control to readonly, otherwise false&#xA; ">
                                  <summary>Sets the value of the readOnly property and updates the state of the browse and open buttons accordingly</summary>
                                </documentation>
                              </method>
                              <method name="_get$DefaultValue" url=".Anguilla.NumberField.js.Tridion.Controls.FieldDesigner.NumberField._get$DefaultValue.html" visibility="prototype" rawName="Tridion.Controls.FieldDesigner.NumberField.prototype._get$DefaultValue" fullName="Tridion.Controls.FieldDesigner.NumberField._get$DefaultValue" staticName="NumberField._get$DefaultValue" synopsis="_get$DefaultValue(): Number" synopsisExtended="_get$DefaultValue(): Number" type="Object">
                                <documentation rawString="&#xA; * Gets field default value.&#xA; * @returns {Number} The Field default value.&#xA; ">
                                  <summary>Gets field default value.</summary>
                                </documentation>
                                <returns type="Number" description="The Field default value." />
                              </method>
                              <method name="_set$DefaultValue" url=".Anguilla.NumberField.js.Tridion.Controls.FieldDesigner.NumberField._set$DefaultValue.html" visibility="prototype" rawName="Tridion.Controls.FieldDesigner.NumberField.prototype._set$DefaultValue" fullName="Tridion.Controls.FieldDesigner.NumberField._set$DefaultValue" staticName="NumberField._set$DefaultValue" synopsis="_set$DefaultValue(The: String): Void" synopsisExtended="_set$DefaultValue(The: String): Void" type="Object">
                                <arguments value="defaultValue">
                                  <argument name="The" type="String" description="Field default value." />
                                </arguments>
                                <documentation rawString="&#xA; * Sets field default value.&#xA; * @param {String} The Field default value.&#xA; ">
                                  <summary>Sets field default value.</summary>
                                </documentation>
                              </method>
                              <method name="_getType" url=".Anguilla.NumberField.js.Tridion.Controls.FieldDesigner.NumberField._getType.html" visibility="private" rawName="Tridion.Controls.FieldDesigner.NumberField.prototype._getType" fullName="Tridion.Controls.FieldDesigner.NumberField._getType" staticName="NumberField._getType" synopsis="_getType(): String" synopsisExtended="_getType(): String" type="Object">
                                <documentation rawString="&#xA; * Gets the field Type.&#xA; * @returns {String} The type of the field.&#xA; * @private &#xA; ">
                                  <summary>Gets the field Type.</summary>
                                </documentation>
                                <returns type="String" description="The type of the field." />
                              </method>
                              <method name="_initializeRelatedFields" url=".Anguilla.NumberField.js.Tridion.Controls.FieldDesigner.NumberField._initializeRelatedFields.html" visibility="private" rawName="Tridion.Controls.FieldDesigner.NumberField.prototype._initializeRelatedFields" fullName="Tridion.Controls.FieldDesigner.NumberField._initializeRelatedFields" staticName="NumberField._initializeRelatedFields" synopsis="_initializeRelatedFields(): Void" synopsisExtended="_initializeRelatedFields(): Void" type="Object">
                                <documentation rawString="&#xA; * Related fields initilization.&#xA; * @private &#xA; ">
                                  <summary>Related fields initilization.</summary>
                                </documentation>
                              </method>
                              <method name="_deinitializeRelatedFields" url=".Anguilla.NumberField.js.Tridion.Controls.FieldDesigner.NumberField._deinitializeRelatedFields.html" visibility="private" rawName="Tridion.Controls.FieldDesigner.NumberField.prototype._deinitializeRelatedFields" fullName="Tridion.Controls.FieldDesigner.NumberField._deinitializeRelatedFields" staticName="NumberField._deinitializeRelatedFields" synopsis="_deinitializeRelatedFields(): Void" synopsisExtended="_deinitializeRelatedFields(): Void" type="Object">
                                <documentation rawString="&#xA; * Related fields deinitilization.&#xA; * @private &#xA; ">
                                  <summary>Related fields deinitilization.</summary>
                                </documentation>
                              </method>
                              <method name="_displayRelatedFields$List" url=".Anguilla.NumberField.js.Tridion.Controls.FieldDesigner.NumberField._displayRelatedFields$List.html" visibility="private" rawName="Tridion.Controls.FieldDesigner.NumberField.prototype._displayRelatedFields$List" fullName="Tridion.Controls.FieldDesigner.NumberField._displayRelatedFields$List" staticName="NumberField._displayRelatedFields$List" synopsis="_displayRelatedFields$List(isDisplayed: Boolean): Void" synopsisExtended="_displayRelatedFields$List(isDisplayed: Boolean): Void" type="Object">
                                <arguments value="isDisplayed">
                                  <argument name="isDisplayed" type="Boolean" description="true to display the fields, otherwise false" />
                                </arguments>
                                <documentation rawString="&#xA; * Display related fields for list&#xA; * @private &#xA; * @param {Boolean} isDisplayed true to display the fields, otherwise false&#xA; ">
                                  <summary>Display related fields for list</summary>
                                </documentation>
                              </method>
                              <method name="_attachFieldsEvents" url=".Anguilla.NumberField.js.Tridion.Controls.FieldDesigner.NumberField._attachFieldsEvents.html" visibility="private" rawName="Tridion.Controls.FieldDesigner.NumberField.prototype._attachFieldsEvents" fullName="Tridion.Controls.FieldDesigner.NumberField._attachFieldsEvents" staticName="NumberField._attachFieldsEvents" synopsis="_attachFieldsEvents(): Void" synopsisExtended="_attachFieldsEvents(): Void" type="Object">
                                <documentation rawString="&#xA; * Attaching fields events.&#xA; * @private &#xA; ">
                                  <summary>Attaching fields events.</summary>
                                </documentation>
                              </method>
                              <method name="_deattachFieldsEvents" url=".Anguilla.NumberField.js.Tridion.Controls.FieldDesigner.NumberField._deattachFieldsEvents.html" visibility="private" rawName="Tridion.Controls.FieldDesigner.NumberField.prototype._deattachFieldsEvents" fullName="Tridion.Controls.FieldDesigner.NumberField._deattachFieldsEvents" staticName="NumberField._deattachFieldsEvents" synopsis="_deattachFieldsEvents(): Void" synopsisExtended="_deattachFieldsEvents(): Void" type="Object">
                                <documentation rawString="&#xA; * Removing fields events.&#xA; * @private &#xA; ">
                                  <summary>Removing fields events.</summary>
                                </documentation>
                              </method>
                            </methods>
                          </members>
                        </class>
                      </classes>
                    </members>
                  </property>
                </properties>
              </members>
            </property>
          </properties>
        </members>
      </property>
    </properties>
  </members>
</document>