<document name="ObjectWithTimeoutManagement.js" url="ObjectWithTimeoutManagement.js.html" visibility="default" rawName="ObjectWithTimeoutManagement.js" fullName="ObjectWithTimeoutManagement.js" staticName="Anguilla.ObjectWithTimeoutManagement.js">
  <members>
    <properties>
      <property name="Tridion" url=".Anguilla.ObjectWithTimeoutManagement.js.Tridion.html" visibility="public" rawName="Tridion" fullName="Tridion" staticName="ObjectWithTimeoutManagement.js.Tridion" synopsis="ObjectWithTimeoutManagement.js.Tridion: Object;" synopsisExtended="ObjectWithTimeoutManagement.js.Tridion: &lt;a href=&quot;&quot;&gt;Object&lt;/a&gt;;" type="Object" virtual="true">
        <members>
          <properties>
            <property name="Core" url=".Anguilla.ObjectWithTimeoutManagement.js.Tridion.Core.html" visibility="static" rawName="Tridion.Core" fullName="Tridion.Core" staticName="Tridion.Core" synopsis="Tridion.Core: Object;" synopsisExtended="Tridion.Core: &lt;a href=&quot;&quot;&gt;Object&lt;/a&gt;;" type="Object" virtual="true">
              <members>
                <classes>
                  <class name="ObjectWithTimeoutManagement" url=".Anguilla.ObjectWithTimeoutManagement.js.Tridion.Core.ObjectWithTimeoutManagement.html" visibility="static" rawName="Tridion.Core.ObjectWithTimeoutManagement" fullName="Tridion.Core.ObjectWithTimeoutManagement" staticName="Core.ObjectWithTimeoutManagement" synopsis="var x: ObjectWithTimeoutManagement = new ObjectWithTimeoutManagement();" synopsisExtended="var x: &lt;a href=&quot;.Anguilla.ObjectWithTimeoutManagement.js.Tridion.Core.ObjectWithTimeoutManagement.html&quot;&gt;ObjectWithTimeoutManagement&lt;/a&gt; = new ObjectWithTimeoutManagement();" type="Object">
                    <extends />
                    <members>
                      <methods>
                        <method name="setTimeout" url=".Anguilla.ObjectWithTimeoutManagement.js.Tridion.Core.ObjectWithTimeoutManagement.setTimeout.html" visibility="prototype" rawName="Tridion.Core.ObjectWithTimeoutManagement.prototype.setTimeout" fullName="Tridion.Core.ObjectWithTimeoutManagement.setTimeout" staticName="ObjectWithTimeoutManagement.setTimeout" synopsis="setTimeout(timeoutFunction: Function, timeout: Number): Number" synopsisExtended="setTimeout(timeoutFunction: Function, timeout: Number): Number" type="Object">
                          <arguments value="timeoutFunction, timeout">
                            <argument name="timeoutFunction" type="Function" description="The function to be executed" />
                            <argument name="timeout" type="Number" description="The delay time in miliseconds before executing the specified function." />
                          </arguments>
                          <documentation rawString="&#xA; * The method calls a function after a specified number of milliseconds.&#xA; * @param {Function} timeoutFunction The function to be executed&#xA; * @param {Number} timeout The delay time in miliseconds before executing the specified function.&#xA; * @returns {Number} The identifier of the timeout.&#xA; ">
                            <summary>The method calls a function after a specified number of milliseconds.</summary>
                          </documentation>
                          <members>
                            <methods>
                              <method name="wrapperFunction" url=".Anguilla.ObjectWithTimeoutManagement.js.Tridion.Core.ObjectWithTimeoutManagement.setTimeout.wrapperFunction.html" visibility="private" rawName="wrapperFunction" fullName="wrapperFunction" staticName="setTimeout.wrapperFunction" synopsis="wrapperFunction(): Void" synopsisExtended="wrapperFunction(): Void" type="Object" />
                            </methods>
                          </members>
                          <returns type="Number" description="The identifier of the timeout." />
                        </method>
                        <method name="clearTimeout" url=".Anguilla.ObjectWithTimeoutManagement.js.Tridion.Core.ObjectWithTimeoutManagement.clearTimeout.html" visibility="prototype" rawName="Tridion.Core.ObjectWithTimeoutManagement.prototype.clearTimeout" fullName="Tridion.Core.ObjectWithTimeoutManagement.clearTimeout" staticName="ObjectWithTimeoutManagement.clearTimeout" synopsis="clearTimeout(timeoutId: Number): Void" synopsisExtended="clearTimeout(timeoutId: Number): Void" type="Object">
                          <arguments value="timeoutId">
                            <argument name="timeoutId" type="Number" description="The identifier of the timeout to be cleared." />
                          </arguments>
                          <documentation rawString="&#xA; * Cancels the setTimeout function execution.&#xA; * @param {Number} timeoutId The identifier of the timeout to be cleared.&#xA; ">
                            <summary>Cancels the setTimeout function execution.</summary>
                          </documentation>
                        </method>
                        <method name="clearTimeouts" url=".Anguilla.ObjectWithTimeoutManagement.js.Tridion.Core.ObjectWithTimeoutManagement.clearTimeouts.html" visibility="prototype" rawName="Tridion.Core.ObjectWithTimeoutManagement.prototype.clearTimeouts" fullName="Tridion.Core.ObjectWithTimeoutManagement.clearTimeouts" staticName="ObjectWithTimeoutManagement.clearTimeouts" synopsis="clearTimeouts(): Void" synopsisExtended="clearTimeouts(): Void" type="Object" />
                        <method name="disposeInterface" url=".Anguilla.ObjectWithTimeoutManagement.js.Tridion.Core.ObjectWithTimeoutManagement.disposeInterface.html" visibility="prototype" rawName="Tridion.Core.ObjectWithTimeoutManagement.prototype.disposeInterface" fullName="Tridion.Core.ObjectWithTimeoutManagement.disposeInterface" staticName="ObjectWithTimeoutManagement.disposeInterface" synopsis="disposeInterface(): Void" synopsisExtended="disposeInterface(): Void" type="Object" />
                      </methods>
                    </members>
                  </class>
                </classes>
              </members>
            </property>
          </properties>
        </members>
      </property>
    </properties>
  </members>
</document>