<document name="ObjectUsingTCMEvents.js" url="ObjectUsingTCMEvents.js.html" visibility="default" rawName="ObjectUsingTCMEvents.js" fullName="ObjectUsingTCMEvents.js" staticName="Anguilla.ObjectUsingTCMEvents.js">
  <members>
    <properties>
      <property name="Tridion" url=".Anguilla.ObjectUsingTCMEvents.js.Tridion.html" visibility="public" rawName="Tridion" fullName="Tridion" staticName="ObjectUsingTCMEvents.js.Tridion" synopsis="ObjectUsingTCMEvents.js.Tridion: Object;" synopsisExtended="ObjectUsingTCMEvents.js.Tridion: &lt;a href=&quot;&quot;&gt;Object&lt;/a&gt;;" type="Object" virtual="true">
        <members>
          <properties>
            <property name="ContentManager" url=".Anguilla.ObjectUsingTCMEvents.js.Tridion.ContentManager.html" visibility="static" rawName="Tridion.ContentManager" fullName="Tridion.ContentManager" staticName="Tridion.ContentManager" synopsis="Tridion.ContentManager: Object;" synopsisExtended="Tridion.ContentManager: &lt;a href=&quot;&quot;&gt;Object&lt;/a&gt;;" type="Object" virtual="true">
              <members>
                <classes>
                  <class name="ObjectUsingTcmEvents" url=".Anguilla.ObjectUsingTCMEvents.js.Tridion.ContentManager.ObjectUsingTcmEvents.html" visibility="static" rawName="Tridion.ContentManager.ObjectUsingTcmEvents" fullName="Tridion.ContentManager.ObjectUsingTcmEvents" staticName="ContentManager.ObjectUsingTcmEvents" synopsis="var x: ObjectUsingTcmEvents = new ObjectUsingTcmEvents();" synopsisExtended="var x: &lt;a href=&quot;.Anguilla.ObjectUsingTCMEvents.js.Tridion.ContentManager.ObjectUsingTcmEvents.html&quot;&gt;ObjectUsingTcmEvents&lt;/a&gt; = new ObjectUsingTcmEvents();" type="Object">
                    <extends />
                    <members>
                      <methods>
                        <method name="disposeInterface" url=".Anguilla.ObjectUsingTCMEvents.js.Tridion.ContentManager.ObjectUsingTcmEvents.disposeInterface.html" visibility="prototype" rawName="Tridion.ContentManager.ObjectUsingTcmEvents.prototype.disposeInterface" fullName="Tridion.ContentManager.ObjectUsingTcmEvents.disposeInterface" staticName="ObjectUsingTcmEvents.disposeInterface" synopsis="disposeInterface(): Void" synopsisExtended="disposeInterface(): Void" type="Object" />
                        <method name="addTcmEventHandler" url=".Anguilla.ObjectUsingTCMEvents.js.Tridion.ContentManager.ObjectUsingTcmEvents.addTcmEventHandler.html" visibility="prototype" rawName="Tridion.ContentManager.ObjectUsingTcmEvents.prototype.addTcmEventHandler" fullName="Tridion.ContentManager.ObjectUsingTcmEvents.addTcmEventHandler" staticName="ObjectUsingTcmEvents.addTcmEventHandler" synopsis="addTcmEventHandler(tcmObject: Object, eventName: Object, handler: Object): Void" synopsisExtended="addTcmEventHandler(tcmObject: Object, eventName: Object, handler: Object): Void" type="Object">
                          <arguments value="tcmObject, eventName, handler">
                            <argument name="tcmObject" type="Object" />
                            <argument name="eventName" type="Object" />
                            <argument name="handler" type="Object" />
                          </arguments>
                        </method>
                        <method name="removeTcmEventHandler" url=".Anguilla.ObjectUsingTCMEvents.js.Tridion.ContentManager.ObjectUsingTcmEvents.removeTcmEventHandler.html" visibility="prototype" rawName="Tridion.ContentManager.ObjectUsingTcmEvents.prototype.removeTcmEventHandler" fullName="Tridion.ContentManager.ObjectUsingTcmEvents.removeTcmEventHandler" staticName="ObjectUsingTcmEvents.removeTcmEventHandler" synopsis="removeTcmEventHandler(tcmObject: Object, eventName: Object, handler: Object): Void" synopsisExtended="removeTcmEventHandler(tcmObject: Object, eventName: Object, handler: Object): Void" type="Object">
                          <arguments value="tcmObject, eventName, handler">
                            <argument name="tcmObject" type="Object" />
                            <argument name="eventName" type="Object" />
                            <argument name="handler" type="Object" />
                          </arguments>
                        </method>
                        <method name="addFailableTcmEventHandler" url=".Anguilla.ObjectUsingTCMEvents.js.Tridion.ContentManager.ObjectUsingTcmEvents.addFailableTcmEventHandler.html" visibility="prototype" rawName="Tridion.ContentManager.ObjectUsingTcmEvents.prototype.addFailableTcmEventHandler" fullName="Tridion.ContentManager.ObjectUsingTcmEvents.addFailableTcmEventHandler" staticName="ObjectUsingTcmEvents.addFailableTcmEventHandler" synopsis="addFailableTcmEventHandler(tcmObject: Object, eventName: Object, handler: Object, failureHandler: Object): Void" synopsisExtended="addFailableTcmEventHandler(tcmObject: Object, eventName: Object, handler: Object, failureHandler: Object): Void" type="Object">
                          <arguments value="tcmObject, eventName, handler, failureHandler">
                            <argument name="tcmObject" type="Object" />
                            <argument name="eventName" type="Object" />
                            <argument name="handler" type="Object" />
                            <argument name="failureHandler" type="Object" />
                          </arguments>
                          <members>
                            <methods>
                              <method name="handleDispose" url=".Anguilla.ObjectUsingTCMEvents.js.Tridion.ContentManager.ObjectUsingTcmEvents.addFailableTcmEventHandler.handleDispose.html" visibility="private" rawName="handleDispose" fullName="handleDispose" staticName="addFailableTcmEventHandler.handleDispose" synopsis="handleDispose(event: Object): Void" synopsisExtended="handleDispose(event: Object): Void" type="Object">
                                <arguments value="event">
                                  <argument name="event" type="Object" />
                                </arguments>
                              </method>
                            </methods>
                          </members>
                        </method>
                        <method name="addFailableTcmEventHandlerOnce" url=".Anguilla.ObjectUsingTCMEvents.js.Tridion.ContentManager.ObjectUsingTcmEvents.addFailableTcmEventHandlerOnce.html" visibility="prototype" rawName="Tridion.ContentManager.ObjectUsingTcmEvents.prototype.addFailableTcmEventHandlerOnce" fullName="Tridion.ContentManager.ObjectUsingTcmEvents.addFailableTcmEventHandlerOnce" staticName="ObjectUsingTcmEvents.addFailableTcmEventHandlerOnce" synopsis="addFailableTcmEventHandlerOnce(tcmObject: Object, eventName: Object, handler: Object, failureHandler: Object): Void" synopsisExtended="addFailableTcmEventHandlerOnce(tcmObject: Object, eventName: Object, handler: Object, failureHandler: Object): Void" type="Object">
                          <arguments value="tcmObject, eventName, handler, failureHandler">
                            <argument name="tcmObject" type="Object" />
                            <argument name="eventName" type="Object" />
                            <argument name="handler" type="Object" />
                            <argument name="failureHandler" type="Object" />
                          </arguments>
                          <members>
                            <methods>
                              <method name="handleEvent" url=".Anguilla.ObjectUsingTCMEvents.js.Tridion.ContentManager.ObjectUsingTcmEvents.addFailableTcmEventHandlerOnce.handleEvent.html" visibility="private" rawName="handleEvent" fullName="handleEvent" staticName="addFailableTcmEventHandlerOnce.handleEvent" synopsis="handleEvent(event: Object): Void" synopsisExtended="handleEvent(event: Object): Void" type="Object">
                                <arguments value="event">
                                  <argument name="event" type="Object" />
                                </arguments>
                              </method>
                              <method name="handleFailedEvent" url=".Anguilla.ObjectUsingTCMEvents.js.Tridion.ContentManager.ObjectUsingTcmEvents.addFailableTcmEventHandlerOnce.handleFailedEvent.html" visibility="private" rawName="handleFailedEvent" fullName="handleFailedEvent" staticName="addFailableTcmEventHandlerOnce.handleFailedEvent" synopsis="handleFailedEvent(event: Object): Void" synopsisExtended="handleFailedEvent(event: Object): Void" type="Object">
                                <arguments value="event">
                                  <argument name="event" type="Object" />
                                </arguments>
                              </method>
                              <method name="handleDispose" url=".Anguilla.ObjectUsingTCMEvents.js.Tridion.ContentManager.ObjectUsingTcmEvents.addFailableTcmEventHandlerOnce.handleDispose.html" visibility="private" rawName="handleDispose" fullName="handleDispose" staticName="addFailableTcmEventHandlerOnce.handleDispose" synopsis="handleDispose(event: Object): Void" synopsisExtended="handleDispose(event: Object): Void" type="Object">
                                <arguments value="event">
                                  <argument name="event" type="Object" />
                                </arguments>
                              </method>
                              <method name="removeHandlers" url=".Anguilla.ObjectUsingTCMEvents.js.Tridion.ContentManager.ObjectUsingTcmEvents.addFailableTcmEventHandlerOnce.removeHandlers.html" visibility="private" rawName="removeHandlers" fullName="removeHandlers" staticName="addFailableTcmEventHandlerOnce.removeHandlers" synopsis="removeHandlers(): Void" synopsisExtended="removeHandlers(): Void" type="Object" />
                            </methods>
                          </members>
                        </method>
                        <method name="executeOnceWhenItemLoaded" url=".Anguilla.ObjectUsingTCMEvents.js.Tridion.ContentManager.ObjectUsingTcmEvents.executeOnceWhenItemLoaded.html" visibility="prototype" rawName="Tridion.ContentManager.ObjectUsingTcmEvents.prototype.executeOnceWhenItemLoaded" fullName="Tridion.ContentManager.ObjectUsingTcmEvents.executeOnceWhenItemLoaded" staticName="ObjectUsingTcmEvents.executeOnceWhenItemLoaded" synopsis="executeOnceWhenItemLoaded(item: Object, loadCallback: Object, loadFailedHandler: Object): Void" synopsisExtended="executeOnceWhenItemLoaded(item: Object, loadCallback: Object, loadFailedHandler: Object): Void" type="Object">
                          <arguments value="item, loadCallback, loadFailedHandler">
                            <argument name="item" type="Object" />
                            <argument name="loadCallback" type="Object" />
                            <argument name="loadFailedHandler" type="Object" />
                          </arguments>
                          <members>
                            <methods>
                              <method name="handleLoadSuccess" url=".Anguilla.ObjectUsingTCMEvents.js.Tridion.ContentManager.ObjectUsingTcmEvents.executeOnceWhenItemLoaded.handleLoadSuccess.html" visibility="private" rawName="handleLoadSuccess" fullName="handleLoadSuccess" staticName="executeOnceWhenItemLoaded.handleLoadSuccess" synopsis="handleLoadSuccess(event: Object): Void" synopsisExtended="handleLoadSuccess(event: Object): Void" type="Object">
                                <arguments value="event">
                                  <argument name="event" type="Object" />
                                </arguments>
                              </method>
                            </methods>
                          </members>
                        </method>
                        <method name="executeOnceWhenItemsLoaded" url=".Anguilla.ObjectUsingTCMEvents.js.Tridion.ContentManager.ObjectUsingTcmEvents.executeOnceWhenItemsLoaded.html" visibility="prototype" rawName="Tridion.ContentManager.ObjectUsingTcmEvents.prototype.executeOnceWhenItemsLoaded" fullName="Tridion.ContentManager.ObjectUsingTcmEvents.executeOnceWhenItemsLoaded" staticName="ObjectUsingTcmEvents.executeOnceWhenItemsLoaded" synopsis="executeOnceWhenItemsLoaded(items: Object, loadCallback: Object): Void" synopsisExtended="executeOnceWhenItemsLoaded(items: Object, loadCallback: Object): Void" type="Object">
                          <arguments value="items, loadCallback">
                            <argument name="items" type="Object" />
                            <argument name="loadCallback" type="Object" />
                          </arguments>
                          <members>
                            <methods>
                              <method name="handleLoadFailed" url=".Anguilla.ObjectUsingTCMEvents.js.Tridion.ContentManager.ObjectUsingTcmEvents.executeOnceWhenItemsLoaded.handleLoadFailed.html" visibility="private" rawName="handleLoadFailed" fullName="handleLoadFailed" staticName="executeOnceWhenItemsLoaded.handleLoadFailed" synopsis="handleLoadFailed(event: Object): Void" synopsisExtended="handleLoadFailed(event: Object): Void" type="Object">
                                <arguments value="event">
                                  <argument name="event" type="Object" />
                                </arguments>
                              </method>
                              <method name="countAndTryFinish" url=".Anguilla.ObjectUsingTCMEvents.js.Tridion.ContentManager.ObjectUsingTcmEvents.executeOnceWhenItemsLoaded.countAndTryFinish.html" visibility="private" rawName="countAndTryFinish" fullName="countAndTryFinish" staticName="executeOnceWhenItemsLoaded.countAndTryFinish" synopsis="countAndTryFinish(item: Object): Void" synopsisExtended="countAndTryFinish(item: Object): Void" type="Object">
                                <arguments value="item">
                                  <argument name="item" type="Object" />
                                </arguments>
                              </method>
                            </methods>
                          </members>
                        </method>
                        <method name="executeOnceWhenItemStaticLoaded" url=".Anguilla.ObjectUsingTCMEvents.js.Tridion.ContentManager.ObjectUsingTcmEvents.executeOnceWhenItemStaticLoaded.html" visibility="prototype" rawName="Tridion.ContentManager.ObjectUsingTcmEvents.prototype.executeOnceWhenItemStaticLoaded" fullName="Tridion.ContentManager.ObjectUsingTcmEvents.executeOnceWhenItemStaticLoaded" staticName="ObjectUsingTcmEvents.executeOnceWhenItemStaticLoaded" synopsis="executeOnceWhenItemStaticLoaded(item: Object, staticLoadCallback: Object, staticLoadFailedHandler: Object): Void" synopsisExtended="executeOnceWhenItemStaticLoaded(item: Object, staticLoadCallback: Object, staticLoadFailedHandler: Object): Void" type="Object">
                          <arguments value="item, staticLoadCallback, staticLoadFailedHandler">
                            <argument name="item" type="Object" />
                            <argument name="staticLoadCallback" type="Object" />
                            <argument name="staticLoadFailedHandler" type="Object" />
                          </arguments>
                          <members>
                            <methods>
                              <method name="handleStaticLoadSuccess" url=".Anguilla.ObjectUsingTCMEvents.js.Tridion.ContentManager.ObjectUsingTcmEvents.executeOnceWhenItemStaticLoaded.handleStaticLoadSuccess.html" visibility="private" rawName="handleStaticLoadSuccess" fullName="handleStaticLoadSuccess" staticName="executeOnceWhenItemStaticLoaded.handleStaticLoadSuccess" synopsis="handleStaticLoadSuccess(event: Object): Void" synopsisExtended="handleStaticLoadSuccess(event: Object): Void" type="Object">
                                <arguments value="event">
                                  <argument name="event" type="Object" />
                                </arguments>
                              </method>
                            </methods>
                          </members>
                        </method>
                        <method name="executeWhenItemLoaded" url=".Anguilla.ObjectUsingTCMEvents.js.Tridion.ContentManager.ObjectUsingTcmEvents.executeWhenItemLoaded.html" visibility="prototype" rawName="Tridion.ContentManager.ObjectUsingTcmEvents.prototype.executeWhenItemLoaded" fullName="Tridion.ContentManager.ObjectUsingTcmEvents.executeWhenItemLoaded" staticName="ObjectUsingTcmEvents.executeWhenItemLoaded" synopsis="executeWhenItemLoaded(item: Object, loadCallback: Object, loadFailedHandler: Object): Void" synopsisExtended="executeWhenItemLoaded(item: Object, loadCallback: Object, loadFailedHandler: Object): Void" type="Object">
                          <arguments value="item, loadCallback, loadFailedHandler">
                            <argument name="item" type="Object" />
                            <argument name="loadCallback" type="Object" />
                            <argument name="loadFailedHandler" type="Object" />
                          </arguments>
                          <members>
                            <methods>
                              <method name="handleLoadSuccess" url=".Anguilla.ObjectUsingTCMEvents.js.Tridion.ContentManager.ObjectUsingTcmEvents.executeWhenItemLoaded.handleLoadSuccess.html" visibility="private" rawName="handleLoadSuccess" fullName="handleLoadSuccess" staticName="executeWhenItemLoaded.handleLoadSuccess" synopsis="handleLoadSuccess(event: Object): Void" synopsisExtended="handleLoadSuccess(event: Object): Void" type="Object">
                                <arguments value="event">
                                  <argument name="event" type="Object" />
                                </arguments>
                              </method>
                            </methods>
                          </members>
                        </method>
                        <method name="executeWhenItemStaticLoaded" url=".Anguilla.ObjectUsingTCMEvents.js.Tridion.ContentManager.ObjectUsingTcmEvents.executeWhenItemStaticLoaded.html" visibility="prototype" rawName="Tridion.ContentManager.ObjectUsingTcmEvents.prototype.executeWhenItemStaticLoaded" fullName="Tridion.ContentManager.ObjectUsingTcmEvents.executeWhenItemStaticLoaded" staticName="ObjectUsingTcmEvents.executeWhenItemStaticLoaded" synopsis="executeWhenItemStaticLoaded(item: Object, staticLoadCallback: Object, staticLoadFailedHandler: Object): Void" synopsisExtended="executeWhenItemStaticLoaded(item: Object, staticLoadCallback: Object, staticLoadFailedHandler: Object): Void" type="Object">
                          <arguments value="item, staticLoadCallback, staticLoadFailedHandler">
                            <argument name="item" type="Object" />
                            <argument name="staticLoadCallback" type="Object" />
                            <argument name="staticLoadFailedHandler" type="Object" />
                          </arguments>
                          <members>
                            <methods>
                              <method name="handleStaticLoadSuccess" url=".Anguilla.ObjectUsingTCMEvents.js.Tridion.ContentManager.ObjectUsingTcmEvents.executeWhenItemStaticLoaded.handleStaticLoadSuccess.html" visibility="private" rawName="handleStaticLoadSuccess" fullName="handleStaticLoadSuccess" staticName="executeWhenItemStaticLoaded.handleStaticLoadSuccess" synopsis="handleStaticLoadSuccess(event: Object): Void" synopsisExtended="handleStaticLoadSuccess(event: Object): Void" type="Object">
                                <arguments value="event">
                                  <argument name="event" type="Object" />
                                </arguments>
                              </method>
                            </methods>
                          </members>
                        </method>
                        <method name="executeOnceWhenListLoaded" url=".Anguilla.ObjectUsingTCMEvents.js.Tridion.ContentManager.ObjectUsingTcmEvents.executeOnceWhenListLoaded.html" visibility="prototype" rawName="Tridion.ContentManager.ObjectUsingTcmEvents.prototype.executeOnceWhenListLoaded" fullName="Tridion.ContentManager.ObjectUsingTcmEvents.executeOnceWhenListLoaded" staticName="ObjectUsingTcmEvents.executeOnceWhenListLoaded" synopsis="executeOnceWhenListLoaded(list: Object, loadCallback: Object, loadFailedHandler: Object): Void" synopsisExtended="executeOnceWhenListLoaded(list: Object, loadCallback: Object, loadFailedHandler: Object): Void" type="Object">
                          <arguments value="list, loadCallback, loadFailedHandler">
                            <argument name="list" type="Object" />
                            <argument name="loadCallback" type="Object" />
                            <argument name="loadFailedHandler" type="Object" />
                          </arguments>
                          <members>
                            <methods>
                              <method name="handleLoadSuccess" url=".Anguilla.ObjectUsingTCMEvents.js.Tridion.ContentManager.ObjectUsingTcmEvents.executeOnceWhenListLoaded.handleLoadSuccess.html" visibility="private" rawName="handleLoadSuccess" fullName="handleLoadSuccess" staticName="executeOnceWhenListLoaded.handleLoadSuccess" synopsis="handleLoadSuccess(event: Object): Void" synopsisExtended="handleLoadSuccess(event: Object): Void" type="Object">
                                <arguments value="event">
                                  <argument name="event" type="Object" />
                                </arguments>
                              </method>
                            </methods>
                          </members>
                        </method>
                        <method name="executeWhenListLoaded" url=".Anguilla.ObjectUsingTCMEvents.js.Tridion.ContentManager.ObjectUsingTcmEvents.executeWhenListLoaded.html" visibility="prototype" rawName="Tridion.ContentManager.ObjectUsingTcmEvents.prototype.executeWhenListLoaded" fullName="Tridion.ContentManager.ObjectUsingTcmEvents.executeWhenListLoaded" staticName="ObjectUsingTcmEvents.executeWhenListLoaded" synopsis="executeWhenListLoaded(list: Object, loadCallback: Object, loadFailedHandler: Object): Void" synopsisExtended="executeWhenListLoaded(list: Object, loadCallback: Object, loadFailedHandler: Object): Void" type="Object">
                          <arguments value="list, loadCallback, loadFailedHandler">
                            <argument name="list" type="Object" />
                            <argument name="loadCallback" type="Object" />
                            <argument name="loadFailedHandler" type="Object" />
                          </arguments>
                          <members>
                            <methods>
                              <method name="handleLoadSuccess" url=".Anguilla.ObjectUsingTCMEvents.js.Tridion.ContentManager.ObjectUsingTcmEvents.executeWhenListLoaded.handleLoadSuccess.html" visibility="private" rawName="handleLoadSuccess" fullName="handleLoadSuccess" staticName="executeWhenListLoaded.handleLoadSuccess" synopsis="handleLoadSuccess(event: Object): Void" synopsisExtended="handleLoadSuccess(event: Object): Void" type="Object">
                                <arguments value="event">
                                  <argument name="event" type="Object" />
                                </arguments>
                              </method>
                            </methods>
                          </members>
                        </method>
                      </methods>
                    </members>
                  </class>
                </classes>
              </members>
            </property>
          </properties>
        </members>
      </property>
    </properties>
  </members>
</document>