<document name="OO.js" url="OO.js.html" visibility="default" rawName="OO.js" fullName="OO.js" staticName="Anguilla.OO.js">
  <members>
    <methods>
      <method name="addInterface" url=".Anguilla.OO.js.addInterface.html" visibility="private" rawName="addInterface" fullName="addInterface" staticName="OO.js.addInterface" synopsis="addInterface(interfaceName: Object, args: Object): Void" synopsisExtended="addInterface(interfaceName: Object, args: Object): Void" type="Object">
        <arguments value="interfaceName, args">
          <argument name="interfaceName" type="Object" />
          <argument name="args" type="Object" />
        </arguments>
      </method>
      <method name="upgradeToType" url=".Anguilla.OO.js.upgradeToType.html" visibility="private" rawName="upgradeToType" fullName="upgradeToType" staticName="OO.js.upgradeToType" synopsis="upgradeToType(interfaceName: Object, args: Object): Void" synopsisExtended="upgradeToType(interfaceName: Object, args: Object): Void" type="Object">
        <arguments value="interfaceName, args">
          <argument name="interfaceName" type="Object" />
          <argument name="args" type="Object" />
        </arguments>
      </method>
      <method name="getTypeName" url=".Anguilla.OO.js.getTypeName.html" visibility="private" rawName="getTypeName" fullName="getTypeName" staticName="OO.js.getTypeName" synopsis="getTypeName(): Void" synopsisExtended="getTypeName(): Void" type="Object" />
      <method name="getInterface" url=".Anguilla.OO.js.getInterface.html" visibility="private" rawName="getInterface" fullName="getInterface" staticName="OO.js.getInterface" synopsis="getInterface(interfaceName: Object): Void" synopsisExtended="getInterface(interfaceName: Object): Void" type="Object">
        <arguments value="interfaceName">
          <argument name="interfaceName" type="Object" />
        </arguments>
      </method>
      <method name="getMainInterface" url=".Anguilla.OO.js.getMainInterface.html" visibility="private" rawName="getMainInterface" fullName="getMainInterface" staticName="OO.js.getMainInterface" synopsis="getMainInterface(): Void" synopsisExtended="getMainInterface(): Void" type="Object" />
      <method name="getDelegate" url=".Anguilla.OO.js.getDelegate.html" visibility="private" rawName="getDelegate" fullName="getDelegate" staticName="OO.js.getDelegate" synopsis="getDelegate(method: Object, args: Object): Void" synopsisExtended="getDelegate(method: Object, args: Object): Void" type="Object">
        <arguments value="method, args">
          <argument name="method" type="Object" />
          <argument name="args" type="Object" />
        </arguments>
      </method>
      <method name="removeDelegate" url=".Anguilla.OO.js.removeDelegate.html" visibility="private" rawName="removeDelegate" fullName="removeDelegate" staticName="OO.js.removeDelegate" synopsis="removeDelegate(method: Object, args: Object): Void" synopsisExtended="removeDelegate(method: Object, args: Object): Void" type="Object">
        <arguments value="method, args">
          <argument name="method" type="Object" />
          <argument name="args" type="Object" />
        </arguments>
      </method>
    </methods>
    <properties>
      <property name="Tridion" url=".Anguilla.OO.js.Tridion.html" visibility="public" rawName="Tridion" fullName="Tridion" staticName="OO.js.Tridion" synopsis="OO.js.Tridion: Object;" synopsisExtended="OO.js.Tridion: &lt;a href=&quot;&quot;&gt;Object&lt;/a&gt;;" type="Object" virtual="true">
        <members>
          <properties>
            <property name="OO" url=".Anguilla.OO.js.Tridion.OO.html" visibility="static" rawName="Tridion.OO" fullName="Tridion.OO" staticName="Tridion.OO" synopsis="Tridion.OO: Object;" synopsisExtended="Tridion.OO: &lt;a href=&quot;&quot;&gt;Object&lt;/a&gt;;" type="Object" virtual="true">
              <members>
                <methods>
                  <method name="implementsInterface" url=".Anguilla.OO.js.Tridion.OO.implementsInterface.html" visibility="static" rawName="Tridion.OO.implementsInterface" fullName="Tridion.OO.implementsInterface" staticName="OO.implementsInterface" synopsis="implementsInterface(object: Object, interfaceName: Object): Void" synopsisExtended="implementsInterface(object: Object, interfaceName: Object): Void" type="Object">
                    <arguments value="object, interfaceName">
                      <argument name="object" type="Object" />
                      <argument name="interfaceName" type="Object" />
                    </arguments>
                  </method>
                  <method name="importObject" url=".Anguilla.OO.js.Tridion.OO.importObject.html" visibility="static" rawName="Tridion.OO.importObject" fullName="Tridion.OO.importObject" staticName="OO.importObject" synopsis="importObject(object: Object): Void" synopsisExtended="importObject(object: Object): Void" type="Object">
                    <arguments value="object">
                      <argument name="object" type="Object" />
                    </arguments>
                  </method>
                  <method name="nonInheritable" url=".Anguilla.OO.js.Tridion.OO.nonInheritable.html" visibility="static" rawName="Tridion.OO.nonInheritable" fullName="Tridion.OO.nonInheritable" staticName="OO.nonInheritable" synopsis="nonInheritable(member: Object): Void" synopsisExtended="nonInheritable(member: Object): Void" type="Object">
                    <arguments value="member">
                      <argument name="member" type="Object" />
                    </arguments>
                  </method>
                  <method name="callBase" url=".Anguilla.OO.js.Tridion.OO.callBase.html" visibility="static" rawName="Tridion.OO.callBase" fullName="Tridion.OO.callBase" staticName="OO.callBase" synopsis="callBase(interfaceName: Object, methodName: Object, args: Object): Void" synopsisExtended="callBase(interfaceName: Object, methodName: Object, args: Object): Void" type="Object">
                    <arguments value="interfaceName, methodName, args">
                      <argument name="interfaceName" type="Object" />
                      <argument name="methodName" type="Object" />
                      <argument name="args" type="Object" />
                    </arguments>
                  </method>
                  <method name="getCallUpgradedBase" url=".Anguilla.OO.js.Tridion.OO.getCallUpgradedBase.html" visibility="static" rawName="Tridion.OO.getCallUpgradedBase" fullName="Tridion.OO.getCallUpgradedBase" staticName="OO.getCallUpgradedBase" synopsis="getCallUpgradedBase(callingInterface: Object, upgradedBase: Object): Void" synopsisExtended="getCallUpgradedBase(callingInterface: Object, upgradedBase: Object): Void" type="Object">
                    <arguments value="callingInterface, upgradedBase">
                      <argument name="callingInterface" type="Object" />
                      <argument name="upgradedBase" type="Object" />
                    </arguments>
                    <members>
                      <methods>
                        <method name="OO$callUpgradedBase" url=".Anguilla.OO.js.Tridion.OO.getCallUpgradedBase.OO$callUpgradedBase.html" visibility="private" rawName="OO$callUpgradedBase" fullName="OO$callUpgradedBase" staticName="getCallUpgradedBase.OO$callUpgradedBase" synopsis="OO$callUpgradedBase(interfaceName: Object, methodName: Object, args: Object): Void" synopsisExtended="OO$callUpgradedBase(interfaceName: Object, methodName: Object, args: Object): Void" type="Object">
                          <arguments value="interfaceName, methodName, args">
                            <argument name="interfaceName" type="Object" />
                            <argument name="methodName" type="Object" />
                            <argument name="args" type="Object" />
                          </arguments>
                        </method>
                      </methods>
                    </members>
                  </method>
                </methods>
              </members>
            </property>
          </properties>
        </members>
      </property>
      <property name="Tridion" url=".Anguilla.OO.js.Tridion.html" visibility="private" rawName="Tridion" fullName="Tridion" staticName="OO.js.Tridion" synopsis="var Tridion: Object;" synopsisExtended="var Tridion: &lt;a href=&quot;&quot;&gt;Object&lt;/a&gt;;" type="Object" virtual="true">
        <members>
          <properties>
            <property name="OO" url=".Anguilla.OO.js.Tridion.OO.html" visibility="static" rawName="Tridion.OO" fullName="Tridion.OO" staticName="Tridion.OO" synopsis="Tridion.OO: Object;" synopsisExtended="Tridion.OO: &lt;a href=&quot;&quot;&gt;Object&lt;/a&gt;;" type="Object" virtual="true">
              <members>
                <methods>
                  <method name="enableInterface" url=".Anguilla.OO.js.Tridion.OO.enableInterface.html" visibility="static" rawName="Tridion.OO.enableInterface" fullName="Tridion.OO.enableInterface" staticName="OO.enableInterface" synopsis="enableInterface(object: Object, interfaceName: Object): Void" synopsisExtended="enableInterface(object: Object, interfaceName: Object): Void" type="Object">
                    <arguments value="object, interfaceName">
                      <argument name="object" type="Object" />
                      <argument name="interfaceName" type="Object" />
                    </arguments>
                  </method>
                </methods>
              </members>
            </property>
          </properties>
        </members>
      </property>
    </properties>
  </members>
</document>