<document name="Page.js" url="Page.js.html" visibility="default" rawName="Page.js" fullName="Page.js" staticName="Anguilla.Page.js">
  <members>
    <properties>
      <property name="Tridion" url=".Anguilla.Page.js.Tridion.html" visibility="public" rawName="Tridion" fullName="Tridion" staticName="Page.js.Tridion" synopsis="Page.js.Tridion: Object;" synopsisExtended="Page.js.Tridion: &lt;a href=&quot;&quot;&gt;Object&lt;/a&gt;;" type="Object" virtual="true">
        <members>
          <properties>
            <property name="Cme" url=".Anguilla.Page.js.Tridion.Cme.html" visibility="static" rawName="Tridion.Cme" fullName="Tridion.Cme" staticName="Tridion.Cme" synopsis="Tridion.Cme: Object;" synopsisExtended="Tridion.Cme: &lt;a href=&quot;&quot;&gt;Object&lt;/a&gt;;" type="Object" virtual="true">
              <members>
                <properties>
                  <property name="Views" url=".Anguilla.Page.js.Tridion.Cme.Views.html" visibility="static" rawName="Tridion.Cme.Views" fullName="Tridion.Cme.Views" staticName="Cme.Views" synopsis="Cme.Views: Object;" synopsisExtended="Cme.Views: &lt;a href=&quot;&quot;&gt;Object&lt;/a&gt;;" type="Object" virtual="true">
                    <members>
                      <classes>
                        <class name="Page" url=".Anguilla.Page.js.Tridion.Cme.Views.Page.html" visibility="static" rawName="Tridion.Cme.Views.Page" fullName="Tridion.Cme.Views.Page" staticName="Views.Page" synopsis="var x: Page = new Page(element: HTMLElement);" synopsisExtended="var x: &lt;a href=&quot;.Anguilla.Page.js.Tridion.Cme.Views.Page.html&quot;&gt;Page&lt;/a&gt; = new Page(element: HTMLElement);" type="Object">
                          <arguments value="element">
                            <argument name="element" type="HTMLElement" description="The html element that represents this control." />
                          </arguments>
                          <extends />
                          <documentation rawString="&#xA; * Implements Page view.&#xA; * @param {HTMLElement} element The html element that represents this control.   &#xA; * @constructor&#xA; ">
                            <summary>Implements Page view.</summary>
                          </documentation>
                          <members>
                            <methods>
                              <method name="onRefresh" url=".Anguilla.Page.js.Tridion.Cme.Views.Page.onRefresh.html" visibility="prototype" rawName="Tridion.Cme.Views.Page.prototype.onRefresh" fullName="Tridion.Cme.Views.Page.onRefresh" staticName="Page.onRefresh" synopsis="onRefresh(The: e.): Void" synopsisExtended="onRefresh(The: e.): Void" type="Object">
                                <arguments value="e">
                                  <argument name="The" type="e." description="event is fired from the &lt;c&gt;Tridion.DisplayController&lt;/c&gt;." />
                                </arguments>
                                <documentation rawString="&#xA; * Reacts on Display Refresh event.&#xA; * @param {Tridion.Core.Event} e. The event is fired from the &lt;c&gt;Tridion.DisplayController&lt;/c&gt;.&#xA; ">
                                  <summary>Reacts on Display Refresh event.</summary>
                                </documentation>
                              </method>
                              <method name="updateView" url=".Anguilla.Page.js.Tridion.Cme.Views.Page.updateView.html" visibility="prototype" rawName="Tridion.Cme.Views.Page.prototype.updateView" fullName="Tridion.Cme.Views.Page.updateView" staticName="Page.updateView" synopsis="updateView(): Void" synopsisExtended="updateView(): Void" type="Object">
                                <documentation rawString="&#xA; * Updating view representation.&#xA; ">
                                  <summary>Updating view representation.</summary>
                                </documentation>
                              </method>
                              <method name="setPageTemplate" url=".Anguilla.Page.js.Tridion.Cme.Views.Page.setPageTemplate.html" visibility="prototype" rawName="Tridion.Cme.Views.Page.prototype.setPageTemplate" fullName="Tridion.Cme.Views.Page.setPageTemplate" staticName="Page.setPageTemplate" synopsis="setPageTemplate(): Void" synopsisExtended="setPageTemplate(): Void" type="Object">
                                <documentation rawString="&#xA; * Sets Page Template dropdown value.&#xA; ">
                                  <summary>Sets Page Template dropdown value.</summary>
                                </documentation>
                              </method>
                              <method name="onTemplateLoad" url=".Anguilla.Page.js.Tridion.Cme.Views.Page.onTemplateLoad.html" visibility="prototype" rawName="Tridion.Cme.Views.Page.prototype.onTemplateLoad" fullName="Tridion.Cme.Views.Page.onTemplateLoad" staticName="Page.onTemplateLoad" synopsis="onTemplateLoad(The: event.): Void" synopsisExtended="onTemplateLoad(The: event.): Void" type="Object">
                                <arguments value="event">
                                  <argument name="The" type="event." description="event is the event fired from the &lt;c&gt;Tridion.ContentManager.PageTemplate&lt;/c&gt; Item." />
                                </arguments>
                                <documentation rawString="&#xA; * Handles the Template Item load event on the &lt;c&gt;Tridion.ContentManager.PageTemplate&lt;/c&gt; Item.&#xA; * @param {Tridion.Core.Event} event. The event is the event fired from the &lt;c&gt;Tridion.ContentManager.PageTemplate&lt;/c&gt; Item.&#xA; ">
                                  <summary>Handles the Template Item load event on the &lt;c&gt;Tridion.ContentManager.PageTemplate&lt;/c&gt; Item.</summary>
                                </documentation>
                              </method>
                              <method name="onTemplateLoadFailed" url=".Anguilla.Page.js.Tridion.Cme.Views.Page.onTemplateLoadFailed.html" visibility="prototype" rawName="Tridion.Cme.Views.Page.prototype.onTemplateLoadFailed" fullName="Tridion.Cme.Views.Page.onTemplateLoadFailed" staticName="Page.onTemplateLoadFailed" synopsis="onTemplateLoadFailed(The: event.): Void" synopsisExtended="onTemplateLoadFailed(The: event.): Void" type="Object">
                                <arguments value="event">
                                  <argument name="The" type="event." description="event is the event fired from the &lt;c&gt;Tridion.ContentManager.PageTemplate&lt;/c&gt; Item." />
                                </arguments>
                                <documentation rawString="&#xA; * Handles the Template Item load failed event on the &lt;c&gt;Tridion.ContentManager.PageTemplate&lt;/c&gt; Item.&#xA; * @param {Tridion.Core.Event} event. The event is the event fired from the &lt;c&gt;Tridion.ContentManager.PageTemplate&lt;/c&gt; Item.&#xA; ">
                                  <summary>Handles the Template Item load failed event on the &lt;c&gt;Tridion.ContentManager.PageTemplate&lt;/c&gt; Item.</summary>
                                </documentation>
                              </method>
                              <method name="_removeTemplateLoadDelegates" url=".Anguilla.Page.js.Tridion.Cme.Views.Page._removeTemplateLoadDelegates.html" visibility="prototype" rawName="Tridion.Cme.Views.Page.prototype._removeTemplateLoadDelegates" fullName="Tridion.Cme.Views.Page._removeTemplateLoadDelegates" staticName="Page._removeTemplateLoadDelegates" synopsis="_removeTemplateLoadDelegates(Page: templateId.): Void" synopsisExtended="_removeTemplateLoadDelegates(Page: templateId.): Void" type="Object">
                                <arguments value="pageTemplate">
                                  <argument name="Page" type="templateId." description="template Id." />
                                </arguments>
                                <documentation rawString="&#xA; * Removes Template Load Delegates from PageTemplate.&#xA; * @param {String} templateId. Page template Id. &#xA; ">
                                  <summary>Removes Template Load Delegates from PageTemplate.</summary>
                                </documentation>
                              </method>
                              <method name="onItemChanged" url=".Anguilla.Page.js.Tridion.Cme.Views.Page.onItemChanged.html" visibility="prototype" rawName="Tridion.Cme.Views.Page.prototype.onItemChanged" fullName="Tridion.Cme.Views.Page.onItemChanged" staticName="Page.onItemChanged" synopsis="onItemChanged(The: event.): Void" synopsisExtended="onItemChanged(The: event.): Void" type="Object">
                                <arguments value="event">
                                  <argument name="The" type="event." description="event fired from the Item." />
                                </arguments>
                                <documentation rawString="&#xA; * Handles the change event in Item.&#xA; * @param {Tridion.Core.Event} event. The event fired from the Item.&#xA; ">
                                  <summary>Handles the change event in Item.</summary>
                                </documentation>
                              </method>
                              <method name="onItemValidate" url=".Anguilla.Page.js.Tridion.Cme.Views.Page.onItemValidate.html" visibility="prototype" rawName="Tridion.Cme.Views.Page.prototype.onItemValidate" fullName="Tridion.Cme.Views.Page.onItemValidate" staticName="Page.onItemValidate" synopsis="onItemValidate(The: event.): Bollean" synopsisExtended="onItemValidate(The: event.): Bollean" type="Object">
                                <arguments value="event">
                                  <argument name="The" type="event." description="event is the event fired from the &lt;c&gt;Tridion.FormatArea&lt;/c&gt;." />
                                </arguments>
                                <documentation rawString="&#xA; * Handles the validate event in Item.&#xA; * @param {Tridion.Core.Event} event. The event is the event fired from the &lt;c&gt;Tridion.FormatArea&lt;/c&gt;.&#xA; * @returns {Bollean} True if item is Valid.&#xA; ">
                                  <summary>Handles the validate event in Item.</summary>
                                </documentation>
                                <members>
                                  <methods>
                                    <method name="Page$onItemValidate$onModalPopupUnloaded" url=".Anguilla.Page.js.Tridion.Cme.Views.Page.onItemValidate.Page$onItemValidate$onModalPopupUnloaded.html" visibility="private" rawName="Page$onItemValidate$onModalPopupUnloaded" fullName="Page$onItemValidate$onModalPopupUnloaded" staticName="onItemValidate.Page$onItemValidate$onModalPopupUnloaded" synopsis="Page$onItemValidate$onModalPopupUnloaded(): Void" synopsisExtended="Page$onItemValidate$onModalPopupUnloaded(): Void" type="Object" />
                                  </methods>
                                </members>
                                <returns type="Bollean" description="True if item is Valid." />
                              </method>
                              <method name="onFieldsChanged" url=".Anguilla.Page.js.Tridion.Cme.Views.Page.onFieldsChanged.html" visibility="prototype" rawName="Tridion.Cme.Views.Page.prototype.onFieldsChanged" fullName="Tridion.Cme.Views.Page.onFieldsChanged" staticName="Page.onFieldsChanged" synopsis="onFieldsChanged(The: event.): Void" synopsisExtended="onFieldsChanged(The: event.): Void" type="Object">
                                <arguments value="event">
                                  <argument name="The" type="event." description="event is the event fired from the Fields." />
                                </arguments>
                                <documentation rawString="&#xA; * Handles the change events from Fields.&#xA; * @param {Tridion.Core.Event} event. The event is the event fired from the Fields.&#xA; ">
                                  <summary>Handles the change events from Fields.</summary>
                                </documentation>
                              </method>
                              <method name="collectFieldData" url=".Anguilla.Page.js.Tridion.Cme.Views.Page.collectFieldData.html" visibility="prototype" rawName="Tridion.Cme.Views.Page.prototype.collectFieldData" fullName="Tridion.Cme.Views.Page.collectFieldData" staticName="Page.collectFieldData" synopsis="collectFieldData(Field: field.): Void" synopsisExtended="collectFieldData(Field: field.): Void" type="Object">
                                <arguments value="field">
                                  <argument name="Field" type="field." description="which data was changed." />
                                </arguments>
                                <documentation rawString="&#xA; * Collects Data from field.&#xA; * @param {Object} field. Field which data was changed.&#xA; ">
                                  <summary>Collects Data from field.</summary>
                                </documentation>
                              </method>
                              <method name="onMetadataSchemaLoadContent" url=".Anguilla.Page.js.Tridion.Cme.Views.Page.onMetadataSchemaLoadContent.html" visibility="prototype" rawName="Tridion.Cme.Views.Page.prototype.onMetadataSchemaLoadContent" fullName="Tridion.Cme.Views.Page.onMetadataSchemaLoadContent" staticName="Page.onMetadataSchemaLoadContent" synopsis="onMetadataSchemaLoadContent(The: event.): Void" synopsisExtended="onMetadataSchemaLoadContent(The: event.): Void" type="Object">
                                <arguments value="event">
                                  <argument name="The" type="event." description="event is the event fired from the &lt;c&gt;Tridion.ContentManager.Schema&lt;/c&gt;. object." />
                                </arguments>
                                <documentation rawString="&#xA; * Handles the schema content load event.&#xA; * @param {Tridion.Core.Event} event. The event is the event fired from the &lt;c&gt;Tridion.ContentManager.Schema&lt;/c&gt;. object.&#xA; ">
                                  <summary>Handles the schema content load event.</summary>
                                </documentation>
                                <members>
                                  <methods>
                                    <method name="Page$onMetadataSchemaLoadContent$listLoaded" url=".Anguilla.Page.js.Tridion.Cme.Views.Page.onMetadataSchemaLoadContent.Page$onMetadataSchemaLoadContent$listLoaded.html" visibility="private" rawName="Page$onMetadataSchemaLoadContent$listLoaded" fullName="Page$onMetadataSchemaLoadContent$listLoaded" staticName="onMetadataSchemaLoadContent.Page$onMetadataSchemaLoadContent$listLoaded" synopsis="Page$onMetadataSchemaLoadContent$listLoaded(): Void" synopsisExtended="Page$onMetadataSchemaLoadContent$listLoaded(): Void" type="Object" />
                                  </methods>
                                </members>
                              </method>
                              <method name="getListPageTemplates" url=".Anguilla.Page.js.Tridion.Cme.Views.Page.getListPageTemplates.html" visibility="prototype" rawName="Tridion.Cme.Views.Page.prototype.getListPageTemplates" fullName="Tridion.Cme.Views.Page.getListPageTemplates" staticName="Page.getListPageTemplates" synopsis="getListPageTemplates(): Object" synopsisExtended="getListPageTemplates(): Object" type="Object">
                                <documentation rawString="&#xA; * Gets Page Templates List. &#xA; * @returns {Object} Page Templates List. &#xA; ">
                                  <summary>Gets Page Templates List.</summary>
                                </documentation>
                                <returns type="Object" description="Page Templates List." />
                              </method>
                              <method name="onPageTemplateLoadContent" url=".Anguilla.Page.js.Tridion.Cme.Views.Page.onPageTemplateLoadContent.html" visibility="prototype" rawName="Tridion.Cme.Views.Page.prototype.onPageTemplateLoadContent" fullName="Tridion.Cme.Views.Page.onPageTemplateLoadContent" staticName="Page.onPageTemplateLoadContent" synopsis="onPageTemplateLoadContent(The: event.): Void" synopsisExtended="onPageTemplateLoadContent(The: event.): Void" type="Object">
                                <arguments value="event">
                                  <argument name="The" type="event." description="event is the event fired from the &lt;c&gt;Tridion.ContentManager.PageTemplate&lt;/c&gt;. object." />
                                </arguments>
                                <documentation rawString="&#xA; * Handles the Page Template content load event.&#xA; * @param {Tridion.Core.Event} event. The event is the event fired from the &lt;c&gt;Tridion.ContentManager.PageTemplate&lt;/c&gt;. object.&#xA; ">
                                  <summary>Handles the Page Template content load event.</summary>
                                </documentation>
                                <members>
                                  <methods>
                                    <method name="Page$onPageTemplateLoadContent$listLoaded" url=".Anguilla.Page.js.Tridion.Cme.Views.Page.onPageTemplateLoadContent.Page$onPageTemplateLoadContent$listLoaded.html" visibility="private" rawName="Page$onPageTemplateLoadContent$listLoaded" fullName="Page$onPageTemplateLoadContent$listLoaded" staticName="onPageTemplateLoadContent.Page$onPageTemplateLoadContent$listLoaded" synopsis="Page$onPageTemplateLoadContent$listLoaded(): Void" synopsisExtended="Page$onPageTemplateLoadContent$listLoaded(): Void" type="Object" />
                                  </methods>
                                </members>
                              </method>
                              <method name="inheritTemplateChanged" url=".Anguilla.Page.js.Tridion.Cme.Views.Page.inheritTemplateChanged.html" visibility="prototype" rawName="Tridion.Cme.Views.Page.prototype.inheritTemplateChanged" fullName="Tridion.Cme.Views.Page.inheritTemplateChanged" staticName="Page.inheritTemplateChanged" synopsis="inheritTemplateChanged(isInherit: Boolean): Void" synopsisExtended="inheritTemplateChanged(isInherit: Boolean): Void" type="Object">
                                <arguments value="isInherit">
                                  <argument name="isInherit" type="Boolean" description="True if template it inheritad, otherwise false" />
                                </arguments>
                                <documentation rawString="&#xA; * Handles the change events from inherit Template field.&#xA; * @param {Boolean} isInherit True if template it inheritad, otherwise false&#xA; ">
                                  <summary>Handles the change events from inherit Template field.</summary>
                                </documentation>
                                <members>
                                  <methods>
                                    <method name="Page$inheritTemplateChanged$changePageTemplate" url=".Anguilla.Page.js.Tridion.Cme.Views.Page.inheritTemplateChanged.Page$inheritTemplateChanged$changePageTemplate.html" visibility="private" rawName="Page$inheritTemplateChanged$changePageTemplate" fullName="Page$inheritTemplateChanged$changePageTemplate" staticName="inheritTemplateChanged.Page$inheritTemplateChanged$changePageTemplate" synopsis="Page$inheritTemplateChanged$changePageTemplate(): Void" synopsisExtended="Page$inheritTemplateChanged$changePageTemplate(): Void" type="Object" />
                                  </methods>
                                </members>
                              </method>
                              <method name="changePageTemplate" url=".Anguilla.Page.js.Tridion.Cme.Views.Page.changePageTemplate.html" visibility="prototype" rawName="Tridion.Cme.Views.Page.prototype.changePageTemplate" fullName="Tridion.Cme.Views.Page.changePageTemplate" staticName="Page.changePageTemplate" synopsis="changePageTemplate(uri: String): Void" synopsisExtended="changePageTemplate(uri: String): Void" type="Object">
                                <arguments value="uri">
                                  <argument name="uri" type="String" description="Page template item uri." />
                                </arguments>
                                <documentation rawString="&#xA; * Changes Page Template value&#xA; * @param {String} uri Page template item uri.&#xA; ">
                                  <summary>Changes Page Template value</summary>
                                </documentation>
                              </method>
                              <method name="initialize" url=".Anguilla.Page.js.Tridion.Cme.Views.Page.initialize.html" visibility="private" rawName="Tridion.Cme.Views.Page.prototype.initialize" fullName="Tridion.Cme.Views.Page.initialize" staticName="Page.initialize" synopsis="initialize(): Void" synopsisExtended="initialize(): Void" type="Object">
                                <documentation rawString="&#xA; * Initializes Page view.&#xA; * @private&#xA; ">
                                  <summary>Initializes Page view.</summary>
                                </documentation>
                              </method>
                            </methods>
                          </members>
                        </class>
                      </classes>
                    </members>
                  </property>
                </properties>
              </members>
            </property>
          </properties>
        </members>
      </property>
    </properties>
  </members>
</document>