<document name="Preferences.js" url="Preferences.js.html" visibility="default" rawName="Preferences.js" fullName="Preferences.js" staticName="Anguilla.Preferences.js">
  <members>
    <properties>
      <property name="Tridion" url=".Anguilla.Preferences.js.Tridion.html" visibility="public" rawName="Tridion" fullName="Tridion" staticName="Preferences.js.Tridion" synopsis="Preferences.js.Tridion: Object;" synopsisExtended="Preferences.js.Tridion: &lt;a href=&quot;&quot;&gt;Object&lt;/a&gt;;" type="Object" virtual="true">
        <members>
          <properties>
            <property name="Cme" url=".Anguilla.Preferences.js.Tridion.Cme.html" visibility="static" rawName="Tridion.Cme" fullName="Tridion.Cme" staticName="Tridion.Cme" synopsis="Tridion.Cme: Object;" synopsisExtended="Tridion.Cme: &lt;a href=&quot;&quot;&gt;Object&lt;/a&gt;;" type="Object" virtual="true">
              <members>
                <classes>
                  <class name="PreferencesPage" url=".Anguilla.Preferences.js.Tridion.Cme.PreferencesPage.html" visibility="static" rawName="Tridion.Cme.PreferencesPage" fullName="Tridion.Cme.PreferencesPage" staticName="Cme.PreferencesPage" synopsis="var x: PreferencesPage = new PreferencesPage(element: Object);" synopsisExtended="var x: &lt;a href=&quot;.Anguilla.Preferences.js.Tridion.Cme.PreferencesPage.html&quot;&gt;PreferencesPage&lt;/a&gt; = new PreferencesPage(element: Object);" type="Object">
                    <arguments value="element">
                      <argument name="element" type="Object" />
                    </arguments>
                    <extends />
                    <members>
                      <methods>
                        <method name="initialize" url=".Anguilla.Preferences.js.Tridion.Cme.PreferencesPage.initialize.html" visibility="prototype" rawName="Tridion.Cme.PreferencesPage.prototype.initialize" fullName="Tridion.Cme.PreferencesPage.initialize" staticName="PreferencesPage.initialize" synopsis="initialize(): Void" synopsisExtended="initialize(): Void" type="Object" />
                        <method name="select" url=".Anguilla.Preferences.js.Tridion.Cme.PreferencesPage.select.html" visibility="prototype" rawName="Tridion.Cme.PreferencesPage.prototype.select" fullName="Tridion.Cme.PreferencesPage.select" staticName="PreferencesPage.select" synopsis="select(): Void" synopsisExtended="select(): Void" type="Object" />
                        <method name="_onButtonClick" url=".Anguilla.Preferences.js.Tridion.Cme.PreferencesPage._onButtonClick.html" visibility="prototype" rawName="Tridion.Cme.PreferencesPage.prototype._onButtonClick" fullName="Tridion.Cme.PreferencesPage._onButtonClick" staticName="PreferencesPage._onButtonClick" synopsis="_onButtonClick(e: Object): Void" synopsisExtended="_onButtonClick(e: Object): Void" type="Object">
                          <arguments value="e">
                            <argument name="e" type="Object" />
                          </arguments>
                        </method>
                      </methods>
                    </members>
                  </class>
                </classes>
              </members>
            </property>
          </properties>
        </members>
      </property>
    </properties>
  </members>
</document>