<document name="ProcessInstance.js" url="ProcessInstance.js.html" visibility="default" rawName="ProcessInstance.js" fullName="ProcessInstance.js" staticName="Anguilla.ProcessInstance.js">
  <members>
    <properties>
      <property name="Tridion" url=".Anguilla.ProcessInstance.js.Tridion.html" visibility="public" rawName="Tridion" fullName="Tridion" staticName="ProcessInstance.js.Tridion" synopsis="ProcessInstance.js.Tridion: Object;" synopsisExtended="ProcessInstance.js.Tridion: &lt;a href=&quot;&quot;&gt;Object&lt;/a&gt;;" type="Object" virtual="true">
        <members>
          <properties>
            <property name="Cme" url=".Anguilla.ProcessInstance.js.Tridion.Cme.html" visibility="static" rawName="Tridion.Cme" fullName="Tridion.Cme" staticName="Tridion.Cme" synopsis="Tridion.Cme: Object;" synopsisExtended="Tridion.Cme: &lt;a href=&quot;&quot;&gt;Object&lt;/a&gt;;" type="Object" virtual="true">
              <members>
                <properties>
                  <property name="Views" url=".Anguilla.ProcessInstance.js.Tridion.Cme.Views.html" visibility="static" rawName="Tridion.Cme.Views" fullName="Tridion.Cme.Views" staticName="Cme.Views" synopsis="Cme.Views: Object;" synopsisExtended="Cme.Views: &lt;a href=&quot;&quot;&gt;Object&lt;/a&gt;;" type="Object" virtual="true">
                    <members>
                      <classes>
                        <class name="ProcessInstance" url=".Anguilla.ProcessInstance.js.Tridion.Cme.Views.ProcessInstance.html" visibility="static" rawName="Tridion.Cme.Views.ProcessInstance" fullName="Tridion.Cme.Views.ProcessInstance" staticName="Views.ProcessInstance" synopsis="var x: ProcessInstance = new ProcessInstance();" synopsisExtended="var x: &lt;a href=&quot;.Anguilla.ProcessInstance.js.Tridion.Cme.Views.ProcessInstance.html&quot;&gt;ProcessInstance&lt;/a&gt; = new ProcessInstance();" type="Object">
                          <extends />
                          <documentation rawString="&#xA; * Implements the Process Instance view.&#xA; * @constructor&#xA; ">
                            <summary>Implements the Process Instance view.</summary>
                          </documentation>
                          <members>
                            <methods>
                              <method name="initializeControls" url=".Anguilla.ProcessInstance.js.Tridion.Cme.Views.ProcessInstance.initializeControls.html" visibility="prototype" rawName="Tridion.Cme.Views.ProcessInstance.prototype.initializeControls" fullName="Tridion.Cme.Views.ProcessInstance.initializeControls" staticName="ProcessInstance.initializeControls" synopsis="initializeControls(): Void" synopsisExtended="initializeControls(): Void" type="Object" />
                              <method name="_getToolbarControls" url=".Anguilla.ProcessInstance.js.Tridion.Cme.Views.ProcessInstance._getToolbarControls.html" visibility="prototype" rawName="Tridion.Cme.Views.ProcessInstance.prototype._getToolbarControls" fullName="Tridion.Cme.Views.ProcessInstance._getToolbarControls" staticName="ProcessInstance._getToolbarControls" synopsis="_getToolbarControls(): Void" synopsisExtended="_getToolbarControls(): Void" type="Object" />
                              <method name="initialize" url=".Anguilla.ProcessInstance.js.Tridion.Cme.Views.ProcessInstance.initialize.html" visibility="private" rawName="Tridion.Cme.Views.ProcessInstance.prototype.initialize" fullName="Tridion.Cme.Views.ProcessInstance.initialize" staticName="ProcessInstance.initialize" synopsis="initialize(): Void" synopsisExtended="initialize(): Void" type="Object">
                                <documentation rawString="&#xA; * Initializes the Process Instance view&#xA; * @private&#xA; ">
                                  <summary>Initializes the Process Instance view</summary>
                                </documentation>
                              </method>
                            </methods>
                          </members>
                        </class>
                      </classes>
                    </members>
                  </property>
                </properties>
              </members>
            </property>
          </properties>
        </members>
      </property>
    </properties>
  </members>
</document>