<class name="ProcessAssociationsFolder.js" url="ProcessAssociationsFolder.js.html" visibility="default" rawName="ProcessAssociationsFolder.js" fullName="ProcessAssociationsFolder.js" staticName="Anguilla.ProcessAssociationsFolder.js">
  <documentation rawString="&#xA; * Represents a Process Associations List.&#xA; * @namespace {Tridion.ContentManager}&#xA; * @constructor&#xA; * @param {String} id&#xA; ">
    <summary>Represents a Process Associations List.</summary>
  </documentation>
  <members>
    <properties>
      <property name="Tridion" url=".Anguilla.ProcessAssociationsFolder.js.Tridion.html" visibility="public" rawName="Tridion" fullName="Tridion" staticName="ProcessAssociationsFolder.js.Tridion" synopsis="ProcessAssociationsFolder.js.Tridion: Object;" synopsisExtended="ProcessAssociationsFolder.js.Tridion: &lt;a href=&quot;&quot;&gt;Object&lt;/a&gt;;" type="Object" virtual="true">
        <members>
          <properties>
            <property name="Cme" url=".Anguilla.ProcessAssociationsFolder.js.Tridion.Cme.html" visibility="static" rawName="Tridion.Cme" fullName="Tridion.Cme" staticName="Tridion.Cme" synopsis="Tridion.Cme: Object;" synopsisExtended="Tridion.Cme: &lt;a href=&quot;&quot;&gt;Object&lt;/a&gt;;" type="Object" virtual="true">
              <members>
                <properties>
                  <property name="Model" url=".Anguilla.ProcessAssociationsFolder.js.Tridion.Cme.Model.html" visibility="static" rawName="Tridion.Cme.Model" fullName="Tridion.Cme.Model" staticName="Cme.Model" synopsis="Cme.Model: Object;" synopsisExtended="Cme.Model: &lt;a href=&quot;&quot;&gt;Object&lt;/a&gt;;" type="Object" virtual="true">
                    <members>
                      <classes>
                        <class name="ProcessAssociationsFolder" url=".Anguilla.ProcessAssociationsFolder.js.Tridion.Cme.Model.ProcessAssociationsFolder.html" visibility="static" rawName="Tridion.Cme.Model.ProcessAssociationsFolder" fullName="Tridion.Cme.Model.ProcessAssociationsFolder" staticName="Model.ProcessAssociationsFolder" synopsis="var x: ProcessAssociationsFolder = new ProcessAssociationsFolder(id: Object);" synopsisExtended="var x: &lt;a href=&quot;.Anguilla.ProcessAssociationsFolder.js.Tridion.Cme.Model.ProcessAssociationsFolder.html&quot;&gt;ProcessAssociationsFolder&lt;/a&gt; = new ProcessAssociationsFolder(id: Object);" type="Object">
                          <arguments value="id">
                            <argument name="id" type="Object" />
                          </arguments>
                          <extends />
                          <documentation rawString="&#xA; * Represents a Process Associations List.&#xA; * @namespace {Tridion.ContentManager}&#xA; * @constructor&#xA; * @param {String} id&#xA; ">
                            <summary>Represents a Process Associations List.</summary>
                          </documentation>
                          <members>
                            <methods>
                              <method name="getTitle" url=".Anguilla.ProcessAssociationsFolder.js.Tridion.Cme.Model.ProcessAssociationsFolder.getTitle.html" visibility="prototype" rawName="Tridion.Cme.Model.ProcessAssociationsFolder.prototype.getTitle" fullName="Tridion.Cme.Model.ProcessAssociationsFolder.getTitle" staticName="ProcessAssociationsFolder.getTitle" synopsis="getTitle(): String" synopsisExtended="getTitle(): String" type="Object">
                                <documentation rawString="&#xA; * Gets the folder title.&#xA; * @returns {String} The item title&#xA; ">
                                  <summary>Gets the folder title.</summary>
                                </documentation>
                                <returns type="String" description="The item title" />
                              </method>
                              <method name="getOrganizationalItemId" url=".Anguilla.ProcessAssociationsFolder.js.Tridion.Cme.Model.ProcessAssociationsFolder.getOrganizationalItemId.html" visibility="prototype" rawName="Tridion.Cme.Model.ProcessAssociationsFolder.prototype.getOrganizationalItemId" fullName="Tridion.Cme.Model.ProcessAssociationsFolder.getOrganizationalItemId" staticName="ProcessAssociationsFolder.getOrganizationalItemId" synopsis="getOrganizationalItemId(): String" synopsisExtended="getOrganizationalItemId(): String" type="Object">
                                <documentation rawString="&#xA; * Returns the id of the Organizational Item containing this Item.&#xA; * @return {String} the id of Organizational Item.&#xA; ">
                                  <summary>Returns the id of the Organizational Item containing this Item.</summary>
                                </documentation>
                                <returns type="String" description="the id of Organizational Item." />
                              </method>
                              <method name="getList" url=".Anguilla.ProcessAssociationsFolder.js.Tridion.Cme.Model.ProcessAssociationsFolder.getList.html" visibility="prototype" rawName="Tridion.Cme.Model.ProcessAssociationsFolder.prototype.getList" fullName="Tridion.Cme.Model.ProcessAssociationsFolder.getList" staticName="ProcessAssociationsFolder.getList" synopsis="getList(filter: Tridion.ContentManager.ListFilter, rowsExclusive: Boolean, columnsExclusive: Boolean, listImplementation: String): Tridion.ContentManager.ListProcessAssociations" synopsisExtended="getList(filter: Tridion.ContentManager.ListFilter, rowsExclusive: Boolean, columnsExclusive: Boolean, listImplementation: String): Tridion.ContentManager.ListProcessAssociations" type="Object">
                                <arguments value="filter, rowsExclusive, columnsExclusive, listImplementation">
                                  <argument name="filter" type="Tridion.ContentManager.ListFilter" description="The list filter to use." />
                                  <argument name="rowsExclusive" type="Boolean" description="Indicates whether only the specified types are used." />
                                  <argument name="columnsExclusive" type="Boolean" description="Indicates whether only the specified types are used." />
                                  <argument name="listImplementation" type="String" description="The List implementation to use." />
                                </arguments>
                                <documentation rawString="&#xA; * Gets list process associations.&#xA; * @param {Tridion.ContentManager.ListFilter} filter The list filter to use.&#xA; * @param {Boolean} rowsExclusive Indicates whether only the specified types are used.&#xA; * @param {Boolean} columnsExclusive Indicates whether only the specified types are used.&#xA; * @param {String} listImplementation The List implementation to use.&#xA; * @returns {Tridion.ContentManager.ListProcessAssociations} List Process Associations.&#xA; ">
                                  <summary>Gets list process associations.</summary>
                                </documentation>
                                <returns type="Tridion.ContentManager.ListProcessAssociations" description="List Process Associations." />
                              </method>
                              <method name="getItemIcon" url=".Anguilla.ProcessAssociationsFolder.js.Tridion.Cme.Model.ProcessAssociationsFolder.getItemIcon.html" visibility="prototype" rawName="Tridion.Cme.Model.ProcessAssociationsFolder.prototype.getItemIcon" fullName="Tridion.Cme.Model.ProcessAssociationsFolder.getItemIcon" staticName="ProcessAssociationsFolder.getItemIcon" synopsis="getItemIcon(): String" synopsisExtended="getItemIcon(): String" type="Object">
                                <documentation rawString="&#xA;Get item icon.&#xA;@return {String} the base filename of the icon.&#xA;">
                                  <description>Get item icon.</description>
                                </documentation>
                                <returns type="String" description="the base filename of the icon." />
                              </method>
                            </methods>
                          </members>
                        </class>
                      </classes>
                    </members>
                  </property>
                </properties>
              </members>
            </property>
          </properties>
        </members>
      </property>
    </properties>
  </members>
</class>