<document name="Publish.js" url="Publish.js.html" visibility="default" rawName="Publish.js" fullName="Publish.js" staticName="Anguilla.Publish.js">
  <members>
    <properties>
      <property name="Tridion" url=".Anguilla.Publish.js.Tridion.html" visibility="public" rawName="Tridion" fullName="Tridion" staticName="Publish.js.Tridion" synopsis="Publish.js.Tridion: Object;" synopsisExtended="Publish.js.Tridion: &lt;a href=&quot;&quot;&gt;Object&lt;/a&gt;;" type="Object" virtual="true">
        <members>
          <properties>
            <property name="Cme" url=".Anguilla.Publish.js.Tridion.Cme.html" visibility="static" rawName="Tridion.Cme" fullName="Tridion.Cme" staticName="Tridion.Cme" synopsis="Tridion.Cme: Object;" synopsisExtended="Tridion.Cme: &lt;a href=&quot;&quot;&gt;Object&lt;/a&gt;;" type="Object" virtual="true">
              <members>
                <properties>
                  <property name="Views" url=".Anguilla.Publish.js.Tridion.Cme.Views.html" visibility="static" rawName="Tridion.Cme.Views" fullName="Tridion.Cme.Views" staticName="Cme.Views" synopsis="Cme.Views: Object;" synopsisExtended="Cme.Views: &lt;a href=&quot;&quot;&gt;Object&lt;/a&gt;;" type="Object" virtual="true">
                    <members>
                      <classes>
                        <class name="Publish" url=".Anguilla.Publish.js.Tridion.Cme.Views.Publish.html" visibility="static" rawName="Tridion.Cme.Views.Publish" fullName="Tridion.Cme.Views.Publish" staticName="Views.Publish" synopsis="var x: Publish = new Publish();" synopsisExtended="var x: &lt;a href=&quot;.Anguilla.Publish.js.Tridion.Cme.Views.Publish.html&quot;&gt;Publish&lt;/a&gt; = new Publish();" type="Object">
                          <extends />
                          <documentation rawString="&#xA; * Implements Publish popup view.&#xA; * @constructor&#xA; ">
                            <summary>Implements Publish popup view.</summary>
                          </documentation>
                          <members>
                            <methods>
                              <method name="disposeInterface" url=".Anguilla.Publish.js.Tridion.Cme.Views.Publish.disposeInterface.html" visibility="prototype" rawName="Tridion.Cme.Views.Publish.prototype.disposeInterface" fullName="Tridion.Cme.Views.Publish.disposeInterface" staticName="Publish.disposeInterface" synopsis="disposeInterface(): Void" synopsisExtended="disposeInterface(): Void" type="Object">
                                <documentation rawString="&#xA; * Clean up.&#xA; ">
                                  <summary>Clean up.</summary>
                                </documentation>
                              </method>
                              <method name="onRefresh" url=".Anguilla.Publish.js.Tridion.Cme.Views.Publish.onRefresh.html" visibility="prototype" rawName="Tridion.Cme.Views.Publish.prototype.onRefresh" fullName="Tridion.Cme.Views.Publish.onRefresh" staticName="Publish.onRefresh" synopsis="onRefresh(The: e.): Void" synopsisExtended="onRefresh(The: e.): Void" type="Object">
                                <arguments value="e">
                                  <argument name="The" type="e." description="event is fired from the &lt;c&gt;Tridion.DisplayController&lt;/c&gt;." />
                                </arguments>
                                <documentation rawString="&#xA; * Reacts on Display Refresh event.&#xA; * @param {Tridion.Core.Event} e. The event is fired from the &lt;c&gt;Tridion.DisplayController&lt;/c&gt;.&#xA; ">
                                  <summary>Reacts on Display Refresh event.</summary>
                                </documentation>
                              </method>
                              <method name="_applyUserPreferences" url=".Anguilla.Publish.js.Tridion.Cme.Views.Publish._applyUserPreferences.html" visibility="prototype" rawName="Tridion.Cme.Views.Publish.prototype._applyUserPreferences" fullName="Tridion.Cme.Views.Publish._applyUserPreferences" staticName="Publish._applyUserPreferences" synopsis="_applyUserPreferences(): Void" synopsisExtended="_applyUserPreferences(): Void" type="Object">
                                <documentation rawString="&#xA; * Applyes User Preferences &#xA; ">
                                  <summary>Applyes User Preferences</summary>
                                </documentation>
                              </method>
                              <method name="_saveUserPreferences" url=".Anguilla.Publish.js.Tridion.Cme.Views.Publish._saveUserPreferences.html" visibility="prototype" rawName="Tridion.Cme.Views.Publish.prototype._saveUserPreferences" fullName="Tridion.Cme.Views.Publish._saveUserPreferences" staticName="Publish._saveUserPreferences" synopsis="_saveUserPreferences(): Void" synopsisExtended="_saveUserPreferences(): Void" type="Object">
                                <documentation rawString="&#xA; * Saves User Preferences &#xA; ">
                                  <summary>Saves User Preferences</summary>
                                </documentation>
                              </method>
                              <method name="_asyncLoadTargetTypeListHeader" url=".Anguilla.Publish.js.Tridion.Cme.Views.Publish._asyncLoadTargetTypeListHeader.html" visibility="prototype" rawName="Tridion.Cme.Views.Publish.prototype._asyncLoadTargetTypeListHeader" fullName="Tridion.Cme.Views.Publish._asyncLoadTargetTypeListHeader" staticName="Publish._asyncLoadTargetTypeListHeader" synopsis="_asyncLoadTargetTypeListHeader(): Void" synopsisExtended="_asyncLoadTargetTypeListHeader(): Void" type="Object">
                                <documentation rawString="&#xA; * Asynchronously load Target types list header.&#xA; ">
                                  <summary>Asynchronously load Target types list header.</summary>
                                </documentation>
                              </method>
                              <method name="_ttListHeadLoadFailed" url=".Anguilla.Publish.js.Tridion.Cme.Views.Publish._ttListHeadLoadFailed.html" visibility="prototype" rawName="Tridion.Cme.Views.Publish.prototype._ttListHeadLoadFailed" fullName="Tridion.Cme.Views.Publish._ttListHeadLoadFailed" staticName="Publish._ttListHeadLoadFailed" synopsis="_ttListHeadLoadFailed(): Void" synopsisExtended="_ttListHeadLoadFailed(): Void" type="Object">
                                <documentation rawString="&#xA; * Handles the definitions XML document load faild event.&#xA; ">
                                  <summary>Handles the definitions XML document load faild event.</summary>
                                </documentation>
                              </method>
                              <method name="_ttListHeadLoaded" url=".Anguilla.Publish.js.Tridion.Cme.Views.Publish._ttListHeadLoaded.html" visibility="prototype" rawName="Tridion.Cme.Views.Publish.prototype._ttListHeadLoaded" fullName="Tridion.Cme.Views.Publish._ttListHeadLoaded" staticName="Publish._ttListHeadLoaded" synopsis="_ttListHeadLoaded(headXml: XMLDocument): Void" synopsisExtended="_ttListHeadLoaded(headXml: XMLDocument): Void" type="Object">
                                <arguments value="headXml">
                                  <argument name="headXml" type="XMLDocument" description="Definitions XML document." />
                                </arguments>
                                <documentation rawString="&#xA; * Handles the definitions XML document load event.&#xA; * @param {XMLDocument} headXml Definitions XML document.&#xA; ">
                                  <summary>Handles the definitions XML document load event.</summary>
                                </documentation>
                              </method>
                              <method name="getListTargetTypes" url=".Anguilla.Publish.js.Tridion.Cme.Views.Publish.getListTargetTypes.html" visibility="prototype" rawName="Tridion.Cme.Views.Publish.prototype.getListTargetTypes" fullName="Tridion.Cme.Views.Publish.getListTargetTypes" staticName="Publish.getListTargetTypes" synopsis="getListTargetTypes(): Object" synopsisExtended="getListTargetTypes(): Object" type="Object">
                                <documentation rawString="&#xA; * Gets Target Types List. &#xA; * @returns {Object} Target Types  List. &#xA; ">
                                  <summary>Gets Target Types List.</summary>
                                </documentation>
                                <returns type="Object" description="Target Types  List." />
                              </method>
                              <method name="_asyncLoadTargetTypeList" url=".Anguilla.Publish.js.Tridion.Cme.Views.Publish._asyncLoadTargetTypeList.html" visibility="prototype" rawName="Tridion.Cme.Views.Publish.prototype._asyncLoadTargetTypeList" fullName="Tridion.Cme.Views.Publish._asyncLoadTargetTypeList" staticName="Publish._asyncLoadTargetTypeList" synopsis="_asyncLoadTargetTypeList(): Void" synopsisExtended="_asyncLoadTargetTypeList(): Void" type="Object">
                                <documentation rawString="&#xA; * Asynchronously load target types list header.&#xA; ">
                                  <summary>Asynchronously load target types list header.</summary>
                                </documentation>
                                <members>
                                  <methods>
                                    <method name="populateList" url=".Anguilla.Publish.js.Tridion.Cme.Views.Publish._asyncLoadTargetTypeList.populateList.html" visibility="private" rawName="populateList" fullName="populateList" staticName="_asyncLoadTargetTypeList.populateList" synopsis="populateList(event: Object): Void" synopsisExtended="populateList(event: Object): Void" type="Object">
                                      <arguments value="event">
                                        <argument name="event" type="Object" />
                                      </arguments>
                                    </method>
                                  </methods>
                                </members>
                              </method>
                              <method name="_onGenerateContentRadioChanged" url=".Anguilla.Publish.js.Tridion.Cme.Views.Publish._onGenerateContentRadioChanged.html" visibility="prototype" rawName="Tridion.Cme.Views.Publish.prototype._onGenerateContentRadioChanged" fullName="Tridion.Cme.Views.Publish._onGenerateContentRadioChanged" staticName="Publish._onGenerateContentRadioChanged" synopsis="_onGenerateContentRadioChanged(The: event.): Void" synopsisExtended="_onGenerateContentRadioChanged(The: event.): Void" type="Object">
                                <arguments value="e">
                                  <argument name="The" type="event." description="event is the event fired from the radiobutton field." />
                                </arguments>
                                <documentation rawString="&#xA; * Handles the change events from generate content radiobutton field.&#xA; * @param {Tridion.Core.Event} event. The event is the event fired from the radiobutton field.&#xA; ">
                                  <summary>Handles the change events from generate content radiobutton field.</summary>
                                </documentation>
                              </method>
                              <method name="_onPlaceContentRadioChanged" url=".Anguilla.Publish.js.Tridion.Cme.Views.Publish._onPlaceContentRadioChanged.html" visibility="prototype" rawName="Tridion.Cme.Views.Publish.prototype._onPlaceContentRadioChanged" fullName="Tridion.Cme.Views.Publish._onPlaceContentRadioChanged" staticName="Publish._onPlaceContentRadioChanged" synopsis="_onPlaceContentRadioChanged(The: event.): Void" synopsisExtended="_onPlaceContentRadioChanged(The: event.): Void" type="Object">
                                <arguments value="e">
                                  <argument name="The" type="event." description="event is the event fired from the radiobutton field." />
                                </arguments>
                                <documentation rawString="&#xA; * Handles the change events from place content radiobutton field.&#xA; * @param {Tridion.Core.Event} event. The event is the event fired from the radiobutton field.&#xA; ">
                                  <summary>Handles the change events from place content radiobutton field.</summary>
                                </documentation>
                              </method>
                              <method name="_onPublishRadioChanged" url=".Anguilla.Publish.js.Tridion.Cme.Views.Publish._onPublishRadioChanged.html" visibility="prototype" rawName="Tridion.Cme.Views.Publish.prototype._onPublishRadioChanged" fullName="Tridion.Cme.Views.Publish._onPublishRadioChanged" staticName="Publish._onPublishRadioChanged" synopsis="_onPublishRadioChanged(The: event.): Void" synopsisExtended="_onPublishRadioChanged(The: event.): Void" type="Object">
                                <arguments value="e">
                                  <argument name="The" type="event." description="event is the event fired from the radiobutton field." />
                                </arguments>
                                <documentation rawString="&#xA; * Handles the change events from publish radiobutton field.&#xA; * @param {Tridion.Core.Event} event. The event is the event fired from the radiobutton field.&#xA; ">
                                  <summary>Handles the change events from publish radiobutton field.</summary>
                                </documentation>
                              </method>
                              <method name="_onUnpublishRadioChanged" url=".Anguilla.Publish.js.Tridion.Cme.Views.Publish._onUnpublishRadioChanged.html" visibility="prototype" rawName="Tridion.Cme.Views.Publish.prototype._onUnpublishRadioChanged" fullName="Tridion.Cme.Views.Publish._onUnpublishRadioChanged" staticName="Publish._onUnpublishRadioChanged" synopsis="_onUnpublishRadioChanged(The: event.): Void" synopsisExtended="_onUnpublishRadioChanged(The: event.): Void" type="Object">
                                <arguments value="e">
                                  <argument name="The" type="event." description="event is the event fired from the radiobutton field." />
                                </arguments>
                                <documentation rawString="&#xA; * Handles the change events from unpublish radiobutton field.&#xA; * @param {Tridion.Core.Event} event. The event is the event fired from the radiobutton field.&#xA; ">
                                  <summary>Handles the change events from unpublish radiobutton field.</summary>
                                </documentation>
                              </method>
                              <method name="_onFailuresLimitChanged" url=".Anguilla.Publish.js.Tridion.Cme.Views.Publish._onFailuresLimitChanged.html" visibility="prototype" rawName="Tridion.Cme.Views.Publish.prototype._onFailuresLimitChanged" fullName="Tridion.Cme.Views.Publish._onFailuresLimitChanged" staticName="Publish._onFailuresLimitChanged" synopsis="_onFailuresLimitChanged(The: event.): Void" synopsisExtended="_onFailuresLimitChanged(The: event.): Void" type="Object">
                                <arguments value="e">
                                  <argument name="The" type="event." description="event is the event fired from the field." />
                                </arguments>
                                <documentation rawString="&#xA; * Handles the change events from failures field.&#xA; * @param {Tridion.Core.Event} event. The event is the event fired from the field.&#xA; ">
                                  <summary>Handles the change events from failures field.</summary>
                                </documentation>
                              </method>
                              <method name="_onFailuresCheckboxChanged" url=".Anguilla.Publish.js.Tridion.Cme.Views.Publish._onFailuresCheckboxChanged.html" visibility="prototype" rawName="Tridion.Cme.Views.Publish.prototype._onFailuresCheckboxChanged" fullName="Tridion.Cme.Views.Publish._onFailuresCheckboxChanged" staticName="Publish._onFailuresCheckboxChanged" synopsis="_onFailuresCheckboxChanged(The: event.): Void" synopsisExtended="_onFailuresCheckboxChanged(The: event.): Void" type="Object">
                                <arguments value="e">
                                  <argument name="The" type="event." description="event is the event fired from the checkbox field." />
                                </arguments>
                                <documentation rawString="&#xA; * Handles the change events from failures checkbox field.&#xA; * @param {Tridion.Core.Event} event. The event is the event fired from the checkbox field.&#xA; ">
                                  <summary>Handles the change events from failures checkbox field.</summary>
                                </documentation>
                              </method>
                              <method name="_onPriorityCheckboxChanged" url=".Anguilla.Publish.js.Tridion.Cme.Views.Publish._onPriorityCheckboxChanged.html" visibility="prototype" rawName="Tridion.Cme.Views.Publish.prototype._onPriorityCheckboxChanged" fullName="Tridion.Cme.Views.Publish._onPriorityCheckboxChanged" staticName="Publish._onPriorityCheckboxChanged" synopsis="_onPriorityCheckboxChanged(The: event.): Void" synopsisExtended="_onPriorityCheckboxChanged(The: event.): Void" type="Object">
                                <arguments value="e">
                                  <argument name="The" type="event." description="event is the event fired from the checkbox field." />
                                </arguments>
                                <documentation rawString="&#xA; * Handles the change events from priority checkbox field.&#xA; * @param {Tridion.Core.Event} event. The event is the event fired from the checkbox field.&#xA; ">
                                  <summary>Handles the change events from priority checkbox field.</summary>
                                </documentation>
                              </method>
                              <method name="_dropdownHeadLoaded" url=".Anguilla.Publish.js.Tridion.Cme.Views.Publish._dropdownHeadLoaded.html" visibility="prototype" rawName="Tridion.Cme.Views.Publish.prototype._dropdownHeadLoaded" fullName="Tridion.Cme.Views.Publish._dropdownHeadLoaded" staticName="Publish._dropdownHeadLoaded" synopsis="_dropdownHeadLoaded(headXml: XMLDocument): Void" synopsisExtended="_dropdownHeadLoaded(headXml: XMLDocument): Void" type="Object">
                                <arguments value="headXml">
                                  <argument name="headXml" type="XMLDocument" description="Definitions XML document." />
                                </arguments>
                                <documentation rawString="&#xA; * Handles the definitions XML document load event.&#xA; * @param {XMLDocument} headXml Definitions XML document.&#xA; ">
                                  <summary>Handles the definitions XML document load event.</summary>
                                </documentation>
                              </method>
                              <method name="_dropdownHeadLoadFailed" url=".Anguilla.Publish.js.Tridion.Cme.Views.Publish._dropdownHeadLoadFailed.html" visibility="prototype" rawName="Tridion.Cme.Views.Publish.prototype._dropdownHeadLoadFailed" fullName="Tridion.Cme.Views.Publish._dropdownHeadLoadFailed" staticName="Publish._dropdownHeadLoadFailed" synopsis="_dropdownHeadLoadFailed(): Void" synopsisExtended="_dropdownHeadLoadFailed(): Void" type="Object">
                                <documentation rawString="&#xA; * Handles the definitions XML document load faild event.&#xA; ">
                                  <summary>Handles the definitions XML document load faild event.</summary>
                                </documentation>
                              </method>
                              <method name="_toggleItemsToPublish" url=".Anguilla.Publish.js.Tridion.Cme.Views.Publish._toggleItemsToPublish.html" visibility="prototype" rawName="Tridion.Cme.Views.Publish.prototype._toggleItemsToPublish" fullName="Tridion.Cme.Views.Publish._toggleItemsToPublish" staticName="Publish._toggleItemsToPublish" synopsis="_toggleItemsToPublish(): Void" synopsisExtended="_toggleItemsToPublish(): Void" type="Object">
                                <documentation rawString="&#xA; * Toggle items to publish.&#xA; ">
                                  <summary>Toggle items to publish.</summary>
                                </documentation>
                              </method>
                              <method name="_onResolutionChanged" url=".Anguilla.Publish.js.Tridion.Cme.Views.Publish._onResolutionChanged.html" visibility="prototype" rawName="Tridion.Cme.Views.Publish.prototype._onResolutionChanged" fullName="Tridion.Cme.Views.Publish._onResolutionChanged" staticName="Publish._onResolutionChanged" synopsis="_onResolutionChanged(The: event.): Void" synopsisExtended="_onResolutionChanged(The: event.): Void" type="Object">
                                <arguments value="e">
                                  <argument name="The" type="event." description="event is the event fired from the field." />
                                </arguments>
                                <documentation rawString="&#xA; * Handles the change events from resolution field.&#xA; * @param {Tridion.Core.Event} event. The event is the event fired from the field.&#xA; ">
                                  <summary>Handles the change events from resolution field.</summary>
                                </documentation>
                              </method>
                              <method name="_getToday" url=".Anguilla.Publish.js.Tridion.Cme.Views.Publish._getToday.html" visibility="prototype" rawName="Tridion.Cme.Views.Publish.prototype._getToday" fullName="Tridion.Cme.Views.Publish._getToday" staticName="Publish._getToday" synopsis="_getToday(): Date" synopsisExtended="_getToday(): Date" type="Object">
                                <documentation rawString="&#xA; * Gets today.&#xA; * @returns {Date} Today.&#xA; ">
                                  <summary>Gets today.</summary>
                                </documentation>
                                <returns type="Date" description="Today." />
                              </method>
                              <method name="_asyncLoadItpListHeader" url=".Anguilla.Publish.js.Tridion.Cme.Views.Publish._asyncLoadItpListHeader.html" visibility="prototype" rawName="Tridion.Cme.Views.Publish.prototype._asyncLoadItpListHeader" fullName="Tridion.Cme.Views.Publish._asyncLoadItpListHeader" staticName="Publish._asyncLoadItpListHeader" synopsis="_asyncLoadItpListHeader(): Void" synopsisExtended="_asyncLoadItpListHeader(): Void" type="Object">
                                <documentation rawString="&#xA; * Asynchronously load Items to Publish list header.&#xA; ">
                                  <summary>Asynchronously load Items to Publish list header.</summary>
                                </documentation>
                              </method>
                              <method name="_itpListHeaderLoadFailed" url=".Anguilla.Publish.js.Tridion.Cme.Views.Publish._itpListHeaderLoadFailed.html" visibility="prototype" rawName="Tridion.Cme.Views.Publish.prototype._itpListHeaderLoadFailed" fullName="Tridion.Cme.Views.Publish._itpListHeaderLoadFailed" staticName="Publish._itpListHeaderLoadFailed" synopsis="_itpListHeaderLoadFailed(error: Object): Void" synopsisExtended="_itpListHeaderLoadFailed(error: Object): Void" type="Object">
                                <arguments value="">
                                  <argument name="error" type="Object" description="Load error object." />
                                </arguments>
                                <documentation rawString="&#xA; * Handles the definitions XML document load load failed event.&#xA; * @param {Object} error Load error object.&#xA; ">
                                  <summary>Handles the definitions XML document load load failed event.</summary>
                                </documentation>
                              </method>
                              <method name="_itpListHeaderLoaded" url=".Anguilla.Publish.js.Tridion.Cme.Views.Publish._itpListHeaderLoaded.html" visibility="prototype" rawName="Tridion.Cme.Views.Publish.prototype._itpListHeaderLoaded" fullName="Tridion.Cme.Views.Publish._itpListHeaderLoaded" staticName="Publish._itpListHeaderLoaded" synopsis="_itpListHeaderLoaded(headXml: XMLDocument): Void" synopsisExtended="_itpListHeaderLoaded(headXml: XMLDocument): Void" type="Object">
                                <arguments value="headXml">
                                  <argument name="headXml" type="XMLDocument" description="Definitions XML document." />
                                </arguments>
                                <documentation rawString="&#xA; * Handles the definitions XML document load event.&#xA; * @param {XMLDocument} headXml Definitions XML document.&#xA; ">
                                  <summary>Handles the definitions XML document load event.</summary>
                                </documentation>
                              </method>
                              <method name="_getSelectedTargetTypes" url=".Anguilla.Publish.js.Tridion.Cme.Views.Publish._getSelectedTargetTypes.html" visibility="prototype" rawName="Tridion.Cme.Views.Publish.prototype._getSelectedTargetTypes" fullName="Tridion.Cme.Views.Publish._getSelectedTargetTypes" staticName="Publish._getSelectedTargetTypes" synopsis="_getSelectedTargetTypes(): Void" synopsisExtended="_getSelectedTargetTypes(): Void" type="Object">
                                <documentation rawString="&#xA; * Get selected Target Type item.&#xA; ">
                                  <summary>Get selected Target Type item.</summary>
                                </documentation>
                              </method>
                              <method name="initialize" url=".Anguilla.Publish.js.Tridion.Cme.Views.Publish.initialize.html" visibility="private" rawName="Tridion.Cme.Views.Publish.prototype.initialize" fullName="Tridion.Cme.Views.Publish.initialize" staticName="Publish.initialize" synopsis="initialize(): Void" synopsisExtended="initialize(): Void" type="Object">
                                <documentation rawString="&#xA; * Initializes Publish popup view.&#xA; * @private&#xA; ">
                                  <summary>Initializes Publish popup view.</summary>
                                </documentation>
                              </method>
                              <method name="_setupControls" url=".Anguilla.Publish.js.Tridion.Cme.Views.Publish._setupControls.html" visibility="private" rawName="Tridion.Cme.Views.Publish.prototype._setupControls" fullName="Tridion.Cme.Views.Publish._setupControls" staticName="Publish._setupControls" synopsis="_setupControls(): Void" synopsisExtended="_setupControls(): Void" type="Object">
                                <documentation rawString="&#xA; * Sets up view controls.&#xA; * @private &#xA; ">
                                  <summary>Sets up view controls.</summary>
                                </documentation>
                              </method>
                              <method name="_onTargetTypeListSelectionChanged" url=".Anguilla.Publish.js.Tridion.Cme.Views.Publish._onTargetTypeListSelectionChanged.html" visibility="private" rawName="Tridion.Cme.Views.Publish.prototype._onTargetTypeListSelectionChanged" fullName="Tridion.Cme.Views.Publish._onTargetTypeListSelectionChanged" staticName="Publish._onTargetTypeListSelectionChanged" synopsis="_onTargetTypeListSelectionChanged(The: event.): Void" synopsisExtended="_onTargetTypeListSelectionChanged(The: event.): Void" type="Object">
                                <arguments value="e">
                                  <argument name="The" type="event." description="event is the event fired from the list." />
                                </arguments>
                                <documentation rawString="&#xA;* Handles the list selection change event.&#xA;* @param {Tridion.Core.Event} event. The event is the event fired from the list.&#xA;* @private&#xA;">
                                  <summary>Handles the list selection change event.</summary>
                                </documentation>
                              </method>
                              <method name="_applyTargetTypePreferences" url=".Anguilla.Publish.js.Tridion.Cme.Views.Publish._applyTargetTypePreferences.html" visibility="private" rawName="Tridion.Cme.Views.Publish.prototype._applyTargetTypePreferences" fullName="Tridion.Cme.Views.Publish._applyTargetTypePreferences" staticName="Publish._applyTargetTypePreferences" synopsis="_applyTargetTypePreferences(): Void" synopsisExtended="_applyTargetTypePreferences(): Void" type="Object">
                                <documentation rawString="&#xA; * Applyes Target Type Preferences&#xA; * @private &#xA; ">
                                  <summary>Applyes Target Type Preferences</summary>
                                </documentation>
                              </method>
                              <method name="_onTabActivated" url=".Anguilla.Publish.js.Tridion.Cme.Views.Publish._onTabActivated.html" visibility="private" rawName="Tridion.Cme.Views.Publish.prototype._onTabActivated" fullName="Tridion.Cme.Views.Publish._onTabActivated" staticName="Publish._onTabActivated" synopsis="_onTabActivated(The: e.): Void" synopsisExtended="_onTabActivated(The: e.): Void" type="Object">
                                <arguments value="e">
                                  <argument name="The" type="e." description="event is the event fired from the Tab control." />
                                </arguments>
                                <documentation rawString="&#xA; * Handles the tab activate events from Tab control.&#xA; * @param {Tridion.Core.Event} e. The event is the event fired from the Tab control.&#xA; * @private&#xA; ">
                                  <summary>Handles the tab activate events from Tab control.</summary>
                                </documentation>
                              </method>
                              <method name="_populatePriorityDropdown" url=".Anguilla.Publish.js.Tridion.Cme.Views.Publish._populatePriorityDropdown.html" visibility="private" rawName="Tridion.Cme.Views.Publish.prototype._populatePriorityDropdown" fullName="Tridion.Cme.Views.Publish._populatePriorityDropdown" staticName="Publish._populatePriorityDropdown" synopsis="_populatePriorityDropdown(): Void" synopsisExtended="_populatePriorityDropdown(): Void" type="Object">
                                <documentation rawString="&#xA; * Populates Publish Priorities dropdown&#xA; * @private&#xA; ">
                                  <summary>Populates Publish Priorities dropdown</summary>
                                </documentation>
                              </method>
                              <method name="_populateDropdown" url=".Anguilla.Publish.js.Tridion.Cme.Views.Publish._populateDropdown.html" visibility="private" rawName="Tridion.Cme.Views.Publish.prototype._populateDropdown" fullName="Tridion.Cme.Views.Publish._populateDropdown" staticName="Publish._populateDropdown" synopsis="_populateDropdown(dropdown: Tridion.Controls.Dropdown, list: Tridion.ContentManager.List, head: XMLDocument): Void" synopsisExtended="_populateDropdown(dropdown: Tridion.Controls.Dropdown, list: Tridion.ContentManager.List, head: XMLDocument): Void" type="Object">
                                <arguments value="dropdown, list, head">
                                  <argument name="dropdown" type="Tridion.Controls.Dropdown" description="Dropdown to populate." />
                                  <argument name="list" type="Tridion.ContentManager.List" description="List items." />
                                  <argument name="head" type="XMLDocument" description="Definitions XML document." />
                                </arguments>
                                <documentation rawString="&#xA; * Populates dropdown&#xA; * @param {Tridion.Controls.Dropdown} dropdown Dropdown to populate.&#xA; * @param {Tridion.ContentManager.List} list List items.&#xA; * @param {XMLDocument} head Definitions XML document. &#xA; * @private&#xA; ">
                                  <summary>Populates dropdown</summary>
                                </documentation>
                                <members>
                                  <methods>
                                    <method name="populateDropdown" url=".Anguilla.Publish.js.Tridion.Cme.Views.Publish._populateDropdown.populateDropdown.html" visibility="private" rawName="populateDropdown" fullName="populateDropdown" staticName="_populateDropdown.populateDropdown" synopsis="populateDropdown(event: Object): Void" synopsisExtended="populateDropdown(event: Object): Void" type="Object">
                                      <arguments value="event">
                                        <argument name="event" type="Object" />
                                      </arguments>
                                    </method>
                                  </methods>
                                </members>
                              </method>
                              <method name="_onBtnPublishClicked" url=".Anguilla.Publish.js.Tridion.Cme.Views.Publish._onBtnPublishClicked.html" visibility="private" rawName="Tridion.Cme.Views.Publish.prototype._onBtnPublishClicked" fullName="Tridion.Cme.Views.Publish._onBtnPublishClicked" staticName="Publish._onBtnPublishClicked" synopsis="_onBtnPublishClicked(event: DOMEvent): Void" synopsisExtended="_onBtnPublishClicked(event: DOMEvent): Void" type="Object">
                                <arguments value="">
                                  <argument name="event" type="DOMEvent" description="The DOM click event that occured." />
                                </arguments>
                                <documentation rawString="&#xA; * Reacts to the DOM click event.&#xA; * @param {DOMEvent} event The DOM click event that occured.&#xA; * @private&#xA; ">
                                  <summary>Reacts to the DOM click event.</summary>
                                </documentation>
                                <members>
                                  <methods>
                                    <method name="publishHandler" url=".Anguilla.Publish.js.Tridion.Cme.Views.Publish._onBtnPublishClicked.publishHandler.html" visibility="private" rawName="publishHandler" fullName="publishHandler" staticName="_onBtnPublishClicked.publishHandler" synopsis="publishHandler(e: Object): Void" synopsisExtended="publishHandler(e: Object): Void" type="Object">
                                      <arguments value="e">
                                        <argument name="e" type="Object" />
                                      </arguments>
                                    </method>
                                    <method name="publishFailedHandler" url=".Anguilla.Publish.js.Tridion.Cme.Views.Publish._onBtnPublishClicked.publishFailedHandler.html" visibility="private" rawName="publishFailedHandler" fullName="publishFailedHandler" staticName="_onBtnPublishClicked.publishFailedHandler" synopsis="publishFailedHandler(e: Object): Void" synopsisExtended="publishFailedHandler(e: Object): Void" type="Object">
                                      <arguments value="e">
                                        <argument name="e" type="Object" />
                                      </arguments>
                                    </method>
                                    <method name="unpublishHandler" url=".Anguilla.Publish.js.Tridion.Cme.Views.Publish._onBtnPublishClicked.unpublishHandler.html" visibility="private" rawName="unpublishHandler" fullName="unpublishHandler" staticName="_onBtnPublishClicked.unpublishHandler" synopsis="unpublishHandler(e: Object): Void" synopsisExtended="unpublishHandler(e: Object): Void" type="Object">
                                      <arguments value="e">
                                        <argument name="e" type="Object" />
                                      </arguments>
                                    </method>
                                    <method name="unpublishFailedHandler" url=".Anguilla.Publish.js.Tridion.Cme.Views.Publish._onBtnPublishClicked.unpublishFailedHandler.html" visibility="private" rawName="unpublishFailedHandler" fullName="unpublishFailedHandler" staticName="_onBtnPublishClicked.unpublishFailedHandler" synopsis="unpublishFailedHandler(e: Object): Void" synopsisExtended="unpublishFailedHandler(e: Object): Void" type="Object">
                                      <arguments value="e">
                                        <argument name="e" type="Object" />
                                      </arguments>
                                    </method>
                                  </methods>
                                </members>
                              </method>
                              <method name="_onBtnCancelClicked" url=".Anguilla.Publish.js.Tridion.Cme.Views.Publish._onBtnCancelClicked.html" visibility="private" rawName="Tridion.Cme.Views.Publish.prototype._onBtnCancelClicked" fullName="Tridion.Cme.Views.Publish._onBtnCancelClicked" staticName="Publish._onBtnCancelClicked" synopsis="_onBtnCancelClicked(): Void" synopsisExtended="_onBtnCancelClicked(): Void" type="Object">
                                <documentation rawString="&#xA; * Reacts to the DOM click event.&#xA; * @private&#xA; ">
                                  <summary>Reacts to the DOM click event.</summary>
                                </documentation>
                              </method>
                              <method name="_onBtnItemsToPublishClicked" url=".Anguilla.Publish.js.Tridion.Cme.Views.Publish._onBtnItemsToPublishClicked.html" visibility="private" rawName="Tridion.Cme.Views.Publish.prototype._onBtnItemsToPublishClicked" fullName="Tridion.Cme.Views.Publish._onBtnItemsToPublishClicked" staticName="Publish._onBtnItemsToPublishClicked" synopsis="_onBtnItemsToPublishClicked(): Void" synopsisExtended="_onBtnItemsToPublishClicked(): Void" type="Object">
                                <documentation rawString="&#xA; * Reacts to the DOM click event.&#xA; * @private&#xA; ">
                                  <summary>Reacts to the DOM click event.</summary>
                                </documentation>
                              </method>
                              <method name="_onBtnItemsToPublishRefreshed" url=".Anguilla.Publish.js.Tridion.Cme.Views.Publish._onBtnItemsToPublishRefreshed.html" visibility="private" rawName="Tridion.Cme.Views.Publish.prototype._onBtnItemsToPublishRefreshed" fullName="Tridion.Cme.Views.Publish._onBtnItemsToPublishRefreshed" staticName="Publish._onBtnItemsToPublishRefreshed" synopsis="_onBtnItemsToPublishRefreshed(event: DOMEvent): Void" synopsisExtended="_onBtnItemsToPublishRefreshed(event: DOMEvent): Void" type="Object">
                                <arguments value="e">
                                  <argument name="event" type="DOMEvent" description="The DOM click event that occured." />
                                </arguments>
                                <documentation rawString="&#xA; * Reacts to the DOM click event.&#xA; * @param {DOMEvent} event The DOM click event that occured.&#xA; * @private&#xA; ">
                                  <summary>Reacts to the DOM click event.</summary>
                                </documentation>
                              </method>
                              <method name="_getPublishInstruction" url=".Anguilla.Publish.js.Tridion.Cme.Views.Publish._getPublishInstruction.html" visibility="private" rawName="Tridion.Cme.Views.Publish.prototype._getPublishInstruction" fullName="Tridion.Cme.Views.Publish._getPublishInstruction" staticName="Publish._getPublishInstruction" synopsis="_getPublishInstruction(targets: Array, forMultipleOperation: Boolean, True: forMultipleOperation.): Tridion.ContentManager.PublishInstruction" synopsisExtended="_getPublishInstruction(targets: Array, forMultipleOperation: Boolean, True: forMultipleOperation.): Tridion.ContentManager.PublishInstruction" type="Object">
                                <arguments value="targets, forMultipleOperation">
                                  <argument name="targets" type="Array" description="Array of publication Targets." />
                                  <argument name="forMultipleOperation" type="Boolean" description="if source tab selected, otherwise false" />
                                  <argument name="True" type="forMultipleOperation." description="if it uses for MultipleOperation." />
                                </arguments>
                                <documentation rawString="&#xA; * Gets Publish Instruction.&#xA; * @param {Array} targets Array of publication Targets.&#xA; * @param {Boolean} forMultipleOperation if source tab selected, otherwise false  &#xA; * @param {Boolean} forMultipleOperation. True if it uses for MultipleOperation.&#xA; * @returns {Tridion.ContentManager.PublishInstruction} Using item &lt;c&gt;Tridion.ContentManager.Publication&lt;/c&gt;.&#xA; * @private &#xA; ">
                                  <summary>Gets Publish Instruction.</summary>
                                </documentation>
                                <returns type="Tridion.ContentManager.PublishInstruction" description="Using item &lt;c&gt;Tridion.ContentManager.Publication&lt;/c&gt;." />
                              </method>
                              <method name="_getPublicationFromParams" url=".Anguilla.Publish.js.Tridion.Cme.Views.Publish._getPublicationFromParams.html" visibility="private" rawName="Tridion.Cme.Views.Publish.prototype._getPublicationFromParams" fullName="Tridion.Cme.Views.Publish._getPublicationFromParams" staticName="Publish._getPublicationFromParams" synopsis="_getPublicationFromParams(): Tridion.ContentManager.Publication" synopsisExtended="_getPublicationFromParams(): Tridion.ContentManager.Publication" type="Object">
                                <documentation rawString="&#xA; * Gets item publication.&#xA; * @returns {Tridion.ContentManager.Publication} Using item &lt;c&gt;Tridion.ContentManager.Publication&lt;/c&gt;.&#xA; * @private &#xA; ">
                                  <summary>Gets item publication.</summary>
                                </documentation>
                                <returns type="Tridion.ContentManager.Publication" description="Using item &lt;c&gt;Tridion.ContentManager.Publication&lt;/c&gt;." />
                              </method>
                              <method name="_showItemsToPublishList" url=".Anguilla.Publish.js.Tridion.Cme.Views.Publish._showItemsToPublishList.html" visibility="private" rawName="Tridion.Cme.Views.Publish.prototype._showItemsToPublishList" fullName="Tridion.Cme.Views.Publish._showItemsToPublishList" staticName="Publish._showItemsToPublishList" synopsis="_showItemsToPublishList(): Void" synopsisExtended="_showItemsToPublishList(): Void" type="Object">
                                <documentation rawString="&#xA; * Shows items to publish List.&#xA; * @private &#xA; ">
                                  <summary>Shows items to publish List.</summary>
                                </documentation>
                                <members>
                                  <methods>
                                    <method name="populateList" url=".Anguilla.Publish.js.Tridion.Cme.Views.Publish._showItemsToPublishList.populateList.html" visibility="private" rawName="populateList" fullName="populateList" staticName="_showItemsToPublishList.populateList" synopsis="populateList(event: Object): Void" synopsisExtended="populateList(event: Object): Void" type="Object">
                                      <arguments value="event">
                                        <argument name="event" type="Object" />
                                      </arguments>
                                    </method>
                                  </methods>
                                </members>
                              </method>
                              <method name="_clearCachedItpList" url=".Anguilla.Publish.js.Tridion.Cme.Views.Publish._clearCachedItpList.html" visibility="private" rawName="Tridion.Cme.Views.Publish.prototype._clearCachedItpList" fullName="Tridion.Cme.Views.Publish._clearCachedItpList" staticName="Publish._clearCachedItpList" synopsis="_clearCachedItpList(): Void" synopsisExtended="_clearCachedItpList(): Void" type="Object">
                                <documentation rawString="&#xA; * Clear cached items to publish list&#xA; * @private &#xA; ">
                                  <summary>Clear cached items to publish list</summary>
                                </documentation>
                              </method>
                            </methods>
                            <properties>
                              <property name="DROPDOWN_HEAD_PATH" url=".Anguilla.Publish.js.Tridion.Cme.Views.Publish.DROPDOWN_HEAD_PATH.html" visibility="static" rawName="Tridion.Cme.Views.Publish.DROPDOWN_HEAD_PATH" fullName="Tridion.Cme.Views.Publish.DROPDOWN_HEAD_PATH" staticName="Publish.DROPDOWN_HEAD_PATH" synopsis="Publish.DROPDOWN_HEAD_PATH: Object;" synopsisExtended="Publish.DROPDOWN_HEAD_PATH: &lt;a href=&quot;&quot;&gt;Object&lt;/a&gt;;" type="Object">
                                <documentation rawString="&#xA; * Defines the priority dropdown definition Path&#xA; ">
                                  <summary>Defines the priority dropdown definition Path</summary>
                                </documentation>
                              </property>
                              <property name="TARGETTYPE_HEAD_PATH" url=".Anguilla.Publish.js.Tridion.Cme.Views.Publish.TARGETTYPE_HEAD_PATH.html" visibility="static" rawName="Tridion.Cme.Views.Publish.TARGETTYPE_HEAD_PATH" fullName="Tridion.Cme.Views.Publish.TARGETTYPE_HEAD_PATH" staticName="Publish.TARGETTYPE_HEAD_PATH" synopsis="Publish.TARGETTYPE_HEAD_PATH: Object;" synopsisExtended="Publish.TARGETTYPE_HEAD_PATH: &lt;a href=&quot;&quot;&gt;Object&lt;/a&gt;;" type="Object">
                                <documentation rawString="&#xA; * Defines the List target types definition Path&#xA; ">
                                  <summary>Defines the List target types definition Path</summary>
                                </documentation>
                              </property>
                              <property name="ITEMSTOPUBLISH_HEAD_PATH" url=".Anguilla.Publish.js.Tridion.Cme.Views.Publish.ITEMSTOPUBLISH_HEAD_PATH.html" visibility="static" rawName="Tridion.Cme.Views.Publish.ITEMSTOPUBLISH_HEAD_PATH" fullName="Tridion.Cme.Views.Publish.ITEMSTOPUBLISH_HEAD_PATH" staticName="Publish.ITEMSTOPUBLISH_HEAD_PATH" synopsis="Publish.ITEMSTOPUBLISH_HEAD_PATH: Object;" synopsisExtended="Publish.ITEMSTOPUBLISH_HEAD_PATH: &lt;a href=&quot;&quot;&gt;Object&lt;/a&gt;;" type="Object">
                                <documentation rawString="&#xA; * Defines the List of items to publish definition Path&#xA; ">
                                  <summary>Defines the List of items to publish definition Path</summary>
                                </documentation>
                              </property>
                            </properties>
                          </members>
                        </class>
                      </classes>
                    </members>
                  </property>
                </properties>
              </members>
            </property>
          </properties>
        </members>
      </property>
    </properties>
  </members>
</document>