<class name="PublishingManagementFolder.js" url="PublishingManagementFolder.js.html" visibility="default" rawName="PublishingManagementFolder.js" fullName="PublishingManagementFolder.js" staticName="Anguilla.PublishingManagementFolder.js">
  <documentation rawString="&#xA; * Represents a Publishing Management folder.&#xA; * @namespace {Tridion.ContentManager}&#xA; * @constructor&#xA; * @param {String} id&#xA; ">
    <summary>Represents a Publishing Management folder.</summary>
  </documentation>
  <members>
    <properties>
      <property name="Tridion" url=".Anguilla.PublishingManagementFolder.js.Tridion.html" visibility="public" rawName="Tridion" fullName="Tridion" staticName="PublishingManagementFolder.js.Tridion" synopsis="PublishingManagementFolder.js.Tridion: Object;" synopsisExtended="PublishingManagementFolder.js.Tridion: &lt;a href=&quot;&quot;&gt;Object&lt;/a&gt;;" type="Object" virtual="true">
        <members>
          <properties>
            <property name="Cme" url=".Anguilla.PublishingManagementFolder.js.Tridion.Cme.html" visibility="static" rawName="Tridion.Cme" fullName="Tridion.Cme" staticName="Tridion.Cme" synopsis="Tridion.Cme: Object;" synopsisExtended="Tridion.Cme: &lt;a href=&quot;&quot;&gt;Object&lt;/a&gt;;" type="Object" virtual="true">
              <members>
                <properties>
                  <property name="Model" url=".Anguilla.PublishingManagementFolder.js.Tridion.Cme.Model.html" visibility="static" rawName="Tridion.Cme.Model" fullName="Tridion.Cme.Model" staticName="Cme.Model" synopsis="Cme.Model: Object;" synopsisExtended="Cme.Model: &lt;a href=&quot;&quot;&gt;Object&lt;/a&gt;;" type="Object" virtual="true">
                    <members>
                      <classes>
                        <class name="PublishingManagementFolder" url=".Anguilla.PublishingManagementFolder.js.Tridion.Cme.Model.PublishingManagementFolder.html" visibility="static" rawName="Tridion.Cme.Model.PublishingManagementFolder" fullName="Tridion.Cme.Model.PublishingManagementFolder" staticName="Model.PublishingManagementFolder" synopsis="var x: PublishingManagementFolder = new PublishingManagementFolder(id: Object);" synopsisExtended="var x: &lt;a href=&quot;.Anguilla.PublishingManagementFolder.js.Tridion.Cme.Model.PublishingManagementFolder.html&quot;&gt;PublishingManagementFolder&lt;/a&gt; = new PublishingManagementFolder(id: Object);" type="Object">
                          <arguments value="id">
                            <argument name="id" type="Object" />
                          </arguments>
                          <extends />
                          <documentation rawString="&#xA; * Represents a Publishing Management folder.&#xA; * @namespace {Tridion.ContentManager}&#xA; * @constructor&#xA; * @param {String} id&#xA; ">
                            <summary>Represents a Publishing Management folder.</summary>
                          </documentation>
                          <members>
                            <methods>
                              <method name="isFilterReusable" url=".Anguilla.PublishingManagementFolder.js.Tridion.Cme.Model.PublishingManagementFolder.isFilterReusable.html" visibility="prototype" rawName="Tridion.Cme.Model.PublishingManagementFolder.prototype.isFilterReusable" fullName="Tridion.Cme.Model.PublishingManagementFolder.isFilterReusable" staticName="PublishingManagementFolder.isFilterReusable" synopsis="isFilterReusable(rowsExclusive: Boolean, columnsExclusive: Boolean): Boolean" synopsisExtended="isFilterReusable(rowsExclusive: Boolean, columnsExclusive: Boolean): Boolean" type="Object">
                                <arguments value="filter1, filter2, rowsExclusive, columnsExclusive">
                                  <argument name="rowsExclusive" type="Boolean" description="Indicates whether to use exact match for rows." />
                                  <argument name="columnsExclusive" type="Boolean" description="Indicates whether to use exact match for columns." />
                                </arguments>
                                <documentation rawString="&#xA; * Indicates whether a filter is equivalent to another one.&#xA; * @param {Tridion.ContentManager.ListFilter} filter1&#xA; * @param {Tridion.ContentManager.ListFilter} filter2&#xA; * @param {Boolean} rowsExclusive Indicates whether to use exact match for rows.&#xA; * @param {Boolean} columnsExclusive Indicates whether to use exact match for columns.&#xA; * @return {Boolean}&#xA; ">
                                  <summary>Indicates whether a filter is equivalent to another one.</summary>
                                </documentation>
                                <returns type="Boolean" />
                              </method>
                              <method name="getTitle" url=".Anguilla.PublishingManagementFolder.js.Tridion.Cme.Model.PublishingManagementFolder.getTitle.html" visibility="prototype" rawName="Tridion.Cme.Model.PublishingManagementFolder.prototype.getTitle" fullName="Tridion.Cme.Model.PublishingManagementFolder.getTitle" staticName="PublishingManagementFolder.getTitle" synopsis="getTitle(): String" synopsisExtended="getTitle(): String" type="Object">
                                <documentation rawString="&#xA; * Gets the folder title.&#xA; * @returns {String} The item title&#xA; ">
                                  <summary>Gets the folder title.</summary>
                                </documentation>
                                <returns type="String" description="The item title" />
                              </method>
                              <method name="getOrganizationalItemId" url=".Anguilla.PublishingManagementFolder.js.Tridion.Cme.Model.PublishingManagementFolder.getOrganizationalItemId.html" visibility="prototype" rawName="Tridion.Cme.Model.PublishingManagementFolder.prototype.getOrganizationalItemId" fullName="Tridion.Cme.Model.PublishingManagementFolder.getOrganizationalItemId" staticName="PublishingManagementFolder.getOrganizationalItemId" synopsis="getOrganizationalItemId(): String" synopsisExtended="getOrganizationalItemId(): String" type="Object">
                                <documentation rawString="&#xA; * Returns the id of the Organizational Item containing this Item.&#xA; * @return {String} the id of Organizational Item.&#xA; ">
                                  <summary>Returns the id of the Organizational Item containing this Item.</summary>
                                </documentation>
                                <returns type="String" description="the id of Organizational Item." />
                              </method>
                              <method name="getItemIcon" url=".Anguilla.PublishingManagementFolder.js.Tridion.Cme.Model.PublishingManagementFolder.getItemIcon.html" visibility="prototype" rawName="Tridion.Cme.Model.PublishingManagementFolder.prototype.getItemIcon" fullName="Tridion.Cme.Model.PublishingManagementFolder.getItemIcon" staticName="PublishingManagementFolder.getItemIcon" synopsis="getItemIcon(): String" synopsisExtended="getItemIcon(): String" type="Object">
                                <documentation rawString="&#xA;Get item icon.&#xA;@return {String} the base filename of the icon.&#xA;">
                                  <description>Get item icon.</description>
                                </documentation>
                                <returns type="String" description="the base filename of the icon." />
                              </method>
                            </methods>
                          </members>
                        </class>
                      </classes>
                    </members>
                  </property>
                </properties>
              </members>
            </property>
          </properties>
        </members>
      </property>
    </properties>
  </members>
</class>