<document name="raphael.js" url="raphael.js.html" visibility="default" rawName="raphael.js" fullName="raphael.js" staticName="Anguilla.raphael.js">
  <members>
    <methods>
      <method name="a" url=".Anguilla.raphael.js.a.html" visibility="static" rawName="a" fullName="a" staticName="raphael.js.a" synopsis="a(): Void" synopsisExtended="a(): Void" type="Object" />
      <method name="j" url=".Anguilla.raphael.js.j.html" visibility="static" rawName="j" fullName="j" staticName="raphael.js.j" synopsis="j(): Void" synopsisExtended="j(): Void" type="Object" />
    </methods>
    <properties>
      <property name="c" url=".Anguilla.raphael.js.c.html" visibility="instance" rawName="c" fullName="c" staticName="raphael.js.c" synopsis="raphael.js.c: Object;" synopsisExtended="raphael.js.c: &lt;a href=&quot;&quot;&gt;Object&lt;/a&gt;;" type="Object">
        <members>
          <properties>
            <property name="circle" url=".Anguilla.raphael.js.c.circle.html" visibility="instance" rawName="circle" fullName="circle" staticName="c.circle" synopsis="c.circle: Object;" synopsisExtended="c.circle: &lt;a href=&quot;&quot;&gt;Object&lt;/a&gt;;" type="Object" />
            <property name="rect" url=".Anguilla.raphael.js.c.rect.html" visibility="instance" rawName="rect" fullName="rect" staticName="c.rect" synopsis="c.rect: Object;" synopsisExtended="c.rect: &lt;a href=&quot;&quot;&gt;Object&lt;/a&gt;;" type="Object" />
            <property name="path" url=".Anguilla.raphael.js.c.path.html" visibility="instance" rawName="path" fullName="path" staticName="c.path" synopsis="c.path: Object;" synopsisExtended="c.path: &lt;a href=&quot;&quot;&gt;Object&lt;/a&gt;;" type="Object" />
            <property name="ellipse" url=".Anguilla.raphael.js.c.ellipse.html" visibility="instance" rawName="ellipse" fullName="ellipse" staticName="c.ellipse" synopsis="c.ellipse: Object;" synopsisExtended="c.ellipse: &lt;a href=&quot;&quot;&gt;Object&lt;/a&gt;;" type="Object" />
            <property name="text" url=".Anguilla.raphael.js.c.text.html" visibility="instance" rawName="text" fullName="text" staticName="c.text" synopsis="c.text: Object;" synopsisExtended="c.text: &lt;a href=&quot;&quot;&gt;Object&lt;/a&gt;;" type="Object" />
            <property name="image" url=".Anguilla.raphael.js.c.image.html" visibility="instance" rawName="image" fullName="image" staticName="c.image" synopsis="c.image: Object;" synopsisExtended="c.image: &lt;a href=&quot;&quot;&gt;Object&lt;/a&gt;;" type="Object" />
          </properties>
        </members>
      </property>
      <property name="i" url=".Anguilla.raphael.js.i.html" visibility="instance" rawName="i" fullName="i" staticName="raphael.js.i" synopsis="raphael.js.i: Object;" synopsisExtended="raphael.js.i: &lt;a href=&quot;&quot;&gt;Object&lt;/a&gt;;" type="Object">
        <members>
          <properties>
            <property name="was" url=".Anguilla.raphael.js.i.was.html" visibility="instance" rawName="was" fullName="was" staticName="i.was" synopsis="i.was: Object;" synopsisExtended="i.was: &lt;a href=&quot;&quot;&gt;Object&lt;/a&gt;;" type="Object" />
            <property name="is" url=".Anguilla.raphael.js.i.is.html" visibility="instance" rawName="is" fullName="is" staticName="i.is" synopsis="i.is: Object;" synopsisExtended="i.is: &lt;a href=&quot;&quot;&gt;Object&lt;/a&gt;;" type="Object" />
          </properties>
        </members>
      </property>
      <property name="u" url=".Anguilla.raphael.js.u.html" visibility="instance" rawName="u" fullName="u" staticName="raphael.js.u" synopsis="raphael.js.u: Object;" synopsisExtended="raphael.js.u: &lt;a href=&quot;&quot;&gt;Object&lt;/a&gt;;" type="Object">
        <members>
          <properties>
            <property name="mousedown" url=".Anguilla.raphael.js.u.mousedown.html" visibility="instance" rawName="mousedown" fullName="mousedown" staticName="u.mousedown" synopsis="u.mousedown: Object;" synopsisExtended="u.mousedown: &lt;a href=&quot;&quot;&gt;Object&lt;/a&gt;;" type="Object" />
            <property name="mousemove" url=".Anguilla.raphael.js.u.mousemove.html" visibility="instance" rawName="mousemove" fullName="mousemove" staticName="u.mousemove" synopsis="u.mousemove: Object;" synopsisExtended="u.mousemove: &lt;a href=&quot;&quot;&gt;Object&lt;/a&gt;;" type="Object" />
            <property name="mouseup" url=".Anguilla.raphael.js.u.mouseup.html" visibility="instance" rawName="mouseup" fullName="mouseup" staticName="u.mouseup" synopsis="u.mouseup: Object;" synopsisExtended="u.mouseup: &lt;a href=&quot;&quot;&gt;Object&lt;/a&gt;;" type="Object" />
          </properties>
        </members>
      </property>
    </properties>
  </members>
</document>