<document name="ReassignActivity.js" url="ReassignActivity.js.html" visibility="default" rawName="ReassignActivity.js" fullName="ReassignActivity.js" staticName="Anguilla.ReassignActivity.js">
  <members>
    <properties>
      <property name="Tridion" url=".Anguilla.ReassignActivity.js.Tridion.html" visibility="public" rawName="Tridion" fullName="Tridion" staticName="ReassignActivity.js.Tridion" synopsis="ReassignActivity.js.Tridion: Object;" synopsisExtended="ReassignActivity.js.Tridion: &lt;a href=&quot;&quot;&gt;Object&lt;/a&gt;;" type="Object" virtual="true">
        <members>
          <properties>
            <property name="Cme" url=".Anguilla.ReassignActivity.js.Tridion.Cme.html" visibility="static" rawName="Tridion.Cme" fullName="Tridion.Cme" staticName="Tridion.Cme" synopsis="Tridion.Cme: Object;" synopsisExtended="Tridion.Cme: &lt;a href=&quot;&quot;&gt;Object&lt;/a&gt;;" type="Object" virtual="true">
              <members>
                <properties>
                  <property name="WorkflowActivities" url=".Anguilla.ReassignActivity.js.Tridion.Cme.WorkflowActivities.html" visibility="static" rawName="Tridion.Cme.WorkflowActivities" fullName="Tridion.Cme.WorkflowActivities" staticName="Cme.WorkflowActivities" synopsis="Cme.WorkflowActivities: Object;" synopsisExtended="Cme.WorkflowActivities: &lt;a href=&quot;&quot;&gt;Object&lt;/a&gt;;" type="Object" virtual="true">
                    <members>
                      <properties>
                        <property name="Pages" url=".Anguilla.ReassignActivity.js.Tridion.Cme.WorkflowActivities.Pages.html" visibility="static" rawName="Tridion.Cme.WorkflowActivities.Pages" fullName="Tridion.Cme.WorkflowActivities.Pages" staticName="WorkflowActivities.Pages" synopsis="WorkflowActivities.Pages: Object;" synopsisExtended="WorkflowActivities.Pages: &lt;a href=&quot;&quot;&gt;Object&lt;/a&gt;;" type="Object" virtual="true">
                          <members>
                            <classes>
                              <class name="ReassignActivity" url=".Anguilla.ReassignActivity.js.Tridion.Cme.WorkflowActivities.Pages.ReassignActivity.html" visibility="static" rawName="Tridion.Cme.WorkflowActivities.Pages.ReassignActivity" fullName="Tridion.Cme.WorkflowActivities.Pages.ReassignActivity" staticName="Pages.ReassignActivity" synopsis="var x: ReassignActivity = new ReassignActivity(element: Object);" synopsisExtended="var x: &lt;a href=&quot;.Anguilla.ReassignActivity.js.Tridion.Cme.WorkflowActivities.Pages.ReassignActivity.html&quot;&gt;ReassignActivity&lt;/a&gt; = new ReassignActivity(element: Object);" type="Object">
                                <arguments value="element">
                                  <argument name="element" type="Object" />
                                </arguments>
                                <extends />
                                <members>
                                  <methods>
                                    <method name="initialize" url=".Anguilla.ReassignActivity.js.Tridion.Cme.WorkflowActivities.Pages.ReassignActivity.initialize.html" visibility="prototype" rawName="Tridion.Cme.WorkflowActivities.Pages.ReassignActivity.prototype.initialize" fullName="Tridion.Cme.WorkflowActivities.Pages.ReassignActivity.initialize" staticName="ReassignActivity.initialize" synopsis="initialize(): Void" synopsisExtended="initialize(): Void" type="Object" />
                                    <method name="setItem" url=".Anguilla.ReassignActivity.js.Tridion.Cme.WorkflowActivities.Pages.ReassignActivity.setItem.html" visibility="prototype" rawName="Tridion.Cme.WorkflowActivities.Pages.ReassignActivity.prototype.setItem" fullName="Tridion.Cme.WorkflowActivities.Pages.ReassignActivity.setItem" staticName="ReassignActivity.setItem" synopsis="setItem(item: Object): Void" synopsisExtended="setItem(item: Object): Void" type="Object">
                                      <arguments value="item">
                                        <argument name="item" type="Object" />
                                      </arguments>
                                    </method>
                                    <method name="_reset" url=".Anguilla.ReassignActivity.js.Tridion.Cme.WorkflowActivities.Pages.ReassignActivity._reset.html" visibility="prototype" rawName="Tridion.Cme.WorkflowActivities.Pages.ReassignActivity.prototype._reset" fullName="Tridion.Cme.WorkflowActivities.Pages.ReassignActivity._reset" staticName="ReassignActivity._reset" synopsis="_reset(): Void" synopsisExtended="_reset(): Void" type="Object" />
                                    <method name="_setPageTitle" url=".Anguilla.ReassignActivity.js.Tridion.Cme.WorkflowActivities.Pages.ReassignActivity._setPageTitle.html" visibility="prototype" rawName="Tridion.Cme.WorkflowActivities.Pages.ReassignActivity.prototype._setPageTitle" fullName="Tridion.Cme.WorkflowActivities.Pages.ReassignActivity._setPageTitle" staticName="ReassignActivity._setPageTitle" synopsis="_setPageTitle(): Void" synopsisExtended="_setPageTitle(): Void" type="Object" />
                                    <method name="_onTrusteeSelectorChange" url=".Anguilla.ReassignActivity.js.Tridion.Cme.WorkflowActivities.Pages.ReassignActivity._onTrusteeSelectorChange.html" visibility="prototype" rawName="Tridion.Cme.WorkflowActivities.Pages.ReassignActivity.prototype._onTrusteeSelectorChange" fullName="Tridion.Cme.WorkflowActivities.Pages.ReassignActivity._onTrusteeSelectorChange" staticName="ReassignActivity._onTrusteeSelectorChange" synopsis="_onTrusteeSelectorChange(event: Object): Void" synopsisExtended="_onTrusteeSelectorChange(event: Object): Void" type="Object">
                                      <arguments value="event">
                                        <argument name="event" type="Object" />
                                      </arguments>
                                    </method>
                                    <method name="_updateReassignBtnState" url=".Anguilla.ReassignActivity.js.Tridion.Cme.WorkflowActivities.Pages.ReassignActivity._updateReassignBtnState.html" visibility="prototype" rawName="Tridion.Cme.WorkflowActivities.Pages.ReassignActivity.prototype._updateReassignBtnState" fullName="Tridion.Cme.WorkflowActivities.Pages.ReassignActivity._updateReassignBtnState" staticName="ReassignActivity._updateReassignBtnState" synopsis="_updateReassignBtnState(): Void" synopsisExtended="_updateReassignBtnState(): Void" type="Object" />
                                    <method name="_handleBackToActivityClick" url=".Anguilla.ReassignActivity.js.Tridion.Cme.WorkflowActivities.Pages.ReassignActivity._handleBackToActivityClick.html" visibility="prototype" rawName="Tridion.Cme.WorkflowActivities.Pages.ReassignActivity.prototype._handleBackToActivityClick" fullName="Tridion.Cme.WorkflowActivities.Pages.ReassignActivity._handleBackToActivityClick" staticName="ReassignActivity._handleBackToActivityClick" synopsis="_handleBackToActivityClick(e: Object): Void" synopsisExtended="_handleBackToActivityClick(e: Object): Void" type="Object">
                                      <arguments value="e">
                                        <argument name="e" type="Object" />
                                      </arguments>
                                    </method>
                                    <method name="_onActivityReassigned" url=".Anguilla.ReassignActivity.js.Tridion.Cme.WorkflowActivities.Pages.ReassignActivity._onActivityReassigned.html" visibility="prototype" rawName="Tridion.Cme.WorkflowActivities.Pages.ReassignActivity.prototype._onActivityReassigned" fullName="Tridion.Cme.WorkflowActivities.Pages.ReassignActivity._onActivityReassigned" staticName="ReassignActivity._onActivityReassigned" synopsis="_onActivityReassigned(e: Object): Void" synopsisExtended="_onActivityReassigned(e: Object): Void" type="Object">
                                      <arguments value="e">
                                        <argument name="e" type="Object" />
                                      </arguments>
                                    </method>
                                    <method name="_handleReassignBtnClick" url=".Anguilla.ReassignActivity.js.Tridion.Cme.WorkflowActivities.Pages.ReassignActivity._handleReassignBtnClick.html" visibility="prototype" rawName="Tridion.Cme.WorkflowActivities.Pages.ReassignActivity.prototype._handleReassignBtnClick" fullName="Tridion.Cme.WorkflowActivities.Pages.ReassignActivity._handleReassignBtnClick" staticName="ReassignActivity._handleReassignBtnClick" synopsis="_handleReassignBtnClick(e: Object): Void" synopsisExtended="_handleReassignBtnClick(e: Object): Void" type="Object">
                                      <arguments value="e">
                                        <argument name="e" type="Object" />
                                      </arguments>
                                    </method>
                                  </methods>
                                  <properties>
                                    <property name="USER_DROPDOWN_HEAD_PATH" url=".Anguilla.ReassignActivity.js.Tridion.Cme.WorkflowActivities.Pages.ReassignActivity.USER_DROPDOWN_HEAD_PATH.html" visibility="static" rawName="Tridion.Cme.WorkflowActivities.Pages.ReassignActivity.USER_DROPDOWN_HEAD_PATH" fullName="Tridion.Cme.WorkflowActivities.Pages.ReassignActivity.USER_DROPDOWN_HEAD_PATH" staticName="ReassignActivity.USER_DROPDOWN_HEAD_PATH" synopsis="ReassignActivity.USER_DROPDOWN_HEAD_PATH: Object;" synopsisExtended="ReassignActivity.USER_DROPDOWN_HEAD_PATH: &lt;a href=&quot;&quot;&gt;Object&lt;/a&gt;;" type="Object">
                                      <documentation rawString="&#xA; * Defines the user dropdown definition Path&#xA; ">
                                        <summary>Defines the user dropdown definition Path</summary>
                                      </documentation>
                                    </property>
                                  </properties>
                                </members>
                              </class>
                            </classes>
                          </members>
                        </property>
                      </properties>
                    </members>
                  </property>
                </properties>
              </members>
            </property>
          </properties>
        </members>
      </property>
    </properties>
  </members>
</document>