<document name="RepositoryBase.js" url="RepositoryBase.js.html" visibility="default" rawName="RepositoryBase.js" fullName="RepositoryBase.js" staticName="Anguilla.RepositoryBase.js">
  <members>
    <properties>
      <property name="Tridion" url=".Anguilla.RepositoryBase.js.Tridion.html" visibility="public" rawName="Tridion" fullName="Tridion" staticName="RepositoryBase.js.Tridion" synopsis="RepositoryBase.js.Tridion: Object;" synopsisExtended="RepositoryBase.js.Tridion: &lt;a href=&quot;&quot;&gt;Object&lt;/a&gt;;" type="Object" virtual="true">
        <members>
          <classes>
            <class name="RepositoryBase" url=".Anguilla.RepositoryBase.js.Tridion.RepositoryBase.html" visibility="static" rawName="Tridion.RepositoryBase" fullName="Tridion.RepositoryBase" staticName="Tridion.RepositoryBase" synopsis="var x: RepositoryBase = new RepositoryBase();" synopsisExtended="var x: &lt;a href=&quot;.Anguilla.RepositoryBase.js.Tridion.RepositoryBase.html&quot;&gt;RepositoryBase&lt;/a&gt; = new RepositoryBase();" type="Object">
              <extends />
              <members>
                <methods>
                  <method name="pack" url=".Anguilla.RepositoryBase.js.Tridion.RepositoryBase.pack.html" visibility="instance" rawName="this.pack" fullName="this.pack" staticName="RepositoryBase.pack" synopsis="pack(): Void" synopsisExtended="pack(): Void" type="Object" />
                  <method name="unpack" url=".Anguilla.RepositoryBase.js.Tridion.RepositoryBase.unpack.html" visibility="instance" rawName="this.unpack" fullName="this.unpack" staticName="RepositoryBase.unpack" synopsis="unpack(data: Object): Void" synopsisExtended="unpack(data: Object): Void" type="Object">
                    <arguments value="data">
                      <argument name="data" type="Object" />
                    </arguments>
                  </method>
                  <method name="disposeInterface" url=".Anguilla.RepositoryBase.js.Tridion.RepositoryBase.disposeInterface.html" visibility="instance" rawName="this.disposeInterface" fullName="this.disposeInterface" staticName="RepositoryBase.disposeInterface" synopsis="disposeInterface(): Void" synopsisExtended="disposeInterface(): Void" type="Object" />
                  <method name="getOwningWindow" url=".Anguilla.RepositoryBase.js.Tridion.RepositoryBase.getOwningWindow.html" visibility="instance" rawName="this.getOwningWindow" fullName="this.getOwningWindow" staticName="RepositoryBase.getOwningWindow" synopsis="getOwningWindow(): Void" synopsisExtended="getOwningWindow(): Void" type="Object" />
                  <method name="getUniqueId" url=".Anguilla.RepositoryBase.js.Tridion.RepositoryBase.getUniqueId.html" visibility="instance" rawName="this.getUniqueId" fullName="this.getUniqueId" staticName="RepositoryBase.getUniqueId" synopsis="getUniqueId(): Void" synopsisExtended="getUniqueId(): Void" type="Object" />
                  <method name="getItem" url=".Anguilla.RepositoryBase.js.Tridion.RepositoryBase.getItem.html" visibility="instance" rawName="this.getItem" fullName="this.getItem" staticName="RepositoryBase.getItem" synopsis="getItem(id: Object): Void" synopsisExtended="getItem(id: Object): Void" type="Object">
                    <arguments value="id">
                      <argument name="id" type="Object" />
                    </arguments>
                  </method>
                  <method name="setItem" url=".Anguilla.RepositoryBase.js.Tridion.RepositoryBase.setItem.html" visibility="instance" rawName="this.setItem" fullName="this.setItem" staticName="RepositoryBase.setItem" synopsis="setItem(id: Object, item: Object): Void" synopsisExtended="setItem(id: Object, item: Object): Void" type="Object">
                    <arguments value="id, item">
                      <argument name="id" type="Object" />
                      <argument name="item" type="Object" />
                    </arguments>
                  </method>
                  <method name="removeItem" url=".Anguilla.RepositoryBase.js.Tridion.RepositoryBase.removeItem.html" visibility="instance" rawName="this.removeItem" fullName="this.removeItem" staticName="RepositoryBase.removeItem" synopsis="removeItem(id: Object): Void" synopsisExtended="removeItem(id: Object): Void" type="Object">
                    <arguments value="id">
                      <argument name="id" type="Object" />
                    </arguments>
                  </method>
                  <method name="createItem" url=".Anguilla.RepositoryBase.js.Tridion.RepositoryBase.createItem.html" visibility="instance" rawName="this.createItem" fullName="this.createItem" staticName="RepositoryBase.createItem" synopsis="createItem(id: Object, type: Object, arg1: Object, arg2: Object, arg3: Object, arg4: Object, arg5: Object, arg6: Object, arg7: Object, arg8: Object, arg9: Object, arg10: Object): Void" synopsisExtended="createItem(id: Object, type: Object, arg1: Object, arg2: Object, arg3: Object, arg4: Object, arg5: Object, arg6: Object, arg7: Object, arg8: Object, arg9: Object, arg10: Object): Void" type="Object">
                    <arguments value="id, type, arg1, arg2, arg3, arg4, arg5, arg6, arg7, arg8, arg9, arg10">
                      <argument name="id" type="Object" />
                      <argument name="type" type="Object" />
                      <argument name="arg1" type="Object" />
                      <argument name="arg2" type="Object" />
                      <argument name="arg3" type="Object" />
                      <argument name="arg4" type="Object" />
                      <argument name="arg5" type="Object" />
                      <argument name="arg6" type="Object" />
                      <argument name="arg7" type="Object" />
                      <argument name="arg8" type="Object" />
                      <argument name="arg9" type="Object" />
                      <argument name="arg10" type="Object" />
                    </arguments>
                  </method>
                  <method name="upgradeItem" url=".Anguilla.RepositoryBase.js.Tridion.RepositoryBase.upgradeItem.html" visibility="instance" rawName="this.upgradeItem" fullName="this.upgradeItem" staticName="RepositoryBase.upgradeItem" synopsis="upgradeItem(id: Object, type: Object, arg1: Object, arg2: Object, arg3: Object, arg4: Object, arg5: Object, arg6: Object, arg7: Object, arg8: Object, arg9: Object, arg10: Object): Void" synopsisExtended="upgradeItem(id: Object, type: Object, arg1: Object, arg2: Object, arg3: Object, arg4: Object, arg5: Object, arg6: Object, arg7: Object, arg8: Object, arg9: Object, arg10: Object): Void" type="Object">
                    <arguments value="id, type, arg1, arg2, arg3, arg4, arg5, arg6, arg7, arg8, arg9, arg10">
                      <argument name="id" type="Object" />
                      <argument name="type" type="Object" />
                      <argument name="arg1" type="Object" />
                      <argument name="arg2" type="Object" />
                      <argument name="arg3" type="Object" />
                      <argument name="arg4" type="Object" />
                      <argument name="arg5" type="Object" />
                      <argument name="arg6" type="Object" />
                      <argument name="arg7" type="Object" />
                      <argument name="arg8" type="Object" />
                      <argument name="arg9" type="Object" />
                      <argument name="arg10" type="Object" />
                    </arguments>
                  </method>
                  <method name="getItems" url=".Anguilla.RepositoryBase.js.Tridion.RepositoryBase.getItems.html" visibility="instance" rawName="this.getItems" fullName="this.getItems" staticName="RepositoryBase.getItems" synopsis="getItems(): Void" synopsisExtended="getItems(): Void" type="Object" />
                  <method name="_onWindowUnload" url=".Anguilla.RepositoryBase.js.Tridion.RepositoryBase._onWindowUnload.html" visibility="instance" rawName="this._onWindowUnload" fullName="this._onWindowUnload" staticName="RepositoryBase._onWindowUnload" synopsis="_onWindowUnload(): Void" synopsisExtended="_onWindowUnload(): Void" type="Object" />
                  <method name="findRepository" url=".Anguilla.RepositoryBase.js.Tridion.RepositoryBase.findRepository.html" visibility="static" rawName="Tridion.RepositoryBase.findRepository" fullName="Tridion.RepositoryBase.findRepository" staticName="RepositoryBase.findRepository" synopsis="findRepository(): Void" synopsisExtended="findRepository(): Void" type="Object" />
                  <method name="initRepository" url=".Anguilla.RepositoryBase.js.Tridion.RepositoryBase.initRepository.html" visibility="static" rawName="Tridion.RepositoryBase.initRepository" fullName="Tridion.RepositoryBase.initRepository" staticName="RepositoryBase.initRepository" synopsis="initRepository(): Void" synopsisExtended="initRepository(): Void" type="Object">
                    <members>
                      <methods>
                        <method name="connectToRepository" url=".Anguilla.RepositoryBase.js.Tridion.RepositoryBase.initRepository.connectToRepository.html" visibility="private" rawName="connectToRepository" fullName="connectToRepository" staticName="initRepository.connectToRepository" synopsis="connectToRepository(initEvents: Object): Void" synopsisExtended="connectToRepository(initEvents: Object): Void" type="Object">
                          <arguments value="initEvents">
                            <argument name="initEvents" type="Object" />
                          </arguments>
                        </method>
                        <method name="onRepositoryDispose" url=".Anguilla.RepositoryBase.js.Tridion.RepositoryBase.initRepository.onRepositoryDispose.html" visibility="private" rawName="onRepositoryDispose" fullName="onRepositoryDispose" staticName="initRepository.onRepositoryDispose" synopsis="onRepositoryDispose(): Void" synopsisExtended="onRepositoryDispose(): Void" type="Object" />
                        <method name="onRepositoryMarshal" url=".Anguilla.RepositoryBase.js.Tridion.RepositoryBase.initRepository.onRepositoryMarshal.html" visibility="private" rawName="onRepositoryMarshal" fullName="onRepositoryMarshal" staticName="initRepository.onRepositoryMarshal" synopsis="onRepositoryMarshal(): Void" synopsisExtended="onRepositoryMarshal(): Void" type="Object" />
                      </methods>
                    </members>
                  </method>
                </methods>
              </members>
            </class>
          </classes>
        </members>
      </property>
    </properties>
  </members>
</document>