<class name="RepositoryLocalItem.js" url="RepositoryLocalItem.js.html" visibility="default" rawName="RepositoryLocalItem.js" fullName="RepositoryLocalItem.js" staticName="Anguilla.RepositoryLocalItem.js">
  <documentation rawString="&#xA;@namespace {Tridion.ContentManager}&#xA;@constructor&#xA;@param {String} id&#xA;@event onloading&#xA;@event onload&#xA;@event onloadfailed&#xA;&#xA;Base methods are called directly on Tridion.ContentManager.Item for purpose.&#xA;Otherwise both BlueprintHierarchyProvider and ListProvider will do two identical base calls on Item interface.&#xA;" />
  <members>
    <properties>
      <property name="Tridion" url=".Anguilla.RepositoryLocalItem.js.Tridion.html" visibility="public" rawName="Tridion" fullName="Tridion" staticName="RepositoryLocalItem.js.Tridion" synopsis="RepositoryLocalItem.js.Tridion: Object;" synopsisExtended="RepositoryLocalItem.js.Tridion: &lt;a href=&quot;&quot;&gt;Object&lt;/a&gt;;" type="Object" virtual="true">
        <members>
          <properties>
            <property name="ContentManager" url=".Anguilla.RepositoryLocalItem.js.Tridion.ContentManager.html" visibility="static" rawName="Tridion.ContentManager" fullName="Tridion.ContentManager" staticName="Tridion.ContentManager" synopsis="Tridion.ContentManager: Object;" synopsisExtended="Tridion.ContentManager: &lt;a href=&quot;&quot;&gt;Object&lt;/a&gt;;" type="Object" virtual="true">
              <members>
                <classes>
                  <class name="RepositoryLocalItem" url=".Anguilla.RepositoryLocalItem.js.Tridion.ContentManager.RepositoryLocalItem.html" visibility="static" rawName="Tridion.ContentManager.RepositoryLocalItem" fullName="Tridion.ContentManager.RepositoryLocalItem" staticName="ContentManager.RepositoryLocalItem" synopsis="var x: RepositoryLocalItem = new RepositoryLocalItem(id: Object);" synopsisExtended="var x: &lt;a href=&quot;.Anguilla.RepositoryLocalItem.js.Tridion.ContentManager.RepositoryLocalItem.html&quot;&gt;RepositoryLocalItem&lt;/a&gt; = new RepositoryLocalItem(id: Object);" type="Object">
                    <arguments value="id">
                      <argument name="id" type="Object" />
                    </arguments>
                    <extends />
                    <documentation rawString="&#xA;@namespace {Tridion.ContentManager}&#xA;@constructor&#xA;@param {String} id&#xA;@event onloading&#xA;@event onload&#xA;@event onloadfailed&#xA;&#xA;Base methods are called directly on Tridion.ContentManager.Item for purpose.&#xA;Otherwise both BlueprintHierarchyProvider and ListProvider will do two identical base calls on Item interface.&#xA;" />
                    <members>
                      <methods>
                        <method name="invalidateReadOnlyProperties" url=".Anguilla.RepositoryLocalItem.js.Tridion.ContentManager.RepositoryLocalItem.invalidateReadOnlyProperties.html" visibility="prototype" rawName="Tridion.ContentManager.RepositoryLocalItem.prototype.invalidateReadOnlyProperties" fullName="Tridion.ContentManager.RepositoryLocalItem.invalidateReadOnlyProperties" staticName="RepositoryLocalItem.invalidateReadOnlyProperties" synopsis="invalidateReadOnlyProperties(): Void" synopsisExtended="invalidateReadOnlyProperties(): Void" type="Object">
                          <documentation rawString="&#xA;Invalidates the cached properties that are persistent during the editing session.&#xA;">
                            <description>Invalidates the cached properties that are persistent during the editing session.</description>
                          </documentation>
                        </method>
                        <method name="getItemIcon" url=".Anguilla.RepositoryLocalItem.js.Tridion.ContentManager.RepositoryLocalItem.getItemIcon.html" visibility="prototype" rawName="Tridion.ContentManager.RepositoryLocalItem.prototype.getItemIcon" fullName="Tridion.ContentManager.RepositoryLocalItem.getItemIcon" staticName="RepositoryLocalItem.getItemIcon" synopsis="getItemIcon(): Void" synopsisExtended="getItemIcon(): Void" type="Object" />
                        <method name="applyListItemXml" url=".Anguilla.RepositoryLocalItem.js.Tridion.ContentManager.RepositoryLocalItem.applyListItemXml.html" visibility="prototype" rawName="Tridion.ContentManager.RepositoryLocalItem.prototype.applyListItemXml" fullName="Tridion.ContentManager.RepositoryLocalItem.applyListItemXml" staticName="RepositoryLocalItem.applyListItemXml" synopsis="applyListItemXml(node: Object, parentId: String, changes: Array): Void" synopsisExtended="applyListItemXml(node: Object, parentId: String, changes: Array): Void" type="Object">
                          <arguments value="node, parentId, changes, isStatic">
                            <argument name="node" type="Object" description="the Xml node with data." />
                            <argument name="parentId" type="String" description="organizational Item id." />
                            <argument name="changes" type="Array" description="List of changed properties" />
                          </arguments>
                          <documentation rawString="&#xA;Initialize static data of the item.&#xA;@param {Object} node the Xml node with data.&#xA;@param {String} parentId organizational Item id.&#xA;@param {Array} changes List of changed properties&#xA;">
                            <description>Initialize static data of the item.</description>
                          </documentation>
                        </method>
                        <method name="setDataFromXml" url=".Anguilla.RepositoryLocalItem.js.Tridion.ContentManager.RepositoryLocalItem.setDataFromXml.html" visibility="prototype" rawName="Tridion.ContentManager.RepositoryLocalItem.prototype.setDataFromXml" fullName="Tridion.ContentManager.RepositoryLocalItem.setDataFromXml" staticName="RepositoryLocalItem.setDataFromXml" synopsis="setDataFromXml(node: Object): Void" synopsisExtended="setDataFromXml(node: Object): Void" type="Object">
                          <arguments value="node, timeStamp, isStatic">
                            <argument name="node" type="Object" description="the Xml node with data." />
                          </arguments>
                          <documentation rawString="&#xA;Initialize static data of the item.&#xA;@param {Object} node the Xml node with data.&#xA;@param {Date} timeStamp&#xA;">
                            <description>Initialize static data of the item.</description>
                          </documentation>
                        </method>
                        <method name="getStateChanged" url=".Anguilla.RepositoryLocalItem.js.Tridion.ContentManager.RepositoryLocalItem.getStateChanged.html" visibility="prototype" rawName="Tridion.ContentManager.RepositoryLocalItem.prototype.getStateChanged" fullName="Tridion.ContentManager.RepositoryLocalItem.getStateChanged" staticName="RepositoryLocalItem.getStateChanged" synopsis="getStateChanged(node: Object): Void" synopsisExtended="getStateChanged(node: Object): Void" type="Object">
                          <arguments value="node, isDynamic, isStatic">
                            <argument name="node" type="Object" description="The Xml node with data." />
                          </arguments>
                          <documentation rawString="&#xA; * Checks if static data of the item has changed.&#xA; * @param {Object} node The Xml node with data.&#xA; * @param {Date} timeStamp&#xA; ">
                            <summary>Checks if static data of the item has changed.</summary>
                          </documentation>
                        </method>
                        <method name="isPublished" url=".Anguilla.RepositoryLocalItem.js.Tridion.ContentManager.RepositoryLocalItem.isPublished.html" visibility="prototype" rawName="Tridion.ContentManager.RepositoryLocalItem.prototype.isPublished" fullName="Tridion.ContentManager.RepositoryLocalItem.isPublished" staticName="RepositoryLocalItem.isPublished" synopsis="isPublished(): Boolean" synopsisExtended="isPublished(): Boolean" type="Object">
                          <documentation rawString="&#xA;@return {Boolean}&#xA;" />
                          <returns type="Boolean" />
                        </method>
                        <method name="isShared" url=".Anguilla.RepositoryLocalItem.js.Tridion.ContentManager.RepositoryLocalItem.isShared.html" visibility="prototype" rawName="Tridion.ContentManager.RepositoryLocalItem.prototype.isShared" fullName="Tridion.ContentManager.RepositoryLocalItem.isShared" staticName="RepositoryLocalItem.isShared" synopsis="isShared(): Boolean" synopsisExtended="isShared(): Boolean" type="Object">
                          <documentation rawString="&#xA;@return {Boolean}&#xA;" />
                          <returns type="Boolean" />
                        </method>
                        <method name="isLocalized" url=".Anguilla.RepositoryLocalItem.js.Tridion.ContentManager.RepositoryLocalItem.isLocalized.html" visibility="prototype" rawName="Tridion.ContentManager.RepositoryLocalItem.prototype.isLocalized" fullName="Tridion.ContentManager.RepositoryLocalItem.isLocalized" staticName="RepositoryLocalItem.isLocalized" synopsis="isLocalized(): Boolean" synopsisExtended="isLocalized(): Boolean" type="Object">
                          <documentation rawString="&#xA;@return {Boolean}&#xA;" />
                          <returns type="Boolean" />
                        </method>
                        <method name="getOwningPublicationId" url=".Anguilla.RepositoryLocalItem.js.Tridion.ContentManager.RepositoryLocalItem.getOwningPublicationId.html" visibility="prototype" rawName="Tridion.ContentManager.RepositoryLocalItem.prototype.getOwningPublicationId" fullName="Tridion.ContentManager.RepositoryLocalItem.getOwningPublicationId" staticName="RepositoryLocalItem.getOwningPublicationId" synopsis="getOwningPublicationId(): String" synopsisExtended="getOwningPublicationId(): String" type="Object">
                          <documentation rawString="&#xA;@return {String}&#xA;" />
                          <returns type="String" />
                        </method>
                        <method name="getOwningPublication" url=".Anguilla.RepositoryLocalItem.js.Tridion.ContentManager.RepositoryLocalItem.getOwningPublication.html" visibility="prototype" rawName="Tridion.ContentManager.RepositoryLocalItem.prototype.getOwningPublication" fullName="Tridion.ContentManager.RepositoryLocalItem.getOwningPublication" staticName="RepositoryLocalItem.getOwningPublication" synopsis="getOwningPublication(): Tridion.ContentManager.Publication" synopsisExtended="getOwningPublication(): Tridion.ContentManager.Publication" type="Object">
                          <documentation rawString="&#xA;@return {Tridion.ContentManager.Publication}&#xA;" />
                          <returns type="Tridion.ContentManager.Publication" />
                        </method>
                        <method name="getPath" url=".Anguilla.RepositoryLocalItem.js.Tridion.ContentManager.RepositoryLocalItem.getPath.html" visibility="prototype" rawName="Tridion.ContentManager.RepositoryLocalItem.prototype.getPath" fullName="Tridion.ContentManager.RepositoryLocalItem.getPath" staticName="RepositoryLocalItem.getPath" synopsis="getPath(): String" synopsisExtended="getPath(): String" type="Object">
                          <documentation rawString="&#xA;@return {String}&#xA;" />
                          <returns type="String" />
                        </method>
                        <method name="getParentId" url=".Anguilla.RepositoryLocalItem.js.Tridion.ContentManager.RepositoryLocalItem.getParentId.html" visibility="prototype" rawName="Tridion.ContentManager.RepositoryLocalItem.prototype.getParentId" fullName="Tridion.ContentManager.RepositoryLocalItem.getParentId" staticName="RepositoryLocalItem.getParentId" synopsis="getParentId(): String" synopsisExtended="getParentId(): String" type="Object">
                          <documentation rawString="&#xA;@return {String}&#xA;" />
                          <returns type="String" />
                        </method>
                        <method name="isBlueprintInfoLoaded" url=".Anguilla.RepositoryLocalItem.js.Tridion.ContentManager.RepositoryLocalItem.isBlueprintInfoLoaded.html" visibility="prototype" rawName="Tridion.ContentManager.RepositoryLocalItem.prototype.isBlueprintInfoLoaded" fullName="Tridion.ContentManager.RepositoryLocalItem.isBlueprintInfoLoaded" staticName="RepositoryLocalItem.isBlueprintInfoLoaded" synopsis="isBlueprintInfoLoaded(): Boolean" synopsisExtended="isBlueprintInfoLoaded(): Boolean" type="Object">
                          <documentation rawString="&#xA;@return {Boolean}&#xA;" />
                          <returns type="Boolean" />
                        </method>
                        <method name="isLocalizable" url=".Anguilla.RepositoryLocalItem.js.Tridion.ContentManager.RepositoryLocalItem.isLocalizable.html" visibility="prototype" rawName="Tridion.ContentManager.RepositoryLocalItem.prototype.isLocalizable" fullName="Tridion.ContentManager.RepositoryLocalItem.isLocalizable" staticName="RepositoryLocalItem.isLocalizable" synopsis="isLocalizable(): Boolean" synopsisExtended="isLocalizable(): Boolean" type="Object">
                          <documentation rawString="&#xA;Indicates whether this Item is localizable based on allowed actions.&#xA;@return {Boolean}&#xA;">
                            <description>Indicates whether this Item is localizable based on allowed actions.</description>
                          </documentation>
                          <returns type="Boolean" />
                        </method>
                        <method name="isUnlocalizable" url=".Anguilla.RepositoryLocalItem.js.Tridion.ContentManager.RepositoryLocalItem.isUnlocalizable.html" visibility="prototype" rawName="Tridion.ContentManager.RepositoryLocalItem.prototype.isUnlocalizable" fullName="Tridion.ContentManager.RepositoryLocalItem.isUnlocalizable" staticName="RepositoryLocalItem.isUnlocalizable" synopsis="isUnlocalizable(): Boolean" synopsisExtended="isUnlocalizable(): Boolean" type="Object">
                          <documentation rawString="&#xA;Indicates whether this Item is unlocalizable based on allowed actions.&#xA;@return {Boolean}&#xA;">
                            <description>Indicates whether this Item is unlocalizable based on allowed actions.</description>
                          </documentation>
                          <returns type="Boolean" />
                        </method>
                        <method name="localize" url=".Anguilla.RepositoryLocalItem.js.Tridion.ContentManager.RepositoryLocalItem.localize.html" visibility="prototype" rawName="Tridion.ContentManager.RepositoryLocalItem.prototype.localize" fullName="Tridion.ContentManager.RepositoryLocalItem.localize" staticName="RepositoryLocalItem.localize" synopsis="localize(startEditing: Boolean): Void" synopsisExtended="localize(startEditing: Boolean): Void" type="Object">
                          <arguments value="startEditing">
                            <argument name="startEditing" type="Boolean" description="Controls whether to also check-out the Item." />
                          </arguments>
                          <documentation rawString="&#xA;@param {Boolean} startEditing Controls whether to also check-out the Item.&#xA;" />
                        </method>
                        <method name="unlocalize" url=".Anguilla.RepositoryLocalItem.js.Tridion.ContentManager.RepositoryLocalItem.unlocalize.html" visibility="prototype" rawName="Tridion.ContentManager.RepositoryLocalItem.prototype.unlocalize" fullName="Tridion.ContentManager.RepositoryLocalItem.unlocalize" staticName="RepositoryLocalItem.unlocalize" synopsis="unlocalize(): Void" synopsisExtended="unlocalize(): Void" type="Object" />
                        <method name="getInfo" url=".Anguilla.RepositoryLocalItem.js.Tridion.ContentManager.RepositoryLocalItem.getInfo.html" visibility="prototype" rawName="Tridion.ContentManager.RepositoryLocalItem.prototype.getInfo" fullName="Tridion.ContentManager.RepositoryLocalItem.getInfo" staticName="RepositoryLocalItem.getInfo" synopsis="getInfo(): Tridion.ContentManager.ItemInfo" synopsisExtended="getInfo(): Tridion.ContentManager.ItemInfo" type="Object">
                          <documentation rawString=" &#xA;Gets info object.&#xA;@return {Tridion.ContentManager.ItemInfo}&#xA;">
                            <description>Gets info object.</description>
                          </documentation>
                          <returns type="Tridion.ContentManager.ItemInfo" />
                        </method>
                        <method name="getListItemXmlAttributes" url=".Anguilla.RepositoryLocalItem.js.Tridion.ContentManager.RepositoryLocalItem.getListItemXmlAttributes.html" visibility="prototype" rawName="Tridion.ContentManager.RepositoryLocalItem.prototype.getListItemXmlAttributes" fullName="Tridion.ContentManager.RepositoryLocalItem.getListItemXmlAttributes" staticName="RepositoryLocalItem.getListItemXmlAttributes" synopsis="getListItemXmlAttributes(customAttributes: Array): Object" synopsisExtended="getListItemXmlAttributes(customAttributes: Array): Object" type="Object">
                          <arguments value="customAttributes">
                            <argument name="customAttributes" type="Array" description="The custom attributes to be appended to the xml of Item." />
                          </arguments>
                          <documentation rawString="&#xA;Gets list xml string for the item to be used in a list.&#xA;@param {Array} customAttributes The custom attributes to be appended to the xml of Item.&#xA;@return {Object} associative array of item attributes.&#xA;">
                            <description>Gets list xml string for the item to be used in a list.</description>
                          </documentation>
                          <returns type="Object" description="associative array of item attributes." />
                        </method>
                        <method name="loadBlueprintInfo" url=".Anguilla.RepositoryLocalItem.js.Tridion.ContentManager.RepositoryLocalItem.loadBlueprintInfo.html" visibility="prototype" rawName="Tridion.ContentManager.RepositoryLocalItem.prototype.loadBlueprintInfo" fullName="Tridion.ContentManager.RepositoryLocalItem.loadBlueprintInfo" staticName="RepositoryLocalItem.loadBlueprintInfo" synopsis="loadBlueprintInfo(): Void" synopsisExtended="loadBlueprintInfo(): Void" type="Object">
                          <documentation rawString=" &#xA;Loads Blueprint info from the server. Fires &quot;loadblueprintinfo&quot; event.&#xA;">
                            <description>Loads Blueprint info from the server. Fires "loadblueprintinfo" event.</description>
                          </documentation>
                        </method>
                        <method name="onLoadBlueprintInfo" url=".Anguilla.RepositoryLocalItem.js.Tridion.ContentManager.RepositoryLocalItem.onLoadBlueprintInfo.html" visibility="prototype" rawName="Tridion.ContentManager.RepositoryLocalItem.prototype.onLoadBlueprintInfo" fullName="Tridion.ContentManager.RepositoryLocalItem.onLoadBlueprintInfo" staticName="RepositoryLocalItem.onLoadBlueprintInfo" synopsis="onLoadBlueprintInfo(value: String): Void" synopsisExtended="onLoadBlueprintInfo(value: String): Void" type="Object">
                          <arguments value="value">
                            <argument name="value" type="String" description="The xml string of the loaded blueprint info." />
                          </arguments>
                          <documentation rawString="&#xA;Executes when an the blueprint info of an item has been succesfully loaded from server. Fires &quot;loadblueprintinfo&quot; event.&#xA;@param {String} value The xml string of the loaded blueprint info.&#xA;">
                            <description>Executes when an the blueprint info of an item has been succesfully loaded from server. Fires "loadblueprintinfo" event.</description>
                          </documentation>
                        </method>
                        <method name="onLoadBlueprintInfoError" url=".Anguilla.RepositoryLocalItem.js.Tridion.ContentManager.RepositoryLocalItem.onLoadBlueprintInfoError.html" visibility="prototype" rawName="Tridion.ContentManager.RepositoryLocalItem.prototype.onLoadBlueprintInfoError" fullName="Tridion.ContentManager.RepositoryLocalItem.onLoadBlueprintInfoError" staticName="RepositoryLocalItem.onLoadBlueprintInfoError" synopsis="onLoadBlueprintInfoError(error: Object): Void" synopsisExtended="onLoadBlueprintInfoError(error: Object): Void" type="Object">
                          <arguments value="error">
                            <argument name="error" type="Object" description="The error." />
                          </arguments>
                          <documentation rawString="&#xA;Executes when an the blueprint info of an item failed while loaded from server. Fires &quot;loadblueprintinfofailed&quot; event.&#xA;@param {Object} error The error.&#xA;">
                            <description>Executes when an the blueprint info of an item failed while loaded from server. Fires "loadblueprintinfofailed" event.</description>
                          </documentation>
                        </method>
                        <method name="classify" url=".Anguilla.RepositoryLocalItem.js.Tridion.ContentManager.RepositoryLocalItem.classify.html" visibility="prototype" rawName="Tridion.ContentManager.RepositoryLocalItem.prototype.classify" fullName="Tridion.ContentManager.RepositoryLocalItem.classify" staticName="RepositoryLocalItem.classify" synopsis="classify(keywords: Object): Void" synopsisExtended="classify(keywords: Object): Void" type="Object">
                          <arguments value="keywords">
                            <argument name="keywords" type="Object" />
                          </arguments>
                        </method>
                        <method name="reclassify" url=".Anguilla.RepositoryLocalItem.js.Tridion.ContentManager.RepositoryLocalItem.reclassify.html" visibility="prototype" rawName="Tridion.ContentManager.RepositoryLocalItem.prototype.reclassify" fullName="Tridion.ContentManager.RepositoryLocalItem.reclassify" staticName="RepositoryLocalItem.reclassify" synopsis="reclassify(removeKeywords: Object, addKeywords: Object): Void" synopsisExtended="reclassify(removeKeywords: Object, addKeywords: Object): Void" type="Object">
                          <arguments value="removeKeywords, addKeywords">
                            <argument name="removeKeywords" type="Object" />
                            <argument name="addKeywords" type="Object" />
                          </arguments>
                        </method>
                        <method name="unclassify" url=".Anguilla.RepositoryLocalItem.js.Tridion.ContentManager.RepositoryLocalItem.unclassify.html" visibility="prototype" rawName="Tridion.ContentManager.RepositoryLocalItem.prototype.unclassify" fullName="Tridion.ContentManager.RepositoryLocalItem.unclassify" staticName="RepositoryLocalItem.unclassify" synopsis="unclassify(keywords: Object): Void" synopsisExtended="unclassify(keywords: Object): Void" type="Object">
                          <arguments value="keywords">
                            <argument name="keywords" type="Object" />
                          </arguments>
                        </method>
                        <method name="onClassificationDone" url=".Anguilla.RepositoryLocalItem.js.Tridion.ContentManager.RepositoryLocalItem.onClassificationDone.html" visibility="prototype" rawName="Tridion.ContentManager.RepositoryLocalItem.prototype.onClassificationDone" fullName="Tridion.ContentManager.RepositoryLocalItem.onClassificationDone" staticName="RepositoryLocalItem.onClassificationDone" synopsis="onClassificationDone(result: Object): Void" synopsisExtended="onClassificationDone(result: Object): Void" type="Object">
                          <arguments value="result">
                            <argument name="result" type="Object" />
                          </arguments>
                        </method>
                        <method name="onClassificationError" url=".Anguilla.RepositoryLocalItem.js.Tridion.ContentManager.RepositoryLocalItem.onClassificationError.html" visibility="prototype" rawName="Tridion.ContentManager.RepositoryLocalItem.prototype.onClassificationError" fullName="Tridion.ContentManager.RepositoryLocalItem.onClassificationError" staticName="RepositoryLocalItem.onClassificationError" synopsis="onClassificationError(error: Object): Void" synopsisExtended="onClassificationError(error: Object): Void" type="Object">
                          <arguments value="error">
                            <argument name="error" type="Object" />
                          </arguments>
                        </method>
                        <method name="getListContainingBundles" url=".Anguilla.RepositoryLocalItem.js.Tridion.ContentManager.RepositoryLocalItem.getListContainingBundles.html" visibility="prototype" rawName="Tridion.ContentManager.RepositoryLocalItem.prototype.getListContainingBundles" fullName="Tridion.ContentManager.RepositoryLocalItem.getListContainingBundles" staticName="RepositoryLocalItem.getListContainingBundles" synopsis="getListContainingBundles(filter: Object, rowsExclusive: Object, columnsExclusive: Object): Void" synopsisExtended="getListContainingBundles(filter: Object, rowsExclusive: Object, columnsExclusive: Object): Void" type="Object">
                          <arguments value="filter, rowsExclusive, columnsExclusive">
                            <argument name="filter" type="Object" />
                            <argument name="rowsExclusive" type="Object" />
                            <argument name="columnsExclusive" type="Object" />
                          </arguments>
                        </method>
                        <method name="getLockedById" url=".Anguilla.RepositoryLocalItem.js.Tridion.ContentManager.RepositoryLocalItem.getLockedById.html" visibility="prototype" rawName="Tridion.ContentManager.RepositoryLocalItem.prototype.getLockedById" fullName="Tridion.ContentManager.RepositoryLocalItem.getLockedById" staticName="RepositoryLocalItem.getLockedById" synopsis="getLockedById(): Void" synopsisExtended="getLockedById(): Void" type="Object" />
                        <method name="getLockedBy" url=".Anguilla.RepositoryLocalItem.js.Tridion.ContentManager.RepositoryLocalItem.getLockedBy.html" visibility="prototype" rawName="Tridion.ContentManager.RepositoryLocalItem.prototype.getLockedBy" fullName="Tridion.ContentManager.RepositoryLocalItem.getLockedBy" staticName="RepositoryLocalItem.getLockedBy" synopsis="getLockedBy(): Void" synopsisExtended="getLockedBy(): Void" type="Object" />
                        <method name="getLockedSinceDate" url=".Anguilla.RepositoryLocalItem.js.Tridion.ContentManager.RepositoryLocalItem.getLockedSinceDate.html" visibility="prototype" rawName="Tridion.ContentManager.RepositoryLocalItem.prototype.getLockedSinceDate" fullName="Tridion.ContentManager.RepositoryLocalItem.getLockedSinceDate" staticName="RepositoryLocalItem.getLockedSinceDate" synopsis="getLockedSinceDate(): Void" synopsisExtended="getLockedSinceDate(): Void" type="Object" />
                        <method name="getLockTypeName" url=".Anguilla.RepositoryLocalItem.js.Tridion.ContentManager.RepositoryLocalItem.getLockTypeName.html" visibility="prototype" rawName="Tridion.ContentManager.RepositoryLocalItem.prototype.getLockTypeName" fullName="Tridion.ContentManager.RepositoryLocalItem.getLockTypeName" staticName="RepositoryLocalItem.getLockTypeName" synopsis="getLockTypeName(): Void" synopsisExtended="getLockTypeName(): Void" type="Object" />
                        <method name="getLockType" url=".Anguilla.RepositoryLocalItem.js.Tridion.ContentManager.RepositoryLocalItem.getLockType.html" visibility="prototype" rawName="Tridion.ContentManager.RepositoryLocalItem.prototype.getLockType" fullName="Tridion.ContentManager.RepositoryLocalItem.getLockType" staticName="RepositoryLocalItem.getLockType" synopsis="getLockType(): Void" synopsisExtended="getLockType(): Void" type="Object" />
                        <method name="executeLoadBlueprintInfo" url=".Anguilla.RepositoryLocalItem.js.Tridion.ContentManager.RepositoryLocalItem.executeLoadBlueprintInfo.html" visibility="prototype" rawName="Tridion.ContentManager.RepositoryLocalItem.prototype.executeLoadBlueprintInfo" fullName="Tridion.ContentManager.RepositoryLocalItem.executeLoadBlueprintInfo" staticName="RepositoryLocalItem.executeLoadBlueprintInfo" synopsis="executeLoadBlueprintInfo(id: String, success: Function, failure: Function): Void" synopsisExtended="executeLoadBlueprintInfo(id: String, success: Function, failure: Function): Void" type="Object">
                          <arguments value="id, success, failure">
                            <argument name="id" type="String" description="The id of the Item." />
                            <argument name="success" type="Function" description="The callback to be caled on success." />
                            <argument name="failure" type="Function" description="The callback to be called on failure." />
                          </arguments>
                          <documentation rawString="&#xA;Server call for loading BlueprintInfo for this item.&#xA;@param {String} id The id of the Item.&#xA;@param {Function} success The callback to be caled on success.&#xA;@param {Function} failure The callback to be called on failure.&#xA;">
                            <description>Server call for loading BlueprintInfo for this item.</description>
                          </documentation>
                        </method>
                        <method name="executeLocalizeItem" url=".Anguilla.RepositoryLocalItem.js.Tridion.ContentManager.RepositoryLocalItem.executeLocalizeItem.html" visibility="prototype" rawName="Tridion.ContentManager.RepositoryLocalItem.prototype.executeLocalizeItem" fullName="Tridion.ContentManager.RepositoryLocalItem.executeLocalizeItem" staticName="RepositoryLocalItem.executeLocalizeItem" synopsis="executeLocalizeItem(id: String, success: Function, failure: Function): Void" synopsisExtended="executeLocalizeItem(id: String, success: Function, failure: Function): Void" type="Object">
                          <arguments value="id, startEditing, success, failure">
                            <argument name="id" type="String" description="The id of the Item." />
                            <argument name="success" type="Function" description="The callback to be caled on success." />
                            <argument name="failure" type="Function" description="The callback to be called on failure." />
                          </arguments>
                          <documentation rawString="&#xA;Server call for localizing item.&#xA;@param {String} id The id of the Item.&#xA;@param {Boolean} startEditing&#xA;@param {Function} success The callback to be caled on success.&#xA;@param {Function} failure The callback to be called on failure.&#xA;">
                            <description>Server call for localizing item.</description>
                          </documentation>
                        </method>
                        <method name="executeUnlocalizeItem" url=".Anguilla.RepositoryLocalItem.js.Tridion.ContentManager.RepositoryLocalItem.executeUnlocalizeItem.html" visibility="prototype" rawName="Tridion.ContentManager.RepositoryLocalItem.prototype.executeUnlocalizeItem" fullName="Tridion.ContentManager.RepositoryLocalItem.executeUnlocalizeItem" staticName="RepositoryLocalItem.executeUnlocalizeItem" synopsis="executeUnlocalizeItem(id: String, success: Function, failure: Function): Void" synopsisExtended="executeUnlocalizeItem(id: String, success: Function, failure: Function): Void" type="Object">
                          <arguments value="id, success, failure">
                            <argument name="id" type="String" description="The id of the Item." />
                            <argument name="success" type="Function" description="The callback to be caled on success." />
                            <argument name="failure" type="Function" description="The callback to be called on failure." />
                          </arguments>
                          <documentation rawString="&#xA;Server call for unlocalizing item.&#xA;@param {String} id The id of the Item.&#xA;@param {Function} success The callback to be caled on success.&#xA;@param {Function} failure The callback to be called on failure.&#xA;">
                            <description>Server call for unlocalizing item.</description>
                          </documentation>
                        </method>
                        <method name="executeClassifyItem" url=".Anguilla.RepositoryLocalItem.js.Tridion.ContentManager.RepositoryLocalItem.executeClassifyItem.html" visibility="prototype" rawName="Tridion.ContentManager.RepositoryLocalItem.prototype.executeClassifyItem" fullName="Tridion.ContentManager.RepositoryLocalItem.executeClassifyItem" staticName="RepositoryLocalItem.executeClassifyItem" synopsis="executeClassifyItem(id: String, keywords: array, success: Function, failure: Function): Void" synopsisExtended="executeClassifyItem(id: String, keywords: array, success: Function, failure: Function): Void" type="Object">
                          <arguments value="id, keywords, success, failure">
                            <argument name="id" type="String" description="The id of the Item." />
                            <argument name="keywords" type="array" description="Array of keywords ids." />
                            <argument name="success" type="Function" description="The callback to be caled on success." />
                            <argument name="failure" type="Function" description="The callback to be called on failure." />
                          </arguments>
                          <documentation rawString="&#xA;Server call to classify this item.&#xA;@param {String} id The id of the Item.&#xA;@param {String array} keywords Array of keywords ids.&#xA;@param {Function} success The callback to be caled on success.&#xA;@param {Function} failure The callback to be called on failure.&#xA;">
                            <description>Server call to classify this item.</description>
                          </documentation>
                        </method>
                        <method name="executeReClassifyItem" url=".Anguilla.RepositoryLocalItem.js.Tridion.ContentManager.RepositoryLocalItem.executeReClassifyItem.html" visibility="prototype" rawName="Tridion.ContentManager.RepositoryLocalItem.prototype.executeReClassifyItem" fullName="Tridion.ContentManager.RepositoryLocalItem.executeReClassifyItem" staticName="RepositoryLocalItem.executeReClassifyItem" synopsis="executeReClassifyItem(id: String, addKeywords: array, removeKeywords: array, success: Function, failure: Function): Void" synopsisExtended="executeReClassifyItem(id: String, addKeywords: array, removeKeywords: array, success: Function, failure: Function): Void" type="Object">
                          <arguments value="id, removeKeywords, addKeywords, success, failure">
                            <argument name="id" type="String" description="The id of the Item." />
                            <argument name="addKeywords" type="array" description="Array of keywords ids to replace removed keywords." />
                            <argument name="removeKeywords" type="array" description="Array of keywords ids to be removed." />
                            <argument name="success" type="Function" description="The callback to be caled on success." />
                            <argument name="failure" type="Function" description="The callback to be called on failure." />
                          </arguments>
                          <documentation rawString="&#xA;Server call to re-classify this item.&#xA;@param {String} id The id of the Item.&#xA;@param {String array} addKeywords Array of keywords ids to replace removed keywords.&#xA;@param {String array} removeKeywords Array of keywords ids to be removed.&#xA;@param {Function} success The callback to be caled on success.&#xA;@param {Function} failure The callback to be called on failure.&#xA;">
                            <description>Server call to re-classify this item.</description>
                          </documentation>
                        </method>
                        <method name="executeUnClassifyItem" url=".Anguilla.RepositoryLocalItem.js.Tridion.ContentManager.RepositoryLocalItem.executeUnClassifyItem.html" visibility="prototype" rawName="Tridion.ContentManager.RepositoryLocalItem.prototype.executeUnClassifyItem" fullName="Tridion.ContentManager.RepositoryLocalItem.executeUnClassifyItem" staticName="RepositoryLocalItem.executeUnClassifyItem" synopsis="executeUnClassifyItem(id: String, keywords: array, success: Function, failure: Function): Void" synopsisExtended="executeUnClassifyItem(id: String, keywords: array, success: Function, failure: Function): Void" type="Object">
                          <arguments value="id, keywords, success, failure">
                            <argument name="id" type="String" description="The id of the Item." />
                            <argument name="keywords" type="array" description="Array of keywords ids to be removed." />
                            <argument name="success" type="Function" description="The callback to be caled on success." />
                            <argument name="failure" type="Function" description="The callback to be called on failure." />
                          </arguments>
                          <documentation rawString="&#xA;Server call to un-classify this item.&#xA;@param {String} id The id of the Item.&#xA;@param {String array} keywords Array of keywords ids to be removed.&#xA;@param {Function} success The callback to be caled on success.&#xA;@param {Function} failure The callback to be called on failure.&#xA;">
                            <description>Server call to un-classify this item.</description>
                          </documentation>
                        </method>
                        <method name="pack" url=".Anguilla.RepositoryLocalItem.js.Tridion.ContentManager.RepositoryLocalItem.pack.html" visibility="prototype" rawName="Tridion.ContentManager.RepositoryLocalItem.prototype.pack" fullName="Tridion.ContentManager.RepositoryLocalItem.pack" staticName="RepositoryLocalItem.pack" synopsis="pack(): Void" synopsisExtended="pack(): Void" type="Object" />
                        <method name="unpack" url=".Anguilla.RepositoryLocalItem.js.Tridion.ContentManager.RepositoryLocalItem.unpack.html" visibility="prototype" rawName="Tridion.ContentManager.RepositoryLocalItem.prototype.unpack" fullName="Tridion.ContentManager.RepositoryLocalItem.unpack" staticName="RepositoryLocalItem.unpack" synopsis="unpack(data: Object): Void" synopsisExtended="unpack(data: Object): Void" type="Object">
                          <arguments value="data">
                            <argument name="data" type="Object" />
                          </arguments>
                        </method>
                      </methods>
                      <events>
                        <event name="onloading" url=".Anguilla.RepositoryLocalItem.js.Tridion.ContentManager.RepositoryLocalItem.onloading.html" visibility="prototype" rawName="onloading" fullName="onloading" staticName="RepositoryLocalItem.onloading" type="Object">
                          <documentation rawString="" />
                        </event>
                        <event name="onload" url=".Anguilla.RepositoryLocalItem.js.Tridion.ContentManager.RepositoryLocalItem.onload.html" visibility="prototype" rawName="onload" fullName="onload" staticName="RepositoryLocalItem.onload" type="Object">
                          <documentation rawString="" />
                        </event>
                        <event name="onloadfailed" url=".Anguilla.RepositoryLocalItem.js.Tridion.ContentManager.RepositoryLocalItem.onloadfailed.html" visibility="prototype" rawName="onloadfailed" fullName="onloadfailed" staticName="RepositoryLocalItem.onloadfailed" type="Object">
                          <documentation rawString="">
                            <summary>Base methods are called directly on Tridion.ContentManager.Item for purpose.</summary>
                            <description>Otherwise both BlueprintHierarchyProvider and ListProvider will do two identical base calls on Item interface.</description>
                          </documentation>
                        </event>
                      </events>
                    </members>
                  </class>
                </classes>
              </members>
            </property>
          </properties>
        </members>
      </property>
    </properties>
    <events>
      <event name="onloading" url=".Anguilla.RepositoryLocalItem.js.onloading.html" visibility="prototype" rawName="onloading" fullName="onloading" staticName="RepositoryLocalItem.js.onloading" type="Object">
        <documentation rawString="" />
      </event>
      <event name="onload" url=".Anguilla.RepositoryLocalItem.js.onload.html" visibility="prototype" rawName="onload" fullName="onload" staticName="RepositoryLocalItem.js.onload" type="Object">
        <documentation rawString="" />
      </event>
      <event name="onloadfailed" url=".Anguilla.RepositoryLocalItem.js.onloadfailed.html" visibility="prototype" rawName="onloadfailed" fullName="onloadfailed" staticName="RepositoryLocalItem.js.onloadfailed" type="Object">
        <documentation rawString="">
          <summary>Base methods are called directly on Tridion.ContentManager.Item for purpose.</summary>
          <description>Otherwise both BlueprintHierarchyProvider and ListProvider will do two identical base calls on Item interface.</description>
        </documentation>
      </event>
    </events>
  </members>
</class>