<document name="Resizer.js" url="Resizer.js.html" visibility="default" rawName="Resizer.js" fullName="Resizer.js" staticName="Anguilla.Resizer.js">
  <members>
    <properties>
      <property name="Tridion" url=".Anguilla.Resizer.js.Tridion.html" visibility="public" rawName="Tridion" fullName="Tridion" staticName="Resizer.js.Tridion" synopsis="Resizer.js.Tridion: Object;" synopsisExtended="Resizer.js.Tridion: &lt;a href=&quot;&quot;&gt;Object&lt;/a&gt;;" type="Object" virtual="true">
        <members>
          <properties>
            <property name="Controls" url=".Anguilla.Resizer.js.Tridion.Controls.html" visibility="static" rawName="Tridion.Controls" fullName="Tridion.Controls" staticName="Tridion.Controls" synopsis="Tridion.Controls: Object;" synopsisExtended="Tridion.Controls: &lt;a href=&quot;&quot;&gt;Object&lt;/a&gt;;" type="Object" virtual="true">
              <members>
                <classes>
                  <class name="Resizer" url=".Anguilla.Resizer.js.Tridion.Controls.Resizer.html" visibility="static" rawName="Tridion.Controls.Resizer" fullName="Tridion.Controls.Resizer" staticName="Controls.Resizer" synopsis="var x: Resizer = new Resizer(element: HTMLElement);" synopsisExtended="var x: &lt;a href=&quot;.Anguilla.Resizer.js.Tridion.Controls.Resizer.html&quot;&gt;Resizer&lt;/a&gt; = new Resizer(element: HTMLElement);" type="Object">
                    <arguments value="element">
                      <argument name="element" type="HTMLElement" description="The html element that represents this control." />
                    </arguments>
                    <extends />
                    <documentation rawString="&#xA;* Implements a Resizer control.&#xA;* @constructor&#xA;* @event change Fires when an item is added to or removed from the target list&#xA;* @event edit Fires when the edit button is clicked for a selection&#xA;* @param {HTMLElement} element The html element that represents this control.&#xA;">
                      <summary>Implements a Resizer control.</summary>
                    </documentation>
                    <members>
                      <methods>
                        <method name="initialize" url=".Anguilla.Resizer.js.Tridion.Controls.Resizer.initialize.html" visibility="prototype" rawName="Tridion.Controls.Resizer.prototype.initialize" fullName="Tridion.Controls.Resizer.initialize" staticName="Resizer.initialize" synopsis="initialize(): Void" synopsisExtended="initialize(): Void" type="Object" />
                        <method name="_render" url=".Anguilla.Resizer.js.Tridion.Controls.Resizer._render.html" visibility="prototype" rawName="Tridion.Controls.Resizer.prototype._render" fullName="Tridion.Controls.Resizer._render" staticName="Resizer._render" synopsis="_render(): Void" synopsisExtended="_render(): Void" type="Object" />
                        <method name="_onMouseDown" url=".Anguilla.Resizer.js.Tridion.Controls.Resizer._onMouseDown.html" visibility="prototype" rawName="Tridion.Controls.Resizer.prototype._onMouseDown" fullName="Tridion.Controls.Resizer._onMouseDown" staticName="Resizer._onMouseDown" synopsis="_onMouseDown(e: Object): Void" synopsisExtended="_onMouseDown(e: Object): Void" type="Object">
                          <arguments value="e">
                            <argument name="e" type="Object" />
                          </arguments>
                        </method>
                        <method name="_onDragStart" url=".Anguilla.Resizer.js.Tridion.Controls.Resizer._onDragStart.html" visibility="prototype" rawName="Tridion.Controls.Resizer.prototype._onDragStart" fullName="Tridion.Controls.Resizer._onDragStart" staticName="Resizer._onDragStart" synopsis="_onDragStart(e: Object): Void" synopsisExtended="_onDragStart(e: Object): Void" type="Object">
                          <arguments value="e">
                            <argument name="e" type="Object" />
                          </arguments>
                        </method>
                        <method name="_onDragMove" url=".Anguilla.Resizer.js.Tridion.Controls.Resizer._onDragMove.html" visibility="prototype" rawName="Tridion.Controls.Resizer.prototype._onDragMove" fullName="Tridion.Controls.Resizer._onDragMove" staticName="Resizer._onDragMove" synopsis="_onDragMove(): Void" synopsisExtended="_onDragMove(): Void" type="Object" />
                        <method name="_onDragStop" url=".Anguilla.Resizer.js.Tridion.Controls.Resizer._onDragStop.html" visibility="prototype" rawName="Tridion.Controls.Resizer.prototype._onDragStop" fullName="Tridion.Controls.Resizer._onDragStop" staticName="Resizer._onDragStop" synopsis="_onDragStop(): Void" synopsisExtended="_onDragStop(): Void" type="Object" />
                        <method name="_resize" url=".Anguilla.Resizer.js.Tridion.Controls.Resizer._resize.html" visibility="prototype" rawName="Tridion.Controls.Resizer.prototype._resize" fullName="Tridion.Controls.Resizer._resize" staticName="Resizer._resize" synopsis="_resize(): Void" synopsisExtended="_resize(): Void" type="Object" />
                      </methods>
                      <events>
                        <event name="change" url=".Anguilla.Resizer.js.Tridion.Controls.Resizer.change.html" visibility="prototype" rawName="change" fullName="change" staticName="Resizer.change" type="Object">
                          <documentation rawString="">
                            <summary>Fires when an item is added to or removed from the target list</summary>
                          </documentation>
                        </event>
                        <event name="edit" url=".Anguilla.Resizer.js.Tridion.Controls.Resizer.edit.html" visibility="prototype" rawName="edit" fullName="edit" staticName="Resizer.edit" type="Object">
                          <documentation rawString="">
                            <summary>Fires when the edit button is clicked for a selection</summary>
                          </documentation>
                        </event>
                      </events>
                    </members>
                  </class>
                </classes>
              </members>
            </property>
          </properties>
        </members>
      </property>
    </properties>
  </members>
</document>