<document name="RibbonDropdown.js" url="RibbonDropdown.js.html" visibility="default" rawName="RibbonDropdown.js" fullName="RibbonDropdown.js" staticName="Anguilla.RibbonDropdown.js">
  <members>
    <properties>
      <property name="Tridion" url=".Anguilla.RibbonDropdown.js.Tridion.html" visibility="public" rawName="Tridion" fullName="Tridion" staticName="RibbonDropdown.js.Tridion" synopsis="RibbonDropdown.js.Tridion: Object;" synopsisExtended="RibbonDropdown.js.Tridion: &lt;a href=&quot;&quot;&gt;Object&lt;/a&gt;;" type="Object" virtual="true">
        <members>
          <properties>
            <property name="Controls" url=".Anguilla.RibbonDropdown.js.Tridion.Controls.html" visibility="static" rawName="Tridion.Controls" fullName="Tridion.Controls" staticName="Tridion.Controls" synopsis="Tridion.Controls: Object;" synopsisExtended="Tridion.Controls: &lt;a href=&quot;&quot;&gt;Object&lt;/a&gt;;" type="Object" virtual="true">
              <members>
                <classes>
                  <class name="RibbonDropdown" url=".Anguilla.RibbonDropdown.js.Tridion.Controls.RibbonDropdown.html" visibility="static" rawName="Tridion.Controls.RibbonDropdown" fullName="Tridion.Controls.RibbonDropdown" staticName="Controls.RibbonDropdown" synopsis="var x: RibbonDropdown = new RibbonDropdown(element: Object);" synopsisExtended="var x: &lt;a href=&quot;.Anguilla.RibbonDropdown.js.Tridion.Controls.RibbonDropdown.html&quot;&gt;RibbonDropdown&lt;/a&gt; = new RibbonDropdown(element: Object);" type="Object">
                    <arguments value="element">
                      <argument name="element" type="Object" />
                    </arguments>
                    <extends />
                    <members>
                      <methods>
                        <method name="initialize" url=".Anguilla.RibbonDropdown.js.Tridion.Controls.RibbonDropdown.initialize.html" visibility="prototype" rawName="Tridion.Controls.RibbonDropdown.prototype.initialize" fullName="Tridion.Controls.RibbonDropdown.initialize" staticName="RibbonDropdown.initialize" synopsis="initialize(): Void" synopsisExtended="initialize(): Void" type="Object" />
                        <method name="enable" url=".Anguilla.RibbonDropdown.js.Tridion.Controls.RibbonDropdown.enable.html" visibility="prototype" rawName="Tridion.Controls.RibbonDropdown.prototype.enable" fullName="Tridion.Controls.RibbonDropdown.enable" staticName="RibbonDropdown.enable" synopsis="enable(): Void" synopsisExtended="enable(): Void" type="Object" />
                        <method name="disable" url=".Anguilla.RibbonDropdown.js.Tridion.Controls.RibbonDropdown.disable.html" visibility="prototype" rawName="Tridion.Controls.RibbonDropdown.prototype.disable" fullName="Tridion.Controls.RibbonDropdown.disable" staticName="RibbonDropdown.disable" synopsis="disable(): Void" synopsisExtended="disable(): Void" type="Object" />
                        <method name="getSelectElement" url=".Anguilla.RibbonDropdown.js.Tridion.Controls.RibbonDropdown.getSelectElement.html" visibility="prototype" rawName="Tridion.Controls.RibbonDropdown.prototype.getSelectElement" fullName="Tridion.Controls.RibbonDropdown.getSelectElement" staticName="RibbonDropdown.getSelectElement" synopsis="getSelectElement(): Void" synopsisExtended="getSelectElement(): Void" type="Object" />
                        <method name="getValue" url=".Anguilla.RibbonDropdown.js.Tridion.Controls.RibbonDropdown.getValue.html" visibility="prototype" rawName="Tridion.Controls.RibbonDropdown.prototype.getValue" fullName="Tridion.Controls.RibbonDropdown.getValue" staticName="RibbonDropdown.getValue" synopsis="getValue(): Void" synopsisExtended="getValue(): Void" type="Object" />
                        <method name="setValue" url=".Anguilla.RibbonDropdown.js.Tridion.Controls.RibbonDropdown.setValue.html" visibility="prototype" rawName="Tridion.Controls.RibbonDropdown.prototype.setValue" fullName="Tridion.Controls.RibbonDropdown.setValue" staticName="RibbonDropdown.setValue" synopsis="setValue(value: Object): Void" synopsisExtended="setValue(value: Object): Void" type="Object">
                          <arguments value="value">
                            <argument name="value" type="Object" />
                          </arguments>
                        </method>
                        <method name="getCommandName" url=".Anguilla.RibbonDropdown.js.Tridion.Controls.RibbonDropdown.getCommandName.html" visibility="prototype" rawName="Tridion.Controls.RibbonDropdown.prototype.getCommandName" fullName="Tridion.Controls.RibbonDropdown.getCommandName" staticName="RibbonDropdown.getCommandName" synopsis="getCommandName(): Void" synopsisExtended="getCommandName(): Void" type="Object" />
                        <method name="_onSelectChange" url=".Anguilla.RibbonDropdown.js.Tridion.Controls.RibbonDropdown._onSelectChange.html" visibility="prototype" rawName="Tridion.Controls.RibbonDropdown.prototype._onSelectChange" fullName="Tridion.Controls.RibbonDropdown._onSelectChange" staticName="RibbonDropdown._onSelectChange" synopsis="_onSelectChange(e: Object): Void" synopsisExtended="_onSelectChange(e: Object): Void" type="Object">
                          <arguments value="e">
                            <argument name="e" type="Object" />
                          </arguments>
                        </method>
                      </methods>
                    </members>
                  </class>
                </classes>
              </members>
            </property>
          </properties>
        </members>
      </property>
    </properties>
  </members>
</document>