<document name="RibbonItemWithContextMenu.js" url="RibbonItemWithContextMenu.js.html" visibility="default" rawName="RibbonItemWithContextMenu.js" fullName="RibbonItemWithContextMenu.js" staticName="Anguilla.RibbonItemWithContextMenu.js">
  <members>
    <properties>
      <property name="Tridion" url=".Anguilla.RibbonItemWithContextMenu.js.Tridion.html" visibility="public" rawName="Tridion" fullName="Tridion" staticName="RibbonItemWithContextMenu.js.Tridion" synopsis="RibbonItemWithContextMenu.js.Tridion: Object;" synopsisExtended="RibbonItemWithContextMenu.js.Tridion: &lt;a href=&quot;&quot;&gt;Object&lt;/a&gt;;" type="Object" virtual="true">
        <members>
          <properties>
            <property name="Controls" url=".Anguilla.RibbonItemWithContextMenu.js.Tridion.Controls.html" visibility="static" rawName="Tridion.Controls" fullName="Tridion.Controls" staticName="Tridion.Controls" synopsis="Tridion.Controls: Object;" synopsisExtended="Tridion.Controls: &lt;a href=&quot;&quot;&gt;Object&lt;/a&gt;;" type="Object" virtual="true">
              <members>
                <classes>
                  <class name="RibbonItemWithContextMenu" url=".Anguilla.RibbonItemWithContextMenu.js.Tridion.Controls.RibbonItemWithContextMenu.html" visibility="static" rawName="Tridion.Controls.RibbonItemWithContextMenu" fullName="Tridion.Controls.RibbonItemWithContextMenu" staticName="Controls.RibbonItemWithContextMenu" synopsis="var x: RibbonItemWithContextMenu = new RibbonItemWithContextMenu(element: Object);" synopsisExtended="var x: &lt;a href=&quot;.Anguilla.RibbonItemWithContextMenu.js.Tridion.Controls.RibbonItemWithContextMenu.html&quot;&gt;RibbonItemWithContextMenu&lt;/a&gt; = new RibbonItemWithContextMenu(element: Object);" type="Object">
                    <arguments value="element">
                      <argument name="element" type="Object" />
                    </arguments>
                    <extends />
                    <members>
                      <methods>
                        <method name="showContextMenu" url=".Anguilla.RibbonItemWithContextMenu.js.Tridion.Controls.RibbonItemWithContextMenu.showContextMenu.html" visibility="prototype" rawName="Tridion.Controls.RibbonItemWithContextMenu.prototype.showContextMenu" fullName="Tridion.Controls.RibbonItemWithContextMenu.showContextMenu" staticName="RibbonItemWithContextMenu.showContextMenu" synopsis="showContextMenu(): Void" synopsisExtended="showContextMenu(): Void" type="Object" />
                        <method name="hideContextMenu" url=".Anguilla.RibbonItemWithContextMenu.js.Tridion.Controls.RibbonItemWithContextMenu.hideContextMenu.html" visibility="prototype" rawName="Tridion.Controls.RibbonItemWithContextMenu.prototype.hideContextMenu" fullName="Tridion.Controls.RibbonItemWithContextMenu.hideContextMenu" staticName="RibbonItemWithContextMenu.hideContextMenu" synopsis="hideContextMenu(): Void" synopsisExtended="hideContextMenu(): Void" type="Object" />
                        <method name="getContextMenuCoordinates" url=".Anguilla.RibbonItemWithContextMenu.js.Tridion.Controls.RibbonItemWithContextMenu.getContextMenuCoordinates.html" visibility="prototype" rawName="Tridion.Controls.RibbonItemWithContextMenu.prototype.getContextMenuCoordinates" fullName="Tridion.Controls.RibbonItemWithContextMenu.getContextMenuCoordinates" staticName="RibbonItemWithContextMenu.getContextMenuCoordinates" synopsis="getContextMenuCoordinates(): Void" synopsisExtended="getContextMenuCoordinates(): Void" type="Object" />
                        <method name="hide" url=".Anguilla.RibbonItemWithContextMenu.js.Tridion.Controls.RibbonItemWithContextMenu.hide.html" visibility="prototype" rawName="Tridion.Controls.RibbonItemWithContextMenu.prototype.hide" fullName="Tridion.Controls.RibbonItemWithContextMenu.hide" staticName="RibbonItemWithContextMenu.hide" synopsis="hide(): Void" synopsisExtended="hide(): Void" type="Object" />
                        <method name="disable" url=".Anguilla.RibbonItemWithContextMenu.js.Tridion.Controls.RibbonItemWithContextMenu.disable.html" visibility="prototype" rawName="Tridion.Controls.RibbonItemWithContextMenu.prototype.disable" fullName="Tridion.Controls.RibbonItemWithContextMenu.disable" staticName="RibbonItemWithContextMenu.disable" synopsis="disable(): Void" synopsisExtended="disable(): Void" type="Object" />
                        <method name="_onContextMenuHide" url=".Anguilla.RibbonItemWithContextMenu.js.Tridion.Controls.RibbonItemWithContextMenu._onContextMenuHide.html" visibility="prototype" rawName="Tridion.Controls.RibbonItemWithContextMenu.prototype._onContextMenuHide" fullName="Tridion.Controls.RibbonItemWithContextMenu._onContextMenuHide" staticName="RibbonItemWithContextMenu._onContextMenuHide" synopsis="_onContextMenuHide(e: Object): Void" synopsisExtended="_onContextMenuHide(e: Object): Void" type="Object">
                          <arguments value="e">
                            <argument name="e" type="Object" />
                          </arguments>
                        </method>
                        <method name="_onContextMenuEscape" url=".Anguilla.RibbonItemWithContextMenu.js.Tridion.Controls.RibbonItemWithContextMenu._onContextMenuEscape.html" visibility="prototype" rawName="Tridion.Controls.RibbonItemWithContextMenu.prototype._onContextMenuEscape" fullName="Tridion.Controls.RibbonItemWithContextMenu._onContextMenuEscape" staticName="RibbonItemWithContextMenu._onContextMenuEscape" synopsis="_onContextMenuEscape(e: Object): Void" synopsisExtended="_onContextMenuEscape(e: Object): Void" type="Object">
                          <arguments value="e">
                            <argument name="e" type="Object" />
                          </arguments>
                        </method>
                      </methods>
                    </members>
                  </class>
                </classes>
              </members>
            </property>
          </properties>
        </members>
      </property>
    </properties>
  </members>
</document>