<document name="Schema.js" url="Schema.js.html" visibility="default" rawName="Schema.js" fullName="Schema.js" staticName="Anguilla.Schema.js">
  <members>
    <properties>
      <property name="Tridion" url=".Anguilla.Schema.js.Tridion.html" visibility="public" rawName="Tridion" fullName="Tridion" staticName="Schema.js.Tridion" synopsis="Schema.js.Tridion: Object;" synopsisExtended="Schema.js.Tridion: &lt;a href=&quot;&quot;&gt;Object&lt;/a&gt;;" type="Object" virtual="true">
        <members>
          <properties>
            <property name="Cme" url=".Anguilla.Schema.js.Tridion.Cme.html" visibility="static" rawName="Tridion.Cme" fullName="Tridion.Cme" staticName="Tridion.Cme" synopsis="Tridion.Cme: Object;" synopsisExtended="Tridion.Cme: &lt;a href=&quot;&quot;&gt;Object&lt;/a&gt;;" type="Object" virtual="true">
              <members>
                <properties>
                  <property name="Views" url=".Anguilla.Schema.js.Tridion.Cme.Views.html" visibility="static" rawName="Tridion.Cme.Views" fullName="Tridion.Cme.Views" staticName="Cme.Views" synopsis="Cme.Views: Object;" synopsisExtended="Cme.Views: &lt;a href=&quot;&quot;&gt;Object&lt;/a&gt;;" type="Object" virtual="true">
                    <members>
                      <classes>
                        <class name="Schema" url=".Anguilla.Schema.js.Tridion.Cme.Views.Schema.html" visibility="static" rawName="Tridion.Cme.Views.Schema" fullName="Tridion.Cme.Views.Schema" staticName="Views.Schema" synopsis="var x: Schema = new Schema(element: HTMLElement);" synopsisExtended="var x: &lt;a href=&quot;.Anguilla.Schema.js.Tridion.Cme.Views.Schema.html&quot;&gt;Schema&lt;/a&gt; = new Schema(element: HTMLElement);" type="Object">
                          <arguments value="element">
                            <argument name="element" type="HTMLElement" description="The html element that represents this control." />
                          </arguments>
                          <extends />
                          <documentation rawString="&#xA; * Implements Schema view.&#xA; * @param {HTMLElement} element The html element that represents this control.   &#xA; * @constructor&#xA; ">
                            <summary>Implements Schema view.</summary>
                          </documentation>
                          <members>
                            <methods>
                              <method name="onRefresh" url=".Anguilla.Schema.js.Tridion.Cme.Views.Schema.onRefresh.html" visibility="prototype" rawName="Tridion.Cme.Views.Schema.prototype.onRefresh" fullName="Tridion.Cme.Views.Schema.onRefresh" staticName="Schema.onRefresh" synopsis="onRefresh(The: e.): Void" synopsisExtended="onRefresh(The: e.): Void" type="Object">
                                <arguments value="e">
                                  <argument name="The" type="e." description="event is fired from the &lt;c&gt;Tridion.DisplayController&lt;/c&gt;." />
                                </arguments>
                                <documentation rawString="&#xA; * Reacts on Display Refresh event.&#xA; * @param {Tridion.Core.Event} e. The event is fired from the &lt;c&gt;Tridion.DisplayController&lt;/c&gt;.&#xA; ">
                                  <summary>Reacts on Display Refresh event.</summary>
                                </documentation>
                              </method>
                              <method name="updateView" url=".Anguilla.Schema.js.Tridion.Cme.Views.Schema.updateView.html" visibility="prototype" rawName="Tridion.Cme.Views.Schema.prototype.updateView" fullName="Tridion.Cme.Views.Schema.updateView" staticName="Schema.updateView" synopsis="updateView(): Void" synopsisExtended="updateView(): Void" type="Object">
                                <documentation rawString="&#xA; * Updating view representation.&#xA; ">
                                  <summary>Updating view representation.</summary>
                                </documentation>
                              </method>
                              <method name="copyDescription" url=".Anguilla.Schema.js.Tridion.Cme.Views.Schema.copyDescription.html" visibility="prototype" rawName="Tridion.Cme.Views.Schema.prototype.copyDescription" fullName="Tridion.Cme.Views.Schema.copyDescription" staticName="Schema.copyDescription" synopsis="copyDescription(): Void" synopsisExtended="copyDescription(): Void" type="Object">
                                <documentation rawString="&#xA; * Populates description with the same as title value.&#xA; ">
                                  <summary>Populates description with the same as title value.</summary>
                                </documentation>
                              </method>
                              <method name="onItemChanged" url=".Anguilla.Schema.js.Tridion.Cme.Views.Schema.onItemChanged.html" visibility="prototype" rawName="Tridion.Cme.Views.Schema.prototype.onItemChanged" fullName="Tridion.Cme.Views.Schema.onItemChanged" staticName="Schema.onItemChanged" synopsis="onItemChanged(The: event.): Void" synopsisExtended="onItemChanged(The: event.): Void" type="Object">
                                <arguments value="event">
                                  <argument name="The" type="event." description="event fired from the Item." />
                                </arguments>
                                <documentation rawString="&#xA; * Handles the change event in Item.&#xA; * @param {Tridion.Core.Event} event. The event fired from the Item.&#xA; ">
                                  <summary>Handles the change event in Item.</summary>
                                </documentation>
                              </method>
                              <method name="onItemValidate" url=".Anguilla.Schema.js.Tridion.Cme.Views.Schema.onItemValidate.html" visibility="prototype" rawName="Tridion.Cme.Views.Schema.prototype.onItemValidate" fullName="Tridion.Cme.Views.Schema.onItemValidate" staticName="Schema.onItemValidate" synopsis="onItemValidate(The: event.): Bollean" synopsisExtended="onItemValidate(The: event.): Bollean" type="Object">
                                <arguments value="event">
                                  <argument name="The" type="event." description="event is the event fired from the &lt;c&gt;Tridion.FormatArea&lt;/c&gt;." />
                                </arguments>
                                <documentation rawString="&#xA; * Handles the validate event in Item.&#xA; * @param {Tridion.Core.Event} event. The event is the event fired from the &lt;c&gt;Tridion.FormatArea&lt;/c&gt;.&#xA; * @returns {Bollean} True if item is Valid.&#xA; ">
                                  <summary>Handles the validate event in Item.</summary>
                                </documentation>
                                <members>
                                  <methods>
                                    <method name="Schema$onItemValidate$onModalPopupUnloaded" url=".Anguilla.Schema.js.Tridion.Cme.Views.Schema.onItemValidate.Schema$onItemValidate$onModalPopupUnloaded.html" visibility="private" rawName="Schema$onItemValidate$onModalPopupUnloaded" fullName="Schema$onItemValidate$onModalPopupUnloaded" staticName="onItemValidate.Schema$onItemValidate$onModalPopupUnloaded" synopsis="Schema$onItemValidate$onModalPopupUnloaded(): Void" synopsisExtended="Schema$onItemValidate$onModalPopupUnloaded(): Void" type="Object" />
                                  </methods>
                                </members>
                                <returns type="Bollean" description="True if item is Valid." />
                              </method>
                              <method name="onFieldsChanged" url=".Anguilla.Schema.js.Tridion.Cme.Views.Schema.onFieldsChanged.html" visibility="prototype" rawName="Tridion.Cme.Views.Schema.prototype.onFieldsChanged" fullName="Tridion.Cme.Views.Schema.onFieldsChanged" staticName="Schema.onFieldsChanged" synopsis="onFieldsChanged(The: event.): Void" synopsisExtended="onFieldsChanged(The: event.): Void" type="Object">
                                <arguments value="event">
                                  <argument name="The" type="event." description="event is the event fired from the Fields." />
                                </arguments>
                                <documentation rawString="&#xA; * Handles the change events from Fields.&#xA; * @param {Tridion.Core.Event} event. The event is the event fired from the Fields.&#xA; ">
                                  <summary>Handles the change events from Fields.</summary>
                                </documentation>
                              </method>
                              <method name="_drawListsMultimediaTypes" url=".Anguilla.Schema.js.Tridion.Cme.Views.Schema._drawListsMultimediaTypes.html" visibility="prototype" rawName="Tridion.Cme.Views.Schema.prototype._drawListsMultimediaTypes" fullName="Tridion.Cme.Views.Schema._drawListsMultimediaTypes" staticName="Schema._drawListsMultimediaTypes" synopsis="_drawListsMultimediaTypes(): Void" synopsisExtended="_drawListsMultimediaTypes(): Void" type="Object">
                                <documentation rawString="&#xA; * Draws multimedia types list control.&#xA; ">
                                  <summary>Draws multimedia types list control.</summary>
                                </documentation>
                              </method>
                              <method name="_onAvailableListHeadLoaded" url=".Anguilla.Schema.js.Tridion.Cme.Views.Schema._onAvailableListHeadLoaded.html" visibility="prototype" rawName="Tridion.Cme.Views.Schema.prototype._onAvailableListHeadLoaded" fullName="Tridion.Cme.Views.Schema._onAvailableListHeadLoaded" staticName="Schema._onAvailableListHeadLoaded" synopsis="_onAvailableListHeadLoaded(headXml: XMLDocument): Void" synopsisExtended="_onAvailableListHeadLoaded(headXml: XMLDocument): Void" type="Object">
                                <arguments value="headXml">
                                  <argument name="headXml" type="XMLDocument" description="Definitions XML document." />
                                </arguments>
                                <documentation rawString="&#xA; * Handles the definitions XML document load event.&#xA; * @param {XMLDocument} headXml Definitions XML document.&#xA; ">
                                  <summary>Handles the definitions XML document load event.</summary>
                                </documentation>
                              </method>
                              <method name="_onAllowedListHeadLoaded" url=".Anguilla.Schema.js.Tridion.Cme.Views.Schema._onAllowedListHeadLoaded.html" visibility="prototype" rawName="Tridion.Cme.Views.Schema.prototype._onAllowedListHeadLoaded" fullName="Tridion.Cme.Views.Schema._onAllowedListHeadLoaded" staticName="Schema._onAllowedListHeadLoaded" synopsis="_onAllowedListHeadLoaded(headXml: XMLDocument): Void" synopsisExtended="_onAllowedListHeadLoaded(headXml: XMLDocument): Void" type="Object">
                                <arguments value="headXml">
                                  <argument name="headXml" type="XMLDocument" description="Definitions XML document." />
                                </arguments>
                                <documentation rawString="&#xA; * Handles the definitions XML document load event.&#xA; * @param {XMLDocument} headXml Definitions XML document.&#xA; ">
                                  <summary>Handles the definitions XML document load event.</summary>
                                </documentation>
                              </method>
                              <method name="_onAvailableListHeadLoadFailed" url=".Anguilla.Schema.js.Tridion.Cme.Views.Schema._onAvailableListHeadLoadFailed.html" visibility="prototype" rawName="Tridion.Cme.Views.Schema.prototype._onAvailableListHeadLoadFailed" fullName="Tridion.Cme.Views.Schema._onAvailableListHeadLoadFailed" staticName="Schema._onAvailableListHeadLoadFailed" synopsis="_onAvailableListHeadLoadFailed(): Void" synopsisExtended="_onAvailableListHeadLoadFailed(): Void" type="Object">
                                <documentation rawString="&#xA; * Handles the definitions XML document load faild event.&#xA; ">
                                  <summary>Handles the definitions XML document load faild event.</summary>
                                </documentation>
                              </method>
                              <method name="_onAllowedListHeadLoadFailed" url=".Anguilla.Schema.js.Tridion.Cme.Views.Schema._onAllowedListHeadLoadFailed.html" visibility="prototype" rawName="Tridion.Cme.Views.Schema.prototype._onAllowedListHeadLoadFailed" fullName="Tridion.Cme.Views.Schema._onAllowedListHeadLoadFailed" staticName="Schema._onAllowedListHeadLoadFailed" synopsis="_onAllowedListHeadLoadFailed(): Void" synopsisExtended="_onAllowedListHeadLoadFailed(): Void" type="Object">
                                <documentation rawString="&#xA; * Handles the definitions XML document load faild event.&#xA; ">
                                  <summary>Handles the definitions XML document load faild event.</summary>
                                </documentation>
                              </method>
                              <method name="getListMultimediaTypes" url=".Anguilla.Schema.js.Tridion.Cme.Views.Schema.getListMultimediaTypes.html" visibility="prototype" rawName="Tridion.Cme.Views.Schema.prototype.getListMultimediaTypes" fullName="Tridion.Cme.Views.Schema.getListMultimediaTypes" staticName="Schema.getListMultimediaTypes" synopsis="getListMultimediaTypes(): Object" synopsisExtended="getListMultimediaTypes(): Object" type="Object">
                                <documentation rawString="&#xA; * Gets Multimedia Types List. &#xA; * @returns {Object} Multimedia Types List. &#xA; ">
                                  <summary>Gets Multimedia Types List.</summary>
                                </documentation>
                                <returns type="Object" description="Multimedia Types List." />
                              </method>
                              <method name="_loadMultimediaTypes" url=".Anguilla.Schema.js.Tridion.Cme.Views.Schema._loadMultimediaTypes.html" visibility="prototype" rawName="Tridion.Cme.Views.Schema.prototype._loadMultimediaTypes" fullName="Tridion.Cme.Views.Schema._loadMultimediaTypes" staticName="Schema._loadMultimediaTypes" synopsis="_loadMultimediaTypes(): Void" synopsisExtended="_loadMultimediaTypes(): Void" type="Object">
                                <documentation rawString="&#xA; * Load List multimedia types&#xA; ">
                                  <summary>Load List multimedia types</summary>
                                </documentation>
                              </method>
                              <method name="collectFieldData" url=".Anguilla.Schema.js.Tridion.Cme.Views.Schema.collectFieldData.html" visibility="prototype" rawName="Tridion.Cme.Views.Schema.prototype.collectFieldData" fullName="Tridion.Cme.Views.Schema.collectFieldData" staticName="Schema.collectFieldData" synopsis="collectFieldData(Field: field.): Void" synopsisExtended="collectFieldData(Field: field.): Void" type="Object">
                                <arguments value="field">
                                  <argument name="Field" type="field." description="which data was changed." />
                                </arguments>
                                <documentation rawString="&#xA; * Collects Data from field.&#xA; * @param {Object} field. Field which data was changed.&#xA; ">
                                  <summary>Collects Data from field.</summary>
                                </documentation>
                              </method>
                              <method name="initialize" url=".Anguilla.Schema.js.Tridion.Cme.Views.Schema.initialize.html" visibility="private" rawName="Tridion.Cme.Views.Schema.prototype.initialize" fullName="Tridion.Cme.Views.Schema.initialize" staticName="Schema.initialize" synopsis="initialize(): Void" synopsisExtended="initialize(): Void" type="Object">
                                <documentation rawString="&#xA; * Initializes Schema view.&#xA; * @private&#xA; ">
                                  <summary>Initializes Schema view.</summary>
                                </documentation>
                              </method>
                              <method name="_onWebSchemaLoaded" url=".Anguilla.Schema.js.Tridion.Cme.Views.Schema._onWebSchemaLoaded.html" visibility="private" rawName="Tridion.Cme.Views.Schema.prototype._onWebSchemaLoaded" fullName="Tridion.Cme.Views.Schema._onWebSchemaLoaded" staticName="Schema._onWebSchemaLoaded" synopsis="_onWebSchemaLoaded(The: event.): Void" synopsisExtended="_onWebSchemaLoaded(The: event.): Void" type="Object">
                                <arguments value="event">
                                  <argument name="The" type="event." description="event is fired from the &lt;c&gt;Tridion.ContentManager.Schema&lt;/c&gt;." />
                                </arguments>
                                <documentation rawString="&#xA; * Handles the schema loaded event.&#xA; * @private &#xA; * @param {Tridion.Core.Event} event. The event is fired from the &lt;c&gt;Tridion.ContentManager.Schema&lt;/c&gt;.&#xA; ">
                                  <summary>Handles the schema loaded event.</summary>
                                </documentation>
                              </method>
                              <method name="_setSchemaType" url=".Anguilla.Schema.js.Tridion.Cme.Views.Schema._setSchemaType.html" visibility="private" rawName="Tridion.Cme.Views.Schema.prototype._setSchemaType" fullName="Tridion.Cme.Views.Schema._setSchemaType" staticName="Schema._setSchemaType" synopsis="_setSchemaType(): Void" synopsisExtended="_setSchemaType(): Void" type="Object">
                                <documentation rawString="&#xA; * Sets the view state according to Schemas Type and updates tab.&#xA; * @private&#xA; ">
                                  <summary>Sets the view state according to Schemas Type and updates tab.</summary>
                                </documentation>
                              </method>
                              <method name="_updateTabState" url=".Anguilla.Schema.js.Tridion.Cme.Views.Schema._updateTabState.html" visibility="private" rawName="Tridion.Cme.Views.Schema.prototype._updateTabState" fullName="Tridion.Cme.Views.Schema._updateTabState" staticName="Schema._updateTabState" synopsis="_updateTabState(): Void" synopsisExtended="_updateTabState(): Void" type="Object">
                                <documentation rawString="&#xA; * Updates the tab state&#xA; * @private  &#xA; ">
                                  <summary>Updates the tab state</summary>
                                </documentation>
                              </method>
                              <method name="_updateDesignTabState" url=".Anguilla.Schema.js.Tridion.Cme.Views.Schema._updateDesignTabState.html" visibility="private" rawName="Tridion.Cme.Views.Schema.prototype._updateDesignTabState" fullName="Tridion.Cme.Views.Schema._updateDesignTabState" staticName="Schema._updateDesignTabState" synopsis="_updateDesignTabState(): Void" synopsisExtended="_updateDesignTabState(): Void" type="Object">
                                <documentation rawString="&#xA; * Updates the design tab state&#xA; * @private  &#xA; ">
                                  <summary>Updates the design tab state</summary>
                                </documentation>
                              </method>
                              <method name="_initMultimediaSchema" url=".Anguilla.Schema.js.Tridion.Cme.Views.Schema._initMultimediaSchema.html" visibility="private" rawName="Tridion.Cme.Views.Schema.prototype._initMultimediaSchema" fullName="Tridion.Cme.Views.Schema._initMultimediaSchema" staticName="Schema._initMultimediaSchema" synopsis="_initMultimediaSchema(): Void" synopsisExtended="_initMultimediaSchema(): Void" type="Object">
                                <documentation rawString="&#xA; * Initializes Multimedia schema by starting loading definitions files&#xA; * @private &#xA; ">
                                  <summary>Initializes Multimedia schema by starting loading definitions files</summary>
                                </documentation>
                              </method>
                              <method name="_resetMultimediaTypesLists" url=".Anguilla.Schema.js.Tridion.Cme.Views.Schema._resetMultimediaTypesLists.html" visibility="private" rawName="Tridion.Cme.Views.Schema.prototype._resetMultimediaTypesLists" fullName="Tridion.Cme.Views.Schema._resetMultimediaTypesLists" staticName="Schema._resetMultimediaTypesLists" synopsis="_resetMultimediaTypesLists(): Void" synopsisExtended="_resetMultimediaTypesLists(): Void" type="Object">
                                <documentation rawString="&#xA; * Resets the multimedia types list state and redraws it.&#xA; * @private&#xA; ">
                                  <summary>Resets the multimedia types list state and redraws it.</summary>
                                </documentation>
                              </method>
                              <method name="_onMultimediaTypesLoaded" url=".Anguilla.Schema.js.Tridion.Cme.Views.Schema._onMultimediaTypesLoaded.html" visibility="private" rawName="Tridion.Cme.Views.Schema.prototype._onMultimediaTypesLoaded" fullName="Tridion.Cme.Views.Schema._onMultimediaTypesLoaded" staticName="Schema._onMultimediaTypesLoaded" synopsis="_onMultimediaTypesLoaded(): Void" synopsisExtended="_onMultimediaTypesLoaded(): Void" type="Object">
                                <documentation rawString="&#xA; * Handles the list Multimedia types load event.&#xA; * @private &#xA; ">
                                  <summary>Handles the list Multimedia types load event.</summary>
                                </documentation>
                              </method>
                              <method name="_onMultimediaTypesLoadFailed" url=".Anguilla.Schema.js.Tridion.Cme.Views.Schema._onMultimediaTypesLoadFailed.html" visibility="private" rawName="Tridion.Cme.Views.Schema.prototype._onMultimediaTypesLoadFailed" fullName="Tridion.Cme.Views.Schema._onMultimediaTypesLoadFailed" staticName="Schema._onMultimediaTypesLoadFailed" synopsis="_onMultimediaTypesLoadFailed(): Void" synopsisExtended="_onMultimediaTypesLoadFailed(): Void" type="Object">
                                <documentation rawString="&#xA; * Handles the list Multimedia types load failed event.&#xA; * @private &#xA; ">
                                  <summary>Handles the list Multimedia types load failed event.</summary>
                                </documentation>
                              </method>
                              <method name="_onMultimediaTypeChange" url=".Anguilla.Schema.js.Tridion.Cme.Views.Schema._onMultimediaTypeChange.html" visibility="private" rawName="Tridion.Cme.Views.Schema.prototype._onMultimediaTypeChange" fullName="Tridion.Cme.Views.Schema._onMultimediaTypeChange" staticName="Schema._onMultimediaTypeChange" synopsis="_onMultimediaTypeChange(e: Tridion.Core.Event): Void" synopsisExtended="_onMultimediaTypeChange(e: Tridion.Core.Event): Void" type="Object">
                                <arguments value="e">
                                  <argument name="e" type="Tridion.Core.Event" description="The event is the event fired from the &lt;c&gt;Tridion.Controls.ListMover&lt;/c&gt; control." />
                                </arguments>
                                <documentation rawString="&#xA; * Handles the change events on Lists in List Mover control.&#xA; * @param {Tridion.Core.Event} e The event is the event fired from the &lt;c&gt;Tridion.Controls.ListMover&lt;/c&gt; control.&#xA; * @private  &#xA; ">
                                  <summary>Handles the change events on Lists in List Mover control.</summary>
                                </documentation>
                              </method>
                            </methods>
                          </members>
                        </class>
                      </classes>
                    </members>
                  </property>
                </properties>
              </members>
            </property>
          </properties>
        </members>
      </property>
    </properties>
  </members>
</document>