<document name="SchemaDesign.js" url="SchemaDesign.js.html" visibility="default" rawName="SchemaDesign.js" fullName="SchemaDesign.js" staticName="Anguilla.SchemaDesign.js">
  <members>
    <properties>
      <property name="Tridion" url=".Anguilla.SchemaDesign.js.Tridion.html" visibility="public" rawName="Tridion" fullName="Tridion" staticName="SchemaDesign.js.Tridion" synopsis="SchemaDesign.js.Tridion: Object;" synopsisExtended="SchemaDesign.js.Tridion: &lt;a href=&quot;&quot;&gt;Object&lt;/a&gt;;" type="Object" virtual="true">
        <members>
          <properties>
            <property name="Cme" url=".Anguilla.SchemaDesign.js.Tridion.Cme.html" visibility="static" rawName="Tridion.Cme" fullName="Tridion.Cme" staticName="Tridion.Cme" synopsis="Tridion.Cme: Object;" synopsisExtended="Tridion.Cme: &lt;a href=&quot;&quot;&gt;Object&lt;/a&gt;;" type="Object" virtual="true">
              <members>
                <classes>
                  <class name="SchemaDesignTab" url=".Anguilla.SchemaDesign.js.Tridion.Cme.SchemaDesignTab.html" visibility="static" rawName="Tridion.Cme.SchemaDesignTab" fullName="Tridion.Cme.SchemaDesignTab" staticName="Cme.SchemaDesignTab" synopsis="var x: SchemaDesignTab = new SchemaDesignTab(element: HTMLElement);" synopsisExtended="var x: &lt;a href=&quot;.Anguilla.SchemaDesign.js.Tridion.Cme.SchemaDesignTab.html&quot;&gt;SchemaDesignTab&lt;/a&gt; = new SchemaDesignTab(element: HTMLElement);" type="Object">
                    <arguments value="element">
                      <argument name="element" type="HTMLElement" description="The html element that represents this control." />
                    </arguments>
                    <extends />
                    <documentation rawString="&#xA; * Implements Schema Design Tab view.&#xA; * @param {HTMLElement} element The html element that represents this control.   &#xA; * @constructor&#xA; ">
                      <summary>Implements Schema Design Tab view.</summary>
                    </documentation>
                    <members>
                      <methods>
                        <method name="_getItemFields" url=".Anguilla.SchemaDesign.js.Tridion.Cme.SchemaDesignTab._getItemFields.html" visibility="prototype" rawName="Tridion.Cme.SchemaDesignTab.prototype._getItemFields" fullName="Tridion.Cme.SchemaDesignTab._getItemFields" staticName="SchemaDesignTab._getItemFields" synopsis="_getItemFields(): String" synopsisExtended="_getItemFields(): String" type="Object">
                          <documentation rawString="&#xA; * Gets item fields Xml.&#xA; * @returns {String} Item fields xml representation.&#xA; ">
                            <summary>Gets item fields Xml.</summary>
                          </documentation>
                          <returns type="String" description="Item fields xml representation." />
                        </method>
                        <method name="_setItemFields" url=".Anguilla.SchemaDesign.js.Tridion.Cme.SchemaDesignTab._setItemFields.html" visibility="prototype" rawName="Tridion.Cme.SchemaDesignTab.prototype._setItemFields" fullName="Tridion.Cme.SchemaDesignTab._setItemFields" staticName="SchemaDesignTab._setItemFields" synopsis="_setItemFields(fieldsXml: String): Void" synopsisExtended="_setItemFields(fieldsXml: String): Void" type="Object">
                          <arguments value="xmlNode, suppressEvent">
                            <argument name="fieldsXml" type="String" description="Item fields xml representation." />
                          </arguments>
                          <documentation rawString="&#xA; * Sets item fields Xml.&#xA; * @param {String} fieldsXml Item fields xml representation.&#xA; ">
                            <summary>Sets item fields Xml.</summary>
                          </documentation>
                        </method>
                      </methods>
                    </members>
                  </class>
                </classes>
              </members>
            </property>
          </properties>
        </members>
      </property>
    </properties>
  </members>
</document>