<document name="SearchPreferences.js" url="SearchPreferences.js.html" visibility="default" rawName="SearchPreferences.js" fullName="SearchPreferences.js" staticName="Anguilla.SearchPreferences.js">
  <members>
    <properties>
      <property name="Tridion" url=".Anguilla.SearchPreferences.js.Tridion.html" visibility="public" rawName="Tridion" fullName="Tridion" staticName="SearchPreferences.js.Tridion" synopsis="SearchPreferences.js.Tridion: Object;" synopsisExtended="SearchPreferences.js.Tridion: &lt;a href=&quot;&quot;&gt;Object&lt;/a&gt;;" type="Object" virtual="true">
        <members>
          <properties>
            <property name="Cme" url=".Anguilla.SearchPreferences.js.Tridion.Cme.html" visibility="static" rawName="Tridion.Cme" fullName="Tridion.Cme" staticName="Tridion.Cme" synopsis="Tridion.Cme: Object;" synopsisExtended="Tridion.Cme: &lt;a href=&quot;&quot;&gt;Object&lt;/a&gt;;" type="Object" virtual="true">
              <members>
                <classes>
                  <class name="SearchPreferencesPage" url=".Anguilla.SearchPreferences.js.Tridion.Cme.SearchPreferencesPage.html" visibility="static" rawName="Tridion.Cme.SearchPreferencesPage" fullName="Tridion.Cme.SearchPreferencesPage" staticName="Cme.SearchPreferencesPage" synopsis="var x: SearchPreferencesPage = new SearchPreferencesPage(element: Object);" synopsisExtended="var x: &lt;a href=&quot;.Anguilla.SearchPreferences.js.Tridion.Cme.SearchPreferencesPage.html&quot;&gt;SearchPreferencesPage&lt;/a&gt; = new SearchPreferencesPage(element: Object);" type="Object">
                    <arguments value="element">
                      <argument name="element" type="Object" />
                    </arguments>
                    <extends />
                    <members>
                      <methods>
                        <method name="initialize" url=".Anguilla.SearchPreferences.js.Tridion.Cme.SearchPreferencesPage.initialize.html" visibility="prototype" rawName="Tridion.Cme.SearchPreferencesPage.prototype.initialize" fullName="Tridion.Cme.SearchPreferencesPage.initialize" staticName="SearchPreferencesPage.initialize" synopsis="initialize(): Void" synopsisExtended="initialize(): Void" type="Object">
                          <members>
                            <methods>
                              <method name="SearchPreferencesPage$_dropdownHeadPathLoaded" url=".Anguilla.SearchPreferences.js.Tridion.Cme.SearchPreferencesPage.initialize.SearchPreferencesPage$_dropdownHeadPathLoaded.html" visibility="private" rawName="SearchPreferencesPage$_dropdownHeadPathLoaded" fullName="SearchPreferencesPage$_dropdownHeadPathLoaded" staticName="initialize.SearchPreferencesPage$_dropdownHeadPathLoaded" synopsis="SearchPreferencesPage$_dropdownHeadPathLoaded(headXml: Object): Void" synopsisExtended="SearchPreferencesPage$_dropdownHeadPathLoaded(headXml: Object): Void" type="Object">
                                <arguments value="headXml">
                                  <argument name="headXml" type="Object" />
                                </arguments>
                              </method>
                              <method name="SearchPreferencesPage$_dropdownHeadPathLoadFailed" url=".Anguilla.SearchPreferences.js.Tridion.Cme.SearchPreferencesPage.initialize.SearchPreferencesPage$_dropdownHeadPathLoadFailed.html" visibility="private" rawName="SearchPreferencesPage$_dropdownHeadPathLoadFailed" fullName="SearchPreferencesPage$_dropdownHeadPathLoadFailed" staticName="initialize.SearchPreferencesPage$_dropdownHeadPathLoadFailed" synopsis="SearchPreferencesPage$_dropdownHeadPathLoadFailed(): Void" synopsisExtended="SearchPreferencesPage$_dropdownHeadPathLoadFailed(): Void" type="Object" />
                            </methods>
                          </members>
                        </method>
                        <method name="_populateSearchResultsDropdown" url=".Anguilla.SearchPreferences.js.Tridion.Cme.SearchPreferencesPage._populateSearchResultsDropdown.html" visibility="prototype" rawName="Tridion.Cme.SearchPreferencesPage.prototype._populateSearchResultsDropdown" fullName="Tridion.Cme.SearchPreferencesPage._populateSearchResultsDropdown" staticName="SearchPreferencesPage._populateSearchResultsDropdown" synopsis="_populateSearchResultsDropdown(): Void" synopsisExtended="_populateSearchResultsDropdown(): Void" type="Object" />
                        <method name="_setSearchResultsValue" url=".Anguilla.SearchPreferences.js.Tridion.Cme.SearchPreferencesPage._setSearchResultsValue.html" visibility="prototype" rawName="Tridion.Cme.SearchPreferencesPage.prototype._setSearchResultsValue" fullName="Tridion.Cme.SearchPreferencesPage._setSearchResultsValue" staticName="SearchPreferencesPage._setSearchResultsValue" synopsis="_setSearchResultsValue(): Void" synopsisExtended="_setSearchResultsValue(): Void" type="Object" />
                        <method name="_onSearchResultsChanged" url=".Anguilla.SearchPreferences.js.Tridion.Cme.SearchPreferencesPage._onSearchResultsChanged.html" visibility="prototype" rawName="Tridion.Cme.SearchPreferencesPage.prototype._onSearchResultsChanged" fullName="Tridion.Cme.SearchPreferencesPage._onSearchResultsChanged" staticName="SearchPreferencesPage._onSearchResultsChanged" synopsis="_onSearchResultsChanged(e: Object): Void" synopsisExtended="_onSearchResultsChanged(e: Object): Void" type="Object">
                          <arguments value="e">
                            <argument name="e" type="Object" />
                          </arguments>
                        </method>
                        <method name="onPreferencesChange" url=".Anguilla.SearchPreferences.js.Tridion.Cme.SearchPreferencesPage.onPreferencesChange.html" visibility="prototype" rawName="Tridion.Cme.SearchPreferencesPage.prototype.onPreferencesChange" fullName="Tridion.Cme.SearchPreferencesPage.onPreferencesChange" staticName="SearchPreferencesPage.onPreferencesChange" synopsis="onPreferencesChange(e: Object): Void" synopsisExtended="onPreferencesChange(e: Object): Void" type="Object">
                          <arguments value="e">
                            <argument name="e" type="Object" />
                          </arguments>
                        </method>
                      </methods>
                    </members>
                  </class>
                </classes>
              </members>
            </property>
          </properties>
        </members>
      </property>
    </properties>
  </members>
</document>