<document name="Source.js" url="Source.js.html" visibility="default" rawName="Source.js" fullName="Source.js" staticName="Anguilla.Source.js">
  <members>
    <properties>
      <property name="Tridion" url=".Anguilla.Source.js.Tridion.html" visibility="public" rawName="Tridion" fullName="Tridion" staticName="Source.js.Tridion" synopsis="Source.js.Tridion: Object;" synopsisExtended="Source.js.Tridion: &lt;a href=&quot;&quot;&gt;Object&lt;/a&gt;;" type="Object" virtual="true">
        <members>
          <properties>
            <property name="Cme" url=".Anguilla.Source.js.Tridion.Cme.html" visibility="static" rawName="Tridion.Cme" fullName="Tridion.Cme" staticName="Tridion.Cme" synopsis="Tridion.Cme: Object;" synopsisExtended="Tridion.Cme: &lt;a href=&quot;&quot;&gt;Object&lt;/a&gt;;" type="Object" virtual="true">
              <members>
                <classes>
                  <class name="SourceTab" url=".Anguilla.Source.js.Tridion.Cme.SourceTab.html" visibility="static" rawName="Tridion.Cme.SourceTab" fullName="Tridion.Cme.SourceTab" staticName="Cme.SourceTab" synopsis="var x: SourceTab = new SourceTab(element: HTMLElement);" synopsisExtended="var x: &lt;a href=&quot;.Anguilla.Source.js.Tridion.Cme.SourceTab.html&quot;&gt;SourceTab&lt;/a&gt; = new SourceTab(element: HTMLElement);" type="Object">
                    <arguments value="element">
                      <argument name="element" type="HTMLElement" description="The html element that represents this control." />
                    </arguments>
                    <extends />
                    <documentation rawString="&#xA; * Implements Source tab view.&#xA; * @param {HTMLElement} element The html element that represents this control.   &#xA; * @constructor&#xA; ">
                      <summary>Implements Source tab view.</summary>
                    </documentation>
                    <members>
                      <methods>
                        <method name="getItem" url=".Anguilla.Source.js.Tridion.Cme.SourceTab.getItem.html" visibility="prototype" rawName="Tridion.Cme.SourceTab.prototype.getItem" fullName="Tridion.Cme.SourceTab.getItem" staticName="SourceTab.getItem" synopsis="getItem(): Object" synopsisExtended="getItem(): Object" type="Object">
                          <documentation rawString="&#xA; * Gets TCM Item object.&#xA; * @returns {Object} TCM Item object.&#xA; ">
                            <summary>Gets TCM Item object.</summary>
                          </documentation>
                          <returns type="Object" description="TCM Item object." />
                        </method>
                        <method name="select" url=".Anguilla.Source.js.Tridion.Cme.SourceTab.select.html" visibility="prototype" rawName="Tridion.Cme.SourceTab.prototype.select" fullName="Tridion.Cme.SourceTab.select" staticName="SourceTab.select" synopsis="select(): Void" synopsisExtended="select(): Void" type="Object">
                          <documentation rawString="&#xA; * Selects current tab.&#xA; ">
                            <summary>Selects current tab.</summary>
                          </documentation>
                        </method>
                        <method name="deselect" url=".Anguilla.Source.js.Tridion.Cme.SourceTab.deselect.html" visibility="prototype" rawName="Tridion.Cme.SourceTab.prototype.deselect" fullName="Tridion.Cme.SourceTab.deselect" staticName="SourceTab.deselect" synopsis="deselect(): Void" synopsisExtended="deselect(): Void" type="Object">
                          <documentation rawString="&#xA; * De-selects current tab.&#xA; ">
                            <summary>De-selects current tab.</summary>
                          </documentation>
                        </method>
                        <method name="updateView" url=".Anguilla.Source.js.Tridion.Cme.SourceTab.updateView.html" visibility="prototype" rawName="Tridion.Cme.SourceTab.prototype.updateView" fullName="Tridion.Cme.SourceTab.updateView" staticName="SourceTab.updateView" synopsis="updateView(): Void" synopsisExtended="updateView(): Void" type="Object">
                          <documentation rawString="&#xA; * Updating view representation.&#xA; ">
                            <summary>Updating view representation.</summary>
                          </documentation>
                        </method>
                        <method name="setSource" url=".Anguilla.Source.js.Tridion.Cme.SourceTab.setSource.html" visibility="prototype" rawName="Tridion.Cme.SourceTab.prototype.setSource" fullName="Tridion.Cme.SourceTab.setSource" staticName="SourceTab.setSource" synopsis="setSource(): Void" synopsisExtended="setSource(): Void" type="Object">
                          <documentation rawString="&#xA; * Sets source editor source.&#xA; ">
                            <summary>Sets source editor source.</summary>
                          </documentation>
                        </method>
                        <method name="_validate" url=".Anguilla.Source.js.Tridion.Cme.SourceTab._validate.html" visibility="prototype" rawName="Tridion.Cme.SourceTab.prototype._validate" fullName="Tridion.Cme.SourceTab._validate" staticName="SourceTab._validate" synopsis="_validate(readonly: Boolean): Boolean" synopsisExtended="_validate(readonly: Boolean): Boolean" type="Object">
                          <arguments value="showSuccessMessage">
                            <argument name="readonly" type="Boolean" description="True to show validation message, otherwise false" />
                          </arguments>
                          <documentation rawString="&#xA; * Validate fields data.&#xA; * @param {Boolean} readonly True to show validation message, otherwise false&#xA; * @returns {Boolean} True if data is valid, otherwise false  &#xA; ">
                            <summary>Validate fields data.</summary>
                          </documentation>
                          <returns type="Boolean" description="True if data is valid, otherwise false" />
                        </method>
                        <method name="_loadTemplateTypesList" url=".Anguilla.Source.js.Tridion.Cme.SourceTab._loadTemplateTypesList.html" visibility="prototype" rawName="Tridion.Cme.SourceTab.prototype._loadTemplateTypesList" fullName="Tridion.Cme.SourceTab._loadTemplateTypesList" staticName="SourceTab._loadTemplateTypesList" synopsis="_loadTemplateTypesList(itemType: Number): Void" synopsisExtended="_loadTemplateTypesList(itemType: Number): Void" type="Object">
                          <arguments value="itemType">
                            <argument name="itemType" type="Number" description="List items type" />
                          </arguments>
                          <documentation rawString="&#xA; * Loads template types list.&#xA; * @param {Number} itemType List items type&#xA; ">
                            <summary>Loads template types list.</summary>
                          </documentation>
                        </method>
                        <method name="_onSourceEditorChanged" url=".Anguilla.Source.js.Tridion.Cme.SourceTab._onSourceEditorChanged.html" visibility="prototype" rawName="Tridion.Cme.SourceTab.prototype._onSourceEditorChanged" fullName="Tridion.Cme.SourceTab._onSourceEditorChanged" staticName="SourceTab._onSourceEditorChanged" synopsis="_onSourceEditorChanged(The: event.): Void" synopsisExtended="_onSourceEditorChanged(The: event.): Void" type="Object">
                          <arguments value="e">
                            <argument name="The" type="event." description="event is the event fired from the source editor field." />
                          </arguments>
                          <documentation rawString="&#xA; * Handles the change events from source editor Field.&#xA; * @param {Tridion.Core.Event} event. The event is the event fired from the source editor field.&#xA; ">
                            <summary>Handles the change events from source editor Field.</summary>
                          </documentation>
                        </method>
                        <method name="_onSourceTypeChanged" url=".Anguilla.Source.js.Tridion.Cme.SourceTab._onSourceTypeChanged.html" visibility="prototype" rawName="Tridion.Cme.SourceTab.prototype._onSourceTypeChanged" fullName="Tridion.Cme.SourceTab._onSourceTypeChanged" staticName="SourceTab._onSourceTypeChanged" synopsis="_onSourceTypeChanged(The: event.): Void" synopsisExtended="_onSourceTypeChanged(The: event.): Void" type="Object">
                          <arguments value="e">
                            <argument name="The" type="event." description="event is the event fired from the field." />
                          </arguments>
                          <documentation rawString="&#xA; * Handles the change events from source type Field.&#xA; * @param {Tridion.Core.Event} event. The event is the event fired from the field.&#xA; ">
                            <summary>Handles the change events from source type Field.</summary>
                          </documentation>
                        </method>
                        <method name="_onXsdSchemaUnloaded" url=".Anguilla.Source.js.Tridion.Cme.SourceTab._onXsdSchemaUnloaded.html" visibility="prototype" rawName="Tridion.Cme.SourceTab.prototype._onXsdSchemaUnloaded" fullName="Tridion.Cme.SourceTab._onXsdSchemaUnloaded" staticName="SourceTab._onXsdSchemaUnloaded" synopsis="_onXsdSchemaUnloaded(The: event.): Void" synopsisExtended="_onXsdSchemaUnloaded(The: event.): Void" type="Object">
                          <arguments value="e">
                            <argument name="The" type="event." description="event is the event fired from the &lt;c&gt;Tridion.ContentManager.Schema&lt;/c&gt; Item." />
                          </arguments>
                          <documentation rawString="&#xA; * Handles the Schema Item unload event on the &lt;c&gt;Tridion.ContentManager.Schema&lt;/c&gt; Item.&#xA; * @param {Tridion.Core.Event} event. The event is the event fired from the &lt;c&gt;Tridion.ContentManager.Schema&lt;/c&gt; Item.&#xA; ">
                            <summary>Handles the Schema Item unload event on the &lt;c&gt;Tridion.ContentManager.Schema&lt;/c&gt; Item.</summary>
                          </documentation>
                        </method>
                        <method name="_onXsdSchemaLoaded" url=".Anguilla.Source.js.Tridion.Cme.SourceTab._onXsdSchemaLoaded.html" visibility="prototype" rawName="Tridion.Cme.SourceTab.prototype._onXsdSchemaLoaded" fullName="Tridion.Cme.SourceTab._onXsdSchemaLoaded" staticName="SourceTab._onXsdSchemaLoaded" synopsis="_onXsdSchemaLoaded(The: event.): Void" synopsisExtended="_onXsdSchemaLoaded(The: event.): Void" type="Object">
                          <arguments value="e">
                            <argument name="The" type="event." description="event is the event fired from the &lt;c&gt;Tridion.ContentManager.Schema&lt;/c&gt; Item." />
                          </arguments>
                          <documentation rawString="&#xA; * Handles the Schema Item load event on the &lt;c&gt;Tridion.ContentManager.Schema&lt;/c&gt; Item.&#xA; * @param {Tridion.Core.Event} event. The event is the event fired from the &lt;c&gt;Tridion.ContentManager.Schema&lt;/c&gt; Item.&#xA; ">
                            <summary>Handles the Schema Item load event on the &lt;c&gt;Tridion.ContentManager.Schema&lt;/c&gt; Item.</summary>
                          </documentation>
                        </method>
                        <method name="_onXsdSchemaLoadFailed" url=".Anguilla.Source.js.Tridion.Cme.SourceTab._onXsdSchemaLoadFailed.html" visibility="prototype" rawName="Tridion.Cme.SourceTab.prototype._onXsdSchemaLoadFailed" fullName="Tridion.Cme.SourceTab._onXsdSchemaLoadFailed" staticName="SourceTab._onXsdSchemaLoadFailed" synopsis="_onXsdSchemaLoadFailed(Load: error.): Void" synopsisExtended="_onXsdSchemaLoadFailed(Load: error.): Void" type="Object">
                          <arguments value="e">
                            <argument name="Load" type="error." description="error object." />
                          </arguments>
                          <documentation rawString="&#xA; * Handles the Schema load failed event on the &lt;c&gt;Tridion.ContentManager.Schema&lt;/c&gt; Item.&#xA; * @param {Object} error. Load error object. &#xA; ">
                            <summary>Handles the Schema load failed event on the &lt;c&gt;Tridion.ContentManager.Schema&lt;/c&gt; Item.</summary>
                          </documentation>
                        </method>
                        <method name="_onItemChanged" url=".Anguilla.Source.js.Tridion.Cme.SourceTab._onItemChanged.html" visibility="prototype" rawName="Tridion.Cme.SourceTab.prototype._onItemChanged" fullName="Tridion.Cme.SourceTab._onItemChanged" staticName="SourceTab._onItemChanged" synopsis="_onItemChanged(The: event.): Void" synopsisExtended="_onItemChanged(The: event.): Void" type="Object">
                          <arguments value="event">
                            <argument name="The" type="event." description="event fired from the Item." />
                          </arguments>
                          <documentation rawString="&#xA; * Handles the change event in Item.&#xA; * @param {Tridion.Core.Event} event. The event fired from the Item.&#xA; ">
                            <summary>Handles the change event in Item.</summary>
                          </documentation>
                        </method>
                        <method name="_onBeforeTabActivate" url=".Anguilla.Source.js.Tridion.Cme.SourceTab._onBeforeTabActivate.html" visibility="prototype" rawName="Tridion.Cme.SourceTab.prototype._onBeforeTabActivate" fullName="Tridion.Cme.SourceTab._onBeforeTabActivate" staticName="SourceTab._onBeforeTabActivate" synopsis="_onBeforeTabActivate(The: e.): Void" synopsisExtended="_onBeforeTabActivate(The: e.): Void" type="Object">
                          <arguments value="e">
                            <argument name="The" type="e." description="event is the event fired from the Tab control." />
                          </arguments>
                          <documentation rawString="&#xA; * Handles the tab before activate events from Tab control.&#xA; * @param {Tridion.Core.Event} e. The event is the event fired from the Tab control.&#xA; ">
                            <summary>Handles the tab before activate events from Tab control.</summary>
                          </documentation>
                        </method>
                        <method name="_onDialogInsert" url=".Anguilla.Source.js.Tridion.Cme.SourceTab._onDialogInsert.html" visibility="prototype" rawName="Tridion.Cme.SourceTab.prototype._onDialogInsert" fullName="Tridion.Cme.SourceTab._onDialogInsert" staticName="SourceTab._onDialogInsert" synopsis="_onDialogInsert(The: event.): Void" synopsisExtended="_onDialogInsert(The: event.): Void" type="Object">
                          <arguments value="event">
                            <argument name="The" type="event." description="event is fired from the &lt;c&gt;Tridion.Controls.Popup&lt;/c&gt;." />
                          </arguments>
                          <documentation rawString="&#xA; * Handles the insert event on popup.&#xA; * @param {Tridion.Core.Event} event. The event is fired from the &lt;c&gt;Tridion.Controls.Popup&lt;/c&gt;.&#xA; ">
                            <summary>Handles the insert event on popup.</summary>
                          </documentation>
                          <members>
                            <methods>
                              <method name="previewItemLoaded" url=".Anguilla.Source.js.Tridion.Cme.SourceTab._onDialogInsert.previewItemLoaded.html" visibility="private" rawName="previewItemLoaded" fullName="previewItemLoaded" staticName="_onDialogInsert.previewItemLoaded" synopsis="previewItemLoaded(): Void" synopsisExtended="previewItemLoaded(): Void" type="Object" />
                            </methods>
                          </members>
                        </method>
                        <method name="_addPreviewListItem" url=".Anguilla.Source.js.Tridion.Cme.SourceTab._addPreviewListItem.html" visibility="prototype" rawName="Tridion.Cme.SourceTab.prototype._addPreviewListItem" fullName="Tridion.Cme.SourceTab._addPreviewListItem" staticName="SourceTab._addPreviewListItem" synopsis="_addPreviewListItem(id: String, title: String, icon: String): Void" synopsisExtended="_addPreviewListItem(id: String, title: String, icon: String): Void" type="Object">
                          <arguments value="id, title, icon">
                            <argument name="id" type="String" description="Id of item to be added." />
                            <argument name="title" type="String" description="Title of item to be added." />
                            <argument name="icon" type="String" description="Icon of item to be added." />
                          </arguments>
                          <documentation rawString="&#xA; * Adds new item to preview items list&#xA; * @param {String} id Id of item to be added. &#xA; * @param {String} title Title of item to be added.  &#xA; * @param {String} icon Icon of item to be added.  &#xA; ">
                            <summary>Adds new item to preview items list</summary>
                          </documentation>
                        </method>
                        <method name="_unloadPopup" url=".Anguilla.Source.js.Tridion.Cme.SourceTab._unloadPopup.html" visibility="prototype" rawName="Tridion.Cme.SourceTab.prototype._unloadPopup" fullName="Tridion.Cme.SourceTab._unloadPopup" staticName="SourceTab._unloadPopup" synopsis="_unloadPopup(The: e.): Void" synopsisExtended="_unloadPopup(The: e.): Void" type="Object">
                          <arguments value="e">
                            <argument name="The" type="e." description="event is the event fired from the Popup." />
                          </arguments>
                          <documentation rawString="&#xA; * Handles the popup unload event.&#xA; * @param {DOMEvent} e. The event is the event fired from the Popup.&#xA; ">
                            <summary>Handles the popup unload event.</summary>
                          </documentation>
                        </method>
                        <method name="disposeInterface" url=".Anguilla.Source.js.Tridion.Cme.SourceTab.disposeInterface.html" visibility="prototype" rawName="Tridion.Cme.SourceTab.prototype.disposeInterface" fullName="Tridion.Cme.SourceTab.disposeInterface" staticName="SourceTab.disposeInterface" synopsis="disposeInterface(): Void" synopsisExtended="disposeInterface(): Void" type="Object">
                          <documentation rawString="&#xA; * Clean up.&#xA; ">
                            <summary>Clean up.</summary>
                          </documentation>
                        </method>
                        <method name="_Binary$onItemLoading" url=".Anguilla.Source.js.Tridion.Cme.SourceTab._Binary$onItemLoading.html" visibility="prototype" rawName="Tridion.Cme.SourceTab.prototype._Binary$onItemLoading" fullName="Tridion.Cme.SourceTab._Binary$onItemLoading" staticName="SourceTab._Binary$onItemLoading" synopsis="_Binary$onItemLoading(The: event.): Void" synopsisExtended="_Binary$onItemLoading(The: event.): Void" type="Object">
                          <arguments value="event">
                            <argument name="The" type="event." description="event fired from the Item." />
                          </arguments>
                          <documentation rawString="&#xA; * Handles the Item loading event on the &lt;c&gt;Tridion.ContentManager.Item&lt;/c&gt; Item.&#xA; * @param {Tridion.Core.Event} event. The event fired from the Item. &#xA; ">
                            <summary>Handles the Item loading event on the &lt;c&gt;Tridion.ContentManager.Item&lt;/c&gt; Item.</summary>
                          </documentation>
                        </method>
                        <method name="_Binary$onItemChanged" url=".Anguilla.Source.js.Tridion.Cme.SourceTab._Binary$onItemChanged.html" visibility="prototype" rawName="Tridion.Cme.SourceTab.prototype._Binary$onItemChanged" fullName="Tridion.Cme.SourceTab._Binary$onItemChanged" staticName="SourceTab._Binary$onItemChanged" synopsis="_Binary$onItemChanged(The: event.): Void" synopsisExtended="_Binary$onItemChanged(The: event.): Void" type="Object">
                          <arguments value="event">
                            <argument name="The" type="event." description="event fired from the Item." />
                          </arguments>
                          <documentation rawString="&#xA; * Handles the change event in Item.&#xA; * @param {Tridion.Core.Event} event. The event fired from the Item.&#xA; ">
                            <summary>Handles the change event in Item.</summary>
                          </documentation>
                        </method>
                        <method name="_onBinaryUploadError" url=".Anguilla.Source.js.Tridion.Cme.SourceTab._onBinaryUploadError.html" visibility="prototype" rawName="Tridion.Cme.SourceTab.prototype._onBinaryUploadError" fullName="Tridion.Cme.SourceTab._onBinaryUploadError" staticName="SourceTab._onBinaryUploadError" synopsis="_onBinaryUploadError(event: Tridion.Core.Event): Void" synopsisExtended="_onBinaryUploadError(event: Tridion.Core.Event): Void" type="Object">
                          <arguments value="event">
                            <argument name="event" type="Tridion.Core.Event" description="The event is the event fired from the &lt;c&gt;Tridion.Controls.UploadButton&lt;/c&gt; control." />
                          </arguments>
                          <documentation rawString="&#xA;* Handles the upload error event.&#xA;* @param {Tridion.Core.Event} event The event is the event fired from the &lt;c&gt;Tridion.Controls.UploadButton&lt;/c&gt; control.&#xA;">
                            <summary>Handles the upload error event.</summary>
                          </documentation>
                        </method>
                        <method name="initialize" url=".Anguilla.Source.js.Tridion.Cme.SourceTab.initialize.html" visibility="private" rawName="Tridion.Cme.SourceTab.prototype.initialize" fullName="Tridion.Cme.SourceTab.initialize" staticName="SourceTab.initialize" synopsis="initialize(): Void" synopsisExtended="initialize(): Void" type="Object">
                          <documentation rawString="&#xA; * Initializes Source tab view.&#xA; * @private&#xA; ">
                            <summary>Initializes Source tab view.</summary>
                          </documentation>
                        </method>
                        <method name="_updateSourceToolbarButons" url=".Anguilla.Source.js.Tridion.Cme.SourceTab._updateSourceToolbarButons.html" visibility="private" rawName="Tridion.Cme.SourceTab.prototype._updateSourceToolbarButons" fullName="Tridion.Cme.SourceTab._updateSourceToolbarButons" staticName="SourceTab._updateSourceToolbarButons" synopsis="_updateSourceToolbarButons(editor: Tridion.Controls.SourceEditor, name: String): Void" synopsisExtended="_updateSourceToolbarButons(editor: Tridion.Controls.SourceEditor, name: String): Void" type="Object">
                          <arguments value="editor, name">
                            <argument name="editor" type="Tridion.Controls.SourceEditor" description="Source editor instance." />
                            <argument name="name" type="String" description="Toolbar tab name." />
                          </arguments>
                          <documentation rawString="&#xA; * Updates the state of list buttons in toolbar&#xA; * @param {Tridion.Controls.SourceEditor} editor Source editor instance.&#xA; * @param {String} name Toolbar tab name. &#xA; * @private  &#xA; ">
                            <summary>Updates the state of list buttons in toolbar</summary>
                          </documentation>
                          <members>
                            <methods>
                              <method name="updateButtons" url=".Anguilla.Source.js.Tridion.Cme.SourceTab._updateSourceToolbarButons.updateButtons.html" visibility="private" rawName="updateButtons" fullName="updateButtons" staticName="_updateSourceToolbarButons.updateButtons" synopsis="updateButtons(): Void" synopsisExtended="updateButtons(): Void" type="Object" />
                            </methods>
                          </members>
                        </method>
                        <method name="_onTemplateTypesLoaded" url=".Anguilla.Source.js.Tridion.Cme.SourceTab._onTemplateTypesLoaded.html" visibility="private" rawName="Tridion.Cme.SourceTab.prototype._onTemplateTypesLoaded" fullName="Tridion.Cme.SourceTab._onTemplateTypesLoaded" staticName="SourceTab._onTemplateTypesLoaded" synopsis="_onTemplateTypesLoaded(): Void" synopsisExtended="_onTemplateTypesLoaded(): Void" type="Object">
                          <documentation rawString="&#xA; * Handles the template types list load event.&#xA; * @private&#xA; ">
                            <summary>Handles the template types list load event.</summary>
                          </documentation>
                        </method>
                        <method name="_onSourceTypeLoadContent" url=".Anguilla.Source.js.Tridion.Cme.SourceTab._onSourceTypeLoadContent.html" visibility="private" rawName="Tridion.Cme.SourceTab.prototype._onSourceTypeLoadContent" fullName="Tridion.Cme.SourceTab._onSourceTypeLoadContent" staticName="SourceTab._onSourceTypeLoadContent" synopsis="_onSourceTypeLoadContent(): Void" synopsisExtended="_onSourceTypeLoadContent(): Void" type="Object">
                          <documentation rawString="&#xA; * Reacts on list content load event.&#xA; * @private  &#xA; ">
                            <summary>Reacts on list content load event.</summary>
                          </documentation>
                          <members>
                            <methods>
                              <method name="SourceTab$_onSourceTypeLoadContent$_drawControl" url=".Anguilla.Source.js.Tridion.Cme.SourceTab._onSourceTypeLoadContent.SourceTab$_onSourceTypeLoadContent$_drawControl.html" visibility="private" rawName="SourceTab$_onSourceTypeLoadContent$_drawControl" fullName="SourceTab$_onSourceTypeLoadContent$_drawControl" staticName="_onSourceTypeLoadContent.SourceTab$_onSourceTypeLoadContent$_drawControl" synopsis="SourceTab$_onSourceTypeLoadContent$_drawControl(): Void" synopsisExtended="SourceTab$_onSourceTypeLoadContent$_drawControl(): Void" type="Object" />
                              <method name="SourceTab$_onSourceTypeLoadContent$_headDocumentLoaded" url=".Anguilla.Source.js.Tridion.Cme.SourceTab._onSourceTypeLoadContent.SourceTab$_onSourceTypeLoadContent$_headDocumentLoaded.html" visibility="private" rawName="SourceTab$_onSourceTypeLoadContent$_headDocumentLoaded" fullName="SourceTab$_onSourceTypeLoadContent$_headDocumentLoaded" staticName="_onSourceTypeLoadContent.SourceTab$_onSourceTypeLoadContent$_headDocumentLoaded" synopsis="SourceTab$_onSourceTypeLoadContent$_headDocumentLoaded(headDoc: Object): Void" synopsisExtended="SourceTab$_onSourceTypeLoadContent$_headDocumentLoaded(headDoc: Object): Void" type="Object">
                                <arguments value="headDoc">
                                  <argument name="headDoc" type="Object" />
                                </arguments>
                              </method>
                              <method name="SourceTab$_onSourceTypeLoadContent$_headDocumentLoadFailed" url=".Anguilla.Source.js.Tridion.Cme.SourceTab._onSourceTypeLoadContent.SourceTab$_onSourceTypeLoadContent$_headDocumentLoadFailed.html" visibility="private" rawName="SourceTab$_onSourceTypeLoadContent$_headDocumentLoadFailed" fullName="SourceTab$_onSourceTypeLoadContent$_headDocumentLoadFailed" staticName="_onSourceTypeLoadContent.SourceTab$_onSourceTypeLoadContent$_headDocumentLoadFailed" synopsis="SourceTab$_onSourceTypeLoadContent$_headDocumentLoadFailed(): Void" synopsisExtended="SourceTab$_onSourceTypeLoadContent$_headDocumentLoadFailed(): Void" type="Object" />
                            </methods>
                          </members>
                        </method>
                        <method name="_onWordWrapClick" url=".Anguilla.Source.js.Tridion.Cme.SourceTab._onWordWrapClick.html" visibility="private" rawName="Tridion.Cme.SourceTab.prototype._onWordWrapClick" fullName="Tridion.Cme.SourceTab._onWordWrapClick" staticName="SourceTab._onWordWrapClick" synopsis="_onWordWrapClick(): Void" synopsisExtended="_onWordWrapClick(): Void" type="Object">
                          <documentation rawString="&#xA; * Handles the click event on checkbox.&#xA; * @private &#xA; ">
                            <summary>Handles the click event on checkbox.</summary>
                          </documentation>
                        </method>
                        <method name="_onValidateClick" url=".Anguilla.Source.js.Tridion.Cme.SourceTab._onValidateClick.html" visibility="private" rawName="Tridion.Cme.SourceTab.prototype._onValidateClick" fullName="Tridion.Cme.SourceTab._onValidateClick" staticName="SourceTab._onValidateClick" synopsis="_onValidateClick(): Void" synopsisExtended="_onValidateClick(): Void" type="Object">
                          <documentation rawString="&#xA; * Handles the click event on button.&#xA; * @private &#xA; ">
                            <summary>Handles the click event on button.</summary>
                          </documentation>
                          <members>
                            <methods>
                              <method name="SourceTab$_Validate$onWebShemaLoad" url=".Anguilla.Source.js.Tridion.Cme.SourceTab._onValidateClick.SourceTab$_Validate$onWebShemaLoad.html" visibility="private" rawName="SourceTab$_Validate$onWebShemaLoad" fullName="SourceTab$_Validate$onWebShemaLoad" staticName="_onValidateClick.SourceTab$_Validate$onWebShemaLoad" synopsis="SourceTab$_Validate$onWebShemaLoad(event: Object): Void" synopsisExtended="SourceTab$_Validate$onWebShemaLoad(event: Object): Void" type="Object">
                                <arguments value="event">
                                  <argument name="event" type="Object" />
                                </arguments>
                              </method>
                              <method name="SourceTab$_Validate$onWebShemaLoadFailed" url=".Anguilla.Source.js.Tridion.Cme.SourceTab._onValidateClick.SourceTab$_Validate$onWebShemaLoadFailed.html" visibility="private" rawName="SourceTab$_Validate$onWebShemaLoadFailed" fullName="SourceTab$_Validate$onWebShemaLoadFailed" staticName="_onValidateClick.SourceTab$_Validate$onWebShemaLoadFailed" synopsis="SourceTab$_Validate$onWebShemaLoadFailed(event: Object): Void" synopsisExtended="SourceTab$_Validate$onWebShemaLoadFailed(event: Object): Void" type="Object">
                                <arguments value="event">
                                  <argument name="event" type="Object" />
                                </arguments>
                              </method>
                            </methods>
                          </members>
                        </method>
                        <method name="_setContent" url=".Anguilla.Source.js.Tridion.Cme.SourceTab._setContent.html" visibility="private" rawName="Tridion.Cme.SourceTab.prototype._setContent" fullName="Tridion.Cme.SourceTab._setContent" staticName="SourceTab._setContent" synopsis="_setContent(): Void" synopsisExtended="_setContent(): Void" type="Object">
                          <documentation rawString="&#xA; * Sets source editor content.&#xA; * @private&#xA; ">
                            <summary>Sets source editor content.</summary>
                          </documentation>
                        </method>
                        <method name="_getDataNode" url=".Anguilla.Source.js.Tridion.Cme.SourceTab._getDataNode.html" visibility="private" rawName="Tridion.Cme.SourceTab.prototype._getDataNode" fullName="Tridion.Cme.SourceTab._getDataNode" staticName="SourceTab._getDataNode" synopsis="_getDataNode(): String" synopsisExtended="_getDataNode(): String" type="Object">
                          <documentation rawString="&#xA; * Gets data node xml.&#xA; * @private&#xA; * @returns {String} The data node xml section. &#xA; ">
                            <summary>Gets data node xml.</summary>
                          </documentation>
                          <returns type="String" description="The data node xml section." />
                        </method>
                        <method name="_onItemCollectData" url=".Anguilla.Source.js.Tridion.Cme.SourceTab._onItemCollectData.html" visibility="private" rawName="Tridion.Cme.SourceTab.prototype._onItemCollectData" fullName="Tridion.Cme.SourceTab._onItemCollectData" staticName="SourceTab._onItemCollectData" synopsis="_onItemCollectData(): Void" synopsisExtended="_onItemCollectData(): Void" type="Object">
                          <documentation rawString="&#xA; * Handles the collect data event in Item.&#xA; * @private&#xA; ">
                            <summary>Handles the collect data event in Item.</summary>
                          </documentation>
                        </method>
                        <method name="_onItemValidate" url=".Anguilla.Source.js.Tridion.Cme.SourceTab._onItemValidate.html" visibility="private" rawName="Tridion.Cme.SourceTab.prototype._onItemValidate" fullName="Tridion.Cme.SourceTab._onItemValidate" staticName="SourceTab._onItemValidate" synopsis="_onItemValidate(): Bollean" synopsisExtended="_onItemValidate(): Bollean" type="Object">
                          <documentation rawString="&#xA; * Handles the validate event in Item.&#xA; * @returns {Bollean} True if item is Valid.&#xA; * @private&#xA; ">
                            <summary>Handles the validate event in Item.</summary>
                          </documentation>
                          <returns type="Bollean" description="True if item is Valid." />
                        </method>
                        <method name="_onBrowseClick" url=".Anguilla.Source.js.Tridion.Cme.SourceTab._onBrowseClick.html" visibility="private" rawName="Tridion.Cme.SourceTab.prototype._onBrowseClick" fullName="Tridion.Cme.SourceTab._onBrowseClick" staticName="SourceTab._onBrowseClick" synopsis="_onBrowseClick(e: DOMEvent): Void" synopsisExtended="_onBrowseClick(e: DOMEvent): Void" type="Object">
                          <arguments value="">
                            <argument name="e" type="DOMEvent" description="The DOM click event that occured." />
                          </arguments>
                          <documentation rawString="&#xA; * Handles the click event on button.&#xA; * @param {DOMEvent} e The DOM click event that occured.&#xA; * @private &#xA; ">
                            <summary>Handles the click event on button.</summary>
                          </documentation>
                          <members>
                            <methods>
                              <method name="SourceTab$_onBrowseClick$loadCallback" url=".Anguilla.Source.js.Tridion.Cme.SourceTab._onBrowseClick.SourceTab$_onBrowseClick$loadCallback.html" visibility="private" rawName="SourceTab$_onBrowseClick$loadCallback" fullName="SourceTab$_onBrowseClick$loadCallback" staticName="_onBrowseClick.SourceTab$_onBrowseClick$loadCallback" synopsis="SourceTab$_onBrowseClick$loadCallback(rootId: Object): Void" synopsisExtended="SourceTab$_onBrowseClick$loadCallback(rootId: Object): Void" type="Object">
                                <arguments value="rootId">
                                  <argument name="rootId" type="Object" />
                                </arguments>
                              </method>
                            </methods>
                          </members>
                        </method>
                        <method name="_onPreviewBtnClick" url=".Anguilla.Source.js.Tridion.Cme.SourceTab._onPreviewBtnClick.html" visibility="private" rawName="Tridion.Cme.SourceTab.prototype._onPreviewBtnClick" fullName="Tridion.Cme.SourceTab._onPreviewBtnClick" staticName="SourceTab._onPreviewBtnClick" synopsis="_onPreviewBtnClick(e: DOMEvent): Void" synopsisExtended="_onPreviewBtnClick(e: DOMEvent): Void" type="Object">
                          <arguments value="event">
                            <argument name="e" type="DOMEvent" description="The DOM click event that occured." />
                          </arguments>
                          <documentation rawString="&#xA; * Handles the click event on button.&#xA; * @param {DOMEvent} e The DOM click event that occured.&#xA; * @private &#xA; ">
                            <summary>Handles the click event on button.</summary>
                          </documentation>
                        </method>
                        <method name="_onDialogClose" url=".Anguilla.Source.js.Tridion.Cme.SourceTab._onDialogClose.html" visibility="private" rawName="Tridion.Cme.SourceTab.prototype._onDialogClose" fullName="Tridion.Cme.SourceTab._onDialogClose" staticName="SourceTab._onDialogClose" synopsis="_onDialogClose(The: event.): Void" synopsisExtended="_onDialogClose(The: event.): Void" type="Object">
                          <arguments value="">
                            <argument name="The" type="event." description="event is fired from the &lt;c&gt;Tridion.Controls.Popup&lt;/c&gt;." />
                          </arguments>
                          <documentation rawString="&#xA; * Handles the close event on popup.&#xA; * @param {Tridion.Core.Event} event. The event is fired from the &lt;c&gt;Tridion.Controls.Popup&lt;/c&gt;.&#xA; * @private&#xA; ">
                            <summary>Handles the close event on popup.</summary>
                          </documentation>
                        </method>
                        <method name="_updateBinaryPreview" url=".Anguilla.Source.js.Tridion.Cme.SourceTab._updateBinaryPreview.html" visibility="private" rawName="Tridion.Cme.SourceTab.prototype._updateBinaryPreview" fullName="Tridion.Cme.SourceTab._updateBinaryPreview" staticName="SourceTab._updateBinaryPreview" synopsis="_updateBinaryPreview(): Void" synopsisExtended="_updateBinaryPreview(): Void" type="Object">
                          <documentation rawString="&#xA; * Updating binary preview representation.&#xA; * @private&#xA; ">
                            <summary>Updating binary preview representation.</summary>
                          </documentation>
                        </method>
                        <method name="_initializeBinarySource" url=".Anguilla.Source.js.Tridion.Cme.SourceTab._initializeBinarySource.html" visibility="private" rawName="Tridion.Cme.SourceTab.prototype._initializeBinarySource" fullName="Tridion.Cme.SourceTab._initializeBinarySource" staticName="SourceTab._initializeBinarySource" synopsis="_initializeBinarySource(): Void" synopsisExtended="_initializeBinarySource(): Void" type="Object">
                          <documentation rawString="&#xA; * Initializes Binary Source&#xA; * @private&#xA; ">
                            <summary>Initializes Binary Source</summary>
                          </documentation>
                        </method>
                        <method name="_deinitializeBinarySource" url=".Anguilla.Source.js.Tridion.Cme.SourceTab._deinitializeBinarySource.html" visibility="private" rawName="Tridion.Cme.SourceTab.prototype._deinitializeBinarySource" fullName="Tridion.Cme.SourceTab._deinitializeBinarySource" staticName="SourceTab._deinitializeBinarySource" synopsis="_deinitializeBinarySource(): Void" synopsisExtended="_deinitializeBinarySource(): Void" type="Object">
                          <documentation rawString="&#xA; * De-Initializes Binary Source&#xA; * @private&#xA; ">
                            <summary>De-Initializes Binary Source</summary>
                          </documentation>
                        </method>
                        <method name="_onBinaryUploadComplete" url=".Anguilla.Source.js.Tridion.Cme.SourceTab._onBinaryUploadComplete.html" visibility="private" rawName="Tridion.Cme.SourceTab.prototype._onBinaryUploadComplete" fullName="Tridion.Cme.SourceTab._onBinaryUploadComplete" staticName="SourceTab._onBinaryUploadComplete" synopsis="_onBinaryUploadComplete(event: Tridion.Core.Event): Void" synopsisExtended="_onBinaryUploadComplete(event: Tridion.Core.Event): Void" type="Object">
                          <arguments value="event">
                            <argument name="event" type="Tridion.Core.Event" description="The event is the event fired from the &lt;c&gt;Tridion.Controls.UploadButton&lt;/c&gt; control." />
                          </arguments>
                          <documentation rawString="&#xA; * Handles the upload complete event.&#xA; * @private  &#xA; * @param {Tridion.Core.Event} event The event is the event fired from the &lt;c&gt;Tridion.Controls.UploadButton&lt;/c&gt; control.&#xA; ">
                            <summary>Handles the upload complete event.</summary>
                          </documentation>
                        </method>
                        <method name="_getBinarySaveToDiskDisabed" url=".Anguilla.Source.js.Tridion.Cme.SourceTab._getBinarySaveToDiskDisabed.html" visibility="private" rawName="Tridion.Cme.SourceTab.prototype._getBinarySaveToDiskDisabed" fullName="Tridion.Cme.SourceTab._getBinarySaveToDiskDisabed" staticName="SourceTab._getBinarySaveToDiskDisabed" synopsis="_getBinarySaveToDiskDisabed(): Boolean" synopsisExtended="_getBinarySaveToDiskDisabed(): Boolean" type="Object">
                          <documentation rawString="&#xA; * Gets the readOnly state of the save to disk button&#xA; * @private  &#xA; * @returns {Boolean} True if the state isreadonly, otherwise false&#xA; ">
                            <summary>Gets the readOnly state of the save to disk button</summary>
                          </documentation>
                          <returns type="Boolean" description="True if the state isreadonly, otherwise false" />
                        </method>
                        <method name="_onBinarySaveToDisk" url=".Anguilla.Source.js.Tridion.Cme.SourceTab._onBinarySaveToDisk.html" visibility="private" rawName="Tridion.Cme.SourceTab.prototype._onBinarySaveToDisk" fullName="Tridion.Cme.SourceTab._onBinarySaveToDisk" staticName="SourceTab._onBinarySaveToDisk" synopsis="_onBinarySaveToDisk(The: e.): Void" synopsisExtended="_onBinarySaveToDisk(The: e.): Void" type="Object">
                          <arguments value="e">
                            <argument name="The" type="e." description="event is fired from the &lt;c&gt;Tridion.Controls.UploadButton&lt;/c&gt;." />
                          </arguments>
                          <documentation rawString="&#xA; * Handles the save event from upload button control.&#xA; * @private &#xA; * @param {Tridion.Core.Event} e. The event is fired from the &lt;c&gt;Tridion.Controls.UploadButton&lt;/c&gt;.&#xA; ">
                            <summary>Handles the save event from upload button control.</summary>
                          </documentation>
                        </method>
                      </methods>
                      <properties>
                        <property name="TEMPLATETYPES_HEAD_PATH" url=".Anguilla.Source.js.Tridion.Cme.SourceTab.TEMPLATETYPES_HEAD_PATH.html" visibility="static" rawName="Tridion.Cme.SourceTab.TEMPLATETYPES_HEAD_PATH" fullName="Tridion.Cme.SourceTab.TEMPLATETYPES_HEAD_PATH" staticName="SourceTab.TEMPLATETYPES_HEAD_PATH" synopsis="SourceTab.TEMPLATETYPES_HEAD_PATH: Object;" synopsisExtended="SourceTab.TEMPLATETYPES_HEAD_PATH: &lt;a href=&quot;&quot;&gt;Object&lt;/a&gt;;" type="Object">
                          <documentation rawString="&#xA; * Defines the List template types definition Path&#xA; ">
                            <summary>Defines the List template types definition Path</summary>
                          </documentation>
                        </property>
                      </properties>
                    </members>
                  </class>
                </classes>
              </members>
            </property>
          </properties>
        </members>
      </property>
    </properties>
  </members>
</document>