<document name="SpellChecker.js" url="SpellChecker.js.html" visibility="default" rawName="SpellChecker.js" fullName="SpellChecker.js" staticName="Anguilla.SpellChecker.js">
  <members>
    <properties>
      <property name="Tridion" url=".Anguilla.SpellChecker.js.Tridion.html" visibility="public" rawName="Tridion" fullName="Tridion" staticName="SpellChecker.js.Tridion" synopsis="SpellChecker.js.Tridion: Object;" synopsisExtended="SpellChecker.js.Tridion: &lt;a href=&quot;&quot;&gt;Object&lt;/a&gt;;" type="Object" virtual="true">
        <members>
          <properties>
            <property name="Cme" url=".Anguilla.SpellChecker.js.Tridion.Cme.html" visibility="static" rawName="Tridion.Cme" fullName="Tridion.Cme" staticName="Tridion.Cme" synopsis="Tridion.Cme: Object;" synopsisExtended="Tridion.Cme: &lt;a href=&quot;&quot;&gt;Object&lt;/a&gt;;" type="Object" virtual="true">
              <members>
                <properties>
                  <property name="Views" url=".Anguilla.SpellChecker.js.Tridion.Cme.Views.html" visibility="static" rawName="Tridion.Cme.Views" fullName="Tridion.Cme.Views" staticName="Cme.Views" synopsis="Cme.Views: Object;" synopsisExtended="Cme.Views: &lt;a href=&quot;&quot;&gt;Object&lt;/a&gt;;" type="Object" virtual="true">
                    <members>
                      <classes>
                        <class name="SpellChecker" url=".Anguilla.SpellChecker.js.Tridion.Cme.Views.SpellChecker.html" visibility="static" rawName="Tridion.Cme.Views.SpellChecker" fullName="Tridion.Cme.Views.SpellChecker" staticName="Views.SpellChecker" synopsis="var x: SpellChecker = new SpellChecker();" synopsisExtended="var x: &lt;a href=&quot;.Anguilla.SpellChecker.js.Tridion.Cme.Views.SpellChecker.html&quot;&gt;SpellChecker&lt;/a&gt; = new SpellChecker();" type="Object">
                          <extends />
                          <documentation rawString="&#xA; * Implements SpellChecker popup view.&#xA; * @constructor&#xA; ">
                            <summary>Implements SpellChecker popup view.</summary>
                          </documentation>
                          <members>
                            <methods>
                              <method name="spellCheck" url=".Anguilla.SpellChecker.js.Tridion.Cme.Views.SpellChecker.spellCheck.html" visibility="prototype" rawName="Tridion.Cme.Views.SpellChecker.prototype.spellCheck" fullName="Tridion.Cme.Views.SpellChecker.spellCheck" staticName="SpellChecker.spellCheck" synopsis="spellCheck(inputXml: String): Void" synopsisExtended="spellCheck(inputXml: String): Void" type="Object">
                                <arguments value="inputXml">
                                  <argument name="inputXml" type="String" description="Spellcheck request." />
                                </arguments>
                                <documentation rawString="&#xA; * Server request to get list of spellcheck entries.&#xA; * @param {String} inputXml Spellcheck request.&#xA; ">
                                  <summary>Server request to get list of spellcheck entries.</summary>
                                </documentation>
                              </method>
                              <method name="loadNextWord" url=".Anguilla.SpellChecker.js.Tridion.Cme.Views.SpellChecker.loadNextWord.html" visibility="prototype" rawName="Tridion.Cme.Views.SpellChecker.prototype.loadNextWord" fullName="Tridion.Cme.Views.SpellChecker.loadNextWord" staticName="SpellChecker.loadNextWord" synopsis="loadNextWord(): Void" synopsisExtended="loadNextWord(): Void" type="Object">
                                <documentation rawString="&#xA; * Loads next Word.&#xA; ">
                                  <summary>Loads next Word.</summary>
                                </documentation>
                              </method>
                              <method name="selectCurWord" url=".Anguilla.SpellChecker.js.Tridion.Cme.Views.SpellChecker.selectCurWord.html" visibility="prototype" rawName="Tridion.Cme.Views.SpellChecker.prototype.selectCurWord" fullName="Tridion.Cme.Views.SpellChecker.selectCurWord" staticName="SpellChecker.selectCurWord" synopsis="selectCurWord(): Void" synopsisExtended="selectCurWord(): Void" type="Object">
                                <documentation rawString="&#xA; * Selects current word.&#xA; ">
                                  <summary>Selects current word.</summary>
                                </documentation>
                              </method>
                              <method name="escapeQuotations" url=".Anguilla.SpellChecker.js.Tridion.Cme.Views.SpellChecker.escapeQuotations.html" visibility="prototype" rawName="Tridion.Cme.Views.SpellChecker.prototype.escapeQuotations" fullName="Tridion.Cme.Views.SpellChecker.escapeQuotations" staticName="SpellChecker.escapeQuotations" synopsis="escapeQuotations(text: String): String" synopsisExtended="escapeQuotations(text: String): String" type="Object">
                                <arguments value="text">
                                  <argument name="text" type="String" description="String to escape" />
                                </arguments>
                                <documentation rawString="&#xA; * Escapes the string&#xA; * @param {String} text String to escape&#xA; * @returns {String} Escaped string.&#xA; ">
                                  <summary>Escapes the string</summary>
                                </documentation>
                                <returns type="String" description="Escaped string." />
                              </method>
                              <method name="reCreateTextRange" url=".Anguilla.SpellChecker.js.Tridion.Cme.Views.SpellChecker.reCreateTextRange.html" visibility="prototype" rawName="Tridion.Cme.Views.SpellChecker.prototype.reCreateTextRange" fullName="Tridion.Cme.Views.SpellChecker.reCreateTextRange" staticName="SpellChecker.reCreateTextRange" synopsis="reCreateTextRange(): Void" synopsisExtended="reCreateTextRange(): Void" type="Object">
                                <documentation rawString="&#xA; * Re-creates text range.&#xA; ">
                                  <summary>Re-creates text range.</summary>
                                </documentation>
                              </method>
                              <method name="setTextRangeEnd" url=".Anguilla.SpellChecker.js.Tridion.Cme.Views.SpellChecker.setTextRangeEnd.html" visibility="prototype" rawName="Tridion.Cme.Views.SpellChecker.prototype.setTextRangeEnd" fullName="Tridion.Cme.Views.SpellChecker.setTextRangeEnd" staticName="SpellChecker.setTextRangeEnd" synopsis="setTextRangeEnd(): Void" synopsisExtended="setTextRangeEnd(): Void" type="Object">
                                <documentation rawString="&#xA; * Sets the end point for text range.&#xA; ">
                                  <summary>Sets the end point for text range.</summary>
                                </documentation>
                              </method>
                              <method name="spellCheckDone" url=".Anguilla.SpellChecker.js.Tridion.Cme.Views.SpellChecker.spellCheckDone.html" visibility="prototype" rawName="Tridion.Cme.Views.SpellChecker.prototype.spellCheckDone" fullName="Tridion.Cme.Views.SpellChecker.spellCheckDone" staticName="SpellChecker.spellCheckDone" synopsis="spellCheckDone(): Void" synopsisExtended="spellCheckDone(): Void" type="Object">
                                <documentation rawString="&#xA; * Executes when a spell check has been done. Fires &quot;complete&quot; event.&#xA; ">
                                  <summary>Executes when a spell check has been done. Fires "complete" event.</summary>
                                </documentation>
                              </method>
                              <method name="spellCheckFieldStart" url=".Anguilla.SpellChecker.js.Tridion.Cme.Views.SpellChecker.spellCheckFieldStart.html" visibility="prototype" rawName="Tridion.Cme.Views.SpellChecker.prototype.spellCheckFieldStart" fullName="Tridion.Cme.Views.SpellChecker.spellCheckFieldStart" staticName="SpellChecker.spellCheckFieldStart" synopsis="spellCheckFieldStart(): Void" synopsisExtended="spellCheckFieldStart(): Void" type="Object">
                                <documentation rawString="&#xA; * Executes when a spell check has been started. Fires &quot;start&quot; event.&#xA; ">
                                  <summary>Executes when a spell check has been started. Fires "start" event.</summary>
                                </documentation>
                              </method>
                              <method name="spellCheckFieldDone" url=".Anguilla.SpellChecker.js.Tridion.Cme.Views.SpellChecker.spellCheckFieldDone.html" visibility="prototype" rawName="Tridion.Cme.Views.SpellChecker.prototype.spellCheckFieldDone" fullName="Tridion.Cme.Views.SpellChecker.spellCheckFieldDone" staticName="SpellChecker.spellCheckFieldDone" synopsis="spellCheckFieldDone(): Void" synopsisExtended="spellCheckFieldDone(): Void" type="Object">
                                <documentation rawString="&#xA; * Executes when a spell check has been done for the field. If field was last field, then fires &quot;complete&quot; event.&#xA; ">
                                  <summary>Executes when a spell check has been done for the field. If field was last field, then fires "complete" event.</summary>
                                </documentation>
                              </method>
                              <method name="updateWord" url=".Anguilla.SpellChecker.js.Tridion.Cme.Views.SpellChecker.updateWord.html" visibility="prototype" rawName="Tridion.Cme.Views.SpellChecker.prototype.updateWord" fullName="Tridion.Cme.Views.SpellChecker.updateWord" staticName="SpellChecker.updateWord" synopsis="updateWord(): Void" synopsisExtended="updateWord(): Void" type="Object">
                                <documentation rawString="&#xA; * Updates word value according to spell checking option.&#xA; ">
                                  <summary>Updates word value according to spell checking option.</summary>
                                </documentation>
                              </method>
                              <method name="onSuggestionsFieldChange" url=".Anguilla.SpellChecker.js.Tridion.Cme.Views.SpellChecker.onSuggestionsFieldChange.html" visibility="prototype" rawName="Tridion.Cme.Views.SpellChecker.prototype.onSuggestionsFieldChange" fullName="Tridion.Cme.Views.SpellChecker.onSuggestionsFieldChange" staticName="SpellChecker.onSuggestionsFieldChange" synopsis="onSuggestionsFieldChange(): Void" synopsisExtended="onSuggestionsFieldChange(): Void" type="Object">
                                <documentation rawString="&#xA; * Handles the change events from Fields.&#xA; ">
                                  <summary>Handles the change events from Fields.</summary>
                                </documentation>
                              </method>
                              <method name="onLanguageFieldChange" url=".Anguilla.SpellChecker.js.Tridion.Cme.Views.SpellChecker.onLanguageFieldChange.html" visibility="prototype" rawName="Tridion.Cme.Views.SpellChecker.prototype.onLanguageFieldChange" fullName="Tridion.Cme.Views.SpellChecker.onLanguageFieldChange" staticName="SpellChecker.onLanguageFieldChange" synopsis="onLanguageFieldChange(): Void" synopsisExtended="onLanguageFieldChange(): Void" type="Object">
                                <documentation rawString="&#xA; * Handles the change events from Fields.&#xA; ">
                                  <summary>Handles the change events from Fields.</summary>
                                </documentation>
                              </method>
                              <method name="onBtnIgnoreClick" url=".Anguilla.SpellChecker.js.Tridion.Cme.Views.SpellChecker.onBtnIgnoreClick.html" visibility="prototype" rawName="Tridion.Cme.Views.SpellChecker.prototype.onBtnIgnoreClick" fullName="Tridion.Cme.Views.SpellChecker.onBtnIgnoreClick" staticName="SpellChecker.onBtnIgnoreClick" synopsis="onBtnIgnoreClick(The: event.): Void" synopsisExtended="onBtnIgnoreClick(The: event.): Void" type="Object">
                                <arguments value="event">
                                  <argument name="The" type="event." description="event is the event fired from the Button." />
                                </arguments>
                                <documentation rawString="&#xA; * Handles the click event from Button.&#xA; * @param {DOMEvent} event. The event is the event fired from the Button.&#xA; ">
                                  <summary>Handles the click event from Button.</summary>
                                </documentation>
                              </method>
                              <method name="onBtnIgnoreAllClick" url=".Anguilla.SpellChecker.js.Tridion.Cme.Views.SpellChecker.onBtnIgnoreAllClick.html" visibility="prototype" rawName="Tridion.Cme.Views.SpellChecker.prototype.onBtnIgnoreAllClick" fullName="Tridion.Cme.Views.SpellChecker.onBtnIgnoreAllClick" staticName="SpellChecker.onBtnIgnoreAllClick" synopsis="onBtnIgnoreAllClick(The: event.): Void" synopsisExtended="onBtnIgnoreAllClick(The: event.): Void" type="Object">
                                <arguments value="event">
                                  <argument name="The" type="event." description="event is the event fired from the Button." />
                                </arguments>
                                <documentation rawString="&#xA; * Handles the click event from Button.&#xA; * @param {DOMEvent} event. The event is the event fired from the Button.&#xA; ">
                                  <summary>Handles the click event from Button.</summary>
                                </documentation>
                              </method>
                              <method name="onBtnChangeClick" url=".Anguilla.SpellChecker.js.Tridion.Cme.Views.SpellChecker.onBtnChangeClick.html" visibility="prototype" rawName="Tridion.Cme.Views.SpellChecker.prototype.onBtnChangeClick" fullName="Tridion.Cme.Views.SpellChecker.onBtnChangeClick" staticName="SpellChecker.onBtnChangeClick" synopsis="onBtnChangeClick(The: event.): Void" synopsisExtended="onBtnChangeClick(The: event.): Void" type="Object">
                                <arguments value="event">
                                  <argument name="The" type="event." description="event is the event fired from the Button." />
                                </arguments>
                                <documentation rawString="&#xA; * Handles the click event from Button.&#xA; * @param {DOMEvent} event. The event is the event fired from the Button.&#xA;  ">
                                  <summary>Handles the click event from Button.</summary>
                                </documentation>
                              </method>
                              <method name="onBtnChangeAllClick" url=".Anguilla.SpellChecker.js.Tridion.Cme.Views.SpellChecker.onBtnChangeAllClick.html" visibility="prototype" rawName="Tridion.Cme.Views.SpellChecker.prototype.onBtnChangeAllClick" fullName="Tridion.Cme.Views.SpellChecker.onBtnChangeAllClick" staticName="SpellChecker.onBtnChangeAllClick" synopsis="onBtnChangeAllClick(The: event.): Void" synopsisExtended="onBtnChangeAllClick(The: event.): Void" type="Object">
                                <arguments value="event">
                                  <argument name="The" type="event." description="event is the event fired from the Button." />
                                </arguments>
                                <documentation rawString="&#xA; * Handles the click event from Button.&#xA; * @param {DOMEvent} event. The event is the event fired from the Button.&#xA;  ">
                                  <summary>Handles the click event from Button.</summary>
                                </documentation>
                              </method>
                              <method name="onBtnCloseClick" url=".Anguilla.SpellChecker.js.Tridion.Cme.Views.SpellChecker.onBtnCloseClick.html" visibility="prototype" rawName="Tridion.Cme.Views.SpellChecker.prototype.onBtnCloseClick" fullName="Tridion.Cme.Views.SpellChecker.onBtnCloseClick" staticName="SpellChecker.onBtnCloseClick" synopsis="onBtnCloseClick(The: event.): Void" synopsisExtended="onBtnCloseClick(The: event.): Void" type="Object">
                                <arguments value="event">
                                  <argument name="The" type="event." description="event is the event fired from the Button." />
                                </arguments>
                                <documentation rawString="&#xA; * Handles the click event from Button.&#xA; * @param {DOMEvent} event. The event is the event fired from the Button.&#xA;  ">
                                  <summary>Handles the click event from Button.</summary>
                                </documentation>
                              </method>
                              <method name="enableView" url=".Anguilla.SpellChecker.js.Tridion.Cme.Views.SpellChecker.enableView.html" visibility="prototype" rawName="Tridion.Cme.Views.SpellChecker.prototype.enableView" fullName="Tridion.Cme.Views.SpellChecker.enableView" staticName="SpellChecker.enableView" synopsis="enableView(): Void" synopsisExtended="enableView(): Void" type="Object">
                                <documentation rawString="&#xA; * Enables Item view.&#xA; ">
                                  <summary>Enables Item view.</summary>
                                </documentation>
                              </method>
                              <method name="disableView" url=".Anguilla.SpellChecker.js.Tridion.Cme.Views.SpellChecker.disableView.html" visibility="prototype" rawName="Tridion.Cme.Views.SpellChecker.prototype.disableView" fullName="Tridion.Cme.Views.SpellChecker.disableView" staticName="SpellChecker.disableView" synopsis="disableView(feedback: String, detail: String): Void" synopsisExtended="disableView(feedback: String, detail: String): Void" type="Object">
                                <arguments value="feedback, detail">
                                  <argument name="feedback" type="String" description="Disable action feedback." />
                                  <argument name="detail" type="String" description="Disable action feedback details." />
                                </arguments>
                                <documentation rawString="&#xA; * Disable Item view.&#xA; * @param {String} feedback Disable action feedback.&#xA; * @param {String} detail Disable action feedback details.&#xA; ">
                                  <summary>Disable Item view.</summary>
                                </documentation>
                              </method>
                              <method name="enableButtons" url=".Anguilla.SpellChecker.js.Tridion.Cme.Views.SpellChecker.enableButtons.html" visibility="prototype" rawName="Tridion.Cme.Views.SpellChecker.prototype.enableButtons" fullName="Tridion.Cme.Views.SpellChecker.enableButtons" staticName="SpellChecker.enableButtons" synopsis="enableButtons(): Void" synopsisExtended="enableButtons(): Void" type="Object">
                                <documentation rawString="&#xA; * Enables Item view buttons.&#xA; ">
                                  <summary>Enables Item view buttons.</summary>
                                </documentation>
                              </method>
                              <method name="disableButtons" url=".Anguilla.SpellChecker.js.Tridion.Cme.Views.SpellChecker.disableButtons.html" visibility="prototype" rawName="Tridion.Cme.Views.SpellChecker.prototype.disableButtons" fullName="Tridion.Cme.Views.SpellChecker.disableButtons" staticName="SpellChecker.disableButtons" synopsis="disableButtons(): Void" synopsisExtended="disableButtons(): Void" type="Object">
                                <documentation rawString="&#xA; * Disable Item view buttons.&#xA; ">
                                  <summary>Disable Item view buttons.</summary>
                                </documentation>
                              </method>
                              <method name="initialize" url=".Anguilla.SpellChecker.js.Tridion.Cme.Views.SpellChecker.initialize.html" visibility="private" rawName="Tridion.Cme.Views.SpellChecker.prototype.initialize" fullName="Tridion.Cme.Views.SpellChecker.initialize" staticName="SpellChecker.initialize" synopsis="initialize(): Void" synopsisExtended="initialize(): Void" type="Object">
                                <documentation rawString="&#xA;* Initializes SpellChecker popup view.&#xA;* @private&#xA;">
                                  <summary>Initializes SpellChecker popup view.</summary>
                                </documentation>
                              </method>
                              <method name="_loadListLanguages" url=".Anguilla.SpellChecker.js.Tridion.Cme.Views.SpellChecker._loadListLanguages.html" visibility="private" rawName="Tridion.Cme.Views.SpellChecker.prototype._loadListLanguages" fullName="Tridion.Cme.Views.SpellChecker._loadListLanguages" staticName="SpellChecker._loadListLanguages" synopsis="_loadListLanguages(): Void" synopsisExtended="_loadListLanguages(): Void" type="Object">
                                <documentation rawString="&#xA; * Loads list languages from TCM.&#xA; * @private  &#xA; ">
                                  <summary>Loads list languages from TCM.</summary>
                                </documentation>
                              </method>
                              <method name="_onListLanguagesLoaded" url=".Anguilla.SpellChecker.js.Tridion.Cme.Views.SpellChecker._onListLanguagesLoaded.html" visibility="private" rawName="Tridion.Cme.Views.SpellChecker.prototype._onListLanguagesLoaded" fullName="Tridion.Cme.Views.SpellChecker._onListLanguagesLoaded" staticName="SpellChecker._onListLanguagesLoaded" synopsis="_onListLanguagesLoaded(Language: langXml.): Void" synopsisExtended="_onListLanguagesLoaded(Language: langXml.): Void" type="Object">
                                <arguments value="langXml">
                                  <argument name="Language" type="langXml." description="definitions xml." />
                                </arguments>
                                <documentation rawString="&#xA; * Handles the list loaded event on the List Languages.&#xA; * @private &#xA; * @param {String} langXml. Language definitions xml. &#xA; ">
                                  <summary>Handles the list loaded event on the List Languages.</summary>
                                </documentation>
                              </method>
                              <method name="_onListLanguagesLoadFail" url=".Anguilla.SpellChecker.js.Tridion.Cme.Views.SpellChecker._onListLanguagesLoadFail.html" visibility="private" rawName="Tridion.Cme.Views.SpellChecker.prototype._onListLanguagesLoadFail" fullName="Tridion.Cme.Views.SpellChecker._onListLanguagesLoadFail" staticName="SpellChecker._onListLanguagesLoadFail" synopsis="_onListLanguagesLoadFail(Language: response.): Void" synopsisExtended="_onListLanguagesLoadFail(Language: response.): Void" type="Object">
                                <arguments value="response">
                                  <argument name="Language" type="response." description="load error xml." />
                                </arguments>
                                <documentation rawString="&#xA; * Handles the list loaded failed event on the List Languages.&#xA; * @private &#xA; * @param {String} response. Language load error xml. &#xA; ">
                                  <summary>Handles the list loaded failed event on the List Languages.</summary>
                                </documentation>
                              </method>
                              <method name="_setLanguage" url=".Anguilla.SpellChecker.js.Tridion.Cme.Views.SpellChecker._setLanguage.html" visibility="private" rawName="Tridion.Cme.Views.SpellChecker.prototype._setLanguage" fullName="Tridion.Cme.Views.SpellChecker._setLanguage" staticName="SpellChecker._setLanguage" synopsis="_setLanguage(langId: String): Void" synopsisExtended="_setLanguage(langId: String): Void" type="Object">
                                <arguments value="langId">
                                  <argument name="langId" type="String" description="Language code" />
                                </arguments>
                                <documentation rawString="&#xA; * Sets the dialog language&#xA; * @param {String} langId Language code&#xA; * @private&#xA; ">
                                  <summary>Sets the dialog language</summary>
                                </documentation>
                              </method>
                              <method name="_loadListEntries" url=".Anguilla.SpellChecker.js.Tridion.Cme.Views.SpellChecker._loadListEntries.html" visibility="private" rawName="Tridion.Cme.Views.SpellChecker.prototype._loadListEntries" fullName="Tridion.Cme.Views.SpellChecker._loadListEntries" staticName="SpellChecker._loadListEntries" synopsis="_loadListEntries(langId: String): Void" synopsisExtended="_loadListEntries(langId: String): Void" type="Object">
                                <arguments value="langId">
                                  <argument name="langId" type="String" description="Spellchecking language id." />
                                </arguments>
                                <documentation rawString="&#xA; * Loads list entries from TCM.&#xA; * @private  &#xA; * @param {String} langId Spellchecking language id.&#xA; ">
                                  <summary>Loads list entries from TCM.</summary>
                                </documentation>
                              </method>
                              <method name="_getSpellcheckRequestXml" url=".Anguilla.SpellChecker.js.Tridion.Cme.Views.SpellChecker._getSpellcheckRequestXml.html" visibility="private" rawName="Tridion.Cme.Views.SpellChecker.prototype._getSpellcheckRequestXml" fullName="Tridion.Cme.Views.SpellChecker._getSpellcheckRequestXml" staticName="SpellChecker._getSpellcheckRequestXml" synopsis="_getSpellcheckRequestXml(): XMLDocument" synopsisExtended="_getSpellcheckRequestXml(): XMLDocument" type="Object">
                                <documentation rawString="&#xA; * Gets the spellcheck request Xml Document&#xA; * @private  &#xA; * @returns {XMLDocument} The XML document of spellcheck request list.&#xA; ">
                                  <summary>Gets the spellcheck request Xml Document</summary>
                                </documentation>
                                <returns type="XMLDocument" description="The XML document of spellcheck request list." />
                              </method>
                              <method name="_onSpellCheckEntriesListLoaded" url=".Anguilla.SpellChecker.js.Tridion.Cme.Views.SpellChecker._onSpellCheckEntriesListLoaded.html" visibility="private" rawName="Tridion.Cme.Views.SpellChecker.prototype._onSpellCheckEntriesListLoaded" fullName="Tridion.Cme.Views.SpellChecker._onSpellCheckEntriesListLoaded" staticName="SpellChecker._onSpellCheckEntriesListLoaded" synopsis="_onSpellCheckEntriesListLoaded(Spellcheck: spellcheckXml.): Void" synopsisExtended="_onSpellCheckEntriesListLoaded(Spellcheck: spellcheckXml.): Void" type="Object">
                                <arguments value="spellcheckXml">
                                  <argument name="Spellcheck" type="spellcheckXml." description="entries xml." />
                                </arguments>
                                <documentation rawString="&#xA; * Handles the list loaded event on the List entries.&#xA; * @private &#xA; * @param {String} spellcheckXml. Spellcheck entries xml. &#xA; ">
                                  <summary>Handles the list loaded event on the List entries.</summary>
                                </documentation>
                              </method>
                              <method name="_onSpellCheckEntriesListLoadFail" url=".Anguilla.SpellChecker.js.Tridion.Cme.Views.SpellChecker._onSpellCheckEntriesListLoadFail.html" visibility="private" rawName="Tridion.Cme.Views.SpellChecker.prototype._onSpellCheckEntriesListLoadFail" fullName="Tridion.Cme.Views.SpellChecker._onSpellCheckEntriesListLoadFail" staticName="SpellChecker._onSpellCheckEntriesListLoadFail" synopsis="_onSpellCheckEntriesListLoadFail(Spellcheck: response.): Void" synopsisExtended="_onSpellCheckEntriesListLoadFail(Spellcheck: response.): Void" type="Object">
                                <arguments value="response">
                                  <argument name="Spellcheck" type="response." description="load error xml." />
                                </arguments>
                                <documentation rawString="&#xA; * Handles the list loaded failed event on the List entries.&#xA; * @private &#xA; * @param {String} response. Spellcheck load error xml. &#xA; ">
                                  <summary>Handles the list loaded failed event on the List entries.</summary>
                                </documentation>
                              </method>
                              <method name="getNextTextField" url=".Anguilla.SpellChecker.js.Tridion.Cme.Views.SpellChecker.getNextTextField.html" visibility="private" rawName="Tridion.Cme.Views.SpellChecker.prototype.getNextTextField" fullName="Tridion.Cme.Views.SpellChecker.getNextTextField" staticName="SpellChecker.getNextTextField" synopsis="getNextTextField(): HTMLElement" synopsisExtended="getNextTextField(): HTMLElement" type="Object">
                                <documentation rawString="&#xA; * Gets the next field for spellchecking.&#xA; * @returns {HTMLElement} element The html element that represents the field.&#xA; * @private &#xA; ">
                                  <summary>Gets the next field for spellchecking.</summary>
                                </documentation>
                                <returns type="HTMLElement" description="element The html element that represents the field." />
                              </method>
                            </methods>
                            <properties>
                              <property name="ACT_SPELLCHECK" url=".Anguilla.SpellChecker.js.Tridion.Cme.Views.SpellChecker.ACT_SPELLCHECK.html" visibility="static" rawName="Tridion.Cme.Views.SpellChecker.ACT_SPELLCHECK" fullName="Tridion.Cme.Views.SpellChecker.ACT_SPELLCHECK" staticName="SpellChecker.ACT_SPELLCHECK" synopsis="SpellChecker.ACT_SPELLCHECK: Object;" synopsisExtended="SpellChecker.ACT_SPELLCHECK: &lt;a href=&quot;&quot;&gt;Object&lt;/a&gt;;" type="Object">
                                <documentation rawString="&#xA; * Defines the Spellchecked Spellcheck Action&#xA; ">
                                  <summary>Defines the Spellchecked Spellcheck Action</summary>
                                </documentation>
                              </property>
                              <property name="ACT_CHANGE" url=".Anguilla.SpellChecker.js.Tridion.Cme.Views.SpellChecker.ACT_CHANGE.html" visibility="static" rawName="Tridion.Cme.Views.SpellChecker.ACT_CHANGE" fullName="Tridion.Cme.Views.SpellChecker.ACT_CHANGE" staticName="SpellChecker.ACT_CHANGE" synopsis="SpellChecker.ACT_CHANGE: Object;" synopsisExtended="SpellChecker.ACT_CHANGE: &lt;a href=&quot;&quot;&gt;Object&lt;/a&gt;;" type="Object">
                                <documentation rawString="&#xA; * Defines the Spellchecked Change Action&#xA; ">
                                  <summary>Defines the Spellchecked Change Action</summary>
                                </documentation>
                              </property>
                              <property name="ACT_IGNORE" url=".Anguilla.SpellChecker.js.Tridion.Cme.Views.SpellChecker.ACT_IGNORE.html" visibility="static" rawName="Tridion.Cme.Views.SpellChecker.ACT_IGNORE" fullName="Tridion.Cme.Views.SpellChecker.ACT_IGNORE" staticName="SpellChecker.ACT_IGNORE" synopsis="SpellChecker.ACT_IGNORE: Object;" synopsisExtended="SpellChecker.ACT_IGNORE: &lt;a href=&quot;&quot;&gt;Object&lt;/a&gt;;" type="Object">
                                <documentation rawString="&#xA; * Defines the Spellchecked Ignore Action&#xA; ">
                                  <summary>Defines the Spellchecked Ignore Action</summary>
                                </documentation>
                              </property>
                            </properties>
                          </members>
                        </class>
                      </classes>
                    </members>
                  </property>
                </properties>
              </members>
            </property>
          </properties>
        </members>
      </property>
    </properties>
  </members>
</document>