<class name="SystemAdministrationFolder.js" url="SystemAdministrationFolder.js.html" visibility="default" rawName="SystemAdministrationFolder.js" fullName="SystemAdministrationFolder.js" staticName="Anguilla.SystemAdministrationFolder.js">
  <documentation rawString="&#xA; * Represents a system administration folder.&#xA; * @namespace {Tridion.ContentManager}&#xA; * @constructor&#xA; * @param {String} id&#xA; ">
    <summary>Represents a system administration folder.</summary>
  </documentation>
  <members>
    <properties>
      <property name="Tridion" url=".Anguilla.SystemAdministrationFolder.js.Tridion.html" visibility="public" rawName="Tridion" fullName="Tridion" staticName="SystemAdministrationFolder.js.Tridion" synopsis="SystemAdministrationFolder.js.Tridion: Object;" synopsisExtended="SystemAdministrationFolder.js.Tridion: &lt;a href=&quot;&quot;&gt;Object&lt;/a&gt;;" type="Object" virtual="true">
        <members>
          <properties>
            <property name="Cme" url=".Anguilla.SystemAdministrationFolder.js.Tridion.Cme.html" visibility="static" rawName="Tridion.Cme" fullName="Tridion.Cme" staticName="Tridion.Cme" synopsis="Tridion.Cme: Object;" synopsisExtended="Tridion.Cme: &lt;a href=&quot;&quot;&gt;Object&lt;/a&gt;;" type="Object" virtual="true">
              <members>
                <properties>
                  <property name="Model" url=".Anguilla.SystemAdministrationFolder.js.Tridion.Cme.Model.html" visibility="static" rawName="Tridion.Cme.Model" fullName="Tridion.Cme.Model" staticName="Cme.Model" synopsis="Cme.Model: Object;" synopsisExtended="Cme.Model: &lt;a href=&quot;&quot;&gt;Object&lt;/a&gt;;" type="Object" virtual="true">
                    <members>
                      <classes>
                        <class name="SystemAdministrationFolder" url=".Anguilla.SystemAdministrationFolder.js.Tridion.Cme.Model.SystemAdministrationFolder.html" visibility="static" rawName="Tridion.Cme.Model.SystemAdministrationFolder" fullName="Tridion.Cme.Model.SystemAdministrationFolder" staticName="Model.SystemAdministrationFolder" synopsis="var x: SystemAdministrationFolder = new SystemAdministrationFolder(id: Object);" synopsisExtended="var x: &lt;a href=&quot;.Anguilla.SystemAdministrationFolder.js.Tridion.Cme.Model.SystemAdministrationFolder.html&quot;&gt;SystemAdministrationFolder&lt;/a&gt; = new SystemAdministrationFolder(id: Object);" type="Object">
                          <arguments value="id">
                            <argument name="id" type="Object" />
                          </arguments>
                          <extends />
                          <documentation rawString="&#xA; * Represents a system administration folder.&#xA; * @namespace {Tridion.ContentManager}&#xA; * @constructor&#xA; * @param {String} id&#xA; ">
                            <summary>Represents a system administration folder.</summary>
                          </documentation>
                          <members>
                            <methods>
                              <method name="isFilterReusable" url=".Anguilla.SystemAdministrationFolder.js.Tridion.Cme.Model.SystemAdministrationFolder.isFilterReusable.html" visibility="prototype" rawName="Tridion.Cme.Model.SystemAdministrationFolder.prototype.isFilterReusable" fullName="Tridion.Cme.Model.SystemAdministrationFolder.isFilterReusable" staticName="SystemAdministrationFolder.isFilterReusable" synopsis="isFilterReusable(rowsExclusive: Boolean, columnsExclusive: Boolean): Boolean" synopsisExtended="isFilterReusable(rowsExclusive: Boolean, columnsExclusive: Boolean): Boolean" type="Object">
                                <arguments value="filter1, filter2, rowsExclusive, columnsExclusive">
                                  <argument name="rowsExclusive" type="Boolean" description="Indicates whether to use exact match for rows." />
                                  <argument name="columnsExclusive" type="Boolean" description="Indicates whether to use exact match for columns." />
                                </arguments>
                                <documentation rawString="&#xA; * Indicates whether a filter is equivalent to another one.&#xA; * @param {Tridion.ContentManager.ListFilter} filter1&#xA; * @param {Tridion.ContentManager.ListFilter} filter2&#xA; * @param {Boolean} rowsExclusive Indicates whether to use exact match for rows.&#xA; * @param {Boolean} columnsExclusive Indicates whether to use exact match for columns.&#xA; * @return {Boolean}&#xA; ">
                                  <summary>Indicates whether a filter is equivalent to another one.</summary>
                                </documentation>
                                <returns type="Boolean" />
                              </method>
                              <method name="getTitle" url=".Anguilla.SystemAdministrationFolder.js.Tridion.Cme.Model.SystemAdministrationFolder.getTitle.html" visibility="prototype" rawName="Tridion.Cme.Model.SystemAdministrationFolder.prototype.getTitle" fullName="Tridion.Cme.Model.SystemAdministrationFolder.getTitle" staticName="SystemAdministrationFolder.getTitle" synopsis="getTitle(): String" synopsisExtended="getTitle(): String" type="Object">
                                <documentation rawString="&#xA; * Gets the folder title.&#xA; * @returns {String} The item title&#xA; ">
                                  <summary>Gets the folder title.</summary>
                                </documentation>
                                <returns type="String" description="The item title" />
                              </method>
                              <method name="getItemIcon" url=".Anguilla.SystemAdministrationFolder.js.Tridion.Cme.Model.SystemAdministrationFolder.getItemIcon.html" visibility="prototype" rawName="Tridion.Cme.Model.SystemAdministrationFolder.prototype.getItemIcon" fullName="Tridion.Cme.Model.SystemAdministrationFolder.getItemIcon" staticName="SystemAdministrationFolder.getItemIcon" synopsis="getItemIcon(): String" synopsisExtended="getItemIcon(): String" type="Object">
                                <documentation rawString="&#xA;Get item icon.&#xA;@return {String} the base filename of the icon.&#xA;">
                                  <description>Get item icon.</description>
                                </documentation>
                                <returns type="String" description="the base filename of the icon." />
                              </method>
                              <method name="getOrganizationalItemId" url=".Anguilla.SystemAdministrationFolder.js.Tridion.Cme.Model.SystemAdministrationFolder.getOrganizationalItemId.html" visibility="prototype" rawName="Tridion.Cme.Model.SystemAdministrationFolder.prototype.getOrganizationalItemId" fullName="Tridion.Cme.Model.SystemAdministrationFolder.getOrganizationalItemId" staticName="SystemAdministrationFolder.getOrganizationalItemId" synopsis="getOrganizationalItemId(): String" synopsisExtended="getOrganizationalItemId(): String" type="Object">
                                <documentation rawString="&#xA; * Returns the id of the Organizational Item containing this Item.&#xA; * @return {String} the id of Organizational Item.&#xA; ">
                                  <summary>Returns the id of the Organizational Item containing this Item.</summary>
                                </documentation>
                                <returns type="String" description="the id of Organizational Item." />
                              </method>
                              <method name="getOrganizationalItem" url=".Anguilla.SystemAdministrationFolder.js.Tridion.Cme.Model.SystemAdministrationFolder.getOrganizationalItem.html" visibility="prototype" rawName="Tridion.Cme.Model.SystemAdministrationFolder.prototype.getOrganizationalItem" fullName="Tridion.Cme.Model.SystemAdministrationFolder.getOrganizationalItem" staticName="SystemAdministrationFolder.getOrganizationalItem" synopsis="getOrganizationalItem(): Tridion.ContentManager.OrganizationalItem" synopsisExtended="getOrganizationalItem(): Tridion.ContentManager.OrganizationalItem" type="Object">
                                <documentation rawString="&#xA; * Returns the Organizational Item containing this Item.&#xA; * @return {Tridion.ContentManager.OrganizationalItem} value the Organizational Item which contains this Item.&#xA; ">
                                  <summary>Returns the Organizational Item containing this Item.</summary>
                                </documentation>
                                <returns type="Tridion.ContentManager.OrganizationalItem" description="value the Organizational Item which contains this Item." />
                              </method>
                            </methods>
                          </members>
                        </class>
                      </classes>
                    </members>
                  </property>
                </properties>
              </members>
            </property>
          </properties>
        </members>
      </property>
    </properties>
  </members>
</class>