<document name="TabControl.js" url="TabControl.js.html" visibility="default" rawName="TabControl.js" fullName="TabControl.js" staticName="Anguilla.TabControl.js">
  <members>
    <properties>
      <property name="Tridion" url=".Anguilla.TabControl.js.Tridion.html" visibility="public" rawName="Tridion" fullName="Tridion" staticName="TabControl.js.Tridion" synopsis="TabControl.js.Tridion: Object;" synopsisExtended="TabControl.js.Tridion: &lt;a href=&quot;&quot;&gt;Object&lt;/a&gt;;" type="Object" virtual="true">
        <members>
          <properties>
            <property name="Controls" url=".Anguilla.TabControl.js.Tridion.Controls.html" visibility="static" rawName="Tridion.Controls" fullName="Tridion.Controls" staticName="Tridion.Controls" synopsis="Tridion.Controls: Object;" synopsisExtended="Tridion.Controls: &lt;a href=&quot;&quot;&gt;Object&lt;/a&gt;;" type="Object" virtual="true">
              <members>
                <classes>
                  <class name="TabControl" url=".Anguilla.TabControl.js.Tridion.Controls.TabControl.html" visibility="static" rawName="Tridion.Controls.TabControl" fullName="Tridion.Controls.TabControl" staticName="Controls.TabControl" synopsis="var x: TabControl = new TabControl(element: HTMLElement);" synopsisExtended="var x: &lt;a href=&quot;.Anguilla.TabControl.js.Tridion.Controls.TabControl.html&quot;&gt;TabControl&lt;/a&gt; = new TabControl(element: HTMLElement);" type="Object">
                    <arguments value="element">
                      <argument name="element" type="HTMLElement" description="The html element that represents this control." />
                    </arguments>
                    <extends />
                    <documentation rawString="&#xA;* Implements a Tab control.&#xA;* Inherits the Deck control with all methods and events.&#xA;* @constructor&#xA;* @event beforeselect Occurs before the page will be selected.&#xA;* @event select Occurs when a page selected.&#xA;* @param {HTMLElement} element The html element that represents this control.&#xA;">
                      <summary>Implements a Tab control.</summary>
                      <description>Inherits the Deck control with all methods and events.</description>
                    </documentation>
                    <members>
                      <events>
                        <event name="beforeselect" url=".Anguilla.TabControl.js.Tridion.Controls.TabControl.beforeselect.html" visibility="prototype" rawName="beforeselect" fullName="beforeselect" staticName="TabControl.beforeselect" type="Object">
                          <documentation rawString="">
                            <summary>Occurs before the page will be selected.</summary>
                          </documentation>
                        </event>
                        <event name="select" url=".Anguilla.TabControl.js.Tridion.Controls.TabControl.select.html" visibility="prototype" rawName="select" fullName="select" staticName="TabControl.select" type="Object">
                          <documentation rawString="">
                            <summary>Occurs when a page selected.</summary>
                          </documentation>
                        </event>
                      </events>
                    </members>
                  </class>
                </classes>
              </members>
            </property>
          </properties>
        </members>
      </property>
    </properties>
  </members>
</document>