<document name="TableEditorToolbar.js" url="TableEditorToolbar.js.html" visibility="default" rawName="TableEditorToolbar.js" fullName="TableEditorToolbar.js" staticName="Anguilla.TableEditorToolbar.js">
  <members>
    <properties>
      <property name="Tridion" url=".Anguilla.TableEditorToolbar.js.Tridion.html" visibility="public" rawName="Tridion" fullName="Tridion" staticName="TableEditorToolbar.js.Tridion" synopsis="TableEditorToolbar.js.Tridion: Object;" synopsisExtended="TableEditorToolbar.js.Tridion: &lt;a href=&quot;&quot;&gt;Object&lt;/a&gt;;" type="Object" virtual="true">
        <members>
          <properties>
            <property name="Cme" url=".Anguilla.TableEditorToolbar.js.Tridion.Cme.html" visibility="static" rawName="Tridion.Cme" fullName="Tridion.Cme" staticName="Tridion.Cme" synopsis="Tridion.Cme: Object;" synopsisExtended="Tridion.Cme: &lt;a href=&quot;&quot;&gt;Object&lt;/a&gt;;" type="Object" virtual="true">
              <members>
                <classes>
                  <class name="TableEditorToolbar" url=".Anguilla.TableEditorToolbar.js.Tridion.Cme.TableEditorToolbar.html" visibility="static" rawName="Tridion.Cme.TableEditorToolbar" fullName="Tridion.Cme.TableEditorToolbar" staticName="Cme.TableEditorToolbar" synopsis="var x: TableEditorToolbar = new TableEditorToolbar(element: HTMLElement);" synopsisExtended="var x: &lt;a href=&quot;.Anguilla.TableEditorToolbar.js.Tridion.Cme.TableEditorToolbar.html&quot;&gt;TableEditorToolbar&lt;/a&gt; = new TableEditorToolbar(element: HTMLElement);" type="Object">
                    <arguments value="element">
                      <argument name="element" type="HTMLElement" description="The html element that represents this control." />
                    </arguments>
                    <extends />
                    <documentation rawString="&#xA; * Implements Table Editor Toolbar.&#xA; * @param {HTMLElement} element The html element that represents this control.  &#xA; * @constructor&#xA; ">
                      <summary>Implements Table Editor Toolbar.</summary>
                    </documentation>
                    <members>
                      <methods>
                        <method name="updateState" url=".Anguilla.TableEditorToolbar.js.Tridion.Cme.TableEditorToolbar.updateState.html" visibility="prototype" rawName="Tridion.Cme.TableEditorToolbar.prototype.updateState" fullName="Tridion.Cme.TableEditorToolbar.updateState" staticName="TableEditorToolbar.updateState" synopsis="updateState(stateObject: Tridion.Controls.TableEditor): Void" synopsisExtended="updateState(stateObject: Tridion.Controls.TableEditor): Void" type="Object">
                          <arguments value="stateObject">
                            <argument name="stateObject" type="Tridion.Controls.TableEditor" description="The table editor control." />
                          </arguments>
                          <documentation rawString="&#xA; * Updates the state (enabled/disabled) of each command on the toolbar.&#xA; * @param {Tridion.Controls.TableEditor} stateObject The table editor control.&#xA; ">
                            <summary>Updates the state (enabled/disabled) of each command on the toolbar.</summary>
                          </documentation>
                        </method>
                      </methods>
                    </members>
                  </class>
                </classes>
              </members>
            </property>
          </properties>
        </members>
      </property>
    </properties>
  </members>
</document>