<document name="TaskBar.js" url="TaskBar.js.html" visibility="default" rawName="TaskBar.js" fullName="TaskBar.js" staticName="Anguilla.TaskBar.js">
  <members>
    <properties>
      <property name="Tridion" url=".Anguilla.TaskBar.js.Tridion.html" visibility="public" rawName="Tridion" fullName="Tridion" staticName="TaskBar.js.Tridion" synopsis="TaskBar.js.Tridion: Object;" synopsisExtended="TaskBar.js.Tridion: &lt;a href=&quot;&quot;&gt;Object&lt;/a&gt;;" type="Object" virtual="true">
        <members>
          <properties>
            <property name="Controls" url=".Anguilla.TaskBar.js.Tridion.Controls.html" visibility="static" rawName="Tridion.Controls" fullName="Tridion.Controls" staticName="Tridion.Controls" synopsis="Tridion.Controls: Object;" synopsisExtended="Tridion.Controls: &lt;a href=&quot;&quot;&gt;Object&lt;/a&gt;;" type="Object" virtual="true">
              <members>
                <classes>
                  <class name="TaskBar" url=".Anguilla.TaskBar.js.Tridion.Controls.TaskBar.html" visibility="static" rawName="Tridion.Controls.TaskBar" fullName="Tridion.Controls.TaskBar" staticName="Controls.TaskBar" synopsis="var x: TaskBar = new TaskBar(element: HTMLElement, selectedIndex: Integer);" synopsisExtended="var x: &lt;a href=&quot;.Anguilla.TaskBar.js.Tridion.Controls.TaskBar.html&quot;&gt;TaskBar&lt;/a&gt; = new TaskBar(element: HTMLElement, selectedIndex: Integer);" type="Object">
                    <arguments value="element">
                      <argument name="element" type="HTMLElement" description="The html element that represents this control." />
                      <argument name="selectedIndex" type="Integer" description="The index of selected page." />
                    </arguments>
                    <extends />
                    <documentation rawString="&#xA;* Implements a TaskBar control.&#xA;* Inherits the TabBase control with all methods and events.&#xA;* @constructor&#xA;* @event beforeselect Occurs before the page will be selected.&#xA;* @event select Occurs when a page selected.&#xA;* @event resize Occurs when the height of the menu is resized&#xA;* @param {HTMLElement} element The html element that represents this control.&#xA;* @param {Integer} selectedIndex The index of selected page.&#xA;">
                      <summary>Implements a TaskBar control.</summary>
                      <description>Inherits the TabBase control with all methods and events.</description>
                    </documentation>
                    <members>
                      <methods>
                        <method name="initialize" url=".Anguilla.TaskBar.js.Tridion.Controls.TaskBar.initialize.html" visibility="prototype" rawName="Tridion.Controls.TaskBar.prototype.initialize" fullName="Tridion.Controls.TaskBar.initialize" staticName="TaskBar.initialize" synopsis="initialize(): Void" synopsisExtended="initialize(): Void" type="Object" />
                        <method name="getButtonSelector" url=".Anguilla.TaskBar.js.Tridion.Controls.TaskBar.getButtonSelector.html" visibility="prototype" rawName="Tridion.Controls.TaskBar.prototype.getButtonSelector" fullName="Tridion.Controls.TaskBar.getButtonSelector" staticName="TaskBar.getButtonSelector" synopsis="getButtonSelector(): Void" synopsisExtended="getButtonSelector(): Void" type="Object" />
                        <method name="selectItem" url=".Anguilla.TaskBar.js.Tridion.Controls.TaskBar.selectItem.html" visibility="prototype" rawName="Tridion.Controls.TaskBar.prototype.selectItem" fullName="Tridion.Controls.TaskBar.selectItem" staticName="TaskBar.selectItem" synopsis="selectItem(item: Object): Void" synopsisExtended="selectItem(item: Object): Void" type="Object">
                          <arguments value="item">
                            <argument name="item" type="Object" description="Item which should be selected." />
                          </arguments>
                          <documentation rawString="&#xA; * Displays the specified item.&#xA; * Overrides base implementation&#xA; * @param {Object} item Item which should be selected.&#xA; ">
                            <summary>Displays the specified item.</summary>
                            <description>Overrides base implementation</description>
                          </documentation>
                        </method>
                        <method name="showItem" url=".Anguilla.TaskBar.js.Tridion.Controls.TaskBar.showItem.html" visibility="prototype" rawName="Tridion.Controls.TaskBar.prototype.showItem" fullName="Tridion.Controls.TaskBar.showItem" staticName="TaskBar.showItem" synopsis="showItem(item: Object): Void" synopsisExtended="showItem(item: Object): Void" type="Object">
                          <arguments value="item">
                            <argument name="item" type="Object" description="Item which should be shown." />
                          </arguments>
                          <documentation rawString="&#xA; * Shows the specified item.&#xA; * Overrides base implementation&#xA; * @param {Object} item Item which should be shown.&#xA; ">
                            <summary>Shows the specified item.</summary>
                            <description>Overrides base implementation</description>
                          </documentation>
                        </method>
                        <method name="hideItem" url=".Anguilla.TaskBar.js.Tridion.Controls.TaskBar.hideItem.html" visibility="prototype" rawName="Tridion.Controls.TaskBar.prototype.hideItem" fullName="Tridion.Controls.TaskBar.hideItem" staticName="TaskBar.hideItem" synopsis="hideItem(item: Object): Void" synopsisExtended="hideItem(item: Object): Void" type="Object">
                          <arguments value="item">
                            <argument name="item" type="Object" description="Item which should be hidden." />
                          </arguments>
                          <documentation rawString="&#xA; * Hides the specified item. Hidden items cannot be selected.&#xA; * Overrides base implementation&#xA; * @param {Object} item Item which should be hidden.&#xA; ">
                            <summary>Hides the specified item. Hidden items cannot be selected.</summary>
                            <description>Overrides base implementation</description>
                          </documentation>
                        </method>
                        <method name="addItem" url=".Anguilla.TaskBar.js.Tridion.Controls.TaskBar.addItem.html" visibility="prototype" rawName="Tridion.Controls.TaskBar.prototype.addItem" fullName="Tridion.Controls.TaskBar.addItem" staticName="TaskBar.addItem" synopsis="addItem(itemElement: HTMLElement, itemTitle: String, selectItem: Boolean): Void" synopsisExtended="addItem(itemElement: HTMLElement, itemTitle: String, selectItem: Boolean): Void" type="Object">
                          <arguments value="itemElement, itemTitle, selectItem">
                            <argument name="itemElement" type="HTMLElement" description="Item which should be added." />
                            <argument name="itemTitle" type="String" description="Item's title." />
                            <argument name="selectItem" type="Boolean" description="Determines wheter new item should be selected." />
                          </arguments>
                          <documentation rawString="&#xA; * Adds the specified item to the TaskBar.&#xA; * Overrides base implementation&#xA; * @param {HTMLElement} itemElement Item which should be added.&#xA; * @param {String} itemTitle Item's title.&#xA; * @param {Boolean} selectItem Determines wheter new item should be selected.&#xA; ">
                            <summary>Adds the specified item to the TaskBar.</summary>
                            <description>Overrides base implementation</description>
                          </documentation>
                        </method>
                        <method name="removeItem" url=".Anguilla.TaskBar.js.Tridion.Controls.TaskBar.removeItem.html" visibility="prototype" rawName="Tridion.Controls.TaskBar.prototype.removeItem" fullName="Tridion.Controls.TaskBar.removeItem" staticName="TaskBar.removeItem" synopsis="removeItem(item: Object): Void" synopsisExtended="removeItem(item: Object): Void" type="Object">
                          <arguments value="item">
                            <argument name="item" type="Object" description="Item which should be removed." />
                          </arguments>
                          <documentation rawString="&#xA; * Removes the specified item.&#xA; * Overrides base implementation&#xA; * @param {Object} item Item which should be removed.&#xA; ">
                            <summary>Removes the specified item.</summary>
                            <description>Overrides base implementation</description>
                          </documentation>
                        </method>
                        <method name="_activateItem" url=".Anguilla.TaskBar.js.Tridion.Controls.TaskBar._activateItem.html" visibility="private" rawName="Tridion.Controls.TaskBar.prototype._activateItem" fullName="Tridion.Controls.TaskBar._activateItem" staticName="TaskBar._activateItem" synopsis="_activateItem(item: Object): Void" synopsisExtended="_activateItem(item: Object): Void" type="Object">
                          <arguments value="item">
                            <argument name="item" type="Object" />
                          </arguments>
                          <documentation rawString="&#xA; * @private&#xA; * Overrides base implementation&#xA; " />
                        </method>
                        <method name="_handleKeyDown" url=".Anguilla.TaskBar.js.Tridion.Controls.TaskBar._handleKeyDown.html" visibility="private" rawName="Tridion.Controls.TaskBar.prototype._handleKeyDown" fullName="Tridion.Controls.TaskBar._handleKeyDown" staticName="TaskBar._handleKeyDown" synopsis="_handleKeyDown(e: Object): Void" synopsisExtended="_handleKeyDown(e: Object): Void" type="Object">
                          <arguments value="e">
                            <argument name="e" type="Object" />
                          </arguments>
                          <documentation rawString="&#xA; * Overrides base implementation&#xA; * @private&#xA; ">
                            <summary>Overrides base implementation</summary>
                          </documentation>
                        </method>
                        <method name="_setDimensions" url=".Anguilla.TaskBar.js.Tridion.Controls.TaskBar._setDimensions.html" visibility="private" rawName="Tridion.Controls.TaskBar.prototype._setDimensions" fullName="Tridion.Controls.TaskBar._setDimensions" staticName="TaskBar._setDimensions" synopsis="_setDimensions(): Void" synopsisExtended="_setDimensions(): Void" type="Object">
                          <documentation rawString="&#xA; * @private&#xA; " />
                        </method>
                        <method name="_updateDisplay" url=".Anguilla.TaskBar.js.Tridion.Controls.TaskBar._updateDisplay.html" visibility="private" rawName="Tridion.Controls.TaskBar.prototype._updateDisplay" fullName="Tridion.Controls.TaskBar._updateDisplay" staticName="TaskBar._updateDisplay" synopsis="_updateDisplay(): Void" synopsisExtended="_updateDisplay(): Void" type="Object">
                          <documentation rawString="&#xA;* @private&#xA;" />
                        </method>
                        <method name="_getMenuHeight" url=".Anguilla.TaskBar.js.Tridion.Controls.TaskBar._getMenuHeight.html" visibility="private" rawName="Tridion.Controls.TaskBar.prototype._getMenuHeight" fullName="Tridion.Controls.TaskBar._getMenuHeight" staticName="TaskBar._getMenuHeight" synopsis="_getMenuHeight(): Void" synopsisExtended="_getMenuHeight(): Void" type="Object">
                          <documentation rawString="&#xA; * @private&#xA; " />
                        </method>
                        <method name="_startResize" url=".Anguilla.TaskBar.js.Tridion.Controls.TaskBar._startResize.html" visibility="private" rawName="Tridion.Controls.TaskBar.prototype._startResize" fullName="Tridion.Controls.TaskBar._startResize" staticName="TaskBar._startResize" synopsis="_startResize(e: Object): Void" synopsisExtended="_startResize(e: Object): Void" type="Object">
                          <arguments value="e">
                            <argument name="e" type="Object" />
                          </arguments>
                          <documentation rawString="&#xA; * @private&#xA; " />
                        </method>
                        <method name="_endResize" url=".Anguilla.TaskBar.js.Tridion.Controls.TaskBar._endResize.html" visibility="private" rawName="Tridion.Controls.TaskBar.prototype._endResize" fullName="Tridion.Controls.TaskBar._endResize" staticName="TaskBar._endResize" synopsis="_endResize(): Void" synopsisExtended="_endResize(): Void" type="Object">
                          <documentation rawString="&#xA; * @private&#xA; " />
                        </method>
                        <method name="_handleMouseOut" url=".Anguilla.TaskBar.js.Tridion.Controls.TaskBar._handleMouseOut.html" visibility="private" rawName="Tridion.Controls.TaskBar.prototype._handleMouseOut" fullName="Tridion.Controls.TaskBar._handleMouseOut" staticName="TaskBar._handleMouseOut" synopsis="_handleMouseOut(e: Object): Void" synopsisExtended="_handleMouseOut(e: Object): Void" type="Object">
                          <arguments value="e">
                            <argument name="e" type="Object" />
                          </arguments>
                          <documentation rawString="&#xA;* @private&#xA;" />
                        </method>
                        <method name="_doResize" url=".Anguilla.TaskBar.js.Tridion.Controls.TaskBar._doResize.html" visibility="private" rawName="Tridion.Controls.TaskBar.prototype._doResize" fullName="Tridion.Controls.TaskBar._doResize" staticName="TaskBar._doResize" synopsis="_doResize(e: Object): Void" synopsisExtended="_doResize(e: Object): Void" type="Object">
                          <arguments value="e">
                            <argument name="e" type="Object" />
                          </arguments>
                          <documentation rawString="&#xA; * @private&#xA; " />
                        </method>
                        <method name="_hideSwitch" url=".Anguilla.TaskBar.js.Tridion.Controls.TaskBar._hideSwitch.html" visibility="private" rawName="Tridion.Controls.TaskBar.prototype._hideSwitch" fullName="Tridion.Controls.TaskBar._hideSwitch" staticName="TaskBar._hideSwitch" synopsis="_hideSwitch(): Void" synopsisExtended="_hideSwitch(): Void" type="Object">
                          <documentation rawString="&#xA; * @private&#xA; " />
                        </method>
                        <method name="_showSwitch" url=".Anguilla.TaskBar.js.Tridion.Controls.TaskBar._showSwitch.html" visibility="private" rawName="Tridion.Controls.TaskBar.prototype._showSwitch" fullName="Tridion.Controls.TaskBar._showSwitch" staticName="TaskBar._showSwitch" synopsis="_showSwitch(): Void" synopsisExtended="_showSwitch(): Void" type="Object">
                          <documentation rawString="&#xA; * @private&#xA; " />
                        </method>
                        <method name="_updateMenuBar" url=".Anguilla.TaskBar.js.Tridion.Controls.TaskBar._updateMenuBar.html" visibility="private" rawName="Tridion.Controls.TaskBar.prototype._updateMenuBar" fullName="Tridion.Controls.TaskBar._updateMenuBar" staticName="TaskBar._updateMenuBar" synopsis="_updateMenuBar(): Void" synopsisExtended="_updateMenuBar(): Void" type="Object">
                          <documentation rawString="&#xA; * @private&#xA; " />
                        </method>
                        <method name="_initializeMenuBarButtons" url=".Anguilla.TaskBar.js.Tridion.Controls.TaskBar._initializeMenuBarButtons.html" visibility="private" rawName="Tridion.Controls.TaskBar.prototype._initializeMenuBarButtons" fullName="Tridion.Controls.TaskBar._initializeMenuBarButtons" staticName="TaskBar._initializeMenuBarButtons" synopsis="_initializeMenuBarButtons(): Void" synopsisExtended="_initializeMenuBarButtons(): Void" type="Object">
                          <documentation rawString="&#xA;* @private&#xA;" />
                        </method>
                        <method name="_handleButtonDown" url=".Anguilla.TaskBar.js.Tridion.Controls.TaskBar._handleButtonDown.html" visibility="private" rawName="Tridion.Controls.TaskBar.prototype._handleButtonDown" fullName="Tridion.Controls.TaskBar._handleButtonDown" staticName="TaskBar._handleButtonDown" synopsis="_handleButtonDown(e: Object): Void" synopsisExtended="_handleButtonDown(e: Object): Void" type="Object">
                          <arguments value="e">
                            <argument name="e" type="Object" />
                          </arguments>
                          <documentation rawString="&#xA;* @private&#xA;" />
                        </method>
                        <method name="_handleContextMenu" url=".Anguilla.TaskBar.js.Tridion.Controls.TaskBar._handleContextMenu.html" visibility="private" rawName="Tridion.Controls.TaskBar.prototype._handleContextMenu" fullName="Tridion.Controls.TaskBar._handleContextMenu" staticName="TaskBar._handleContextMenu" synopsis="_handleContextMenu(e: Object): Void" synopsisExtended="_handleContextMenu(e: Object): Void" type="Object">
                          <arguments value="e">
                            <argument name="e" type="Object" />
                          </arguments>
                          <documentation rawString="&#xA;* @private&#xA;" />
                        </method>
                      </methods>
                      <events>
                        <event name="beforeselect" url=".Anguilla.TaskBar.js.Tridion.Controls.TaskBar.beforeselect.html" visibility="prototype" rawName="beforeselect" fullName="beforeselect" staticName="TaskBar.beforeselect" type="Object">
                          <documentation rawString="">
                            <summary>Occurs before the page will be selected.</summary>
                          </documentation>
                        </event>
                        <event name="select" url=".Anguilla.TaskBar.js.Tridion.Controls.TaskBar.select.html" visibility="prototype" rawName="select" fullName="select" staticName="TaskBar.select" type="Object">
                          <documentation rawString="">
                            <summary>Occurs when a page selected.</summary>
                          </documentation>
                        </event>
                        <event name="resize" url=".Anguilla.TaskBar.js.Tridion.Controls.TaskBar.resize.html" visibility="prototype" rawName="resize" fullName="resize" staticName="TaskBar.resize" type="Object">
                          <documentation rawString="">
                            <summary>Occurs when the height of the menu is resized</summary>
                          </documentation>
                        </event>
                      </events>
                    </members>
                  </class>
                </classes>
              </members>
            </property>
          </properties>
        </members>
      </property>
    </properties>
  </members>
</document>