<document name="TcmUriUtilities.js" url="TcmUriUtilities.js.html" visibility="default" rawName="TcmUriUtilities.js" fullName="TcmUriUtilities.js" staticName="Anguilla.TcmUriUtilities.js">
  <members>
    <properties>
      <property name="Tridion" url=".Anguilla.TcmUriUtilities.js.Tridion.html" visibility="public" rawName="Tridion" fullName="Tridion" staticName="TcmUriUtilities.js.Tridion" synopsis="TcmUriUtilities.js.Tridion: Object;" synopsisExtended="TcmUriUtilities.js.Tridion: &lt;a href=&quot;&quot;&gt;Object&lt;/a&gt;;" type="Object" virtual="true">
        <members>
          <properties>
            <property name="ContentManager" url=".Anguilla.TcmUriUtilities.js.Tridion.ContentManager.html" visibility="static" rawName="Tridion.ContentManager" fullName="Tridion.ContentManager" staticName="Tridion.ContentManager" synopsis="Tridion.ContentManager: Object;" synopsisExtended="Tridion.ContentManager: &lt;a href=&quot;&quot;&gt;Object&lt;/a&gt;;" type="Object" virtual="true">
              <members>
                <properties>
                  <property name="Utilities" url=".Anguilla.TcmUriUtilities.js.Tridion.ContentManager.Utilities.html" visibility="static" rawName="Tridion.ContentManager.Utilities" fullName="Tridion.ContentManager.Utilities" staticName="ContentManager.Utilities" synopsis="ContentManager.Utilities: Object;" synopsisExtended="ContentManager.Utilities: &lt;a href=&quot;&quot;&gt;Object&lt;/a&gt;;" type="Object" virtual="true">
                    <members>
                      <methods>
                        <method name="getPublicationIdFromItemId" url=".Anguilla.TcmUriUtilities.js.Tridion.ContentManager.Utilities.getPublicationIdFromItemId.html" visibility="static" rawName="Tridion.ContentManager.Utilities.getPublicationIdFromItemId" fullName="Tridion.ContentManager.Utilities.getPublicationIdFromItemId" staticName="Utilities.getPublicationIdFromItemId" synopsis="getPublicationIdFromItemId(itemId: Object): Void" synopsisExtended="getPublicationIdFromItemId(itemId: Object): Void" type="Object">
                          <arguments value="itemId">
                            <argument name="itemId" type="Object" />
                          </arguments>
                        </method>
                        <method name="getItemIdInSpecifiedPublicationContext" url=".Anguilla.TcmUriUtilities.js.Tridion.ContentManager.Utilities.getItemIdInSpecifiedPublicationContext.html" visibility="static" rawName="Tridion.ContentManager.Utilities.getItemIdInSpecifiedPublicationContext" fullName="Tridion.ContentManager.Utilities.getItemIdInSpecifiedPublicationContext" staticName="Utilities.getItemIdInSpecifiedPublicationContext" synopsis="getItemIdInSpecifiedPublicationContext(itemId: Object, newPubId: Object): Void" synopsisExtended="getItemIdInSpecifiedPublicationContext(itemId: Object, newPubId: Object): Void" type="Object">
                          <arguments value="itemId, newPubId">
                            <argument name="itemId" type="Object" />
                            <argument name="newPubId" type="Object" />
                          </arguments>
                        </method>
                      </methods>
                    </members>
                  </property>
                </properties>
              </members>
            </property>
          </properties>
        </members>
      </property>
    </properties>
  </members>
</document>