<document name="TemplateBuildingBlock.js" url="TemplateBuildingBlock.js.html" visibility="default" rawName="TemplateBuildingBlock.js" fullName="TemplateBuildingBlock.js" staticName="Anguilla.TemplateBuildingBlock.js">
  <members>
    <properties>
      <property name="Tridion" url=".Anguilla.TemplateBuildingBlock.js.Tridion.html" visibility="public" rawName="Tridion" fullName="Tridion" staticName="TemplateBuildingBlock.js.Tridion" synopsis="TemplateBuildingBlock.js.Tridion: Object;" synopsisExtended="TemplateBuildingBlock.js.Tridion: &lt;a href=&quot;&quot;&gt;Object&lt;/a&gt;;" type="Object" virtual="true">
        <members>
          <properties>
            <property name="Cme" url=".Anguilla.TemplateBuildingBlock.js.Tridion.Cme.html" visibility="static" rawName="Tridion.Cme" fullName="Tridion.Cme" staticName="Tridion.Cme" synopsis="Tridion.Cme: Object;" synopsisExtended="Tridion.Cme: &lt;a href=&quot;&quot;&gt;Object&lt;/a&gt;;" type="Object" virtual="true">
              <members>
                <properties>
                  <property name="Views" url=".Anguilla.TemplateBuildingBlock.js.Tridion.Cme.Views.html" visibility="static" rawName="Tridion.Cme.Views" fullName="Tridion.Cme.Views" staticName="Cme.Views" synopsis="Cme.Views: Object;" synopsisExtended="Cme.Views: &lt;a href=&quot;&quot;&gt;Object&lt;/a&gt;;" type="Object" virtual="true">
                    <members>
                      <classes>
                        <class name="TemplateBuildingBlock" url=".Anguilla.TemplateBuildingBlock.js.Tridion.Cme.Views.TemplateBuildingBlock.html" visibility="static" rawName="Tridion.Cme.Views.TemplateBuildingBlock" fullName="Tridion.Cme.Views.TemplateBuildingBlock" staticName="Views.TemplateBuildingBlock" synopsis="var x: TemplateBuildingBlock = new TemplateBuildingBlock(element: HTMLElement);" synopsisExtended="var x: &lt;a href=&quot;.Anguilla.TemplateBuildingBlock.js.Tridion.Cme.Views.TemplateBuildingBlock.html&quot;&gt;TemplateBuildingBlock&lt;/a&gt; = new TemplateBuildingBlock(element: HTMLElement);" type="Object">
                          <arguments value="element">
                            <argument name="element" type="HTMLElement" description="The html element that represents this control." />
                          </arguments>
                          <extends />
                          <documentation rawString="&#xA; * Implements Template Building Block view.&#xA; * @param {HTMLElement} element The html element that represents this control.   &#xA; * @constructor&#xA; ">
                            <summary>Implements Template Building Block view.</summary>
                          </documentation>
                          <members>
                            <methods>
                              <method name="onRefresh" url=".Anguilla.TemplateBuildingBlock.js.Tridion.Cme.Views.TemplateBuildingBlock.onRefresh.html" visibility="prototype" rawName="Tridion.Cme.Views.TemplateBuildingBlock.prototype.onRefresh" fullName="Tridion.Cme.Views.TemplateBuildingBlock.onRefresh" staticName="TemplateBuildingBlock.onRefresh" synopsis="onRefresh(): Void" synopsisExtended="onRefresh(): Void" type="Object">
                                <documentation rawString="&#xA; * Reacts on Display Refresh event.&#xA; ">
                                  <summary>Reacts on Display Refresh event.</summary>
                                </documentation>
                              </method>
                              <method name="_addPanelEvents" url=".Anguilla.TemplateBuildingBlock.js.Tridion.Cme.Views.TemplateBuildingBlock._addPanelEvents.html" visibility="prototype" rawName="Tridion.Cme.Views.TemplateBuildingBlock.prototype._addPanelEvents" fullName="Tridion.Cme.Views.TemplateBuildingBlock._addPanelEvents" staticName="TemplateBuildingBlock._addPanelEvents" synopsis="_addPanelEvents(Panel: panel.): Void" synopsisExtended="_addPanelEvents(Panel: panel.): Void" type="Object">
                                <arguments value="panel">
                                  <argument name="Panel" type="panel." description="to add events." />
                                </arguments>
                                <documentation rawString="&#xA; * Adds panel events.&#xA; * @param {Tridion.Controls.Panel} panel. Panel to add events.&#xA; ">
                                  <summary>Adds panel events.</summary>
                                </documentation>
                              </method>
                              <method name="_removePanelEvents" url=".Anguilla.TemplateBuildingBlock.js.Tridion.Cme.Views.TemplateBuildingBlock._removePanelEvents.html" visibility="prototype" rawName="Tridion.Cme.Views.TemplateBuildingBlock.prototype._removePanelEvents" fullName="Tridion.Cme.Views.TemplateBuildingBlock._removePanelEvents" staticName="TemplateBuildingBlock._removePanelEvents" synopsis="_removePanelEvents(Panel: panel.): Void" synopsisExtended="_removePanelEvents(Panel: panel.): Void" type="Object">
                                <arguments value="panel">
                                  <argument name="Panel" type="panel." description="to remove events." />
                                </arguments>
                                <documentation rawString="&#xA; * Removes panel events.&#xA; * @param {Tridion.Controls.Panel} panel. Panel to remove events.&#xA; ">
                                  <summary>Removes panel events.</summary>
                                </documentation>
                              </method>
                              <method name="updateView" url=".Anguilla.TemplateBuildingBlock.js.Tridion.Cme.Views.TemplateBuildingBlock.updateView.html" visibility="prototype" rawName="Tridion.Cme.Views.TemplateBuildingBlock.prototype.updateView" fullName="Tridion.Cme.Views.TemplateBuildingBlock.updateView" staticName="TemplateBuildingBlock.updateView" synopsis="updateView(): Void" synopsisExtended="updateView(): Void" type="Object">
                                <documentation rawString="&#xA; * Updating view representation.&#xA; ">
                                  <summary>Updating view representation.</summary>
                                </documentation>
                              </method>
                              <method name="onItemValidate" url=".Anguilla.TemplateBuildingBlock.js.Tridion.Cme.Views.TemplateBuildingBlock.onItemValidate.html" visibility="prototype" rawName="Tridion.Cme.Views.TemplateBuildingBlock.prototype.onItemValidate" fullName="Tridion.Cme.Views.TemplateBuildingBlock.onItemValidate" staticName="TemplateBuildingBlock.onItemValidate" synopsis="onItemValidate(The: event.): Bollean" synopsisExtended="onItemValidate(The: event.): Bollean" type="Object">
                                <arguments value="event">
                                  <argument name="The" type="event." description="event is the event fired from the &lt;c&gt;Tridion.FormatArea&lt;/c&gt;." />
                                </arguments>
                                <documentation rawString="&#xA; * Handles the validate event in Item.&#xA; * @param {Tridion.Core.Event} event. The event is the event fired from the &lt;c&gt;Tridion.FormatArea&lt;/c&gt;.&#xA; * @returns {Bollean} True if item is Valid.&#xA;  ">
                                  <summary>Handles the validate event in Item.</summary>
                                </documentation>
                                <members>
                                  <methods>
                                    <method name="TemplateBuildingBlock$onItemValidate$onModalPopupUnloaded" url=".Anguilla.TemplateBuildingBlock.js.Tridion.Cme.Views.TemplateBuildingBlock.onItemValidate.TemplateBuildingBlock$onItemValidate$onModalPopupUnloaded.html" visibility="private" rawName="TemplateBuildingBlock$onItemValidate$onModalPopupUnloaded" fullName="TemplateBuildingBlock$onItemValidate$onModalPopupUnloaded" staticName="onItemValidate.TemplateBuildingBlock$onItemValidate$onModalPopupUnloaded" synopsis="TemplateBuildingBlock$onItemValidate$onModalPopupUnloaded(): Void" synopsisExtended="TemplateBuildingBlock$onItemValidate$onModalPopupUnloaded(): Void" type="Object" />
                                  </methods>
                                </members>
                                <returns type="Bollean" description="True if item is Valid." />
                              </method>
                              <method name="onItemChanged" url=".Anguilla.TemplateBuildingBlock.js.Tridion.Cme.Views.TemplateBuildingBlock.onItemChanged.html" visibility="prototype" rawName="Tridion.Cme.Views.TemplateBuildingBlock.prototype.onItemChanged" fullName="Tridion.Cme.Views.TemplateBuildingBlock.onItemChanged" staticName="TemplateBuildingBlock.onItemChanged" synopsis="onItemChanged(The: event.): Void" synopsisExtended="onItemChanged(The: event.): Void" type="Object">
                                <arguments value="event">
                                  <argument name="The" type="event." description="event fired from the Item." />
                                </arguments>
                                <documentation rawString="&#xA; * Handles the change event in Item.&#xA; * @param {Tridion.Core.Event} event. The event fired from the Item.&#xA; ">
                                  <summary>Handles the change event in Item.</summary>
                                </documentation>
                              </method>
                              <method name="collectFieldData" url=".Anguilla.TemplateBuildingBlock.js.Tridion.Cme.Views.TemplateBuildingBlock.collectFieldData.html" visibility="prototype" rawName="Tridion.Cme.Views.TemplateBuildingBlock.prototype.collectFieldData" fullName="Tridion.Cme.Views.TemplateBuildingBlock.collectFieldData" staticName="TemplateBuildingBlock.collectFieldData" synopsis="collectFieldData(Field: field.): Void" synopsisExtended="collectFieldData(Field: field.): Void" type="Object">
                                <arguments value="field">
                                  <argument name="Field" type="field." description="which data was changed." />
                                </arguments>
                                <documentation rawString="&#xA; * Collects Data from field.&#xA; * @param {Object} field. Field which data was changed.&#xA; ">
                                  <summary>Collects Data from field.</summary>
                                </documentation>
                              </method>
                              <method name="onFieldsChanged" url=".Anguilla.TemplateBuildingBlock.js.Tridion.Cme.Views.TemplateBuildingBlock.onFieldsChanged.html" visibility="prototype" rawName="Tridion.Cme.Views.TemplateBuildingBlock.prototype.onFieldsChanged" fullName="Tridion.Cme.Views.TemplateBuildingBlock.onFieldsChanged" staticName="TemplateBuildingBlock.onFieldsChanged" synopsis="onFieldsChanged(The: event.): Void" synopsisExtended="onFieldsChanged(The: event.): Void" type="Object">
                                <arguments value="event">
                                  <argument name="The" type="event." description="event is the event fired from the Fields." />
                                </arguments>
                                <documentation rawString="&#xA; * Handles the change events from Fields.&#xA; * @param {Tridion.Core.Event} event. The event is the event fired from the Fields.&#xA; ">
                                  <summary>Handles the change events from Fields.</summary>
                                </documentation>
                              </method>
                              <method name="onMetadataSchemaLoadContent" url=".Anguilla.TemplateBuildingBlock.js.Tridion.Cme.Views.TemplateBuildingBlock.onMetadataSchemaLoadContent.html" visibility="prototype" rawName="Tridion.Cme.Views.TemplateBuildingBlock.prototype.onMetadataSchemaLoadContent" fullName="Tridion.Cme.Views.TemplateBuildingBlock.onMetadataSchemaLoadContent" staticName="TemplateBuildingBlock.onMetadataSchemaLoadContent" synopsis="onMetadataSchemaLoadContent(The: event.): Void" synopsisExtended="onMetadataSchemaLoadContent(The: event.): Void" type="Object">
                                <arguments value="event">
                                  <argument name="The" type="event." description="event is the event fired from the &lt;c&gt;Tridion.ContentManager.Schema&lt;/c&gt;. object." />
                                </arguments>
                                <documentation rawString="&#xA; * Handles the schema content load event.&#xA; * @param {Tridion.Core.Event} event. The event is the event fired from the &lt;c&gt;Tridion.ContentManager.Schema&lt;/c&gt;. object.&#xA; ">
                                  <summary>Handles the schema content load event.</summary>
                                </documentation>
                                <members>
                                  <methods>
                                    <method name="TemplateBuildingBlock$onMetadataSchemaLoadContent$listLoaded" url=".Anguilla.TemplateBuildingBlock.js.Tridion.Cme.Views.TemplateBuildingBlock.onMetadataSchemaLoadContent.TemplateBuildingBlock$onMetadataSchemaLoadContent$listLoaded.html" visibility="private" rawName="TemplateBuildingBlock$onMetadataSchemaLoadContent$listLoaded" fullName="TemplateBuildingBlock$onMetadataSchemaLoadContent$listLoaded" staticName="onMetadataSchemaLoadContent.TemplateBuildingBlock$onMetadataSchemaLoadContent$listLoaded" synopsis="TemplateBuildingBlock$onMetadataSchemaLoadContent$listLoaded(): Void" synopsisExtended="TemplateBuildingBlock$onMetadataSchemaLoadContent$listLoaded(): Void" type="Object" />
                                  </methods>
                                </members>
                              </method>
                              <method name="getParameterSchemasList" url=".Anguilla.TemplateBuildingBlock.js.Tridion.Cme.Views.TemplateBuildingBlock.getParameterSchemasList.html" visibility="prototype" rawName="Tridion.Cme.Views.TemplateBuildingBlock.prototype.getParameterSchemasList" fullName="Tridion.Cme.Views.TemplateBuildingBlock.getParameterSchemasList" staticName="TemplateBuildingBlock.getParameterSchemasList" synopsis="getParameterSchemasList(): Object" synopsisExtended="getParameterSchemasList(): Object" type="Object">
                                <documentation rawString="&#xA; * Gets List of parameter schemas.&#xA; * @returns {Object} List schemas object.&#xA; ">
                                  <summary>Gets List of parameter schemas.</summary>
                                </documentation>
                                <returns type="Object" description="List schemas object." />
                              </method>
                              <method name="onParameterSchemaLoadContent" url=".Anguilla.TemplateBuildingBlock.js.Tridion.Cme.Views.TemplateBuildingBlock.onParameterSchemaLoadContent.html" visibility="prototype" rawName="Tridion.Cme.Views.TemplateBuildingBlock.prototype.onParameterSchemaLoadContent" fullName="Tridion.Cme.Views.TemplateBuildingBlock.onParameterSchemaLoadContent" staticName="TemplateBuildingBlock.onParameterSchemaLoadContent" synopsis="onParameterSchemaLoadContent(The: event.): Void" synopsisExtended="onParameterSchemaLoadContent(The: event.): Void" type="Object">
                                <arguments value="event">
                                  <argument name="The" type="event." description="event fired from parameter schema dropdown." />
                                </arguments>
                                <documentation rawString="&#xA; * Handles the content load Event from parameter schema dropdown.&#xA; * @param {Tridion.Core.Event} event. The event fired from parameter schema dropdown.&#xA; ">
                                  <summary>Handles the content load Event from parameter schema dropdown.</summary>
                                </documentation>
                                <members>
                                  <methods>
                                    <method name="TemplateBuildingBlock$onParameterSchemaLoadContent$listLoaded" url=".Anguilla.TemplateBuildingBlock.js.Tridion.Cme.Views.TemplateBuildingBlock.onParameterSchemaLoadContent.TemplateBuildingBlock$onParameterSchemaLoadContent$listLoaded.html" visibility="private" rawName="TemplateBuildingBlock$onParameterSchemaLoadContent$listLoaded" fullName="TemplateBuildingBlock$onParameterSchemaLoadContent$listLoaded" staticName="onParameterSchemaLoadContent.TemplateBuildingBlock$onParameterSchemaLoadContent$listLoaded" synopsis="TemplateBuildingBlock$onParameterSchemaLoadContent$listLoaded(): Void" synopsisExtended="TemplateBuildingBlock$onParameterSchemaLoadContent$listLoaded(): Void" type="Object" />
                                  </methods>
                                </members>
                              </method>
                              <method name="_onPanelOpen" url=".Anguilla.TemplateBuildingBlock.js.Tridion.Cme.Views.TemplateBuildingBlock._onPanelOpen.html" visibility="prototype" rawName="Tridion.Cme.Views.TemplateBuildingBlock.prototype._onPanelOpen" fullName="Tridion.Cme.Views.TemplateBuildingBlock._onPanelOpen" staticName="TemplateBuildingBlock._onPanelOpen" synopsis="_onPanelOpen(The: event.): Void" synopsisExtended="_onPanelOpen(The: event.): Void" type="Object">
                                <arguments value="event">
                                  <argument name="The" type="event." description="event is the event fired from the panel control." />
                                </arguments>
                                <documentation rawString="&#xA; * Handles the panel open events from the panel control.&#xA; * @param {Tridion.Core.Event} event. The event is the event fired from the panel control.&#xA; ">
                                  <summary>Handles the panel open events from the panel control.</summary>
                                </documentation>
                              </method>
                              <method name="_onPanelClose" url=".Anguilla.TemplateBuildingBlock.js.Tridion.Cme.Views.TemplateBuildingBlock._onPanelClose.html" visibility="prototype" rawName="Tridion.Cme.Views.TemplateBuildingBlock.prototype._onPanelClose" fullName="Tridion.Cme.Views.TemplateBuildingBlock._onPanelClose" staticName="TemplateBuildingBlock._onPanelClose" synopsis="_onPanelClose(The: event.): Void" synopsisExtended="_onPanelClose(The: event.): Void" type="Object">
                                <arguments value="event">
                                  <argument name="The" type="event." description="event is the event fired from the panel control." />
                                </arguments>
                                <documentation rawString="&#xA; * Handles the panel close events from the panel control.&#xA; * @param {Tridion.Core.Event} event. The event is the event fired from the panel control.&#xA; ">
                                  <summary>Handles the panel close events from the panel control.</summary>
                                </documentation>
                              </method>
                              <method name="initialize" url=".Anguilla.TemplateBuildingBlock.js.Tridion.Cme.Views.TemplateBuildingBlock.initialize.html" visibility="private" rawName="Tridion.Cme.Views.TemplateBuildingBlock.prototype.initialize" fullName="Tridion.Cme.Views.TemplateBuildingBlock.initialize" staticName="TemplateBuildingBlock.initialize" synopsis="initialize(): Void" synopsisExtended="initialize(): Void" type="Object">
                                <documentation rawString="&#xA; * Initializes Template Building Block view.&#xA; * @private&#xA; ">
                                  <summary>Initializes Template Building Block view.</summary>
                                </documentation>
                              </method>
                            </methods>
                          </members>
                        </class>
                      </classes>
                    </members>
                  </property>
                </properties>
              </members>
            </property>
          </properties>
        </members>
      </property>
    </properties>
  </members>
</document>