<document name="TextRange.js" url="TextRange.js.html" visibility="default" rawName="TextRange.js" fullName="TextRange.js" staticName="Anguilla.TextRange.js">
  <members>
    <properties>
      <property name="$textrange" url=".Anguilla.TextRange.js.$textrange.html" visibility="public" rawName="$textrange" fullName="$textrange" staticName="TextRange.js.$textrange" synopsis="TextRange.js.$textrange: Object;" synopsisExtended="TextRange.js.$textrange: &lt;a href=&quot;&quot;&gt;Object&lt;/a&gt;;" type="Object" virtual="true">
        <members>
          <classes>
            <class name="InputTextRange" url=".Anguilla.TextRange.js.$textrange.InputTextRange.html" visibility="static" rawName="$textrange.InputTextRange" fullName="$textrange.InputTextRange" staticName="$textrange.InputTextRange" synopsis="var x: InputTextRange = new InputTextRange(element: Object);" synopsisExtended="var x: &lt;a href=&quot;.Anguilla.TextRange.js.$textrange.InputTextRange.html&quot;&gt;InputTextRange&lt;/a&gt; = new InputTextRange(element: Object);" type="Object">
              <arguments value="element">
                <argument name="element" type="Object" />
              </arguments>
              <extends />
              <members>
                <methods>
                  <method name="setStart" url=".Anguilla.TextRange.js.$textrange.InputTextRange.setStart.html" visibility="prototype" rawName="$textrange.InputTextRange.prototype.setStart" fullName="$textrange.InputTextRange.setStart" staticName="InputTextRange.setStart" synopsis="setStart(element: Object, offset: Object): Void" synopsisExtended="setStart(element: Object, offset: Object): Void" type="Object">
                    <arguments value="element, offset">
                      <argument name="element" type="Object" />
                      <argument name="offset" type="Object" />
                    </arguments>
                  </method>
                  <method name="setEnd" url=".Anguilla.TextRange.js.$textrange.InputTextRange.setEnd.html" visibility="prototype" rawName="$textrange.InputTextRange.prototype.setEnd" fullName="$textrange.InputTextRange.setEnd" staticName="InputTextRange.setEnd" synopsis="setEnd(element: Object, offset: Object): Void" synopsisExtended="setEnd(element: Object, offset: Object): Void" type="Object">
                    <arguments value="element, offset">
                      <argument name="element" type="Object" />
                      <argument name="offset" type="Object" />
                    </arguments>
                  </method>
                  <method name="collapse" url=".Anguilla.TextRange.js.$textrange.InputTextRange.collapse.html" visibility="prototype" rawName="$textrange.InputTextRange.prototype.collapse" fullName="$textrange.InputTextRange.collapse" staticName="InputTextRange.collapse" synopsis="collapse(start: Object): Void" synopsisExtended="collapse(start: Object): Void" type="Object">
                    <arguments value="start">
                      <argument name="start" type="Object" />
                    </arguments>
                  </method>
                  <method name="select" url=".Anguilla.TextRange.js.$textrange.InputTextRange.select.html" visibility="prototype" rawName="$textrange.InputTextRange.prototype.select" fullName="$textrange.InputTextRange.select" staticName="InputTextRange.select" synopsis="select(start: Object): Void" synopsisExtended="select(start: Object): Void" type="Object">
                    <arguments value="start">
                      <argument name="start" type="Object" />
                    </arguments>
                  </method>
                  <method name="setText" url=".Anguilla.TextRange.js.$textrange.InputTextRange.setText.html" visibility="prototype" rawName="$textrange.InputTextRange.prototype.setText" fullName="$textrange.InputTextRange.setText" staticName="InputTextRange.setText" synopsis="setText(text: Object): Void" synopsisExtended="setText(text: Object): Void" type="Object">
                    <arguments value="text">
                      <argument name="text" type="Object" />
                    </arguments>
                  </method>
                </methods>
              </members>
            </class>
          </classes>
          <methods>
            <method name="createTextRange" url=".Anguilla.TextRange.js.$textrange.createTextRange.html" visibility="static" rawName="$textrange.createTextRange" fullName="$textrange.createTextRange" staticName="$textrange.createTextRange" synopsis="createTextRange(element: Object): Void" synopsisExtended="createTextRange(element: Object): Void" type="Object">
              <arguments value="element">
                <argument name="element" type="Object" />
              </arguments>
            </method>
            <method name="findText" url=".Anguilla.TextRange.js.$textrange.findText.html" visibility="static" rawName="$textrange.findText" fullName="$textrange.findText" staticName="$textrange.findText" synopsis="findText(textRange: Object, text: Object): Void" synopsisExtended="findText(textRange: Object, text: Object): Void" type="Object">
              <arguments value="textRange, text">
                <argument name="textRange" type="Object" />
                <argument name="text" type="Object" />
              </arguments>
            </method>
            <method name="findTextInDom" url=".Anguilla.TextRange.js.$textrange.findTextInDom.html" visibility="static" rawName="$textrange.findTextInDom" fullName="$textrange.findTextInDom" staticName="$textrange.findTextInDom" synopsis="findTextInDom(startNode: Object, startOffset: Object, endNode: Object, endOffset: Object, text: Object): Void" synopsisExtended="findTextInDom(startNode: Object, startOffset: Object, endNode: Object, endOffset: Object, text: Object): Void" type="Object">
              <arguments value="startNode, startOffset, endNode, endOffset, text">
                <argument name="startNode" type="Object" />
                <argument name="startOffset" type="Object" />
                <argument name="endNode" type="Object" />
                <argument name="endOffset" type="Object" />
                <argument name="text" type="Object" />
              </arguments>
            </method>
            <method name="setRangeText" url=".Anguilla.TextRange.js.$textrange.setRangeText.html" visibility="static" rawName="$textrange.setRangeText" fullName="$textrange.setRangeText" staticName="$textrange.setRangeText" synopsis="setRangeText(range: Object, text: Object, select: Object, collapseSelection: Object): Void" synopsisExtended="setRangeText(range: Object, text: Object, select: Object, collapseSelection: Object): Void" type="Object">
              <arguments value="range, text, select, collapseSelection">
                <argument name="range" type="Object" />
                <argument name="text" type="Object" />
                <argument name="select" type="Object" />
                <argument name="collapseSelection" type="Object" />
              </arguments>
            </method>
          </methods>
        </members>
      </property>
    </properties>
  </members>
</document>