<document name="Titlebar.js" url="Titlebar.js.html" visibility="default" rawName="Titlebar.js" fullName="Titlebar.js" staticName="Anguilla.Titlebar.js">
  <members>
    <properties>
      <property name="Tridion" url=".Anguilla.Titlebar.js.Tridion.html" visibility="public" rawName="Tridion" fullName="Tridion" staticName="Titlebar.js.Tridion" synopsis="Titlebar.js.Tridion: Object;" synopsisExtended="Titlebar.js.Tridion: &lt;a href=&quot;&quot;&gt;Object&lt;/a&gt;;" type="Object" virtual="true">
        <members>
          <properties>
            <property name="Controls" url=".Anguilla.Titlebar.js.Tridion.Controls.html" visibility="static" rawName="Tridion.Controls" fullName="Tridion.Controls" staticName="Tridion.Controls" synopsis="Tridion.Controls: Object;" synopsisExtended="Tridion.Controls: &lt;a href=&quot;&quot;&gt;Object&lt;/a&gt;;" type="Object" virtual="true">
              <members>
                <classes>
                  <class name="Titlebar" url=".Anguilla.Titlebar.js.Tridion.Controls.Titlebar.html" visibility="static" rawName="Tridion.Controls.Titlebar" fullName="Tridion.Controls.Titlebar" staticName="Controls.Titlebar" synopsis="var x: Titlebar = new Titlebar(element: Object);" synopsisExtended="var x: &lt;a href=&quot;.Anguilla.Titlebar.js.Tridion.Controls.Titlebar.html&quot;&gt;Titlebar&lt;/a&gt; = new Titlebar(element: Object);" type="Object">
                    <arguments value="element">
                      <argument name="element" type="Object" />
                    </arguments>
                    <extends />
                    <documentation rawString="&#xA; * Implements the titlebar control&#xA; * @constructor&#xA; ">
                      <summary>Implements the titlebar control</summary>
                    </documentation>
                    <members>
                      <methods>
                        <method name="setTimeObject" url=".Anguilla.Titlebar.js.Tridion.Controls.Titlebar.setTimeObject.html" visibility="prototype" rawName="Tridion.Controls.Titlebar.prototype.setTimeObject" fullName="Tridion.Controls.Titlebar.setTimeObject" staticName="Titlebar.setTimeObject" synopsis="setTimeObject(value: Object): Void" synopsisExtended="setTimeObject(value: Object): Void" type="Object">
                          <arguments value="value">
                            <argument name="value" type="Object" />
                          </arguments>
                        </method>
                        <method name="setType" url=".Anguilla.Titlebar.js.Tridion.Controls.Titlebar.setType.html" visibility="prototype" rawName="Tridion.Controls.Titlebar.prototype.setType" fullName="Tridion.Controls.Titlebar.setType" staticName="Titlebar.setType" synopsis="setType(value: Object): Void" synopsisExtended="setType(value: Object): Void" type="Object">
                          <arguments value="value">
                            <argument name="value" type="Object" />
                          </arguments>
                        </method>
                        <method name="setIcon" url=".Anguilla.Titlebar.js.Tridion.Controls.Titlebar.setIcon.html" visibility="prototype" rawName="Tridion.Controls.Titlebar.prototype.setIcon" fullName="Tridion.Controls.Titlebar.setIcon" staticName="Titlebar.setIcon" synopsis="setIcon(value: Object): Void" synopsisExtended="setIcon(value: Object): Void" type="Object">
                          <arguments value="value">
                            <argument name="value" type="Object" />
                          </arguments>
                        </method>
                        <method name="setTitle" url=".Anguilla.Titlebar.js.Tridion.Controls.Titlebar.setTitle.html" visibility="prototype" rawName="Tridion.Controls.Titlebar.prototype.setTitle" fullName="Tridion.Controls.Titlebar.setTitle" staticName="Titlebar.setTitle" synopsis="setTitle(value: Object): Void" synopsisExtended="setTitle(value: Object): Void" type="Object">
                          <arguments value="value">
                            <argument name="value" type="Object" />
                          </arguments>
                          <documentation rawString="&#xA; * Sets the text string that is displayed in the left-hand section of the Titlebar&#xA; ">
                            <summary>Sets the text string that is displayed in the left-hand section of the Titlebar</summary>
                          </documentation>
                        </method>
                        <method name="_onTimeChange" url=".Anguilla.Titlebar.js.Tridion.Controls.Titlebar._onTimeChange.html" visibility="prototype" rawName="Tridion.Controls.Titlebar.prototype._onTimeChange" fullName="Tridion.Controls.Titlebar._onTimeChange" staticName="Titlebar._onTimeChange" synopsis="_onTimeChange(evt: Object): Void" synopsisExtended="_onTimeChange(evt: Object): Void" type="Object">
                          <arguments value="evt">
                            <argument name="evt" type="Object" />
                          </arguments>
                        </method>
                        <method name="_onTimeObjectMarshal" url=".Anguilla.Titlebar.js.Tridion.Controls.Titlebar._onTimeObjectMarshal.html" visibility="prototype" rawName="Tridion.Controls.Titlebar.prototype._onTimeObjectMarshal" fullName="Tridion.Controls.Titlebar._onTimeObjectMarshal" staticName="Titlebar._onTimeObjectMarshal" synopsis="_onTimeObjectMarshal(evt: Object): Void" synopsisExtended="_onTimeObjectMarshal(evt: Object): Void" type="Object">
                          <arguments value="evt">
                            <argument name="evt" type="Object" />
                          </arguments>
                        </method>
                        <method name="disposeInterface" url=".Anguilla.Titlebar.js.Tridion.Controls.Titlebar.disposeInterface.html" visibility="prototype" rawName="Tridion.Controls.Titlebar.prototype.disposeInterface" fullName="Tridion.Controls.Titlebar.disposeInterface" staticName="Titlebar.disposeInterface" synopsis="disposeInterface(): Void" synopsisExtended="disposeInterface(): Void" type="Object" />
                        <method name="initialize" url=".Anguilla.Titlebar.js.Tridion.Controls.Titlebar.initialize.html" visibility="private" rawName="Tridion.Controls.Titlebar.prototype.initialize" fullName="Tridion.Controls.Titlebar.initialize" staticName="Titlebar.initialize" synopsis="initialize(): Void" synopsisExtended="initialize(): Void" type="Object">
                          <documentation rawString="&#xA; * Initializes the titlebar instance&#xA; * @private&#xA; ">
                            <summary>Initializes the titlebar instance</summary>
                          </documentation>
                        </method>
                        <method name="_onButtonClick" url=".Anguilla.Titlebar.js.Tridion.Controls.Titlebar._onButtonClick.html" visibility="private" rawName="Tridion.Controls.Titlebar.prototype._onButtonClick" fullName="Tridion.Controls.Titlebar._onButtonClick" staticName="Titlebar._onButtonClick" synopsis="_onButtonClick(event: Object): Void" synopsisExtended="_onButtonClick(event: Object): Void" type="Object">
                          <arguments value="event">
                            <argument name="event" type="Object" />
                          </arguments>
                          <documentation rawString="&#xA; * Dispatches a click event on the titlebar when a button is clicked&#xA; * @private&#xA; ">
                            <summary>Dispatches a click event on the titlebar when a button is clicked</summary>
                          </documentation>
                        </method>
                        <method name="_updateTime" url=".Anguilla.Titlebar.js.Tridion.Controls.Titlebar._updateTime.html" visibility="private" rawName="Tridion.Controls.Titlebar.prototype._updateTime" fullName="Tridion.Controls.Titlebar._updateTime" staticName="Titlebar._updateTime" synopsis="_updateTime(timeObj: Object): Void" synopsisExtended="_updateTime(timeObj: Object): Void" type="Object">
                          <arguments value="timeObj">
                            <argument name="timeObj" type="Object" />
                          </arguments>
                          <documentation rawString="&#xA; * Updates the displayed server time&#xA; * @private&#xA; ">
                            <summary>Updates the displayed server time</summary>
                          </documentation>
                        </method>
                      </methods>
                    </members>
                  </class>
                </classes>
              </members>
            </property>
          </properties>
        </members>
      </property>
    </properties>
  </members>
</document>