<document name="TrackedCategories.js" url="TrackedCategories.js.html" visibility="default" rawName="TrackedCategories.js" fullName="TrackedCategories.js" staticName="Anguilla.TrackedCategories.js">
  <members>
    <properties>
      <property name="Tridion" url=".Anguilla.TrackedCategories.js.Tridion.html" visibility="public" rawName="Tridion" fullName="Tridion" staticName="TrackedCategories.js.Tridion" synopsis="TrackedCategories.js.Tridion: Object;" synopsisExtended="TrackedCategories.js.Tridion: &lt;a href=&quot;&quot;&gt;Object&lt;/a&gt;;" type="Object" virtual="true">
        <members>
          <properties>
            <property name="Cme" url=".Anguilla.TrackedCategories.js.Tridion.Cme.html" visibility="static" rawName="Tridion.Cme" fullName="Tridion.Cme" staticName="Tridion.Cme" synopsis="Tridion.Cme: Object;" synopsisExtended="Tridion.Cme: &lt;a href=&quot;&quot;&gt;Object&lt;/a&gt;;" type="Object" virtual="true">
              <members>
                <classes>
                  <class name="TrackedCategoriesTab" url=".Anguilla.TrackedCategories.js.Tridion.Cme.TrackedCategoriesTab.html" visibility="static" rawName="Tridion.Cme.TrackedCategoriesTab" fullName="Tridion.Cme.TrackedCategoriesTab" staticName="Cme.TrackedCategoriesTab" synopsis="var x: TrackedCategoriesTab = new TrackedCategoriesTab(element: HTMLElement);" synopsisExtended="var x: &lt;a href=&quot;.Anguilla.TrackedCategories.js.Tridion.Cme.TrackedCategoriesTab.html&quot;&gt;TrackedCategoriesTab&lt;/a&gt; = new TrackedCategoriesTab(element: HTMLElement);" type="Object">
                    <arguments value="element">
                      <argument name="element" type="HTMLElement" description="The html element that represents this control." />
                    </arguments>
                    <extends />
                    <documentation rawString="&#xA; * Implements Tracked Categories tab view.&#xA; * @param {HTMLElement} element The html element that represents this control.   &#xA; * @constructor&#xA; ">
                      <summary>Implements Tracked Categories tab view.</summary>
                    </documentation>
                    <members>
                      <methods>
                        <method name="getItem" url=".Anguilla.TrackedCategories.js.Tridion.Cme.TrackedCategoriesTab.getItem.html" visibility="prototype" rawName="Tridion.Cme.TrackedCategoriesTab.prototype.getItem" fullName="Tridion.Cme.TrackedCategoriesTab.getItem" staticName="TrackedCategoriesTab.getItem" synopsis="getItem(): Object" synopsisExtended="getItem(): Object" type="Object">
                          <documentation rawString="&#xA; * Gets TCM Item object.&#xA; * @returns {Object} TCM Item object.&#xA; ">
                            <summary>Gets TCM Item object.</summary>
                          </documentation>
                          <returns type="Object" description="TCM Item object." />
                        </method>
                        <method name="select" url=".Anguilla.TrackedCategories.js.Tridion.Cme.TrackedCategoriesTab.select.html" visibility="prototype" rawName="Tridion.Cme.TrackedCategoriesTab.prototype.select" fullName="Tridion.Cme.TrackedCategoriesTab.select" staticName="TrackedCategoriesTab.select" synopsis="select(): Void" synopsisExtended="select(): Void" type="Object">
                          <documentation rawString="&#xA; * Selects current tab.&#xA; ">
                            <summary>Selects current tab.</summary>
                          </documentation>
                        </method>
                        <method name="disposeInterface" url=".Anguilla.TrackedCategories.js.Tridion.Cme.TrackedCategoriesTab.disposeInterface.html" visibility="prototype" rawName="Tridion.Cme.TrackedCategoriesTab.prototype.disposeInterface" fullName="Tridion.Cme.TrackedCategoriesTab.disposeInterface" staticName="TrackedCategoriesTab.disposeInterface" synopsis="disposeInterface(): Void" synopsisExtended="disposeInterface(): Void" type="Object">
                          <documentation rawString="&#xA; * Clean up.&#xA; ">
                            <summary>Clean up.</summary>
                          </documentation>
                        </method>
                        <method name="onRefresh" url=".Anguilla.TrackedCategories.js.Tridion.Cme.TrackedCategoriesTab.onRefresh.html" visibility="prototype" rawName="Tridion.Cme.TrackedCategoriesTab.prototype.onRefresh" fullName="Tridion.Cme.TrackedCategoriesTab.onRefresh" staticName="TrackedCategoriesTab.onRefresh" synopsis="onRefresh(The: e.): Void" synopsisExtended="onRefresh(The: e.): Void" type="Object">
                          <arguments value="e">
                            <argument name="The" type="e." description="event is fired from the &lt;c&gt;Tridion.DisplayController&lt;/c&gt;." />
                          </arguments>
                          <documentation rawString="&#xA; * Reacts on Display Refresh event.&#xA; * @param {Tridion.Core.Event} e. The event is fired from the &lt;c&gt;Tridion.DisplayController&lt;/c&gt;.&#xA; ">
                            <summary>Reacts on Display Refresh event.</summary>
                          </documentation>
                        </method>
                        <method name="_onItemLoading" url=".Anguilla.TrackedCategories.js.Tridion.Cme.TrackedCategoriesTab._onItemLoading.html" visibility="prototype" rawName="Tridion.Cme.TrackedCategoriesTab.prototype._onItemLoading" fullName="Tridion.Cme.TrackedCategoriesTab._onItemLoading" staticName="TrackedCategoriesTab._onItemLoading" synopsis="_onItemLoading(): Void" synopsisExtended="_onItemLoading(): Void" type="Object">
                          <documentation rawString="&#xA; * Handles the Item loading event on the &lt;c&gt;Tridion.ContentManager.Item&lt;/c&gt; Item.&#xA; ">
                            <summary>Handles the Item loading event on the &lt;c&gt;Tridion.ContentManager.Item&lt;/c&gt; Item.</summary>
                          </documentation>
                        </method>
                        <method name="_onItemLoaded" url=".Anguilla.TrackedCategories.js.Tridion.Cme.TrackedCategoriesTab._onItemLoaded.html" visibility="prototype" rawName="Tridion.Cme.TrackedCategoriesTab.prototype._onItemLoaded" fullName="Tridion.Cme.TrackedCategoriesTab._onItemLoaded" staticName="TrackedCategoriesTab._onItemLoaded" synopsis="_onItemLoaded(): Void" synopsisExtended="_onItemLoaded(): Void" type="Object">
                          <documentation rawString="&#xA; * Handles the TCM Item load event.&#xA; ">
                            <summary>Handles the TCM Item load event.</summary>
                          </documentation>
                          <members>
                            <methods>
                              <method name="TrackedCategoriesTab$listDefinitionLoadFailed" url=".Anguilla.TrackedCategories.js.Tridion.Cme.TrackedCategoriesTab._onItemLoaded.TrackedCategoriesTab$listDefinitionLoadFailed.html" visibility="private" rawName="TrackedCategoriesTab$listDefinitionLoadFailed" fullName="TrackedCategoriesTab$listDefinitionLoadFailed" staticName="_onItemLoaded.TrackedCategoriesTab$listDefinitionLoadFailed" synopsis="TrackedCategoriesTab$listDefinitionLoadFailed(error: Object): Void" synopsisExtended="TrackedCategoriesTab$listDefinitionLoadFailed(error: Object): Void" type="Object">
                                <arguments value="error">
                                  <argument name="error" type="Object" />
                                </arguments>
                              </method>
                            </methods>
                          </members>
                        </method>
                        <method name="populateLists" url=".Anguilla.TrackedCategories.js.Tridion.Cme.TrackedCategoriesTab.populateLists.html" visibility="prototype" rawName="Tridion.Cme.TrackedCategoriesTab.prototype.populateLists" fullName="Tridion.Cme.TrackedCategoriesTab.populateLists" staticName="TrackedCategoriesTab.populateLists" synopsis="populateLists(definitionsXML: XMLDocumetn): Void" synopsisExtended="populateLists(definitionsXML: XMLDocumetn): Void" type="Object">
                          <arguments value="definitionsXML">
                            <argument name="definitionsXML" type="XMLDocumetn" description="The list definitions Xml document." />
                          </arguments>
                          <documentation rawString="&#xA; * Populates lists&#xA; * @param {XMLDocumetn} definitionsXML The list definitions Xml document.&#xA; ">
                            <summary>Populates lists</summary>
                          </documentation>
                          <members>
                            <methods>
                              <method name="TrackedCategoriesTab$loadDropdownControl" url=".Anguilla.TrackedCategories.js.Tridion.Cme.TrackedCategoriesTab.populateLists.TrackedCategoriesTab$loadDropdownControl.html" visibility="private" rawName="TrackedCategoriesTab$loadDropdownControl" fullName="TrackedCategoriesTab$loadDropdownControl" staticName="populateLists.TrackedCategoriesTab$loadDropdownControl" synopsis="TrackedCategoriesTab$loadDropdownControl(): Void" synopsisExtended="TrackedCategoriesTab$loadDropdownControl(): Void" type="Object" />
                            </methods>
                          </members>
                        </method>
                        <method name="initialize" url=".Anguilla.TrackedCategories.js.Tridion.Cme.TrackedCategoriesTab.initialize.html" visibility="private" rawName="Tridion.Cme.TrackedCategoriesTab.prototype.initialize" fullName="Tridion.Cme.TrackedCategoriesTab.initialize" staticName="TrackedCategoriesTab.initialize" synopsis="initialize(): Void" synopsisExtended="initialize(): Void" type="Object">
                          <documentation rawString="&#xA; * Initializes Tracked Categories tab view.&#xA; * @private&#xA; ">
                            <summary>Initializes Tracked Categories tab view.</summary>
                          </documentation>
                        </method>
                        <method name="_getListAvailableCategories" url=".Anguilla.TrackedCategories.js.Tridion.Cme.TrackedCategoriesTab._getListAvailableCategories.html" visibility="private" rawName="Tridion.Cme.TrackedCategoriesTab.prototype._getListAvailableCategories" fullName="Tridion.Cme.TrackedCategoriesTab._getListAvailableCategories" staticName="TrackedCategoriesTab._getListAvailableCategories" synopsis="_getListAvailableCategories(): Tridion.ContentManager.ListCategories" synopsisExtended="_getListAvailableCategories(): Tridion.ContentManager.ListCategories" type="Object">
                          <documentation rawString="&#xA; * Gets list available categories.&#xA; * @private&#xA; * @returns {Tridion.ContentManager.ListCategories} List Available Categories.&#xA; ">
                            <summary>Gets list available categories.</summary>
                          </documentation>
                          <returns type="Tridion.ContentManager.ListCategories" description="List Available Categories." />
                        </method>
                        <method name="_getListTrackedCategories" url=".Anguilla.TrackedCategories.js.Tridion.Cme.TrackedCategoriesTab._getListTrackedCategories.html" visibility="private" rawName="Tridion.Cme.TrackedCategoriesTab.prototype._getListTrackedCategories" fullName="Tridion.Cme.TrackedCategoriesTab._getListTrackedCategories" staticName="TrackedCategoriesTab._getListTrackedCategories" synopsis="_getListTrackedCategories(): Tridion.ContentManager.ListCategories" synopsisExtended="_getListTrackedCategories(): Tridion.ContentManager.ListCategories" type="Object">
                          <documentation rawString="&#xA; * Gets list tracked categories.&#xA; * @private&#xA; * @returns {Tridion.ContentManager.ListCategories} List Tracked Categories.&#xA; ">
                            <summary>Gets list tracked categories.</summary>
                          </documentation>
                          <returns type="Tridion.ContentManager.ListCategories" description="List Tracked Categories." />
                        </method>
                        <method name="_onListMoverEdit" url=".Anguilla.TrackedCategories.js.Tridion.Cme.TrackedCategoriesTab._onListMoverEdit.html" visibility="private" rawName="Tridion.Cme.TrackedCategoriesTab.prototype._onListMoverEdit" fullName="Tridion.Cme.TrackedCategoriesTab._onListMoverEdit" staticName="TrackedCategoriesTab._onListMoverEdit" synopsis="_onListMoverEdit(event: Tridion.Core.Event): Void" synopsisExtended="_onListMoverEdit(event: Tridion.Core.Event): Void" type="Object">
                          <arguments value="event">
                            <argument name="event" type="Tridion.Core.Event" description="The event is the event fired from the &lt;c&gt;Tridion.Controls.ListMover&lt;/c&gt; control." />
                          </arguments>
                          <documentation rawString="&#xA; * Handles the edit events in List Mover control.&#xA; * @param {Tridion.Core.Event} event The event is the event fired from the &lt;c&gt;Tridion.Controls.ListMover&lt;/c&gt; control.&#xA; * @private&#xA; ">
                            <summary>Handles the edit events in List Mover control.</summary>
                          </documentation>
                        </method>
                        <method name="_onListMoverChange" url=".Anguilla.TrackedCategories.js.Tridion.Cme.TrackedCategoriesTab._onListMoverChange.html" visibility="private" rawName="Tridion.Cme.TrackedCategoriesTab.prototype._onListMoverChange" fullName="Tridion.Cme.TrackedCategoriesTab._onListMoverChange" staticName="TrackedCategoriesTab._onListMoverChange" synopsis="_onListMoverChange(event: Tridion.Core.Event): Void" synopsisExtended="_onListMoverChange(event: Tridion.Core.Event): Void" type="Object">
                          <arguments value="event">
                            <argument name="event" type="Tridion.Core.Event" description="The event is the event fired from the &lt;c&gt;Tridion.Controls.ListMover&lt;/c&gt; control." />
                          </arguments>
                          <documentation rawString="&#xA; * Handles the  change events in List Mover control.&#xA; * @param {Tridion.Core.Event} event The event is the event fired from the &lt;c&gt;Tridion.Controls.ListMover&lt;/c&gt; control.&#xA; * @private&#xA; ">
                            <summary>Handles the  change events in List Mover control.</summary>
                          </documentation>
                        </method>
                        <method name="_onListMoverSelectionChange" url=".Anguilla.TrackedCategories.js.Tridion.Cme.TrackedCategoriesTab._onListMoverSelectionChange.html" visibility="private" rawName="Tridion.Cme.TrackedCategoriesTab.prototype._onListMoverSelectionChange" fullName="Tridion.Cme.TrackedCategoriesTab._onListMoverSelectionChange" staticName="TrackedCategoriesTab._onListMoverSelectionChange" synopsis="_onListMoverSelectionChange(event: Tridion.Core.Event): Void" synopsisExtended="_onListMoverSelectionChange(event: Tridion.Core.Event): Void" type="Object">
                          <arguments value="event">
                            <argument name="event" type="Tridion.Core.Event" description="The event is the event fired from the &lt;c&gt;Tridion.Controls.ListMover&lt;/c&gt; control." />
                          </arguments>
                          <documentation rawString="&#xA; * Handles the selection change events in List Mover control.&#xA; * @param {Tridion.Core.Event} event The event is the event fired from the &lt;c&gt;Tridion.Controls.ListMover&lt;/c&gt; control.&#xA; * @private&#xA; ">
                            <summary>Handles the selection change events in List Mover control.</summary>
                          </documentation>
                        </method>
                        <method name="_onItemValidate" url=".Anguilla.TrackedCategories.js.Tridion.Cme.TrackedCategoriesTab._onItemValidate.html" visibility="private" rawName="Tridion.Cme.TrackedCategoriesTab.prototype._onItemValidate" fullName="Tridion.Cme.TrackedCategoriesTab._onItemValidate" staticName="TrackedCategoriesTab._onItemValidate" synopsis="_onItemValidate(The: event.): Void" synopsisExtended="_onItemValidate(The: event.): Void" type="Object">
                          <arguments value="event">
                            <argument name="The" type="event." description="event is the event fired from the &lt;c&gt;Tridion.FormatArea&lt;/c&gt;." />
                          </arguments>
                          <documentation rawString="&#xA; * Handles the validate event in Item.&#xA; * @param {Tridion.Core.Event} event. The event is the event fired from the &lt;c&gt;Tridion.FormatArea&lt;/c&gt;.&#xA; * @private&#xA; ">
                            <summary>Handles the validate event in Item.</summary>
                          </documentation>
                        </method>
                      </methods>
                    </members>
                  </class>
                </classes>
              </members>
            </property>
          </properties>
        </members>
      </property>
    </properties>
  </members>
</document>