<document name="TreeItemSelect.js" url="TreeItemSelect.js.html" visibility="default" rawName="TreeItemSelect.js" fullName="TreeItemSelect.js" staticName="Anguilla.TreeItemSelect.js">
  <members>
    <properties>
      <property name="Tridion" url=".Anguilla.TreeItemSelect.js.Tridion.html" visibility="public" rawName="Tridion" fullName="Tridion" staticName="TreeItemSelect.js.Tridion" synopsis="TreeItemSelect.js.Tridion: Object;" synopsisExtended="TreeItemSelect.js.Tridion: &lt;a href=&quot;&quot;&gt;Object&lt;/a&gt;;" type="Object" virtual="true">
        <members>
          <properties>
            <property name="Cme" url=".Anguilla.TreeItemSelect.js.Tridion.Cme.html" visibility="static" rawName="Tridion.Cme" fullName="Tridion.Cme" staticName="Tridion.Cme" synopsis="Tridion.Cme: Object;" synopsisExtended="Tridion.Cme: &lt;a href=&quot;&quot;&gt;Object&lt;/a&gt;;" type="Object" virtual="true">
              <members>
                <properties>
                  <property name="Views" url=".Anguilla.TreeItemSelect.js.Tridion.Cme.Views.html" visibility="static" rawName="Tridion.Cme.Views" fullName="Tridion.Cme.Views" staticName="Cme.Views" synopsis="Cme.Views: Object;" synopsisExtended="Cme.Views: &lt;a href=&quot;&quot;&gt;Object&lt;/a&gt;;" type="Object" virtual="true">
                    <members>
                      <classes>
                        <class name="TreeItemSelect" url=".Anguilla.TreeItemSelect.js.Tridion.Cme.Views.TreeItemSelect.html" visibility="static" rawName="Tridion.Cme.Views.TreeItemSelect" fullName="Tridion.Cme.Views.TreeItemSelect" staticName="Views.TreeItemSelect" synopsis="var x: TreeItemSelect = new TreeItemSelect();" synopsisExtended="var x: &lt;a href=&quot;.Anguilla.TreeItemSelect.js.Tridion.Cme.Views.TreeItemSelect.html&quot;&gt;TreeItemSelect&lt;/a&gt; = new TreeItemSelect();" type="Object">
                          <extends />
                          <documentation rawString="&#xA; * Provides a tree based popup view to select a tcm item of a custom type.&#xA; * The input parameters are provided to this view via window.dialogArguments.&#xA; * Their name and type are as such:&#xA; * - rootId, is the top node in the tree&#xA; * - itemType, the type of the item that should be returned&#xA; * - managedActions, tcm allowed types based on which an item can be selected or not (optional)&#xA; * - selectedId, the selected item id the will be shown as selected on start (optional).&#xA; ">
                            <summary>Provides a tree based popup view to select a tcm item of a custom type.</summary>
                            <description>The input parameters are provided to this view via window.dialogArguments.
Their name and type are as such:
- rootId, is the top node in the tree
- itemType, the type of the item that should be returned
- managedActions, tcm allowed types based on which an item can be selected or not (optional)
- selectedId, the selected item id the will be shown as selected on start (optional).</description>
                          </documentation>
                          <members>
                            <methods>
                              <method name="_startLoadTreeControl" url=".Anguilla.TreeItemSelect.js.Tridion.Cme.Views.TreeItemSelect._startLoadTreeControl.html" visibility="prototype" rawName="Tridion.Cme.Views.TreeItemSelect.prototype._startLoadTreeControl" fullName="Tridion.Cme.Views.TreeItemSelect._startLoadTreeControl" staticName="TreeItemSelect._startLoadTreeControl" synopsis="_startLoadTreeControl(): Void" synopsisExtended="_startLoadTreeControl(): Void" type="Object">
                                <documentation rawString="&#xA; * Initiates the load of tree data. If selected item was provided then it async loads the selection path list.&#xA; * Otherwise it just loads the tree for provided root item id.&#xA; ">
                                  <summary>Initiates the load of tree data. If selected item was provided then it async loads the selection path list.</summary>
                                  <description>Otherwise it just loads the tree for provided root item id.</description>
                                </documentation>
                              </method>
                              <method name="_onTreeSelectionPathListLoaded" url=".Anguilla.TreeItemSelect.js.Tridion.Cme.Views.TreeItemSelect._onTreeSelectionPathListLoaded.html" visibility="prototype" rawName="Tridion.Cme.Views.TreeItemSelect.prototype._onTreeSelectionPathListLoaded" fullName="Tridion.Cme.Views.TreeItemSelect._onTreeSelectionPathListLoaded" staticName="TreeItemSelect._onTreeSelectionPathListLoaded" synopsis="_onTreeSelectionPathListLoaded(event: Object): Void" synopsisExtended="_onTreeSelectionPathListLoaded(event: Object): Void" type="Object">
                                <arguments value="event">
                                  <argument name="event" type="Object" />
                                </arguments>
                                <documentation rawString="&#xA; * Handler if selection path list has successfully loaded.&#xA; ">
                                  <summary>Handler if selection path list has successfully loaded.</summary>
                                </documentation>
                              </method>
                              <method name="_onTreeSelectionPathListLoadFailed" url=".Anguilla.TreeItemSelect.js.Tridion.Cme.Views.TreeItemSelect._onTreeSelectionPathListLoadFailed.html" visibility="prototype" rawName="Tridion.Cme.Views.TreeItemSelect.prototype._onTreeSelectionPathListLoadFailed" fullName="Tridion.Cme.Views.TreeItemSelect._onTreeSelectionPathListLoadFailed" staticName="TreeItemSelect._onTreeSelectionPathListLoadFailed" synopsis="_onTreeSelectionPathListLoadFailed(event: Object): Void" synopsisExtended="_onTreeSelectionPathListLoadFailed(event: Object): Void" type="Object">
                                <arguments value="event">
                                  <argument name="event" type="Object" />
                                </arguments>
                                <documentation rawString="&#xA; * Handler if selection path list has failed to load.&#xA; ">
                                  <summary>Handler if selection path list has failed to load.</summary>
                                </documentation>
                              </method>
                              <method name="_setTreeControlRoot" url=".Anguilla.TreeItemSelect.js.Tridion.Cme.Views.TreeItemSelect._setTreeControlRoot.html" visibility="prototype" rawName="Tridion.Cme.Views.TreeItemSelect.prototype._setTreeControlRoot" fullName="Tridion.Cme.Views.TreeItemSelect._setTreeControlRoot" staticName="TreeItemSelect._setTreeControlRoot" synopsis="_setTreeControlRoot(): Void" synopsisExtended="_setTreeControlRoot(): Void" type="Object">
                                <documentation rawString="&#xA; * Initializes the root node of the tree control.&#xA; ">
                                  <summary>Initializes the root node of the tree control.</summary>
                                </documentation>
                              </method>
                              <method name="_validateParams" url=".Anguilla.TreeItemSelect.js.Tridion.Cme.Views.TreeItemSelect._validateParams.html" visibility="prototype" rawName="Tridion.Cme.Views.TreeItemSelect.prototype._validateParams" fullName="Tridion.Cme.Views.TreeItemSelect._validateParams" staticName="TreeItemSelect._validateParams" synopsis="_validateParams(): Boolean" synopsisExtended="_validateParams(): Boolean" type="Object">
                                <documentation rawString="&#xA; * Validates the popup params.&#xA; * This will try to get a valid object for the provided root id.&#xA; * @returns {Boolean} True if the popup params are valid or false otherwise.&#xA; ">
                                  <summary>Validates the popup params.</summary>
                                  <description>This will try to get a valid object for the provided root id.</description>
                                </documentation>
                                <returns type="Boolean" description="True if the popup params are valid or false otherwise." />
                              </method>
                              <method name="_validateSelectedItem" url=".Anguilla.TreeItemSelect.js.Tridion.Cme.Views.TreeItemSelect._validateSelectedItem.html" visibility="prototype" rawName="Tridion.Cme.Views.TreeItemSelect.prototype._validateSelectedItem" fullName="Tridion.Cme.Views.TreeItemSelect._validateSelectedItem" staticName="TreeItemSelect._validateSelectedItem" synopsis="_validateSelectedItem(itemId: Object): String" synopsisExtended="_validateSelectedItem(itemId: Object): String" type="Object">
                                <arguments value="itemId">
                                  <argument name="itemId" type="Object" />
                                </arguments>
                                <documentation rawString="&#xA; * Validates the selected value contained into 'Item Uri' input html control.&#xA; * @returns {String} The validated item id or null.&#xA; ">
                                  <summary>Validates the selected value contained into 'Item Uri' input html control.</summary>
                                </documentation>
                                <returns type="String" description="The validated item id or null." />
                              </method>
                              <method name="_onItemUriChanged" url=".Anguilla.TreeItemSelect.js.Tridion.Cme.Views.TreeItemSelect._onItemUriChanged.html" visibility="prototype" rawName="Tridion.Cme.Views.TreeItemSelect.prototype._onItemUriChanged" fullName="Tridion.Cme.Views.TreeItemSelect._onItemUriChanged" staticName="TreeItemSelect._onItemUriChanged" synopsis="_onItemUriChanged(event: Object): Void" synopsisExtended="_onItemUriChanged(event: Object): Void" type="Object">
                                <arguments value="event">
                                  <argument name="event" type="Object" />
                                </arguments>
                                <documentation rawString="&#xA; * Handles a change in the html input control called 'Item Uri'.&#xA; ">
                                  <summary>Handles a change in the html input control called 'Item Uri'.</summary>
                                </documentation>
                              </method>
                              <method name="_onTreeItemSelected" url=".Anguilla.TreeItemSelect.js.Tridion.Cme.Views.TreeItemSelect._onTreeItemSelected.html" visibility="prototype" rawName="Tridion.Cme.Views.TreeItemSelect.prototype._onTreeItemSelected" fullName="Tridion.Cme.Views.TreeItemSelect._onTreeItemSelected" staticName="TreeItemSelect._onTreeItemSelected" synopsis="_onTreeItemSelected(event: Object): Void" synopsisExtended="_onTreeItemSelected(event: Object): Void" type="Object">
                                <arguments value="event">
                                  <argument name="event" type="Object" />
                                </arguments>
                                <documentation rawString="&#xA; * Handles 'select' event in the tree control.&#xA; ">
                                  <summary>Handles 'select' event in the tree control.</summary>
                                </documentation>
                              </method>
                              <method name="_onTreeItemExpanded" url=".Anguilla.TreeItemSelect.js.Tridion.Cme.Views.TreeItemSelect._onTreeItemExpanded.html" visibility="prototype" rawName="Tridion.Cme.Views.TreeItemSelect.prototype._onTreeItemExpanded" fullName="Tridion.Cme.Views.TreeItemSelect._onTreeItemExpanded" staticName="TreeItemSelect._onTreeItemExpanded" synopsis="_onTreeItemExpanded(The: e.): Void" synopsisExtended="_onTreeItemExpanded(The: e.): Void" type="Object">
                                <arguments value="event">
                                  <argument name="The" type="e." description="event is fired from the &lt;c&gt;Tridion.Controls.Tree&lt;/c&gt;." />
                                </arguments>
                                <documentation rawString="&#xA; * Handles 'expand' event in the tree control.&#xA; * @param {Tridion.Core.Event} e. The event is fired from the &lt;c&gt;Tridion.Controls.Tree&lt;/c&gt;. &#xA; ">
                                  <summary>Handles 'expand' event in the tree control.</summary>
                                </documentation>
                              </method>
                              <method name="_loadTreeControlNode" url=".Anguilla.TreeItemSelect.js.Tridion.Cme.Views.TreeItemSelect._loadTreeControlNode.html" visibility="prototype" rawName="Tridion.Cme.Views.TreeItemSelect.prototype._loadTreeControlNode" fullName="Tridion.Cme.Views.TreeItemSelect._loadTreeControlNode" staticName="TreeItemSelect._loadTreeControlNode" synopsis="_loadTreeControlNode(itemId: Object, selectNode: Object, selectedId: Object): Tridion.DomainModel.List" synopsisExtended="_loadTreeControlNode(itemId: Object, selectNode: Object, selectedId: Object): Tridion.DomainModel.List" type="Object">
                                <arguments value="itemId, selectNode, selectedId">
                                  <argument name="itemId" type="Object" />
                                  <argument name="selectNode" type="Object" />
                                  <argument name="selectedId" type="Object" />
                                </arguments>
                                <documentation rawString="&#xA; * Loads the tree control based on the list of items for provided parent itemId.&#xA; * @returns {Tridion.DomainModel.List} The list that was loaded.&#xA; ">
                                  <summary>Loads the tree control based on the list of items for provided parent itemId.</summary>
                                </documentation>
                                <members>
                                  <methods>
                                    <method name="TreeItemSelect$_loadTreeControlNodeDone" url=".Anguilla.TreeItemSelect.js.Tridion.Cme.Views.TreeItemSelect._loadTreeControlNode.TreeItemSelect$_loadTreeControlNodeDone.html" visibility="private" rawName="TreeItemSelect$_loadTreeControlNodeDone" fullName="TreeItemSelect$_loadTreeControlNodeDone" staticName="_loadTreeControlNode.TreeItemSelect$_loadTreeControlNodeDone" synopsis="TreeItemSelect$_loadTreeControlNodeDone(treeData: Object): Void" synopsisExtended="TreeItemSelect$_loadTreeControlNodeDone(treeData: Object): Void" type="Object">
                                      <arguments value="treeData">
                                        <argument name="treeData" type="Object" />
                                      </arguments>
                                    </method>
                                  </methods>
                                </members>
                                <returns type="Tridion.DomainModel.List" description="The list that was loaded." />
                              </method>
                              <method name="_loadData" url=".Anguilla.TreeItemSelect.js.Tridion.Cme.Views.TreeItemSelect._loadData.html" visibility="prototype" rawName="Tridion.Cme.Views.TreeItemSelect.prototype._loadData" fullName="Tridion.Cme.Views.TreeItemSelect._loadData" staticName="TreeItemSelect._loadData" synopsis="_loadData(uri: Object, selectedId: Object, callback: Object): Tridion.DomainModel.List" synopsisExtended="_loadData(uri: Object, selectedId: Object, callback: Object): Tridion.DomainModel.List" type="Object">
                                <arguments value="uri, selectedId, callback">
                                  <argument name="uri" type="Object" />
                                  <argument name="selectedId" type="Object" />
                                  <argument name="callback" type="Object" />
                                </arguments>
                                <documentation rawString="&#xA; * Loads the list of items for provided parent uri.&#xA; * @returns {Tridion.DomainModel.List} The list data source that was loaded.&#xA; ">
                                  <summary>Loads the list of items for provided parent uri.</summary>
                                </documentation>
                                <members>
                                  <methods>
                                    <method name="TreeItemSelect$_loadDataDone" url=".Anguilla.TreeItemSelect.js.Tridion.Cme.Views.TreeItemSelect._loadData.TreeItemSelect$_loadDataDone.html" visibility="private" rawName="TreeItemSelect$_loadDataDone" fullName="TreeItemSelect$_loadDataDone" staticName="_loadData.TreeItemSelect$_loadDataDone" synopsis="TreeItemSelect$_loadDataDone(event: Object): Void" synopsisExtended="TreeItemSelect$_loadDataDone(event: Object): Void" type="Object">
                                      <arguments value="event">
                                        <argument name="event" type="Object" />
                                      </arguments>
                                    </method>
                                  </methods>
                                </members>
                                <returns type="Tridion.DomainModel.List" description="The list data source that was loaded." />
                              </method>
                              <method name="_getDataFilter" url=".Anguilla.TreeItemSelect.js.Tridion.Cme.Views.TreeItemSelect._getDataFilter.html" visibility="prototype" rawName="Tridion.Cme.Views.TreeItemSelect.prototype._getDataFilter" fullName="Tridion.Cme.Views.TreeItemSelect._getDataFilter" staticName="TreeItemSelect._getDataFilter" synopsis="_getDataFilter(): Tridion.ContentManager.ListFilter" synopsisExtended="_getDataFilter(): Tridion.ContentManager.ListFilter" type="Object">
                                <documentation rawString="&#xA; * Builds the list filter based on popup params.&#xA; * @returns {Tridion.ContentManager.ListFilter} A custom list filter.&#xA; ">
                                  <summary>Builds the list filter based on popup params.</summary>
                                </documentation>
                                <returns type="Tridion.ContentManager.ListFilter" description="A custom list filter." />
                              </method>
                              <method name="initialize" url=".Anguilla.TreeItemSelect.js.Tridion.Cme.Views.TreeItemSelect.initialize.html" visibility="private" rawName="Tridion.Cme.Views.TreeItemSelect.prototype.initialize" fullName="Tridion.Cme.Views.TreeItemSelect.initialize" staticName="TreeItemSelect.initialize" synopsis="initialize(): Void" synopsisExtended="initialize(): Void" type="Object">
                                <documentation rawString="&#xA; * Initializes a tree based popup view.&#xA; * @private&#xA; ">
                                  <summary>Initializes a tree based popup view.</summary>
                                </documentation>
                              </method>
                              <method name="_onSelectBtnClicked" url=".Anguilla.TreeItemSelect.js.Tridion.Cme.Views.TreeItemSelect._onSelectBtnClicked.html" visibility="private" rawName="Tridion.Cme.Views.TreeItemSelect.prototype._onSelectBtnClicked" fullName="Tridion.Cme.Views.TreeItemSelect._onSelectBtnClicked" staticName="TreeItemSelect._onSelectBtnClicked" synopsis="_onSelectBtnClicked(event: DOMEvent): Void" synopsisExtended="_onSelectBtnClicked(event: DOMEvent): Void" type="Object">
                                <arguments value="event">
                                  <argument name="event" type="DOMEvent" description="The DOM click event that occured." />
                                </arguments>
                                <documentation rawString="&#xA; * Handles select popup button's 'click' event.&#xA; * @param {DOMEvent} event The DOM click event that occured.&#xA; * @private&#xA; ">
                                  <summary>Handles select popup button's 'click' event.</summary>
                                </documentation>
                                <members>
                                  <methods>
                                    <method name="onItemLoaded" url=".Anguilla.TreeItemSelect.js.Tridion.Cme.Views.TreeItemSelect._onSelectBtnClicked.onItemLoaded.html" visibility="private" rawName="onItemLoaded" fullName="onItemLoaded" staticName="_onSelectBtnClicked.onItemLoaded" synopsis="onItemLoaded(result: Object): Void" synopsisExtended="onItemLoaded(result: Object): Void" type="Object">
                                      <arguments value="result">
                                        <argument name="result" type="Object" />
                                      </arguments>
                                    </method>
                                  </methods>
                                </members>
                              </method>
                              <method name="_returnSelectedItem" url=".Anguilla.TreeItemSelect.js.Tridion.Cme.Views.TreeItemSelect._returnSelectedItem.html" visibility="private" rawName="Tridion.Cme.Views.TreeItemSelect.prototype._returnSelectedItem" fullName="Tridion.Cme.Views.TreeItemSelect._returnSelectedItem" staticName="TreeItemSelect._returnSelectedItem" synopsis="_returnSelectedItem(item: Tridion.ContentManager.Item): Void" synopsisExtended="_returnSelectedItem(item: Tridion.ContentManager.Item): Void" type="Object">
                                <arguments value="item">
                                  <argument name="item" type="Tridion.ContentManager.Item" description="Selected Item." />
                                </arguments>
                                <documentation rawString="&#xA; * Executes when Item was selecetd and loaded. Fires &quot;select&quot; event.&#xA; * @param {Tridion.ContentManager.Item} item Selected Item. &#xA; * @private &#xA; ">
                                  <summary>Executes when Item was selecetd and loaded. Fires "select" event.</summary>
                                </documentation>
                              </method>
                              <method name="_onCloseBtnClicked" url=".Anguilla.TreeItemSelect.js.Tridion.Cme.Views.TreeItemSelect._onCloseBtnClicked.html" visibility="private" rawName="Tridion.Cme.Views.TreeItemSelect.prototype._onCloseBtnClicked" fullName="Tridion.Cme.Views.TreeItemSelect._onCloseBtnClicked" staticName="TreeItemSelect._onCloseBtnClicked" synopsis="_onCloseBtnClicked(event: DOMEvent): Void" synopsisExtended="_onCloseBtnClicked(event: DOMEvent): Void" type="Object">
                                <arguments value="event">
                                  <argument name="event" type="DOMEvent" description="The DOM click event that occured." />
                                </arguments>
                                <documentation rawString="&#xA; * Handles close popup button's 'click' event.&#xA; * @param {DOMEvent} event The DOM click event that occured.&#xA; * @private&#xA; ">
                                  <summary>Handles close popup button's 'click' event.</summary>
                                </documentation>
                              </method>
                            </methods>
                          </members>
                        </class>
                      </classes>
                    </members>
                  </property>
                </properties>
              </members>
            </property>
          </properties>
        </members>
      </property>
    </properties>
  </members>
</document>