<document name="Tridion.FAConnectorClient.js" url="Tridion.FAConnectorClient.js.html" visibility="default" rawName="Tridion.FAConnectorClient.js" fullName="Tridion.FAConnectorClient.js" staticName="Anguilla.Tridion.FAConnectorClient.js">
  <members>
    <properties>
      <property name="Tridion" url=".Anguilla.Tridion.FAConnectorClient.js.Tridion.html" visibility="public" rawName="Tridion" fullName="Tridion" staticName="Tridion.FAConnectorClient.js.Tridion" synopsis="Tridion.FAConnectorClient.js.Tridion: Object;" synopsisExtended="Tridion.FAConnectorClient.js.Tridion: &lt;a href=&quot;&quot;&gt;Object&lt;/a&gt;;" type="Object" virtual="true">
        <members>
          <properties>
            <property name="FAConnector" url=".Anguilla.Tridion.FAConnectorClient.js.Tridion.FAConnector.html" visibility="static" rawName="Tridion.FAConnector" fullName="Tridion.FAConnector" staticName="Tridion.FAConnector" synopsis="Tridion.FAConnector: Object;" synopsisExtended="Tridion.FAConnector: &lt;a href=&quot;&quot;&gt;Object&lt;/a&gt;;" type="Object">
              <documentation rawString="&#xA; * Provides an object that allows you to get an access to tridion format area editor.&#xA; * &lt;h&gt;Initialization&lt;/h&gt;&#xA; * &lt;p&gt;To initialize connector object an iframe with &lt;c&gt;Tridion.FAConnector.aspx&lt;/c&gt; embeds on page.&lt;/p&gt;&#xA; ">
                <summary>Provides an object that allows you to get an access to tridion format area editor.</summary>
                <description>&lt;h&gt;Initialization&lt;/h&gt;
&lt;p&gt;To initialize connector object an iframe with &lt;c&gt;Tridion.FAConnector.aspx&lt;/c&gt; embeds on page.&lt;/p&gt;</description>
              </documentation>
              <members>
                <methods>
                  <method name="init" url=".Anguilla.Tridion.FAConnectorClient.js.Tridion.FAConnector.init.html" visibility="instance" rawName="this.init" fullName="this.init" staticName="FAConnector.init" synopsis="init(url: Object, doc: Object, onReadyCallback: Object): Void" synopsisExtended="init(url: Object, doc: Object, onReadyCallback: Object): Void" type="Object">
                    <arguments value="url, doc, onReadyCallback">
                      <argument name="url" type="Object" />
                      <argument name="doc" type="Object" />
                      <argument name="onReadyCallback" type="Object" />
                    </arguments>
                  </method>
                  <method name="dispose" url=".Anguilla.Tridion.FAConnectorClient.js.Tridion.FAConnector.dispose.html" visibility="instance" rawName="this.dispose" fullName="this.dispose" staticName="FAConnector.dispose" synopsis="dispose(): Void" synopsisExtended="dispose(): Void" type="Object" />
                  <method name="createEditor" url=".Anguilla.Tridion.FAConnectorClient.js.Tridion.FAConnector.createEditor.html" visibility="instance" rawName="this.createEditor" fullName="this.createEditor" staticName="FAConnector.createEditor" synopsis="createEditor(config: Object): Void" synopsisExtended="createEditor(config: Object): Void" type="Object">
                    <arguments value="config">
                      <argument name="config" type="Object" />
                    </arguments>
                  </method>
                  <method name="setEditorSize" url=".Anguilla.Tridion.FAConnectorClient.js.Tridion.FAConnector.setEditorSize.html" visibility="instance" rawName="this.setEditorSize" fullName="this.setEditorSize" staticName="FAConnector.setEditorSize" synopsis="setEditorSize(width: Object, height: Object): Void" synopsisExtended="setEditorSize(width: Object, height: Object): Void" type="Object">
                    <arguments value="width, height">
                      <argument name="width" type="Object" />
                      <argument name="height" type="Object" />
                    </arguments>
                  </method>
                  <method name="positionEditor" url=".Anguilla.Tridion.FAConnectorClient.js.Tridion.FAConnector.positionEditor.html" visibility="instance" rawName="this.positionEditor" fullName="this.positionEditor" staticName="FAConnector.positionEditor" synopsis="positionEditor(faControl: Object, bounds: Object, scrollbarWidth: Object): Void" synopsisExtended="positionEditor(faControl: Object, bounds: Object, scrollbarWidth: Object): Void" type="Object">
                    <arguments value="faControl, bounds, scrollbarWidth">
                      <argument name="faControl" type="Object" />
                      <argument name="bounds" type="Object" />
                      <argument name="scrollbarWidth" type="Object" />
                    </arguments>
                  </method>
                  <method name="_getEditorElement" url=".Anguilla.Tridion.FAConnectorClient.js.Tridion.FAConnector._getEditorElement.html" visibility="instance" rawName="this._getEditorElement" fullName="this._getEditorElement" staticName="FAConnector._getEditorElement" synopsis="_getEditorElement(): Void" synopsisExtended="_getEditorElement(): Void" type="Object" />
                  <method name="_cmeLoaded" url=".Anguilla.Tridion.FAConnectorClient.js.Tridion.FAConnector._cmeLoaded.html" visibility="instance" rawName="this._cmeLoaded" fullName="this._cmeLoaded" staticName="FAConnector._cmeLoaded" synopsis="_cmeLoaded(cme: Object): Void" synopsisExtended="_cmeLoaded(cme: Object): Void" type="Object">
                    <arguments value="cme">
                      <argument name="cme" type="Object" />
                    </arguments>
                  </method>
                </methods>
              </members>
            </property>
          </properties>
        </members>
      </property>
    </properties>
  </members>
</document>