<document name="Tridion.ConnectorClient.js" url="Tridion.ConnectorClient.js.html" visibility="default" rawName="Tridion.ConnectorClient.js" fullName="Tridion.ConnectorClient.js" staticName="Anguilla.Tridion.ConnectorClient.js">
  <members>
    <properties>
      <property name="Tridion" url=".Anguilla.Tridion.ConnectorClient.js.Tridion.html" visibility="public" rawName="Tridion" fullName="Tridion" staticName="Tridion.ConnectorClient.js.Tridion" synopsis="Tridion.ConnectorClient.js.Tridion: Object;" synopsisExtended="Tridion.ConnectorClient.js.Tridion: &lt;a href=&quot;&quot;&gt;Object&lt;/a&gt;;" type="Object" virtual="true">
        <members>
          <properties>
            <property name="Connector" url=".Anguilla.Tridion.ConnectorClient.js.Tridion.Connector.html" visibility="static" rawName="Tridion.Connector" fullName="Tridion.Connector" staticName="Tridion.Connector" synopsis="Tridion.Connector: Object;" synopsisExtended="Tridion.Connector: &lt;a href=&quot;&quot;&gt;Object&lt;/a&gt;;" type="Object">
              <documentation rawString="&#xA; * Provides an object that allows you to get an access to tridion repository base.&#xA; * &lt;h&gt;Initialization&lt;/h&gt;&#xA; * &lt;p&gt;To initialize connector object an iframe with &lt;c&gt;Tridion.Connector.aspx&lt;/c&gt; embeds on page.&lt;/p&gt;&#xA; ">
                <summary>Provides an object that allows you to get an access to tridion repository base.</summary>
                <description>&lt;h&gt;Initialization&lt;/h&gt;
&lt;p&gt;To initialize connector object an iframe with &lt;c&gt;Tridion.Connector.aspx&lt;/c&gt; embeds on page.&lt;/p&gt;</description>
              </documentation>
              <members>
                <methods>
                  <method name="init" url=".Anguilla.Tridion.ConnectorClient.js.Tridion.Connector.init.html" visibility="instance" rawName="this.init" fullName="this.init" staticName="Connector.init" synopsis="init(url: Object, onReadyCallback: Object): Void" synopsisExtended="init(url: Object, onReadyCallback: Object): Void" type="Object">
                    <arguments value="url, onReadyCallback">
                      <argument name="url" type="Object" />
                      <argument name="onReadyCallback" type="Object" />
                    </arguments>
                  </method>
                  <method name="_cmeLoaded" url=".Anguilla.Tridion.ConnectorClient.js.Tridion.Connector._cmeLoaded.html" visibility="instance" rawName="this._cmeLoaded" fullName="this._cmeLoaded" staticName="Connector._cmeLoaded" synopsis="_cmeLoaded(TWUIHostWindow: Object): Void" synopsisExtended="_cmeLoaded(TWUIHostWindow: Object): Void" type="Object">
                    <arguments value="TWUIHostWindow">
                      <argument name="TWUIHostWindow" type="Object" />
                    </arguments>
                  </method>
                </methods>
              </members>
            </property>
          </properties>
        </members>
      </property>
    </properties>
  </members>
</document>