<document name="TrusteeSelector.js" url="TrusteeSelector.js.html" visibility="default" rawName="TrusteeSelector.js" fullName="TrusteeSelector.js" staticName="Anguilla.TrusteeSelector.js">
  <members>
    <properties>
      <property name="Tridion" url=".Anguilla.TrusteeSelector.js.Tridion.html" visibility="public" rawName="Tridion" fullName="Tridion" staticName="TrusteeSelector.js.Tridion" synopsis="TrusteeSelector.js.Tridion: Object;" synopsisExtended="TrusteeSelector.js.Tridion: &lt;a href=&quot;&quot;&gt;Object&lt;/a&gt;;" type="Object" virtual="true">
        <members>
          <properties>
            <property name="Controls" url=".Anguilla.TrusteeSelector.js.Tridion.Controls.html" visibility="static" rawName="Tridion.Controls" fullName="Tridion.Controls" staticName="Tridion.Controls" synopsis="Tridion.Controls: Object;" synopsisExtended="Tridion.Controls: &lt;a href=&quot;&quot;&gt;Object&lt;/a&gt;;" type="Object" virtual="true">
              <members>
                <classes>
                  <class name="TrusteeSelector" url=".Anguilla.TrusteeSelector.js.Tridion.Controls.TrusteeSelector.html" visibility="static" rawName="Tridion.Controls.TrusteeSelector" fullName="Tridion.Controls.TrusteeSelector" staticName="Controls.TrusteeSelector" synopsis="var x: TrusteeSelector = new TrusteeSelector(element: Object);" synopsisExtended="var x: &lt;a href=&quot;.Anguilla.TrusteeSelector.js.Tridion.Controls.TrusteeSelector.html&quot;&gt;TrusteeSelector&lt;/a&gt; = new TrusteeSelector(element: Object);" type="Object">
                    <arguments value="element">
                      <argument name="element" type="Object" />
                    </arguments>
                    <extends />
                    <members>
                      <methods>
                        <method name="initialize" url=".Anguilla.TrusteeSelector.js.Tridion.Controls.TrusteeSelector.initialize.html" visibility="prototype" rawName="Tridion.Controls.TrusteeSelector.prototype.initialize" fullName="Tridion.Controls.TrusteeSelector.initialize" staticName="TrusteeSelector.initialize" synopsis="initialize(): Void" synopsisExtended="initialize(): Void" type="Object" />
                        <method name="initializeControls" url=".Anguilla.TrusteeSelector.js.Tridion.Controls.TrusteeSelector.initializeControls.html" visibility="prototype" rawName="Tridion.Controls.TrusteeSelector.prototype.initializeControls" fullName="Tridion.Controls.TrusteeSelector.initializeControls" staticName="TrusteeSelector.initializeControls" synopsis="initializeControls(): Void" synopsisExtended="initializeControls(): Void" type="Object" />
                        <method name="getValue" url=".Anguilla.TrusteeSelector.js.Tridion.Controls.TrusteeSelector.getValue.html" visibility="prototype" rawName="Tridion.Controls.TrusteeSelector.prototype.getValue" fullName="Tridion.Controls.TrusteeSelector.getValue" staticName="TrusteeSelector.getValue" synopsis="getValue(): Void" synopsisExtended="getValue(): Void" type="Object" />
                        <method name="setTrusteeType" url=".Anguilla.TrusteeSelector.js.Tridion.Controls.TrusteeSelector.setTrusteeType.html" visibility="prototype" rawName="Tridion.Controls.TrusteeSelector.prototype.setTrusteeType" fullName="Tridion.Controls.TrusteeSelector.setTrusteeType" staticName="TrusteeSelector.setTrusteeType" synopsis="setTrusteeType(type: Object): Void" synopsisExtended="setTrusteeType(type: Object): Void" type="Object">
                          <arguments value="type">
                            <argument name="type" type="Object" />
                          </arguments>
                        </method>
                        <method name="setTrusteeTypeDefault" url=".Anguilla.TrusteeSelector.js.Tridion.Controls.TrusteeSelector.setTrusteeTypeDefault.html" visibility="prototype" rawName="Tridion.Controls.TrusteeSelector.prototype.setTrusteeTypeDefault" fullName="Tridion.Controls.TrusteeSelector.setTrusteeTypeDefault" staticName="TrusteeSelector.setTrusteeTypeDefault" synopsis="setTrusteeTypeDefault(type: Object): Void" synopsisExtended="setTrusteeTypeDefault(type: Object): Void" type="Object">
                          <arguments value="type">
                            <argument name="type" type="Object" />
                          </arguments>
                        </method>
                        <method name="reset" url=".Anguilla.TrusteeSelector.js.Tridion.Controls.TrusteeSelector.reset.html" visibility="prototype" rawName="Tridion.Controls.TrusteeSelector.prototype.reset" fullName="Tridion.Controls.TrusteeSelector.reset" staticName="TrusteeSelector.reset" synopsis="reset(): Void" synopsisExtended="reset(): Void" type="Object" />
                        <method name="repaint" url=".Anguilla.TrusteeSelector.js.Tridion.Controls.TrusteeSelector.repaint.html" visibility="prototype" rawName="Tridion.Controls.TrusteeSelector.prototype.repaint" fullName="Tridion.Controls.TrusteeSelector.repaint" staticName="TrusteeSelector.repaint" synopsis="repaint(): Void" synopsisExtended="repaint(): Void" type="Object" />
                        <method name="_onDropdownValueChange" url=".Anguilla.TrusteeSelector.js.Tridion.Controls.TrusteeSelector._onDropdownValueChange.html" visibility="prototype" rawName="Tridion.Controls.TrusteeSelector.prototype._onDropdownValueChange" fullName="Tridion.Controls.TrusteeSelector._onDropdownValueChange" staticName="TrusteeSelector._onDropdownValueChange" synopsis="_onDropdownValueChange(e: Object): Void" synopsisExtended="_onDropdownValueChange(e: Object): Void" type="Object">
                          <arguments value="e">
                            <argument name="e" type="Object" />
                          </arguments>
                        </method>
                        <method name="_onCheckboxClick" url=".Anguilla.TrusteeSelector.js.Tridion.Controls.TrusteeSelector._onCheckboxClick.html" visibility="prototype" rawName="Tridion.Controls.TrusteeSelector.prototype._onCheckboxClick" fullName="Tridion.Controls.TrusteeSelector._onCheckboxClick" staticName="TrusteeSelector._onCheckboxClick" synopsis="_onCheckboxClick(): Void" synopsisExtended="_onCheckboxClick(): Void" type="Object" />
                        <method name="_setDropdown" url=".Anguilla.TrusteeSelector.js.Tridion.Controls.TrusteeSelector._setDropdown.html" visibility="prototype" rawName="Tridion.Controls.TrusteeSelector.prototype._setDropdown" fullName="Tridion.Controls.TrusteeSelector._setDropdown" staticName="TrusteeSelector._setDropdown" synopsis="_setDropdown(): Void" synopsisExtended="_setDropdown(): Void" type="Object" />
                        <method name="_isListUsers" url=".Anguilla.TrusteeSelector.js.Tridion.Controls.TrusteeSelector._isListUsers.html" visibility="prototype" rawName="Tridion.Controls.TrusteeSelector.prototype._isListUsers" fullName="Tridion.Controls.TrusteeSelector._isListUsers" staticName="TrusteeSelector._isListUsers" synopsis="_isListUsers(): Void" synopsisExtended="_isListUsers(): Void" type="Object" />
                        <method name="_updateDropdown" url=".Anguilla.TrusteeSelector.js.Tridion.Controls.TrusteeSelector._updateDropdown.html" visibility="prototype" rawName="Tridion.Controls.TrusteeSelector.prototype._updateDropdown" fullName="Tridion.Controls.TrusteeSelector._updateDropdown" staticName="TrusteeSelector._updateDropdown" synopsis="_updateDropdown(e: Object): Void" synopsisExtended="_updateDropdown(e: Object): Void" type="Object">
                          <arguments value="e">
                            <argument name="e" type="Object" />
                          </arguments>
                          <members>
                            <methods>
                              <method name="userDropdownHeadLoaded" url=".Anguilla.TrusteeSelector.js.Tridion.Controls.TrusteeSelector._updateDropdown.userDropdownHeadLoaded.html" visibility="private" rawName="userDropdownHeadLoaded" fullName="userDropdownHeadLoaded" staticName="_updateDropdown.userDropdownHeadLoaded" synopsis="userDropdownHeadLoaded(doc: Object): Void" synopsisExtended="userDropdownHeadLoaded(doc: Object): Void" type="Object">
                                <arguments value="doc">
                                  <argument name="doc" type="Object" />
                                </arguments>
                              </method>
                              <method name="userDropdownHeadLoadFailed" url=".Anguilla.TrusteeSelector.js.Tridion.Controls.TrusteeSelector._updateDropdown.userDropdownHeadLoadFailed.html" visibility="private" rawName="userDropdownHeadLoadFailed" fullName="userDropdownHeadLoadFailed" staticName="_updateDropdown.userDropdownHeadLoadFailed" synopsis="userDropdownHeadLoadFailed(): Void" synopsisExtended="userDropdownHeadLoadFailed(): Void" type="Object" />
                              <method name="loadList" url=".Anguilla.TrusteeSelector.js.Tridion.Controls.TrusteeSelector._updateDropdown.loadList.html" visibility="private" rawName="loadList" fullName="loadList" staticName="_updateDropdown.loadList" synopsis="loadList(): Void" synopsisExtended="loadList(): Void" type="Object" />
                            </methods>
                          </members>
                        </method>
                        <method name="_onListLoaded" url=".Anguilla.TrusteeSelector.js.Tridion.Controls.TrusteeSelector._onListLoaded.html" visibility="prototype" rawName="Tridion.Controls.TrusteeSelector.prototype._onListLoaded" fullName="Tridion.Controls.TrusteeSelector._onListLoaded" staticName="TrusteeSelector._onListLoaded" synopsis="_onListLoaded(list: Object): Void" synopsisExtended="_onListLoaded(list: Object): Void" type="Object">
                          <arguments value="list">
                            <argument name="list" type="Object" />
                          </arguments>
                        </method>
                        <method name="_getUsersList" url=".Anguilla.TrusteeSelector.js.Tridion.Controls.TrusteeSelector._getUsersList.html" visibility="prototype" rawName="Tridion.Controls.TrusteeSelector.prototype._getUsersList" fullName="Tridion.Controls.TrusteeSelector._getUsersList" staticName="TrusteeSelector._getUsersList" synopsis="_getUsersList(): Void" synopsisExtended="_getUsersList(): Void" type="Object" />
                        <method name="_getGroupsList" url=".Anguilla.TrusteeSelector.js.Tridion.Controls.TrusteeSelector._getGroupsList.html" visibility="prototype" rawName="Tridion.Controls.TrusteeSelector.prototype._getGroupsList" fullName="Tridion.Controls.TrusteeSelector._getGroupsList" staticName="TrusteeSelector._getGroupsList" synopsis="_getGroupsList(): Void" synopsisExtended="_getGroupsList(): Void" type="Object" />
                        <method name="_getListObject" url=".Anguilla.TrusteeSelector.js.Tridion.Controls.TrusteeSelector._getListObject.html" visibility="prototype" rawName="Tridion.Controls.TrusteeSelector.prototype._getListObject" fullName="Tridion.Controls.TrusteeSelector._getListObject" staticName="TrusteeSelector._getListObject" synopsis="_getListObject(): Void" synopsisExtended="_getListObject(): Void" type="Object" />
                      </methods>
                      <properties>
                        <property name="USER_DROPDOWN_HEAD_PATH" url=".Anguilla.TrusteeSelector.js.Tridion.Controls.TrusteeSelector.USER_DROPDOWN_HEAD_PATH.html" visibility="static" rawName="Tridion.Controls.TrusteeSelector.USER_DROPDOWN_HEAD_PATH" fullName="Tridion.Controls.TrusteeSelector.USER_DROPDOWN_HEAD_PATH" staticName="TrusteeSelector.USER_DROPDOWN_HEAD_PATH" synopsis="TrusteeSelector.USER_DROPDOWN_HEAD_PATH: Object;" synopsisExtended="TrusteeSelector.USER_DROPDOWN_HEAD_PATH: &lt;a href=&quot;&quot;&gt;Object&lt;/a&gt;;" type="Object">
                          <documentation rawString="&#xA; * Defines the user dropdown definition Path&#xA; ">
                            <summary>Defines the user dropdown definition Path</summary>
                          </documentation>
                        </property>
                      </properties>
                    </members>
                  </class>
                </classes>
              </members>
            </property>
          </properties>
        </members>
      </property>
    </properties>
  </members>
</document>