<document name="Trustee.js" url="Trustee.js.html" visibility="default" rawName="Trustee.js" fullName="Trustee.js" staticName="Anguilla.Trustee.js">
  <members>
    <properties>
      <property name="Tridion" url=".Anguilla.Trustee.js.Tridion.html" visibility="public" rawName="Tridion" fullName="Tridion" staticName="Trustee.js.Tridion" synopsis="Trustee.js.Tridion: Object;" synopsisExtended="Trustee.js.Tridion: &lt;a href=&quot;&quot;&gt;Object&lt;/a&gt;;" type="Object" virtual="true">
        <members>
          <properties>
            <property name="ContentManager" url=".Anguilla.Trustee.js.Tridion.ContentManager.html" visibility="static" rawName="Tridion.ContentManager" fullName="Tridion.ContentManager" staticName="Tridion.ContentManager" synopsis="Tridion.ContentManager: Object;" synopsisExtended="Tridion.ContentManager: &lt;a href=&quot;&quot;&gt;Object&lt;/a&gt;;" type="Object" virtual="true">
              <members>
                <classes>
                  <class name="Trustee" url=".Anguilla.Trustee.js.Tridion.ContentManager.Trustee.html" visibility="static" rawName="Tridion.ContentManager.Trustee" fullName="Tridion.ContentManager.Trustee" staticName="ContentManager.Trustee" synopsis="var x: Trustee = new Trustee(id: Object);" synopsisExtended="var x: &lt;a href=&quot;.Anguilla.Trustee.js.Tridion.ContentManager.Trustee.html&quot;&gt;Trustee&lt;/a&gt; = new Trustee(id: Object);" type="Object">
                    <arguments value="id">
                      <argument name="id" type="Object" />
                    </arguments>
                    <extends />
                    <members>
                      <methods>
                        <method name="invalidateEditableProperties" url=".Anguilla.Trustee.js.Tridion.ContentManager.Trustee.invalidateEditableProperties.html" visibility="prototype" rawName="Tridion.ContentManager.Trustee.prototype.invalidateEditableProperties" fullName="Tridion.ContentManager.Trustee.invalidateEditableProperties" staticName="Trustee.invalidateEditableProperties" synopsis="invalidateEditableProperties(xpath: Object): Void" synopsisExtended="invalidateEditableProperties(xpath: Object): Void" type="Object">
                          <arguments value="xpath">
                            <argument name="xpath" type="Object" />
                          </arguments>
                        </method>
                        <method name="invalidateStaticData" url=".Anguilla.Trustee.js.Tridion.ContentManager.Trustee.invalidateStaticData.html" visibility="prototype" rawName="Tridion.ContentManager.Trustee.prototype.invalidateStaticData" fullName="Tridion.ContentManager.Trustee.invalidateStaticData" staticName="Trustee.invalidateStaticData" synopsis="invalidateStaticData(): Void" synopsisExtended="invalidateStaticData(): Void" type="Object" />
                        <method name="setDataFromLink" url=".Anguilla.Trustee.js.Tridion.ContentManager.Trustee.setDataFromLink.html" visibility="prototype" rawName="Tridion.ContentManager.Trustee.prototype.setDataFromLink" fullName="Tridion.ContentManager.Trustee.setDataFromLink" staticName="Trustee.setDataFromLink" synopsis="setDataFromLink(node: Object): Void" synopsisExtended="setDataFromLink(node: Object): Void" type="Object">
                          <arguments value="node">
                            <argument name="node" type="Object" />
                          </arguments>
                        </method>
                        <method name="setDataFromXml" url=".Anguilla.Trustee.js.Tridion.ContentManager.Trustee.setDataFromXml.html" visibility="prototype" rawName="Tridion.ContentManager.Trustee.prototype.setDataFromXml" fullName="Tridion.ContentManager.Trustee.setDataFromXml" staticName="Trustee.setDataFromXml" synopsis="setDataFromXml(node: Object, timeStamp: Object): Void" synopsisExtended="setDataFromXml(node: Object, timeStamp: Object): Void" type="Object">
                          <arguments value="node, timeStamp">
                            <argument name="node" type="Object" />
                            <argument name="timeStamp" type="Object" />
                          </arguments>
                        </method>
                        <method name="applyListItemXml" url=".Anguilla.Trustee.js.Tridion.ContentManager.Trustee.applyListItemXml.html" visibility="prototype" rawName="Tridion.ContentManager.Trustee.prototype.applyListItemXml" fullName="Tridion.ContentManager.Trustee.applyListItemXml" staticName="Trustee.applyListItemXml" synopsis="applyListItemXml(node: Object, parentId: Object, changes: Object): Void" synopsisExtended="applyListItemXml(node: Object, parentId: Object, changes: Object): Void" type="Object">
                          <arguments value="node, parentId, changes">
                            <argument name="node" type="Object" />
                            <argument name="parentId" type="Object" />
                            <argument name="changes" type="Object" />
                          </arguments>
                        </method>
                        <method name="getListItemXmlAttributes" url=".Anguilla.Trustee.js.Tridion.ContentManager.Trustee.getListItemXmlAttributes.html" visibility="prototype" rawName="Tridion.ContentManager.Trustee.prototype.getListItemXmlAttributes" fullName="Tridion.ContentManager.Trustee.getListItemXmlAttributes" staticName="Trustee.getListItemXmlAttributes" synopsis="getListItemXmlAttributes(customAttributes: Object): Void" synopsisExtended="getListItemXmlAttributes(customAttributes: Object): Void" type="Object">
                          <arguments value="customAttributes">
                            <argument name="customAttributes" type="Object" />
                          </arguments>
                        </method>
                        <method name="getTitle" url=".Anguilla.Trustee.js.Tridion.ContentManager.Trustee.getTitle.html" visibility="prototype" rawName="Tridion.ContentManager.Trustee.prototype.getTitle" fullName="Tridion.ContentManager.Trustee.getTitle" staticName="Trustee.getTitle" synopsis="getTitle(): Void" synopsisExtended="getTitle(): Void" type="Object" />
                        <method name="setTitle" url=".Anguilla.Trustee.js.Tridion.ContentManager.Trustee.setTitle.html" visibility="prototype" rawName="Tridion.ContentManager.Trustee.prototype.setTitle" fullName="Tridion.ContentManager.Trustee.setTitle" staticName="Trustee.setTitle" synopsis="setTitle(value: Object, context: Object): Void" synopsisExtended="setTitle(value: Object, context: Object): Void" type="Object">
                          <arguments value="value, context">
                            <argument name="value" type="Object" />
                            <argument name="context" type="Object" />
                          </arguments>
                        </method>
                        <method name="getStaticTitle" url=".Anguilla.Trustee.js.Tridion.ContentManager.Trustee.getStaticTitle.html" visibility="prototype" rawName="Tridion.ContentManager.Trustee.prototype.getStaticTitle" fullName="Tridion.ContentManager.Trustee.getStaticTitle" staticName="Trustee.getStaticTitle" synopsis="getStaticTitle(): Void" synopsisExtended="getStaticTitle(): Void" type="Object" />
                        <method name="getDescription" url=".Anguilla.Trustee.js.Tridion.ContentManager.Trustee.getDescription.html" visibility="prototype" rawName="Tridion.ContentManager.Trustee.prototype.getDescription" fullName="Tridion.ContentManager.Trustee.getDescription" staticName="Trustee.getDescription" synopsis="getDescription(): Void" synopsisExtended="getDescription(): Void" type="Object" />
                        <method name="setDescription" url=".Anguilla.Trustee.js.Tridion.ContentManager.Trustee.setDescription.html" visibility="prototype" rawName="Tridion.ContentManager.Trustee.prototype.setDescription" fullName="Tridion.ContentManager.Trustee.setDescription" staticName="Trustee.setDescription" synopsis="setDescription(value: Object, context: Object): Void" synopsisExtended="setDescription(value: Object, context: Object): Void" type="Object">
                          <arguments value="value, context">
                            <argument name="value" type="Object" />
                            <argument name="context" type="Object" />
                          </arguments>
                        </method>
                        <method name="getStaticDescription" url=".Anguilla.Trustee.js.Tridion.ContentManager.Trustee.getStaticDescription.html" visibility="prototype" rawName="Tridion.ContentManager.Trustee.prototype.getStaticDescription" fullName="Tridion.ContentManager.Trustee.getStaticDescription" staticName="Trustee.getStaticDescription" synopsis="getStaticDescription(): Void" synopsisExtended="getStaticDescription(): Void" type="Object" />
                        <method name="getGroupMembershipsSection" url=".Anguilla.Trustee.js.Tridion.ContentManager.Trustee.getGroupMembershipsSection.html" visibility="prototype" rawName="Tridion.ContentManager.Trustee.prototype.getGroupMembershipsSection" fullName="Tridion.ContentManager.Trustee.getGroupMembershipsSection" staticName="Trustee.getGroupMembershipsSection" synopsis="getGroupMembershipsSection(): Object" synopsisExtended="getGroupMembershipsSection(): Object" type="Object">
                          <documentation rawString="&#xA;Gets the GroupMemberships section for this Item.&#xA;@return {Object} the xml node with GroupMemberships sections.&#xA;">
                            <description>Gets the GroupMemberships section for this Item.</description>
                          </documentation>
                          <returns type="Object" description="the xml node with GroupMemberships sections." />
                        </method>
                        <method name="getGroupMemberships" url=".Anguilla.Trustee.js.Tridion.ContentManager.Trustee.getGroupMemberships.html" visibility="prototype" rawName="Tridion.ContentManager.Trustee.prototype.getGroupMemberships" fullName="Tridion.ContentManager.Trustee.getGroupMemberships" staticName="Trustee.getGroupMemberships" synopsis="getGroupMemberships(): Array" synopsisExtended="getGroupMemberships(): Array" type="Object">
                          <documentation rawString="&#xA;Gets the GroupMemberships items uris of this Item.&#xA;@return {Array} the array of uris.&#xA;">
                            <description>Gets the GroupMemberships items uris of this Item.</description>
                          </documentation>
                          <returns type="Array" description="the array of uris." />
                        </method>
                        <method name="getGroupMembershipsXml" url=".Anguilla.Trustee.js.Tridion.ContentManager.Trustee.getGroupMembershipsXml.html" visibility="prototype" rawName="Tridion.ContentManager.Trustee.prototype.getGroupMembershipsXml" fullName="Tridion.ContentManager.Trustee.getGroupMembershipsXml" staticName="Trustee.getGroupMembershipsXml" synopsis="getGroupMembershipsXml(): String" synopsisExtended="getGroupMembershipsXml(): String" type="Object">
                          <documentation rawString="&#xA;Gets the GroupMemberships xml fragment of this Item.&#xA;@return {String} the xml with Trustee data of the Item.&#xA;">
                            <description>Gets the GroupMemberships xml fragment of this Item.</description>
                          </documentation>
                          <returns type="String" description="the xml with Trustee data of the Item." />
                        </method>
                        <method name="setGroupMemberships" url=".Anguilla.Trustee.js.Tridion.ContentManager.Trustee.setGroupMemberships.html" visibility="prototype" rawName="Tridion.ContentManager.Trustee.prototype.setGroupMemberships" fullName="Tridion.ContentManager.Trustee.setGroupMemberships" staticName="Trustee.setGroupMemberships" synopsis="setGroupMemberships(memberships: Object, context: Object): Boolean" synopsisExtended="setGroupMemberships(memberships: Object, context: Object): Boolean" type="Object">
                          <arguments value="memberships, context">
                            <argument name="memberships" type="Object" description="an associative array - that has its key as a group uri and the value as an array of publication uris -&#xD;&#xA;	which will be translated into a xml fragment which describes the GroupMemberships xml node." />
                            <argument name="context" type="Object" description="the context where the method is used." />
                          </arguments>
                          <documentation rawString="&#xA;Sets the GroupMemberships xml node and fires &quot;change&quot; event on the Item.&#xA;@param {Object} memberships an associative array - that has its key as a group uri and the value as an array of publication uris - &#xA;	which will be translated into a xml fragment which describes the GroupMemberships xml node.&#xA;@param {Object} context the context where the method is used.&#xA;@return {Boolean} &lt;c&gt;true&lt;/c&gt; if the xml of the Item was succesfuly updated.&#xA;">
                            <description>Sets the GroupMemberships xml node and fires "change" event on the Item.</description>
                          </documentation>
                          <returns type="Boolean" description="&lt;c&gt;true&lt;/c&gt; if the xml of the Item was succesfuly updated." />
                        </method>
                        <method name="setGroupMembershipsXml" url=".Anguilla.Trustee.js.Tridion.ContentManager.Trustee.setGroupMembershipsXml.html" visibility="prototype" rawName="Tridion.ContentManager.Trustee.prototype.setGroupMembershipsXml" fullName="Tridion.ContentManager.Trustee.setGroupMembershipsXml" staticName="Trustee.setGroupMembershipsXml" synopsis="setGroupMembershipsXml(xml: String, context: Object): Boolean" synopsisExtended="setGroupMembershipsXml(xml: String, context: Object): Boolean" type="Object">
                          <arguments value="xml, context">
                            <argument name="xml" type="String" description="the trustee xml fragment - which is a collection of Group xml nodes - to be set into the GroupMemberships xml node." />
                            <argument name="context" type="Object" description="the context where the method is used." />
                          </arguments>
                          <documentation rawString="&#xA;Sets the GroupMemberships xml node and fires &quot;change&quot; event on the Item.&#xA;@param {String} xml the trustee xml fragment - which is a collection of Group xml nodes - to be set into the GroupMemberships xml node.&#xA;@param {Object} context the context where the method is used.&#xA;@return {Boolean} &lt;c&gt;true&lt;/c&gt; if the xml of the Item was succesfuly updated.&#xA;">
                            <description>Sets the GroupMemberships xml node and fires "change" event on the Item.</description>
                          </documentation>
                          <returns type="Boolean" description="&lt;c&gt;true&lt;/c&gt; if the xml of the Item was succesfuly updated." />
                        </method>
                        <method name="getGroupMembershipConstrains" url=".Anguilla.Trustee.js.Tridion.ContentManager.Trustee.getGroupMembershipConstrains.html" visibility="prototype" rawName="Tridion.ContentManager.Trustee.prototype.getGroupMembershipConstrains" fullName="Tridion.ContentManager.Trustee.getGroupMembershipConstrains" staticName="Trustee.getGroupMembershipConstrains" synopsis="getGroupMembershipConstrains(groupId: String): Array" synopsisExtended="getGroupMembershipConstrains(groupId: String): Array" type="Object">
                          <arguments value="groupId">
                            <argument name="groupId" type="String" description="the group uri." />
                          </arguments>
                          <documentation rawString="&#xA;Gets the Group's membership constrains (publications) array for provided group uri.&#xA;@param {String} groupId the group uri.&#xA;@return {Array} array of uris.&#xA;">
                            <description>Gets the Group's membership constrains (publications) array for provided group uri.</description>
                          </documentation>
                          <returns type="Array" description="array of uris." />
                        </method>
                        <method name="setGroupMembershipConstraints" url=".Anguilla.Trustee.js.Tridion.ContentManager.Trustee.setGroupMembershipConstraints.html" visibility="prototype" rawName="Tridion.ContentManager.Trustee.prototype.setGroupMembershipConstraints" fullName="Tridion.ContentManager.Trustee.setGroupMembershipConstraints" staticName="Trustee.setGroupMembershipConstraints" synopsis="setGroupMembershipConstraints(groupId: String, items: Array, context: Object): Boolean" synopsisExtended="setGroupMembershipConstraints(groupId: String, items: Array, context: Object): Boolean" type="Object">
                          <arguments value="groupId, items, context">
                            <argument name="groupId" type="String" description="the group uri." />
                            <argument name="items" type="Array" description="the publication item uris to be set into the UsageConstraint xml nodes." />
                            <argument name="context" type="Object" description="the context where the method is used." />
                          </arguments>
                          <documentation rawString="&#xA;Sets the Group xml node with MembershipConstraint xml nodes and fires &quot;change&quot; event on the Item.&#xA;@param {String} groupId the group uri.&#xA;@param {Array} items the publication item uris to be set into the UsageConstraint xml nodes.&#xA;@param {Object} context the context where the method is used.&#xA;@return {Boolean} &lt;c&gt;true&lt;/c&gt; if the xml of the Item was succesfuly updated.&#xA;">
                            <description>Sets the Group xml node with MembershipConstraint xml nodes and fires "change" event on the Item.</description>
                          </documentation>
                          <returns type="Boolean" description="&lt;c&gt;true&lt;/c&gt; if the xml of the Item was succesfuly updated." />
                        </method>
                        <method name="setGroupMembershipConstraintsXml" url=".Anguilla.Trustee.js.Tridion.ContentManager.Trustee.setGroupMembershipConstraintsXml.html" visibility="prototype" rawName="Tridion.ContentManager.Trustee.prototype.setGroupMembershipConstraintsXml" fullName="Tridion.ContentManager.Trustee.setGroupMembershipConstraintsXml" staticName="Trustee.setGroupMembershipConstraintsXml" synopsis="setGroupMembershipConstraintsXml(groupId: String, xml: String, context: Object): Boolean" synopsisExtended="setGroupMembershipConstraintsXml(groupId: String, xml: String, context: Object): Boolean" type="Object">
                          <arguments value="groupId, xml, context">
                            <argument name="groupId" type="String" description="the group uri." />
                            <argument name="xml" type="String" description="the publications xml to be set to the Group xml node." />
                            <argument name="context" type="Object" description="the context where the method is used." />
                          </arguments>
                          <documentation rawString="&#xA;Sets the Group xml node with MembershipConstraint xml nodes and fires &quot;change&quot; event on the Item.&#xA;@param {String} groupId the group uri.&#xA;@param {String} xml the publications xml to be set to the Group xml node.&#xA;@param {Object} context the context where the method is used.&#xA;@return {Boolean} &lt;c&gt;true&lt;/c&gt; if the xml of the Item was succesfuly updated.&#xA;">
                            <description>Sets the Group xml node with MembershipConstraint xml nodes and fires "change" event on the Item.</description>
                          </documentation>
                          <returns type="Boolean" description="&lt;c&gt;true&lt;/c&gt; if the xml of the Item was succesfuly updated." />
                        </method>
                        <method name="removeGroupMembership" url=".Anguilla.Trustee.js.Tridion.ContentManager.Trustee.removeGroupMembership.html" visibility="prototype" rawName="Tridion.ContentManager.Trustee.prototype.removeGroupMembership" fullName="Tridion.ContentManager.Trustee.removeGroupMembership" staticName="Trustee.removeGroupMembership" synopsis="removeGroupMembership(groupId: String, context: Object): Boolean" synopsisExtended="removeGroupMembership(groupId: String, context: Object): Boolean" type="Object">
                          <arguments value="groupId, context">
                            <argument name="groupId" type="String" description="the group uri." />
                            <argument name="context" type="Object" description="the context where the method is used." />
                          </arguments>
                          <documentation rawString="&#xA;Removes the Group xml node from GroupMemberships xml node for provided groupId and fires &quot;change&quot; event on the Item.&#xA;@param {String} groupId the group uri.&#xA;@param {Object} context the context where the method is used.&#xA;@return {Boolean} &lt;c&gt;true&lt;/c&gt; if the xml of the Item was succesfuly updated.&#xA;">
                            <description>Removes the Group xml node from GroupMemberships xml node for provided groupId and fires "change" event on the Item.</description>
                          </documentation>
                          <returns type="Boolean" description="&lt;c&gt;true&lt;/c&gt; if the xml of the Item was succesfuly updated." />
                        </method>
                        <method name="addGroupMembership" url=".Anguilla.Trustee.js.Tridion.ContentManager.Trustee.addGroupMembership.html" visibility="prototype" rawName="Tridion.ContentManager.Trustee.prototype.addGroupMembership" fullName="Tridion.ContentManager.Trustee.addGroupMembership" staticName="Trustee.addGroupMembership" synopsis="addGroupMembership(groupId: String, groupTitle: String, context: Object): Void" synopsisExtended="addGroupMembership(groupId: String, groupTitle: String, context: Object): Void" type="Object">
                          <arguments value="groupId, groupTitle, context">
                            <argument name="groupId" type="String" description="the group uri." />
                            <argument name="groupTitle" type="String" description="the group title." />
                            <argument name="context" type="Object" description="the context where the method is used." />
                          </arguments>
                          <documentation rawString="&#xA;Adds a new Group xml node to GroupMemberships xml node for provided groupId and fires &quot;change&quot; event on the Item.&#xA;@param {String} groupId the group uri.&#xA;@param {String} groupTitle the group title.&#xA;@param {Object} context the context where the method is used.&#xA;">
                            <description>Adds a new Group xml node to GroupMemberships xml node for provided groupId and fires "change" event on the Item.</description>
                          </documentation>
                        </method>
                        <method name="pack" url=".Anguilla.Trustee.js.Tridion.ContentManager.Trustee.pack.html" visibility="prototype" rawName="Tridion.ContentManager.Trustee.prototype.pack" fullName="Tridion.ContentManager.Trustee.pack" staticName="Trustee.pack" synopsis="pack(): Void" synopsisExtended="pack(): Void" type="Object" />
                        <method name="unpack" url=".Anguilla.Trustee.js.Tridion.ContentManager.Trustee.unpack.html" visibility="prototype" rawName="Tridion.ContentManager.Trustee.prototype.unpack" fullName="Tridion.ContentManager.Trustee.unpack" staticName="Trustee.unpack" synopsis="unpack(data: Object): Void" synopsisExtended="unpack(data: Object): Void" type="Object">
                          <arguments value="data">
                            <argument name="data" type="Object" />
                          </arguments>
                        </method>
                      </methods>
                    </members>
                  </class>
                </classes>
              </members>
            </property>
          </properties>
        </members>
      </property>
    </properties>
  </members>
</document>