<document name="Types.js" url="Types.js.html" visibility="default" rawName="Types.js" fullName="Types.js" staticName="Anguilla.Types.js">
  <members>
    <classes>
      <class name="Array" url=".Anguilla.Types.js.Array.html" visibility="public" rawName="Array" fullName="Array" staticName="Types.js.Array" synopsis="var x: Array = new Array();" synopsisExtended="var x: &lt;a href=&quot;.Anguilla.Types.js.Array.html&quot;&gt;Array&lt;/a&gt; = new Array();" type="Object" virtual="true">
        <extends />
        <members>
          <methods>
            <method name="indexOf" url=".Anguilla.Types.js.Array.indexOf.html" visibility="prototype" rawName="Array.prototype.indexOf" fullName="Array.indexOf" staticName="Array.indexOf" synopsis="indexOf(value: Object): Void" synopsisExtended="indexOf(value: Object): Void" type="Object">
              <arguments value="value">
                <argument name="value" type="Object" />
              </arguments>
            </method>
            <method name="removeAt" url=".Anguilla.Types.js.Array.removeAt.html" visibility="prototype" rawName="Array.prototype.removeAt" fullName="Array.removeAt" staticName="Array.removeAt" synopsis="removeAt(index: Number): Void" synopsisExtended="removeAt(index: Number): Void" type="Object">
              <arguments value="index">
                <argument name="index" type="Number" description="A zero-based index position at which to remove the value." />
              </arguments>
              <documentation rawString="&#xA;	 * Removes a value at the specified index position within this array&#xA;	 * @param {Number} index A zero-based index position at which to remove the value.&#xA;	 ">
                <summary>Removes a value at the specified index position within this array</summary>
              </documentation>
            </method>
            <method name="move" url=".Anguilla.Types.js.Array.move.html" visibility="prototype" rawName="Array.prototype.move" fullName="Array.move" staticName="Array.move" synopsis="move(fromIndex: Number, toIndex: Number): Void" synopsisExtended="move(fromIndex: Number, toIndex: Number): Void" type="Object">
              <arguments value="fromIndex, toIndex">
                <argument name="fromIndex" type="Number" description="A zero-based index position from which to move the value." />
                <argument name="toIndex" type="Number" description="A zero-based index position to which to move the value." />
              </arguments>
              <documentation rawString="&#xA;	 * Moves a value to another position within this array&#xA;	 * @param {Number} fromIndex A zero-based index position from which to move the value.&#xA;	 * @param {Number} toIndex A zero-based index position to which to move the value.&#xA;	 ">
                <summary>Moves a value to another position within this array</summary>
              </documentation>
            </method>
            <method name="insert" url=".Anguilla.Types.js.Array.insert.html" visibility="prototype" rawName="Array.prototype.insert" fullName="Array.insert" staticName="Array.insert" synopsis="insert(value: Object, index: Number): Void" synopsisExtended="insert(value: Object, index: Number): Void" type="Object">
              <arguments value="value, index">
                <argument name="value" type="Object" description="The value to look insert." />
                <argument name="index" type="Number" description="A zero-based index position at which to insert the value." />
              </arguments>
              <documentation rawString="&#xA;	 * Inserts a value at the specified index position within this array&#xA;	 * @param {Object} value The value to look insert.&#xA;	 * @param {Number} index A zero-based index position at which to insert the value.&#xA;	 ">
                <summary>Inserts a value at the specified index position within this array</summary>
              </documentation>
            </method>
            <method name="contains" url=".Anguilla.Types.js.Array.contains.html" visibility="prototype" rawName="Array.prototype.contains" fullName="Array.contains" staticName="Array.contains" synopsis="contains(value: Object): Boolean" synopsisExtended="contains(value: Object): Boolean" type="Object">
              <arguments value="value">
                <argument name="value" type="Object" description="The value to look for." />
              </arguments>
              <documentation rawString="&#xA;	 * Returns a value indicating whether this array contains the specified value.&#xA;	 * @param {Object} value The value to look for.&#xA;	 * @return {Boolean} &lt;c&gt;true&lt;/c&gt; if this array contains the specified value, otherwise &lt;c&gt;false&lt;/c&gt;.&#xA;	 ">
                <summary>Returns a value indicating whether this array contains the specified value.</summary>
              </documentation>
              <returns type="Boolean" description="&lt;c&gt;true&lt;/c&gt; if this array contains the specified value, otherwise &lt;c&gt;false&lt;/c&gt;." />
            </method>
            <method name="includes" url=".Anguilla.Types.js.Array.includes.html" visibility="prototype" rawName="Array.prototype.includes" fullName="Array.includes" staticName="Array.includes" synopsis="includes(array: Array): Boolean" synopsisExtended="includes(array: Array): Boolean" type="Object">
              <arguments value="array">
                <argument name="array" type="Array" description="The array to check." />
              </arguments>
              <documentation rawString="&#xA;	 * Returns a value indicating whether this array contains all values from another array.&#xA;	 * @param {Array} array The array to check.&#xA;	 * @return {Boolean} &lt;c&gt;true&lt;/c&gt; if this array contains all values from the specified array, otherwise &lt;c&gt;false&lt;/c&gt;.&#xA;	 ">
                <summary>Returns a value indicating whether this array contains all values from another array.</summary>
              </documentation>
              <returns type="Boolean" description="&lt;c&gt;true&lt;/c&gt; if this array contains all values from the specified array, otherwise &lt;c&gt;false&lt;/c&gt;." />
            </method>
            <method name="normalize" url=".Anguilla.Types.js.Array.normalize.html" visibility="prototype" rawName="Array.prototype.normalize" fullName="Array.normalize" staticName="Array.normalize" synopsis="normalize(): Array" synopsisExtended="normalize(): Array" type="Object">
              <documentation rawString="&#xA;	* Sorts and removes duplicates from the array.&#xA;	* @return {Array} The normalized array.&#xA;	">
                <summary>Sorts and removes duplicates from the array.</summary>
              </documentation>
              <returns type="Array" description="The normalized array." />
            </method>
            <method name="each" url=".Anguilla.Types.js.Array.each.html" visibility="prototype" rawName="Array.prototype.each" fullName="Array.each" staticName="Array.each" synopsis="each(fs: Function, context: Object): Void" synopsisExtended="each(fs: Function, context: Object): Void" type="Object">
              <arguments value="fn, context">
                <argument name="fs" type="Function" description="The function to execute" />
                <argument name="context" type="Object" description="The object within whose context to execute the function." />
              </arguments>
              <documentation rawString="&#xA;	 * Executes the supplied function in the context of the supplied object for each of the elements in the array.&#xA;	 * For each of the elements in the array, the supplied function is called and passed&#xA;	 * &lt;ol&gt;&lt;li&gt;The current array element&lt;/li&gt;&#xA;	 * &lt;li&gt;The current array index&lt;/li&gt;&#xA;	 * &lt;li&gt;The array itself&lt;/li&gt;&lt;/ol&gt;&#xA;	 * &lt;code&gt;fn.call(context, this[i], i, this);&lt;/code&gt;&#xA;	 * @param {Function} fs The function to execute&#xA;	 * @param {Object} context The object within whose context to execute the function.&#xA;	 ">
                <summary>Executes the supplied function in the context of the supplied object for each of the elements in the array.</summary>
                <description>For each of the elements in the array, the supplied function is called and passed
&lt;ol&gt;&lt;li&gt;The current array element&lt;/li&gt;
&lt;li&gt;The current array index&lt;/li&gt;
&lt;li&gt;The array itself&lt;/li&gt;&lt;/ol&gt;
&lt;code&gt;fn.call(context, this[i], i, this);&lt;/code&gt;</description>
              </documentation>
            </method>
          </methods>
        </members>
      </class>
      <class name="Date" url=".Anguilla.Types.js.Date.html" visibility="public" rawName="Date" fullName="Date" staticName="Types.js.Date" synopsis="var x: Date = new Date();" synopsisExtended="var x: &lt;a href=&quot;.Anguilla.Types.js.Date.html&quot;&gt;Date&lt;/a&gt; = new Date();" type="Object" virtual="true">
        <extends />
        <members>
          <methods>
            <method name="toString" url=".Anguilla.Types.js.Date.toString.html" visibility="prototype" rawName="Date.prototype.toString" fullName="Date.toString" staticName="Date.toString" synopsis="toString(format: String, formatLocale: Object): String" synopsisExtended="toString(format: String, formatLocale: Object): String" type="Object">
              <arguments value="format, formatLocale">
                <argument name="format" type="String" description="The string that specifies how to format the date." />
                <argument name="formatLocale" type="Object" description="Object containing locale specific formatting data." />
              </arguments>
              <documentation rawString="&#xA; * Returns a formatted version of the current date.&#xA; * @param {String} format The string that specifies how to format the date.&#xA; * @param {Object} formatLocale Object containing locale specific formatting data.&#xA; * @return {String} The date, formatted as specified with the &lt;c&gt;format&lt;/c&gt; argument.&#xA; ">
                <summary>Returns a formatted version of the current date.</summary>
              </documentation>
              <returns type="String" description="The date, formatted as specified with the &lt;c&gt;format&lt;/c&gt; argument." />
            </method>
          </methods>
        </members>
      </class>
      <class name="Function" url=".Anguilla.Types.js.Function.html" visibility="public" rawName="Function" fullName="Function" staticName="Types.js.Function" synopsis="var x: Function = new Function();" synopsisExtended="var x: &lt;a href=&quot;.Anguilla.Types.js.Function.html&quot;&gt;Function&lt;/a&gt; = new Function();" type="Object" virtual="true">
        <extends />
        <members>
          <classes>
            <class name="getCallStack" url=".Anguilla.Types.js.Function.getCallStack.html" visibility="prototype" rawName="Function.prototype.getCallStack" fullName="Function.getCallStack" staticName="Function.getCallStack" synopsis="getCallStack(point: Function, maxDepth: Number): Array" synopsisExtended="getCallStack(point: Function, maxDepth: Number): Array" type="Object" static="true">
              <arguments value="point, maxDepth">
                <argument name="point" type="Function" description="Optional location from which to start iterating the call stack. Default start point&#xD;&#xA;is the function that called the current function." />
                <argument name="maxDepth" type="Number" description="Optional depth limit at which the iteration should stop." />
              </arguments>
              <extends />
              <documentation rawString="&#xA;	 * Returns the call stack of the current function.&#xA;	 * @param {Function} point Optional location from which to start iterating the call stack. Default start point&#xA;	 * is the function that called the current function.&#xA;	 * @param {Number} maxDepth Optional depth limit at which the iteration should stop.&#xA;	 * @return {Array} An array where every element is a string that represents a function call within the call stack,&#xA;	 ">
                <summary>Returns the call stack of the current function.</summary>
              </documentation>
              <members>
                <properties>
                  <property name="callStack" url=".Anguilla.Types.js.Function.getCallStack.callStack.html" visibility="static" rawName="callStack" fullName="callStack" staticName="getCallStack.callStack" synopsis="getCallStack.callStack: Object;" synopsisExtended="getCallStack.callStack: &lt;a href=&quot;&quot;&gt;Object&lt;/a&gt;;" type="Object" virtual="true">
                    <members>
                      <methods>
                        <method name="toString" url=".Anguilla.Types.js.Function.getCallStack.callStack.toString.html" visibility="static" rawName="callStack.toString" fullName="callStack.toString" staticName="callStack.toString" synopsis="toString(joinString: Object, includeCallNum: Object): Void" synopsisExtended="toString(joinString: Object, includeCallNum: Object): Void" type="Object">
                          <arguments value="joinString, includeCallNum">
                            <argument name="joinString" type="Object" />
                            <argument name="includeCallNum" type="Object" />
                          </arguments>
                          <members>
                            <methods>
                              <method name="callStack$addNumbers" url=".Anguilla.Types.js.Function.getCallStack.callStack.toString.callStack$addNumbers.html" visibility="private" rawName="callStack$addNumbers" fullName="callStack$addNumbers" staticName="toString.callStack$addNumbers" synopsis="callStack$addNumbers(value: Object, index: Object, array: Object): Void" synopsisExtended="callStack$addNumbers(value: Object, index: Object, array: Object): Void" type="Object">
                                <arguments value="value, index, array">
                                  <argument name="value" type="Object" />
                                  <argument name="index" type="Object" />
                                  <argument name="array" type="Object" />
                                </arguments>
                              </method>
                            </methods>
                          </members>
                        </method>
                      </methods>
                    </members>
                  </property>
                </properties>
              </members>
              <returns type="Array" description="An array where every element is a string that represents a function call within the call stack," />
            </class>
          </classes>
          <methods>
            <method name="getName" url=".Anguilla.Types.js.Function.getName.html" visibility="prototype" rawName="Function.prototype.getName" fullName="Function.getName" staticName="Function.getName" synopsis="getName(includeArguments: Boolean, argumentsOnly: Boolean): String" synopsisExtended="getName(includeArguments: Boolean, argumentsOnly: Boolean): String" type="Object">
              <arguments value="includeArguments, argumentsOnly">
                <argument name="includeArguments" type="Boolean" description="If &lt;c&gt;true&lt;/c&gt;, the value returned will include the function's declared arguments." />
                <argument name="argumentsOnly" type="Boolean" description="If &lt;c&gt;true&lt;/c&gt;, the value returned will only include the function's declared arguments." />
              </arguments>
              <documentation rawString="&#xA;	 * Returns the name of this function.&#xA;	 * @param {Boolean} includeArguments If &lt;c&gt;true&lt;/c&gt;, the value returned will include the function's declared arguments.&#xA;	 * @param {Boolean} argumentsOnly If &lt;c&gt;true&lt;/c&gt;, the value returned will only include the function's declared arguments.&#xA;	 * @return {String} The name of the function, it's declared arguments, or both&#xA;	 ">
                <summary>Returns the name of this function.</summary>
              </documentation>
              <returns type="String" description="The name of the function, it's declared arguments, or both" />
            </method>
          </methods>
        </members>
      </class>
      <class name="String" url=".Anguilla.Types.js.String.html" visibility="public" rawName="String" fullName="String" staticName="Types.js.String" synopsis="var x: String = new String();" synopsisExtended="var x: &lt;a href=&quot;.Anguilla.Types.js.String.html&quot;&gt;String&lt;/a&gt; = new String();" type="Object" virtual="true">
        <extends />
        <members>
          <methods>
            <method name="format" url=".Anguilla.Types.js.String.format.html" visibility="prototype" rawName="String.prototype.format" fullName="String.format" staticName="String.format" synopsis="format(): Void" synopsisExtended="format(): Void" type="Object" />
            <method name="trim" url=".Anguilla.Types.js.String.trim.html" visibility="prototype" rawName="String.prototype.trim" fullName="String.trim" staticName="String.trim" synopsis="trim(expression: String): String" synopsisExtended="trim(expression: String): String" type="Object">
              <arguments value="expression">
                <argument name="expression" type="String" description="The characters to trim from the supplied this string. Optional." />
              </arguments>
              <documentation rawString="&#xA;	 * Removes either the specified &lt;c&gt;expression&lt;/c&gt;, or any empty characters (&lt;c&gt;\s&lt;/c&gt;) from this string.&#xA;	 * The expression argument will be treated as a regular expression that specifies what to remove from the beginning and end of this string.&#xA;	 * @param {String} expression The characters to trim from the supplied this string. Optional.&#xA;	 * @return {String} The trimmed string.&#xA;	 ">
                <summary>Removes either the specified &lt;c&gt;expression&lt;/c&gt;, or any empty characters (&lt;c&gt;\s&lt;/c&gt;) from this string.</summary>
                <description>The expression argument will be treated as a regular expression that specifies what to remove from the beginning and end of this string.</description>
              </documentation>
              <returns type="String" description="The trimmed string." />
            </method>
            <method name="padLeft" url=".Anguilla.Types.js.String.padLeft.html" visibility="prototype" rawName="String.prototype.padLeft" fullName="String.padLeft" staticName="String.padLeft" synopsis="padLeft(length: Number, padChar: Number): String" synopsisExtended="padLeft(length: Number, padChar: Number): String" type="Object">
              <arguments value="length, padChar">
                <argument name="length" type="Number" description="The target length of the resulting string." />
                <argument name="padChar" type="Number" description="The character to use for padding. If omitted, a single space (&quot; &quot;) will be used." />
              </arguments>
              <documentation rawString="&#xA;	 * Returns the current string padded with the supplied character on the left side until its length reaches the specified value.&#xA;	 * @param {Number} length The target length of the resulting string.&#xA;	 * @param {Number} padChar The character to use for padding. If omitted, a single space (&quot; &quot;) will be used.&#xA;	 * @return {String} The padded version of this string&#xA;	 ">
                <summary>Returns the current string padded with the supplied character on the left side until its length reaches the specified value.</summary>
              </documentation>
              <returns type="String" description="The padded version of this string" />
            </method>
            <method name="padRight" url=".Anguilla.Types.js.String.padRight.html" visibility="prototype" rawName="String.prototype.padRight" fullName="String.padRight" staticName="String.padRight" synopsis="padRight(length: Number, padChar: Number): String" synopsisExtended="padRight(length: Number, padChar: Number): String" type="Object">
              <arguments value="length, padChar">
                <argument name="length" type="Number" description="The target length of the resulting string." />
                <argument name="padChar" type="Number" description="The character to use for padding. If omitted, a single space (&quot; &quot;) will be used." />
              </arguments>
              <documentation rawString="&#xA;	 * Returns the current string padded with the supplied character on the right side until its length reaches the specified value.&#xA;	 * @param {Number} length The target length of the resulting string.&#xA;	 * @param {Number} padChar The character to use for padding. If omitted, a single space (&quot; &quot;) will be used.&#xA;	 * @return {String} The padded version of this string&#xA;	 ">
                <summary>Returns the current string padded with the supplied character on the right side until its length reaches the specified value.</summary>
              </documentation>
              <returns type="String" description="The padded version of this string" />
            </method>
            <method name="shrinkTo" url=".Anguilla.Types.js.String.shrinkTo.html" visibility="prototype" rawName="String.prototype.shrinkTo" fullName="String.shrinkTo" staticName="String.shrinkTo" synopsis="shrinkTo(count: Object): Void" synopsisExtended="shrinkTo(count: Object): Void" type="Object">
              <arguments value="count">
                <argument name="count" type="Object" />
              </arguments>
            </method>
            <method name="concat" url=".Anguilla.Types.js.String.concat.html" visibility="static" rawName="String.concat" fullName="String.concat" staticName="String.concat" synopsis="concat(): String" synopsisExtended="concat(): String" type="Object">
              <arguments>
                <variable type="The" range="values" description="to concatenate" />
              </arguments>
              <documentation rawString="&#xA;	 * Concatenates all supplied arguments into a single string&#xA;	 * @arguments {Object} [0...n] The values to concatenate&#xA;	 * @return {String} A string that contains all supplied arguments concatenated together.&#xA;	 ">
                <summary>Concatenates all supplied arguments into a single string</summary>
              </documentation>
              <returns type="String" description="A string that contains all supplied arguments concatenated together." />
            </method>
            <method name="trim" url=".Anguilla.Types.js.String.trim.html" visibility="static" rawName="String.trim" fullName="String.trim" staticName="String.trim" synopsis="trim(value: String, expression: String): String" synopsisExtended="trim(value: String, expression: String): String" type="Object">
              <arguments value="value, expression">
                <argument name="value" type="String" description="The value to trim." />
                <argument name="expression" type="String" description="The characters to trim from the supplied value. Optional." />
              </arguments>
              <documentation rawString="&#xA;	 * Removes either the specified &lt;c&gt;expression&lt;/c&gt;, or any empty characters (&lt;c&gt;\s&lt;/c&gt;) from the beginning and&#xA;	 * the end of the supplied &lt;c&gt;value&lt;/c&gt;.&#xA;	 * The expression argument will be treated as a regular expression that specifies what to remove from the beginning and end of the value.&#xA;	 * @param {String} value The value to trim.&#xA;	 * @param {String} expression The characters to trim from the supplied value. Optional.&#xA;	 * @return {String} The trimmed value.&#xA;	 ">
                <summary>Removes either the specified &lt;c&gt;expression&lt;/c&gt;, or any empty characters (&lt;c&gt;\s&lt;/c&gt;) from the beginning and</summary>
                <description>the end of the supplied &lt;c&gt;value&lt;/c&gt;.
The expression argument will be treated as a regular expression that specifies what to remove from the beginning and end of the value.</description>
              </documentation>
              <returns type="String" description="The trimmed value." />
            </method>
          </methods>
        </members>
      </class>
    </classes>
    <methods>
      <method name="Tridion$Array$fromArguments" url=".Anguilla.Types.js.Tridion$Array$fromArguments.html" visibility="static" rawName="Tridion$Array$fromArguments" fullName="Tridion$Array$fromArguments" staticName="Types.js.Tridion$Array$fromArguments" synopsis="Tridion$Array$fromArguments(args: Object, startIndex: Object, stopIndex: Object): Void" synopsisExtended="Tridion$Array$fromArguments(args: Object, startIndex: Object, stopIndex: Object): Void" type="Object">
        <arguments value="args, startIndex, stopIndex">
          <argument name="args" type="Object" />
          <argument name="startIndex" type="Object" />
          <argument name="stopIndex" type="Object" />
        </arguments>
      </method>
      <method name="Tridion$Array$clone" url=".Anguilla.Types.js.Tridion$Array$clone.html" visibility="static" rawName="Tridion$Array$clone" fullName="Tridion$Array$clone" staticName="Types.js.Tridion$Array$clone" synopsis="Tridion$Array$clone(array: Object): Void" synopsisExtended="Tridion$Array$clone(array: Object): Void" type="Object">
        <arguments value="array">
          <argument name="array" type="Object" />
        </arguments>
      </method>
      <method name="Tridion$Array$areEqual" url=".Anguilla.Types.js.Tridion$Array$areEqual.html" visibility="static" rawName="Tridion$Array$areEqual" fullName="Tridion$Array$areEqual" staticName="Types.js.Tridion$Array$areEqual" synopsis="Tridion$Array$areEqual(array1: Object, array2: Object): Void" synopsisExtended="Tridion$Array$areEqual(array1: Object, array2: Object): Void" type="Object">
        <arguments value="array1, array2">
          <argument name="array1" type="Object" />
          <argument name="array2" type="Object" />
        </arguments>
      </method>
      <method name="Tridion$Array$indexOf" url=".Anguilla.Types.js.Tridion$Array$indexOf.html" visibility="static" rawName="Tridion$Array$indexOf" fullName="Tridion$Array$indexOf" staticName="Types.js.Tridion$Array$indexOf" synopsis="Tridion$Array$indexOf(array: Object, value: Object, compareFunc: Object): Void" synopsisExtended="Tridion$Array$indexOf(array: Object, value: Object, compareFunc: Object): Void" type="Object">
        <arguments value="array, value, compareFunc">
          <argument name="array" type="Object" />
          <argument name="value" type="Object" />
          <argument name="compareFunc" type="Object" />
        </arguments>
      </method>
      <method name="Tridion$Array$contains" url=".Anguilla.Types.js.Tridion$Array$contains.html" visibility="static" rawName="Tridion$Array$contains" fullName="Tridion$Array$contains" staticName="Types.js.Tridion$Array$contains" synopsis="Tridion$Array$contains(array: Object, value: Object, compareFunc: Object): Void" synopsisExtended="Tridion$Array$contains(array: Object, value: Object, compareFunc: Object): Void" type="Object">
        <arguments value="array, value, compareFunc">
          <argument name="array" type="Object" />
          <argument name="value" type="Object" />
          <argument name="compareFunc" type="Object" />
        </arguments>
      </method>
      <method name="Tridion$String$format" url=".Anguilla.Types.js.Tridion$String$format.html" visibility="static" rawName="Tridion$String$format" fullName="Tridion$String$format" staticName="Types.js.Tridion$String$format" synopsis="Tridion$String$format(value: Object): Void" synopsisExtended="Tridion$String$format(value: Object): Void" type="Object">
        <arguments value="value">
          <argument name="value" type="Object" />
        </arguments>
        <members>
          <methods>
            <method name="applyPadding" url=".Anguilla.Types.js.Tridion$String$format.applyPadding.html" visibility="private" rawName="applyPadding" fullName="applyPadding" staticName="Tridion$String$format.applyPadding" synopsis="applyPadding(string: Object, count: Object, character: Object, direction: Object): Void" synopsisExtended="applyPadding(string: Object, count: Object, character: Object, direction: Object): Void" type="Object">
              <arguments value="string, count, character, direction">
                <argument name="string" type="Object" />
                <argument name="count" type="Object" />
                <argument name="character" type="Object" />
                <argument name="direction" type="Object" />
              </arguments>
            </method>
            <method name="applyFormat" url=".Anguilla.Types.js.Tridion$String$format.applyFormat.html" visibility="private" rawName="applyFormat" fullName="applyFormat" staticName="Tridion$String$format.applyFormat" synopsis="applyFormat(): Void" synopsisExtended="applyFormat(): Void" type="Object" />
          </methods>
        </members>
      </method>
      <method name="Tridion$String$isNullOrEmpty" url=".Anguilla.Types.js.Tridion$String$isNullOrEmpty.html" visibility="static" rawName="Tridion$String$isNullOrEmpty" fullName="Tridion$String$isNullOrEmpty" staticName="Types.js.Tridion$String$isNullOrEmpty" synopsis="Tridion$String$isNullOrEmpty(value: Object): Void" synopsisExtended="Tridion$String$isNullOrEmpty(value: Object): Void" type="Object">
        <arguments value="value">
          <argument name="value" type="Object" />
        </arguments>
      </method>
    </methods>
    <properties>
      <property name="Tridion" url=".Anguilla.Types.js.Tridion.html" visibility="instance" rawName="Tridion" fullName="Tridion" staticName="Types.js.Tridion" synopsis="Types.js.Tridion: Object;" synopsisExtended="Types.js.Tridion: &lt;a href=&quot;&quot;&gt;Object&lt;/a&gt;;" type="Object">
        <members>
          <properties>
            <property name="Type" url=".Anguilla.Types.js.Tridion.Type.html" visibility="instance" rawName="Tridion.Type" fullName="Tridion.Type" staticName="Tridion.Type" synopsis="Tridion.Type: Object;" synopsisExtended="Tridion.Type: &lt;a href=&quot;&quot;&gt;Object&lt;/a&gt;;" type="Object">
              <members>
                <methods>
                  <method name="registerNamespace" url=".Anguilla.Types.js.Tridion.Type.registerNamespace.html" visibility="instance" rawName="registerNamespace" fullName="registerNamespace" staticName="Type.registerNamespace" synopsis="registerNamespace(text: Object): Void" synopsisExtended="registerNamespace(text: Object): Void" type="Object">
                    <arguments value="text">
                      <argument name="text" type="Object" />
                    </arguments>
                  </method>
                  <method name="resolveNamespace" url=".Anguilla.Types.js.Tridion.Type.resolveNamespace.html" visibility="instance" rawName="resolveNamespace" fullName="resolveNamespace" staticName="Type.resolveNamespace" synopsis="resolveNamespace(typeName: Object): Void" synopsisExtended="resolveNamespace(typeName: Object): Void" type="Object">
                    <arguments value="typeName">
                      <argument name="typeName" type="Object" />
                    </arguments>
                  </method>
                  <method name="isArray" url=".Anguilla.Types.js.Tridion.Type.isArray.html" visibility="instance" rawName="isArray" fullName="isArray" staticName="Type.isArray" synopsis="isArray(value: Object): Boolean" synopsisExtended="isArray(value: Object): Boolean" type="Object">
                    <arguments value="value">
                      <argument name="value" type="Object" />
                    </arguments>
                    <documentation rawString="&#xA;	 * Returns a value indicating whether the supplied value is an array.&#xA;	 * @return {Boolean} &lt;c&gt;true&lt;/c&gt; if the supplied value is an array, otherwise &lt;c&gt;false&lt;/c&gt;.&#xA;	 ">
                      <summary>Returns a value indicating whether the supplied value is an array.</summary>
                    </documentation>
                    <returns type="Boolean" description="&lt;c&gt;true&lt;/c&gt; if the supplied value is an array, otherwise &lt;c&gt;false&lt;/c&gt;." />
                  </method>
                  <method name="isDate" url=".Anguilla.Types.js.Tridion.Type.isDate.html" visibility="instance" rawName="isDate" fullName="isDate" staticName="Type.isDate" synopsis="isDate(value: Object): Boolean" synopsisExtended="isDate(value: Object): Boolean" type="Object">
                    <arguments value="value">
                      <argument name="value" type="Object" />
                    </arguments>
                    <documentation rawString="&#xA;	 * Returns a value indicating whether the supplied value is a date.&#xA;	 * @return {Boolean} &lt;c&gt;true&lt;/c&gt; if the supplied value is an date, otherwise &lt;c&gt;false&lt;/c&gt;.&#xA;	 ">
                      <summary>Returns a value indicating whether the supplied value is a date.</summary>
                    </documentation>
                    <returns type="Boolean" description="&lt;c&gt;true&lt;/c&gt; if the supplied value is an date, otherwise &lt;c&gt;false&lt;/c&gt;." />
                  </method>
                  <method name="isBoolean" url=".Anguilla.Types.js.Tridion.Type.isBoolean.html" visibility="instance" rawName="isBoolean" fullName="isBoolean" staticName="Type.isBoolean" synopsis="isBoolean(value: Object): Boolean" synopsisExtended="isBoolean(value: Object): Boolean" type="Object">
                    <arguments value="value">
                      <argument name="value" type="Object" />
                    </arguments>
                    <documentation rawString="&#xA;	 * Returns a value indicating whether the supplied value is a boolean.&#xA;	 * @return {Boolean} &lt;c&gt;true&lt;/c&gt; if the supplied value is a boolean, otherwise &lt;c&gt;false&lt;/c&gt;.&#xA;	 ">
                      <summary>Returns a value indicating whether the supplied value is a boolean.</summary>
                    </documentation>
                    <returns type="Boolean" description="&lt;c&gt;true&lt;/c&gt; if the supplied value is a boolean, otherwise &lt;c&gt;false&lt;/c&gt;." />
                  </method>
                  <method name="isFunction" url=".Anguilla.Types.js.Tridion.Type.isFunction.html" visibility="instance" rawName="isFunction" fullName="isFunction" staticName="Type.isFunction" synopsis="isFunction(value: Object): Boolean" synopsisExtended="isFunction(value: Object): Boolean" type="Object">
                    <arguments value="value">
                      <argument name="value" type="Object" />
                    </arguments>
                    <documentation rawString="&#xA;	 * Returns a value indicating whether the supplied value is a function.&#xA;	 * @return {Boolean} &lt;c&gt;true&lt;/c&gt; if the supplied value is a function, otherwise &lt;c&gt;false&lt;/c&gt;.&#xA;	 ">
                      <summary>Returns a value indicating whether the supplied value is a function.</summary>
                    </documentation>
                    <returns type="Boolean" description="&lt;c&gt;true&lt;/c&gt; if the supplied value is a function, otherwise &lt;c&gt;false&lt;/c&gt;." />
                  </method>
                  <method name="isNumber" url=".Anguilla.Types.js.Tridion.Type.isNumber.html" visibility="instance" rawName="isNumber" fullName="isNumber" staticName="Type.isNumber" synopsis="isNumber(value: Object): Boolean" synopsisExtended="isNumber(value: Object): Boolean" type="Object">
                    <arguments value="value">
                      <argument name="value" type="Object" />
                    </arguments>
                    <documentation rawString="&#xA;	 * Returns a value indicating whether the supplied value is a number.&#xA;	 * @return {Boolean} &lt;c&gt;true&lt;/c&gt; if the supplied value is a number, otherwise &lt;c&gt;false&lt;/c&gt;.&#xA;	 ">
                      <summary>Returns a value indicating whether the supplied value is a number.</summary>
                    </documentation>
                    <returns type="Boolean" description="&lt;c&gt;true&lt;/c&gt; if the supplied value is a number, otherwise &lt;c&gt;false&lt;/c&gt;." />
                  </method>
                  <method name="isNumeric" url=".Anguilla.Types.js.Tridion.Type.isNumeric.html" visibility="instance" rawName="isNumeric" fullName="isNumeric" staticName="Type.isNumeric" synopsis="isNumeric(value: Object): Boolean" synopsisExtended="isNumeric(value: Object): Boolean" type="Object">
                    <arguments value="value">
                      <argument name="value" type="Object" />
                    </arguments>
                    <documentation rawString="&#xA;	 * Returns a value indicating whether the supplied value is a number or can be converted to a number.&#xA;	 * @return {Boolean} &lt;c&gt;true&lt;/c&gt; if the supplied value is an array, otherwise &lt;c&gt;false&lt;/c&gt;.&#xA;	 ">
                      <summary>Returns a value indicating whether the supplied value is a number or can be converted to a number.</summary>
                    </documentation>
                    <returns type="Boolean" description="&lt;c&gt;true&lt;/c&gt; if the supplied value is an array, otherwise &lt;c&gt;false&lt;/c&gt;." />
                  </method>
                  <method name="isObject" url=".Anguilla.Types.js.Tridion.Type.isObject.html" visibility="instance" rawName="isObject" fullName="isObject" staticName="Type.isObject" synopsis="isObject(value: Object): Boolean" synopsisExtended="isObject(value: Object): Boolean" type="Object">
                    <arguments value="value">
                      <argument name="value" type="Object" />
                    </arguments>
                    <documentation rawString="&#xA;	 * Returns a value indicating whether the supplied value is an object.&#xA;	 * @return {Boolean} &lt;c&gt;true&lt;/c&gt; if the supplied value is an object, otherwise &lt;c&gt;false&lt;/c&gt;.&#xA;	 ">
                      <summary>Returns a value indicating whether the supplied value is an object.</summary>
                    </documentation>
                    <returns type="Boolean" description="&lt;c&gt;true&lt;/c&gt; if the supplied value is an object, otherwise &lt;c&gt;false&lt;/c&gt;." />
                  </method>
                  <method name="isString" url=".Anguilla.Types.js.Tridion.Type.isString.html" visibility="instance" rawName="isString" fullName="isString" staticName="Type.isString" synopsis="isString(value: Object): Boolean" synopsisExtended="isString(value: Object): Boolean" type="Object">
                    <arguments value="value">
                      <argument name="value" type="Object" />
                    </arguments>
                    <documentation rawString="&#xA;	 * Returns a value indicating whether the supplied value is a string.&#xA;	 * @return {Boolean} &lt;c&gt;true&lt;/c&gt; if the supplied value is a string, otherwise &lt;c&gt;false&lt;/c&gt;.&#xA;	 ">
                      <summary>Returns a value indicating whether the supplied value is a string.</summary>
                    </documentation>
                    <returns type="Boolean" description="&lt;c&gt;true&lt;/c&gt; if the supplied value is a string, otherwise &lt;c&gt;false&lt;/c&gt;." />
                  </method>
                  <method name="isNode" url=".Anguilla.Types.js.Tridion.Type.isNode.html" visibility="instance" rawName="isNode" fullName="isNode" staticName="Type.isNode" synopsis="isNode(value: Object): Boolean" synopsisExtended="isNode(value: Object): Boolean" type="Object">
                    <arguments value="value">
                      <argument name="value" type="Object" />
                    </arguments>
                    <documentation rawString="&#xA;	 * Returns a value indicating whether the supplied value is an xml or html node.&#xA;	 * @return {Boolean} &lt;c&gt;true&lt;/c&gt; if the supplied value is an xml or html node, otherwise &lt;c&gt;false&lt;/c&gt;.&#xA;	 ">
                      <summary>Returns a value indicating whether the supplied value is an xml or html node.</summary>
                    </documentation>
                    <returns type="Boolean" description="&lt;c&gt;true&lt;/c&gt; if the supplied value is an xml or html node, otherwise &lt;c&gt;false&lt;/c&gt;." />
                  </method>
                  <method name="isHtmlElement" url=".Anguilla.Types.js.Tridion.Type.isHtmlElement.html" visibility="instance" rawName="isHtmlElement" fullName="isHtmlElement" staticName="Type.isHtmlElement" synopsis="isHtmlElement(value: Object): Boolean" synopsisExtended="isHtmlElement(value: Object): Boolean" type="Object">
                    <arguments value="value">
                      <argument name="value" type="Object" />
                    </arguments>
                    <documentation rawString="&#xA;	 * Returns a value indicating whether the supplied value is an HTML element.&#xA;	 * @return {Boolean} &lt;c&gt;true&lt;/c&gt; if the supplied value is an HTML element, otherwise &lt;c&gt;false&lt;/c&gt;.&#xA;	 ">
                      <summary>Returns a value indicating whether the supplied value is an HTML element.</summary>
                    </documentation>
                    <returns type="Boolean" description="&lt;c&gt;true&lt;/c&gt; if the supplied value is an HTML element, otherwise &lt;c&gt;false&lt;/c&gt;." />
                  </method>
                  <method name="isWindow" url=".Anguilla.Types.js.Tridion.Type.isWindow.html" visibility="instance" rawName="isWindow" fullName="isWindow" staticName="Type.isWindow" synopsis="isWindow(value: Object): Boolean" synopsisExtended="isWindow(value: Object): Boolean" type="Object">
                    <arguments value="value">
                      <argument name="value" type="Object" />
                    </arguments>
                    <documentation rawString="&#xA;	 * Returns a value indicating whether the supplied value is a window.&#xA;	 * @return {Boolean} &lt;c&gt;true&lt;/c&gt; if the supplied value is a window, otherwise &lt;c&gt;false&lt;/c&gt;.&#xA;	 ">
                      <summary>Returns a value indicating whether the supplied value is a window.</summary>
                    </documentation>
                    <returns type="Boolean" description="&lt;c&gt;true&lt;/c&gt; if the supplied value is a window, otherwise &lt;c&gt;false&lt;/c&gt;." />
                  </method>
                  <method name="isElement" url=".Anguilla.Types.js.Tridion.Type.isElement.html" visibility="instance" rawName="isElement" fullName="isElement" staticName="Type.isElement" synopsis="isElement(value: Object): Boolean" synopsisExtended="isElement(value: Object): Boolean" type="Object">
                    <arguments value="value">
                      <argument name="value" type="Object" />
                    </arguments>
                    <documentation rawString="&#xA;	 * Returns a value indicating whether the supplied value is an element.&#xA;	 * @return {Boolean} &lt;c&gt;true&lt;/c&gt; if the supplied value is an element, otherwise &lt;c&gt;false&lt;/c&gt;.&#xA;	 ">
                      <summary>Returns a value indicating whether the supplied value is an element.</summary>
                    </documentation>
                    <returns type="Boolean" description="&lt;c&gt;true&lt;/c&gt; if the supplied value is an element, otherwise &lt;c&gt;false&lt;/c&gt;." />
                  </method>
                  <method name="isDocument" url=".Anguilla.Types.js.Tridion.Type.isDocument.html" visibility="instance" rawName="isDocument" fullName="isDocument" staticName="Type.isDocument" synopsis="isDocument(value: Object): Boolean" synopsisExtended="isDocument(value: Object): Boolean" type="Object">
                    <arguments value="value">
                      <argument name="value" type="Object" />
                    </arguments>
                    <documentation rawString="&#xA;	 * Returns a value indicating whether the supplied value is an xml or html document.&#xA;	 * @return {Boolean} &lt;c&gt;true&lt;/c&gt; if the supplied value is an xml or html document, otherwise &lt;c&gt;false&lt;/c&gt;.&#xA;	 ">
                      <summary>Returns a value indicating whether the supplied value is an xml or html document.</summary>
                    </documentation>
                    <returns type="Boolean" description="&lt;c&gt;true&lt;/c&gt; if the supplied value is an xml or html document, otherwise &lt;c&gt;false&lt;/c&gt;." />
                  </method>
                  <method name="isNullOrUndefined" url=".Anguilla.Types.js.Tridion.Type.isNullOrUndefined.html" visibility="instance" rawName="isNullOrUndefined" fullName="isNullOrUndefined" staticName="Type.isNullOrUndefined" synopsis="isNullOrUndefined(value: Object): Void" synopsisExtended="isNullOrUndefined(value: Object): Void" type="Object">
                    <arguments value="value">
                      <argument name="value" type="Object" />
                    </arguments>
                  </method>
                  <method name="toNumber" url=".Anguilla.Types.js.Tridion.Type.toNumber.html" visibility="instance" rawName="toNumber" fullName="toNumber" staticName="Type.toNumber" synopsis="toNumber(value: Object): Void" synopsisExtended="toNumber(value: Object): Void" type="Object">
                    <arguments value="value">
                      <argument name="value" type="Object" />
                    </arguments>
                  </method>
                  <method name="toNumberString" url=".Anguilla.Types.js.Tridion.Type.toNumberString.html" visibility="instance" rawName="toNumberString" fullName="toNumberString" staticName="Type.toNumberString" synopsis="toNumberString(value: Object): Void" synopsisExtended="toNumberString(value: Object): Void" type="Object">
                    <arguments value="value">
                      <argument name="value" type="Object" />
                    </arguments>
                  </method>
                </methods>
              </members>
            </property>
            <property name="StartTime" url=".Anguilla.Types.js.Tridion.StartTime.html" visibility="instance" rawName="StartTime" fullName="StartTime" staticName="Tridion.StartTime" synopsis="Tridion.StartTime: Date;" synopsisExtended="Tridion.StartTime: &lt;a href=&quot;&quot;&gt;Date&lt;/a&gt;;" type="Date" />
            <property name="Utils" url=".Anguilla.Types.js.Tridion.Utils.html" visibility="instance" rawName="Tridion.Utils" fullName="Tridion.Utils" staticName="Tridion.Utils" synopsis="Tridion.Utils: Object;" synopsisExtended="Tridion.Utils: &lt;a href=&quot;&quot;&gt;Object&lt;/a&gt;;" type="Object" virtual="true">
              <members>
                <properties>
                  <property name="RegExp" url=".Anguilla.Types.js.Tridion.Utils.RegExp.html" visibility="instance" rawName="Tridion.Utils.RegExp" fullName="Tridion.Utils.RegExp" staticName="Utils.RegExp" synopsis="Utils.RegExp: Object;" synopsisExtended="Utils.RegExp: &lt;a href=&quot;&quot;&gt;Object&lt;/a&gt;;" type="Object">
                    <members>
                      <methods>
                        <method name="escape" url=".Anguilla.Types.js.Tridion.Utils.RegExp.escape.html" visibility="instance" rawName="escape" fullName="escape" staticName="RegExp.escape" synopsis="escape(string: Object): Void" synopsisExtended="escape(string: Object): Void" type="Object">
                          <arguments value="string">
                            <argument name="string" type="Object" />
                          </arguments>
                        </method>
                      </methods>
                    </members>
                  </property>
                  <property name="Date" url=".Anguilla.Types.js.Tridion.Utils.Date.html" visibility="instance" rawName="Tridion.Utils.Date" fullName="Tridion.Utils.Date" staticName="Utils.Date" synopsis="Utils.Date: Object;" synopsisExtended="Utils.Date: &lt;a href=&quot;&quot;&gt;Object&lt;/a&gt;;" type="Object">
                    <members>
                      <methods>
                        <method name="getTimer" url=".Anguilla.Types.js.Tridion.Utils.Date.getTimer.html" visibility="instance" rawName="getTimer" fullName="getTimer" staticName="Date.getTimer" synopsis="getTimer(timeSince: Number): Number" synopsisExtended="getTimer(timeSince: Number): Number" type="Object">
                          <arguments value="timeSince">
                            <argument name="timeSince" type="Number" description="The millisecond representation of a time from which to measure the difference. If this&#xD;&#xA;value is not specified, the difference returned will be between the current moment and the time stored in &lt;c&gt;Date.initTime&lt;/c&gt;" />
                          </arguments>
                          <documentation rawString="&#xA;	 * Returns the number of milliseonds elapsed since another point in time.&#xA;	 * @param {Number} timeSince The millisecond representation of a time from which to measure the difference. If this&#xA;	 * value is not specified, the difference returned will be between the current moment and the time stored in &lt;c&gt;Date.initTime&lt;/c&gt;&#xA;	 * @return {Number} The number of milliseonds elapsed since another point in time.&#xA;	 ">
                            <summary>Returns the number of milliseonds elapsed since another point in time.</summary>
                          </documentation>
                          <returns type="Number" description="The number of milliseonds elapsed since another point in time." />
                        </method>
                        <method name="parse" url=".Anguilla.Types.js.Tridion.Utils.Date.parse.html" visibility="instance" rawName="parse" fullName="parse" staticName="Date.parse" synopsis="parse(dateValue: String): Date" synopsisExtended="parse(dateValue: String): Date" type="Object">
                          <arguments value="dateValue">
                            <argument name="dateValue" type="String" description="The date value string to parse" />
                          </arguments>
                          <documentation rawString="&#xA;	 * Attempts to parse the supplied date string using various formats and if successful returns a new date.&#xA;	 * The supported date formats are:&#xA;	 * &lt;ul&gt;&#xA;	 * &lt;li&gt;YYYY-MM-DD&lt;/li&gt;&#xA;	 * @param {String} dateValue The date value string to parse&#xA;	 * @return {Date} A date parsed from the supplied string if sucessful, or a &lt;c&gt;null&lt;/c&gt; if not.&#xA;	 ">
                            <summary>Attempts to parse the supplied date string using various formats and if successful returns a new date.</summary>
                            <description>The supported date formats are:
&lt;ul&gt;
&lt;li&gt;YYYY-MM-DD&lt;/li&gt;</description>
                          </documentation>
                          <returns type="Date" description="A date parsed from the supplied string if sucessful, or a &lt;c&gt;null&lt;/c&gt; if not." />
                        </method>
                        <method name="inRange" url=".Anguilla.Types.js.Tridion.Utils.Date.inRange.html" visibility="instance" rawName="inRange" fullName="inRange" staticName="Date.inRange" synopsis="inRange(date: Date, startDate: Date, endDate: Date): Boolean" synopsisExtended="inRange(date: Date, startDate: Date, endDate: Date): Boolean" type="Object">
                          <arguments value="date, startDate, endDate">
                            <argument name="date" type="Date" description="The date object to verify" />
                            <argument name="startDate" type="Date" description="The date object as the left limiter" />
                            <argument name="endDate" type="Date" description="The date object as the right limiter" />
                          </arguments>
                          <documentation rawString="&#xA;	 * Tries to figure out if: startdate &lt;= date &lt;= endDate.&#xA;	 * @param {Date} date The date object to verify&#xA;	 * @param {Date} startDate The date object as the left limiter&#xA;	 * @param {Date} endDate The date object as the right limiter&#xA;	 * @return {Boolean} True is so, otheriwse false.&#xA;	 ">
                            <summary>Tries to figure out if: startdate &lt;= date &lt;= endDate.</summary>
                          </documentation>
                          <returns type="Boolean" description="True is so, otheriwse false." />
                        </method>
                      </methods>
                      <properties>
                        <property name="toStringDefault" url=".Anguilla.Types.js.Tridion.Utils.Date.toStringDefault.html" visibility="instance" rawName="toStringDefault" fullName="toStringDefault" staticName="Date.toStringDefault" synopsis="Date.toStringDefault: Object;" synopsisExtended="Date.toStringDefault: &lt;a href=&quot;&quot;&gt;Object&lt;/a&gt;;" type="Object" />
                        <property name="initTime" url=".Anguilla.Types.js.Tridion.Utils.Date.initTime.html" visibility="instance" rawName="initTime" fullName="initTime" staticName="Date.initTime" synopsis="Date.initTime: Date;" synopsisExtended="Date.initTime: &lt;a href=&quot;&quot;&gt;Date&lt;/a&gt;;" type="Date">
                          <documentation rawString="&#xA;	 * Initialized when the code is first parsed with the milliseconds of the current moment.&#xA;	 * This variable can then be used for timing purposes.&#xA;	 * @type {Number}&#xA;	 ">
                            <summary>Initialized when the code is first parsed with the milliseconds of the current moment.</summary>
                            <description>This variable can then be used for timing purposes.</description>
                          </documentation>
                        </property>
                      </properties>
                    </members>
                  </property>
                  <property name="Function" url=".Anguilla.Types.js.Tridion.Utils.Function.html" visibility="instance" rawName="Tridion.Utils.Function" fullName="Tridion.Utils.Function" staticName="Utils.Function" synopsis="Utils.Function: Object;" synopsisExtended="Utils.Function: &lt;a href=&quot;&quot;&gt;Object&lt;/a&gt;;" type="Object">
                    <members>
                      <methods>
                        <method name="getDelegate" url=".Anguilla.Types.js.Tridion.Utils.Function.getDelegate.html" visibility="instance" rawName="getDelegate" fullName="getDelegate" staticName="Function.getDelegate" synopsis="getDelegate(object: Object, method: Object, args: Object): Void" synopsisExtended="getDelegate(object: Object, method: Object, args: Object): Void" type="Object">
                          <arguments value="object, method, args">
                            <argument name="object" type="Object" />
                            <argument name="method" type="Object" />
                            <argument name="args" type="Object" />
                          </arguments>
                        </method>
                        <method name="timedProcessItems" url=".Anguilla.Types.js.Tridion.Utils.Function.timedProcessItems.html" visibility="instance" rawName="timedProcessItems" fullName="timedProcessItems" staticName="Function.timedProcessItems" synopsis="timedProcessItems(items: Object, process: Object, completeCallback: Object): Void" synopsisExtended="timedProcessItems(items: Object, process: Object, completeCallback: Object): Void" type="Object">
                          <arguments value="items, process, completeCallback">
                            <argument name="items" type="Object" />
                            <argument name="process" type="Object" />
                            <argument name="completeCallback" type="Object" />
                          </arguments>
                        </method>
                      </methods>
                      <properties>
                        <property name="EMPTY" url=".Anguilla.Types.js.Tridion.Utils.Function.EMPTY.html" visibility="instance" rawName="EMPTY" fullName="EMPTY" staticName="Function.EMPTY" synopsis="Function.EMPTY: Function;" synopsisExtended="Function.EMPTY: &lt;a href=&quot;&quot;&gt;Function&lt;/a&gt;;" type="Function" />
                      </properties>
                    </members>
                  </property>
                  <property name="Object" url=".Anguilla.Types.js.Tridion.Utils.Object.html" visibility="instance" rawName="Tridion.Utils.Object" fullName="Tridion.Utils.Object" staticName="Utils.Object" synopsis="Utils.Object: Object;" synopsisExtended="Utils.Object: &lt;a href=&quot;&quot;&gt;Object&lt;/a&gt;;" type="Object">
                    <members>
                      <methods>
                        <method name="serialize" url=".Anguilla.Types.js.Tridion.Utils.Object.serialize.html" visibility="instance" rawName="serialize" fullName="serialize" staticName="Object.serialize" synopsis="serialize(object: Object): Void" synopsisExtended="serialize(object: Object): Void" type="Object">
                          <arguments value="object">
                            <argument name="object" type="Object" />
                          </arguments>
                        </method>
                        <method name="deserialize" url=".Anguilla.Types.js.Tridion.Utils.Object.deserialize.html" visibility="instance" rawName="deserialize" fullName="deserialize" staticName="Object.deserialize" synopsis="deserialize(text: Object): Void" synopsisExtended="deserialize(text: Object): Void" type="Object">
                          <arguments value="text">
                            <argument name="text" type="Object" />
                          </arguments>
                        </method>
                        <method name="clone" url=".Anguilla.Types.js.Tridion.Utils.Object.clone.html" visibility="instance" rawName="clone" fullName="clone" staticName="Object.clone" synopsis="clone(object: Array): Array" synopsisExtended="clone(object: Array): Array" type="Object">
                          <arguments value="object">
                            <argument name="object" type="Array" description="The object to clone." />
                          </arguments>
                          <documentation rawString="&#xA;	* Creates a shallow copy of the passed object in the local context of the caller.&#xA;	* @param {Array} object The object to clone.&#xA;	* @return {Array} The cloned object.&#xA;	">
                            <summary>Creates a shallow copy of the passed object in the local context of the caller.</summary>
                          </documentation>
                          <returns type="Array" description="The cloned object." />
                        </method>
                        <method name="hasProperties" url=".Anguilla.Types.js.Tridion.Utils.Object.hasProperties.html" visibility="instance" rawName="hasProperties" fullName="hasProperties" staticName="Object.hasProperties" synopsis="hasProperties(object: Object): Void" synopsisExtended="hasProperties(object: Object): Void" type="Object">
                          <arguments value="object">
                            <argument name="object" type="Object" />
                          </arguments>
                        </method>
                        <method name="getProperties" url=".Anguilla.Types.js.Tridion.Utils.Object.getProperties.html" visibility="instance" rawName="getProperties" fullName="getProperties" staticName="Object.getProperties" synopsis="getProperties(object: Object): Void" synopsisExtended="getProperties(object: Object): Void" type="Object">
                          <arguments value="object">
                            <argument name="object" type="Object" />
                          </arguments>
                        </method>
                        <method name="find" url=".Anguilla.Types.js.Tridion.Utils.Object.find.html" visibility="instance" rawName="find" fullName="find" staticName="Object.find" synopsis="find(object: Object, value: Object): Void" synopsisExtended="find(object: Object, value: Object): Void" type="Object">
                          <arguments value="object, value">
                            <argument name="object" type="Object" />
                            <argument name="value" type="Object" />
                          </arguments>
                        </method>
                        <method name="getUniqueId" url=".Anguilla.Types.js.Tridion.Utils.Object.getUniqueId.html" visibility="instance" rawName="getUniqueId" fullName="getUniqueId" staticName="Object.getUniqueId" synopsis="getUniqueId(object: Object): Void" synopsisExtended="getUniqueId(object: Object): Void" type="Object">
                          <arguments value="object">
                            <argument name="object" type="Object" />
                          </arguments>
                        </method>
                        <method name="getNextId" url=".Anguilla.Types.js.Tridion.Utils.Object.getNextId.html" visibility="instance" rawName="getNextId" fullName="getNextId" staticName="Object.getNextId" synopsis="getNextId(): Void" synopsisExtended="getNextId(): Void" type="Object" />
                      </methods>
                    </members>
                  </property>
                </properties>
              </members>
            </property>
          </properties>
        </members>
      </property>
    </properties>
  </members>
</document>