<document name="UploadFile.js" url="UploadFile.js.html" visibility="default" rawName="UploadFile.js" fullName="UploadFile.js" staticName="Anguilla.UploadFile.js">
  <members>
    <properties>
      <property name="Tridion" url=".Anguilla.UploadFile.js.Tridion.html" visibility="public" rawName="Tridion" fullName="Tridion" staticName="UploadFile.js.Tridion" synopsis="UploadFile.js.Tridion: Object;" synopsisExtended="UploadFile.js.Tridion: &lt;a href=&quot;&quot;&gt;Object&lt;/a&gt;;" type="Object" virtual="true">
        <members>
          <properties>
            <property name="Cme" url=".Anguilla.UploadFile.js.Tridion.Cme.html" visibility="static" rawName="Tridion.Cme" fullName="Tridion.Cme" staticName="Tridion.Cme" synopsis="Tridion.Cme: Object;" synopsisExtended="Tridion.Cme: &lt;a href=&quot;&quot;&gt;Object&lt;/a&gt;;" type="Object" virtual="true">
              <members>
                <properties>
                  <property name="Views" url=".Anguilla.UploadFile.js.Tridion.Cme.Views.html" visibility="static" rawName="Tridion.Cme.Views" fullName="Tridion.Cme.Views" staticName="Cme.Views" synopsis="Cme.Views: Object;" synopsisExtended="Cme.Views: &lt;a href=&quot;&quot;&gt;Object&lt;/a&gt;;" type="Object" virtual="true">
                    <members>
                      <classes>
                        <class name="UploadFile" url=".Anguilla.UploadFile.js.Tridion.Cme.Views.UploadFile.html" visibility="static" rawName="Tridion.Cme.Views.UploadFile" fullName="Tridion.Cme.Views.UploadFile" staticName="Views.UploadFile" synopsis="var x: UploadFile = new UploadFile();" synopsisExtended="var x: &lt;a href=&quot;.Anguilla.UploadFile.js.Tridion.Cme.Views.UploadFile.html&quot;&gt;UploadFile&lt;/a&gt; = new UploadFile();" type="Object">
                          <extends />
                          <documentation rawString="&#xA; * Implements Directory Service Group popup view.&#xA; * @constructor&#xA; ">
                            <summary>Implements Directory Service Group popup view.</summary>
                          </documentation>
                          <members>
                            <methods>
                              <method name="_onEncodingDropdownChanged" url=".Anguilla.UploadFile.js.Tridion.Cme.Views.UploadFile._onEncodingDropdownChanged.html" visibility="prototype" rawName="Tridion.Cme.Views.UploadFile.prototype._onEncodingDropdownChanged" fullName="Tridion.Cme.Views.UploadFile._onEncodingDropdownChanged" staticName="UploadFile._onEncodingDropdownChanged" synopsis="_onEncodingDropdownChanged(The: event.): Void" synopsisExtended="_onEncodingDropdownChanged(The: event.): Void" type="Object">
                                <arguments value="event">
                                  <argument name="The" type="event." description="event is the event fired from the dropdown field." />
                                </arguments>
                                <documentation rawString="&#xA; * Handles the change events from encoding dropdown field.&#xA; * @param {Tridion.Core.Event} event. The event is the event fired from the dropdown field.&#xA; ">
                                  <summary>Handles the change events from encoding dropdown field.</summary>
                                </documentation>
                              </method>
                              <method name="_onBinaryUploadError" url=".Anguilla.UploadFile.js.Tridion.Cme.Views.UploadFile._onBinaryUploadError.html" visibility="prototype" rawName="Tridion.Cme.Views.UploadFile.prototype._onBinaryUploadError" fullName="Tridion.Cme.Views.UploadFile._onBinaryUploadError" staticName="UploadFile._onBinaryUploadError" synopsis="_onBinaryUploadError(event: Tridion.Core.Event): Void" synopsisExtended="_onBinaryUploadError(event: Tridion.Core.Event): Void" type="Object">
                                <arguments value="event">
                                  <argument name="event" type="Tridion.Core.Event" description="The event is the event fired from the &lt;c&gt;Tridion.Controls.UploadButton&lt;/c&gt; control." />
                                </arguments>
                                <documentation rawString="&#xA;* Handles the upload error event.&#xA;* @param {Tridion.Core.Event} event The event is the event fired from the &lt;c&gt;Tridion.Controls.UploadButton&lt;/c&gt; control.&#xA;">
                                  <summary>Handles the upload error event.</summary>
                                </documentation>
                              </method>
                              <method name="_onBinaryUploadComplete" url=".Anguilla.UploadFile.js.Tridion.Cme.Views.UploadFile._onBinaryUploadComplete.html" visibility="prototype" rawName="Tridion.Cme.Views.UploadFile.prototype._onBinaryUploadComplete" fullName="Tridion.Cme.Views.UploadFile._onBinaryUploadComplete" staticName="UploadFile._onBinaryUploadComplete" synopsis="_onBinaryUploadComplete(event: Tridion.Core.Event): Void" synopsisExtended="_onBinaryUploadComplete(event: Tridion.Core.Event): Void" type="Object">
                                <arguments value="event">
                                  <argument name="event" type="Tridion.Core.Event" description="The event is the event fired from the &lt;c&gt;Tridion.Controls.UploadButton&lt;/c&gt; control." />
                                </arguments>
                                <documentation rawString="&#xA;* Handles the upload complete event.&#xA;* @param {Tridion.Core.Event} event The event is the event fired from the &lt;c&gt;Tridion.Controls.UploadButton&lt;/c&gt; control.&#xA;">
                                  <summary>Handles the upload complete event.</summary>
                                </documentation>
                              </method>
                              <method name="initialize" url=".Anguilla.UploadFile.js.Tridion.Cme.Views.UploadFile.initialize.html" visibility="private" rawName="Tridion.Cme.Views.UploadFile.prototype.initialize" fullName="Tridion.Cme.Views.UploadFile.initialize" staticName="UploadFile.initialize" synopsis="initialize(): Void" synopsisExtended="initialize(): Void" type="Object">
                                <documentation rawString="&#xA; * Initializes Directory Service Group popup view.a&#xA; * @private&#xA; ">
                                  <summary>Initializes Directory Service Group popup view.a</summary>
                                </documentation>
                              </method>
                              <method name="_onCancelButtonClicked" url=".Anguilla.UploadFile.js.Tridion.Cme.Views.UploadFile._onCancelButtonClicked.html" visibility="private" rawName="Tridion.Cme.Views.UploadFile.prototype._onCancelButtonClicked" fullName="Tridion.Cme.Views.UploadFile._onCancelButtonClicked" staticName="UploadFile._onCancelButtonClicked" synopsis="_onCancelButtonClicked(The: event.): Void" synopsisExtended="_onCancelButtonClicked(The: event.): Void" type="Object">
                                <arguments value="event">
                                  <argument name="The" type="event." description="event is the event fired from the Button." />
                                </arguments>
                                <documentation rawString="&#xA; * Handles the click event from Button.&#xA; * @param {DOMEvent} event. The event is the event fired from the Button.&#xA; * @private &#xA; ">
                                  <summary>Handles the click event from Button.</summary>
                                </documentation>
                              </method>
                              <method name="_onKeyUp" url=".Anguilla.UploadFile.js.Tridion.Cme.Views.UploadFile._onKeyUp.html" visibility="private" rawName="Tridion.Cme.Views.UploadFile.prototype._onKeyUp" fullName="Tridion.Cme.Views.UploadFile._onKeyUp" staticName="UploadFile._onKeyUp" synopsis="_onKeyUp(event: DOMEvent): Void" synopsisExtended="_onKeyUp(event: DOMEvent): Void" type="Object">
                                <arguments value="event">
                                  <argument name="event" type="DOMEvent" description="The DOM keyup event that occured." />
                                </arguments>
                                <documentation rawString="&#xA; * Reacts to the DOM keyup event.&#xA; * @param {DOMEvent} event The DOM keyup event that occured.&#xA; * @private&#xA; ">
                                  <summary>Reacts to the DOM keyup event.</summary>
                                </documentation>
                              </method>
                              <method name="_loadDropdown" url=".Anguilla.UploadFile.js.Tridion.Cme.Views.UploadFile._loadDropdown.html" visibility="private" rawName="Tridion.Cme.Views.UploadFile.prototype._loadDropdown" fullName="Tridion.Cme.Views.UploadFile._loadDropdown" staticName="UploadFile._loadDropdown" synopsis="_loadDropdown(): Void" synopsisExtended="_loadDropdown(): Void" type="Object">
                                <documentation rawString="&#xA; * Loads encoding dropdown.&#xA; * @private &#xA; ">
                                  <summary>Loads encoding dropdown.</summary>
                                </documentation>
                              </method>
                            </methods>
                          </members>
                        </class>
                      </classes>
                    </members>
                  </property>
                </properties>
              </members>
            </property>
          </properties>
        </members>
      </property>
    </properties>
  </members>
</document>