<document name="UploadControl.js" url="UploadControl.js.html" visibility="default" rawName="UploadControl.js" fullName="UploadControl.js" staticName="Anguilla.UploadControl.js">
  <members>
    <properties>
      <property name="Tridion" url=".Anguilla.UploadControl.js.Tridion.html" visibility="public" rawName="Tridion" fullName="Tridion" staticName="UploadControl.js.Tridion" synopsis="UploadControl.js.Tridion: Object;" synopsisExtended="UploadControl.js.Tridion: &lt;a href=&quot;&quot;&gt;Object&lt;/a&gt;;" type="Object" virtual="true">
        <members>
          <properties>
            <property name="Controls" url=".Anguilla.UploadControl.js.Tridion.Controls.html" visibility="static" rawName="Tridion.Controls" fullName="Tridion.Controls" staticName="Tridion.Controls" synopsis="Tridion.Controls: Object;" synopsisExtended="Tridion.Controls: &lt;a href=&quot;&quot;&gt;Object&lt;/a&gt;;" type="Object" virtual="true">
              <members>
                <classes>
                  <class name="UploadControl" url=".Anguilla.UploadControl.js.Tridion.Controls.UploadControl.html" visibility="static" rawName="Tridion.Controls.UploadControl" fullName="Tridion.Controls.UploadControl" staticName="Controls.UploadControl" synopsis="var x: UploadControl = new UploadControl(element: Object, uploadType: Object);" synopsisExtended="var x: &lt;a href=&quot;.Anguilla.UploadControl.js.Tridion.Controls.UploadControl.html&quot;&gt;UploadControl&lt;/a&gt; = new UploadControl(element: Object, uploadType: Object);" type="Object">
                    <arguments value="element, uploadType">
                      <argument name="element" type="Object" />
                      <argument name="uploadType" type="Object" />
                    </arguments>
                    <extends />
                    <documentation rawString="&#xA; * Implements an upload control&#xA; * @constructor&#xA; ">
                      <summary>Implements an upload control</summary>
                    </documentation>
                    <members>
                      <methods>
                        <method name="initialize" url=".Anguilla.UploadControl.js.Tridion.Controls.UploadControl.initialize.html" visibility="prototype" rawName="Tridion.Controls.UploadControl.prototype.initialize" fullName="Tridion.Controls.UploadControl.initialize" staticName="UploadControl.initialize" synopsis="initialize(): Void" synopsisExtended="initialize(): Void" type="Object" />
                        <method name="setTextUploadData" url=".Anguilla.UploadControl.js.Tridion.Controls.UploadControl.setTextUploadData.html" visibility="prototype" rawName="Tridion.Controls.UploadControl.prototype.setTextUploadData" fullName="Tridion.Controls.UploadControl.setTextUploadData" staticName="UploadControl.setTextUploadData" synopsis="setTextUploadData(data: Object): Void" synopsisExtended="setTextUploadData(data: Object): Void" type="Object">
                          <arguments value="data">
                            <argument name="data" type="Object" />
                          </arguments>
                        </method>
                        <method name="getUploadUrl" url=".Anguilla.UploadControl.js.Tridion.Controls.UploadControl.getUploadUrl.html" visibility="prototype" rawName="Tridion.Controls.UploadControl.prototype.getUploadUrl" fullName="Tridion.Controls.UploadControl.getUploadUrl" staticName="UploadControl.getUploadUrl" synopsis="getUploadUrl(): Void" synopsisExtended="getUploadUrl(): Void" type="Object" />
                        <method name="setUploadUrl" url=".Anguilla.UploadControl.js.Tridion.Controls.UploadControl.setUploadUrl.html" visibility="prototype" rawName="Tridion.Controls.UploadControl.prototype.setUploadUrl" fullName="Tridion.Controls.UploadControl.setUploadUrl" staticName="UploadControl.setUploadUrl" synopsis="setUploadUrl(url: Object): Void" synopsisExtended="setUploadUrl(url: Object): Void" type="Object">
                          <arguments value="url">
                            <argument name="url" type="Object" />
                          </arguments>
                        </method>
                        <method name="enable" url=".Anguilla.UploadControl.js.Tridion.Controls.UploadControl.enable.html" visibility="prototype" rawName="Tridion.Controls.UploadControl.prototype.enable" fullName="Tridion.Controls.UploadControl.enable" staticName="UploadControl.enable" synopsis="enable(): Void" synopsisExtended="enable(): Void" type="Object" />
                        <method name="disable" url=".Anguilla.UploadControl.js.Tridion.Controls.UploadControl.disable.html" visibility="prototype" rawName="Tridion.Controls.UploadControl.prototype.disable" fullName="Tridion.Controls.UploadControl.disable" staticName="UploadControl.disable" synopsis="disable(): Void" synopsisExtended="disable(): Void" type="Object" />
                        <method name="hasChildElement" url=".Anguilla.UploadControl.js.Tridion.Controls.UploadControl.hasChildElement.html" visibility="prototype" rawName="Tridion.Controls.UploadControl.prototype.hasChildElement" fullName="Tridion.Controls.UploadControl.hasChildElement" staticName="UploadControl.hasChildElement" synopsis="hasChildElement(element: Object): Void" synopsisExtended="hasChildElement(element: Object): Void" type="Object">
                          <arguments value="element">
                            <argument name="element" type="Object" />
                          </arguments>
                        </method>
                        <method name="submitForm" url=".Anguilla.UploadControl.js.Tridion.Controls.UploadControl.submitForm.html" visibility="prototype" rawName="Tridion.Controls.UploadControl.prototype.submitForm" fullName="Tridion.Controls.UploadControl.submitForm" staticName="UploadControl.submitForm" synopsis="submitForm(): Void" synopsisExtended="submitForm(): Void" type="Object" />
                        <method name="_updateState" url=".Anguilla.UploadControl.js.Tridion.Controls.UploadControl._updateState.html" visibility="prototype" rawName="Tridion.Controls.UploadControl.prototype._updateState" fullName="Tridion.Controls.UploadControl._updateState" staticName="UploadControl._updateState" synopsis="_updateState(response: Object): Void" synopsisExtended="_updateState(response: Object): Void" type="Object">
                          <arguments value="response">
                            <argument name="response" type="Object" />
                          </arguments>
                        </method>
                        <method name="_initializeForm" url=".Anguilla.UploadControl.js.Tridion.Controls.UploadControl._initializeForm.html" visibility="prototype" rawName="Tridion.Controls.UploadControl.prototype._initializeForm" fullName="Tridion.Controls.UploadControl._initializeForm" staticName="UploadControl._initializeForm" synopsis="_initializeForm(): Void" synopsisExtended="_initializeForm(): Void" type="Object" />
                        <method name="_onFileUploadFileChanged" url=".Anguilla.UploadControl.js.Tridion.Controls.UploadControl._onFileUploadFileChanged.html" visibility="prototype" rawName="Tridion.Controls.UploadControl.prototype._onFileUploadFileChanged" fullName="Tridion.Controls.UploadControl._onFileUploadFileChanged" staticName="UploadControl._onFileUploadFileChanged" synopsis="_onFileUploadFileChanged(event: Object): Void" synopsisExtended="_onFileUploadFileChanged(event: Object): Void" type="Object">
                          <arguments value="event">
                            <argument name="event" type="Object" />
                          </arguments>
                        </method>
                        <method name="_onUploadIframeLoaded" url=".Anguilla.UploadControl.js.Tridion.Controls.UploadControl._onUploadIframeLoaded.html" visibility="prototype" rawName="Tridion.Controls.UploadControl.prototype._onUploadIframeLoaded" fullName="Tridion.Controls.UploadControl._onUploadIframeLoaded" staticName="UploadControl._onUploadIframeLoaded" synopsis="_onUploadIframeLoaded(event: Object): Void" synopsisExtended="_onUploadIframeLoaded(event: Object): Void" type="Object">
                          <arguments value="event">
                            <argument name="event" type="Object" />
                          </arguments>
                        </method>
                        <method name="_resetForm" url=".Anguilla.UploadControl.js.Tridion.Controls.UploadControl._resetForm.html" visibility="prototype" rawName="Tridion.Controls.UploadControl.prototype._resetForm" fullName="Tridion.Controls.UploadControl._resetForm" staticName="UploadControl._resetForm" synopsis="_resetForm(): Void" synopsisExtended="_resetForm(): Void" type="Object" />
                        <method name="_getResultFromInputFields" url=".Anguilla.UploadControl.js.Tridion.Controls.UploadControl._getResultFromInputFields.html" visibility="prototype" rawName="Tridion.Controls.UploadControl.prototype._getResultFromInputFields" fullName="Tridion.Controls.UploadControl._getResultFromInputFields" staticName="UploadControl._getResultFromInputFields" synopsis="_getResultFromInputFields(win: Object): Void" synopsisExtended="_getResultFromInputFields(win: Object): Void" type="Object">
                          <arguments value="win">
                            <argument name="win" type="Object" />
                          </arguments>
                        </method>
                        <method name="_isUnicodeContent" url=".Anguilla.UploadControl.js.Tridion.Controls.UploadControl._isUnicodeContent.html" visibility="prototype" rawName="Tridion.Controls.UploadControl.prototype._isUnicodeContent" fullName="Tridion.Controls.UploadControl._isUnicodeContent" staticName="UploadControl._isUnicodeContent" synopsis="_isUnicodeContent(content: Object): Void" synopsisExtended="_isUnicodeContent(content: Object): Void" type="Object">
                          <arguments value="content">
                            <argument name="content" type="Object" />
                          </arguments>
                        </method>
                      </methods>
                    </members>
                  </class>
                </classes>
              </members>
            </property>
          </properties>
        </members>
      </property>
    </properties>
  </members>
</document>