<document name="Url.js" url="Url.js.html" visibility="default" rawName="Url.js" fullName="Url.js" staticName="Anguilla.Url.js">
  <members>
    <properties>
      <property name="Tridion" url=".Anguilla.Url.js.Tridion.html" visibility="public" rawName="Tridion" fullName="Tridion" staticName="Url.js.Tridion" synopsis="Url.js.Tridion: Object;" synopsisExtended="Url.js.Tridion: &lt;a href=&quot;&quot;&gt;Object&lt;/a&gt;;" type="Object" virtual="true">
        <members>
          <properties>
            <property name="Utils" url=".Anguilla.Url.js.Tridion.Utils.html" visibility="static" rawName="Tridion.Utils" fullName="Tridion.Utils" staticName="Tridion.Utils" synopsis="Tridion.Utils: Object;" synopsisExtended="Tridion.Utils: &lt;a href=&quot;&quot;&gt;Object&lt;/a&gt;;" type="Object" virtual="true">
              <members>
                <classes>
                  <class name="Url" url=".Anguilla.Url.js.Tridion.Utils.Url.html" visibility="static" rawName="Tridion.Utils.Url" fullName="Tridion.Utils.Url" staticName="Utils.Url" synopsis="var x: Url = new Url(url: Object);" synopsisExtended="var x: &lt;a href=&quot;.Anguilla.Url.js.Tridion.Utils.Url.html&quot;&gt;Url&lt;/a&gt; = new Url(url: Object);" type="Object">
                    <arguments value="url">
                      <argument name="url" type="Object" />
                    </arguments>
                    <extends />
                    <members>
                      <methods>
                        <method name="init" url=".Anguilla.Url.js.Tridion.Utils.Url.init.html" visibility="prototype" rawName="Tridion.Utils.Url.prototype.init" fullName="Tridion.Utils.Url.init" staticName="Url.init" synopsis="init(): Void" synopsisExtended="init(): Void" type="Object" />
                        <method name="getProtocol" url=".Anguilla.Url.js.Tridion.Utils.Url.getProtocol.html" visibility="prototype" rawName="Tridion.Utils.Url.prototype.getProtocol" fullName="Tridion.Utils.Url.getProtocol" staticName="Url.getProtocol" synopsis="getProtocol(): Void" synopsisExtended="getProtocol(): Void" type="Object" />
                        <method name="getQueryParam" url=".Anguilla.Url.js.Tridion.Utils.Url.getQueryParam.html" visibility="prototype" rawName="Tridion.Utils.Url.prototype.getQueryParam" fullName="Tridion.Utils.Url.getQueryParam" staticName="Url.getQueryParam" synopsis="getQueryParam(itemKey: Object): Void" synopsisExtended="getQueryParam(itemKey: Object): Void" type="Object">
                          <arguments value="itemKey">
                            <argument name="itemKey" type="Object" />
                          </arguments>
                        </method>
                        <method name="getHashParam" url=".Anguilla.Url.js.Tridion.Utils.Url.getHashParam.html" visibility="prototype" rawName="Tridion.Utils.Url.prototype.getHashParam" fullName="Tridion.Utils.Url.getHashParam" staticName="Url.getHashParam" synopsis="getHashParam(itemKey: Object): Void" synopsisExtended="getHashParam(itemKey: Object): Void" type="Object">
                          <arguments value="itemKey">
                            <argument name="itemKey" type="Object" />
                          </arguments>
                        </method>
                        <method name="getHashString" url=".Anguilla.Url.js.Tridion.Utils.Url.getHashString.html" visibility="prototype" rawName="Tridion.Utils.Url.prototype.getHashString" fullName="Tridion.Utils.Url.getHashString" staticName="Url.getHashString" synopsis="getHashString(itemKey: Object): Void" synopsisExtended="getHashString(itemKey: Object): Void" type="Object">
                          <arguments value="itemKey">
                            <argument name="itemKey" type="Object" />
                          </arguments>
                        </method>
                        <method name="setQueryParam" url=".Anguilla.Url.js.Tridion.Utils.Url.setQueryParam.html" visibility="prototype" rawName="Tridion.Utils.Url.prototype.setQueryParam" fullName="Tridion.Utils.Url.setQueryParam" staticName="Url.setQueryParam" synopsis="setQueryParam(itemKey: Object, itemValue: Object): Void" synopsisExtended="setQueryParam(itemKey: Object, itemValue: Object): Void" type="Object">
                          <arguments value="itemKey, itemValue">
                            <argument name="itemKey" type="Object" />
                            <argument name="itemValue" type="Object" />
                          </arguments>
                        </method>
                        <method name="setHashParam" url=".Anguilla.Url.js.Tridion.Utils.Url.setHashParam.html" visibility="prototype" rawName="Tridion.Utils.Url.prototype.setHashParam" fullName="Tridion.Utils.Url.setHashParam" staticName="Url.setHashParam" synopsis="setHashParam(itemKey: Object, itemValue: Object): Void" synopsisExtended="setHashParam(itemKey: Object, itemValue: Object): Void" type="Object">
                          <arguments value="itemKey, itemValue">
                            <argument name="itemKey" type="Object" />
                            <argument name="itemValue" type="Object" />
                          </arguments>
                        </method>
                        <method name="removeQueryParam" url=".Anguilla.Url.js.Tridion.Utils.Url.removeQueryParam.html" visibility="prototype" rawName="Tridion.Utils.Url.prototype.removeQueryParam" fullName="Tridion.Utils.Url.removeQueryParam" staticName="Url.removeQueryParam" synopsis="removeQueryParam(itemKey: Object): Void" synopsisExtended="removeQueryParam(itemKey: Object): Void" type="Object">
                          <arguments value="itemKey">
                            <argument name="itemKey" type="Object" />
                          </arguments>
                        </method>
                        <method name="removeHashParam" url=".Anguilla.Url.js.Tridion.Utils.Url.removeHashParam.html" visibility="prototype" rawName="Tridion.Utils.Url.prototype.removeHashParam" fullName="Tridion.Utils.Url.removeHashParam" staticName="Url.removeHashParam" synopsis="removeHashParam(itemKey: Object): Void" synopsisExtended="removeHashParam(itemKey: Object): Void" type="Object">
                          <arguments value="itemKey">
                            <argument name="itemKey" type="Object" />
                          </arguments>
                        </method>
                        <method name="parse" url=".Anguilla.Url.js.Tridion.Utils.Url.parse.html" visibility="prototype" rawName="Tridion.Utils.Url.prototype.parse" fullName="Tridion.Utils.Url.parse" staticName="Url.parse" synopsis="parse(url: Object): Void" synopsisExtended="parse(url: Object): Void" type="Object">
                          <arguments value="url">
                            <argument name="url" type="Object" />
                          </arguments>
                        </method>
                        <method name="serializeParams" url=".Anguilla.Url.js.Tridion.Utils.Url.serializeParams.html" visibility="prototype" rawName="Tridion.Utils.Url.prototype.serializeParams" fullName="Tridion.Utils.Url.serializeParams" staticName="Url.serializeParams" synopsis="serializeParams(params: Object, suffix: Object, encode: Object): Void" synopsisExtended="serializeParams(params: Object, suffix: Object, encode: Object): Void" type="Object">
                          <arguments value="params, suffix, encode">
                            <argument name="params" type="Object" />
                            <argument name="suffix" type="Object" />
                            <argument name="encode" type="Object" />
                          </arguments>
                        </method>
                        <method name="toString" url=".Anguilla.Url.js.Tridion.Utils.Url.toString.html" visibility="prototype" rawName="Tridion.Utils.Url.prototype.toString" fullName="Tridion.Utils.Url.toString" staticName="Url.toString" synopsis="toString(): Void" synopsisExtended="toString(): Void" type="Object" />
                        <method name="getFullServerName" url=".Anguilla.Url.js.Tridion.Utils.Url.getFullServerName.html" visibility="prototype" rawName="Tridion.Utils.Url.prototype.getFullServerName" fullName="Tridion.Utils.Url.getFullServerName" staticName="Url.getFullServerName" synopsis="getFullServerName(): Void" synopsisExtended="getFullServerName(): Void" type="Object" />
                        <method name="combine" url=".Anguilla.Url.js.Tridion.Utils.Url.combine.html" visibility="static" rawName="Tridion.Utils.Url.combine" fullName="Tridion.Utils.Url.combine" staticName="Url.combine" synopsis="combine(folderUrl: Object, fileUrl: Object): Void" synopsisExtended="combine(folderUrl: Object, fileUrl: Object): Void" type="Object">
                          <arguments value="folderUrl, fileUrl">
                            <argument name="folderUrl" type="Object" />
                            <argument name="fileUrl" type="Object" />
                          </arguments>
                        </method>
                        <method name="getQueryParam" url=".Anguilla.Url.js.Tridion.Utils.Url.getQueryParam.html" visibility="static" rawName="Tridion.Utils.Url.getQueryParam" fullName="Tridion.Utils.Url.getQueryParam" staticName="Url.getQueryParam" synopsis="getQueryParam(name: Object, defaultValue: Object): Void" synopsisExtended="getQueryParam(name: Object, defaultValue: Object): Void" type="Object">
                          <arguments value="name, defaultValue">
                            <argument name="name" type="Object" />
                            <argument name="defaultValue" type="Object" />
                          </arguments>
                        </method>
                        <method name="getProtocol" url=".Anguilla.Url.js.Tridion.Utils.Url.getProtocol.html" visibility="static" rawName="Tridion.Utils.Url.getProtocol" fullName="Tridion.Utils.Url.getProtocol" staticName="Url.getProtocol" synopsis="getProtocol(defaultValue: Object): Void" synopsisExtended="getProtocol(defaultValue: Object): Void" type="Object">
                          <arguments value="defaultValue">
                            <argument name="defaultValue" type="Object" />
                          </arguments>
                        </method>
                        <method name="getHashParam" url=".Anguilla.Url.js.Tridion.Utils.Url.getHashParam.html" visibility="static" rawName="Tridion.Utils.Url.getHashParam" fullName="Tridion.Utils.Url.getHashParam" staticName="Url.getHashParam" synopsis="getHashParam(name: Object, defaultValue: Object): Void" synopsisExtended="getHashParam(name: Object, defaultValue: Object): Void" type="Object">
                          <arguments value="name, defaultValue">
                            <argument name="name" type="Object" />
                            <argument name="defaultValue" type="Object" />
                          </arguments>
                        </method>
                        <method name="setHashParam" url=".Anguilla.Url.js.Tridion.Utils.Url.setHashParam.html" visibility="static" rawName="Tridion.Utils.Url.setHashParam" fullName="Tridion.Utils.Url.setHashParam" staticName="Url.setHashParam" synopsis="setHashParam(name: Object, value: Object): Void" synopsisExtended="setHashParam(name: Object, value: Object): Void" type="Object">
                          <arguments value="name, value">
                            <argument name="name" type="Object" />
                            <argument name="value" type="Object" />
                          </arguments>
                        </method>
                        <method name="parseQuery" url=".Anguilla.Url.js.Tridion.Utils.Url.parseQuery.html" visibility="static" rawName="Tridion.Utils.Url.parseQuery" fullName="Tridion.Utils.Url.parseQuery" staticName="Url.parseQuery" synopsis="parseQuery(value: Object, decode: Object): Void" synopsisExtended="parseQuery(value: Object, decode: Object): Void" type="Object">
                          <arguments value="value, decode">
                            <argument name="value" type="Object" />
                            <argument name="decode" type="Object" />
                          </arguments>
                        </method>
                        <method name="getFileExtension" url=".Anguilla.Url.js.Tridion.Utils.Url.getFileExtension.html" visibility="static" rawName="Tridion.Utils.Url.getFileExtension" fullName="Tridion.Utils.Url.getFileExtension" staticName="Url.getFileExtension" synopsis="getFileExtension(file: Object): Void" synopsisExtended="getFileExtension(file: Object): Void" type="Object">
                          <arguments value="file">
                            <argument name="file" type="Object" />
                          </arguments>
                        </method>
                        <method name="getFileName" url=".Anguilla.Url.js.Tridion.Utils.Url.getFileName.html" visibility="static" rawName="Tridion.Utils.Url.getFileName" fullName="Tridion.Utils.Url.getFileName" staticName="Url.getFileName" synopsis="getFileName(file: Object): Void" synopsisExtended="getFileName(file: Object): Void" type="Object">
                          <arguments value="file">
                            <argument name="file" type="Object" />
                          </arguments>
                        </method>
                        <method name="isSameDomain" url=".Anguilla.Url.js.Tridion.Utils.Url.isSameDomain.html" visibility="static" rawName="Tridion.Utils.Url.isSameDomain" fullName="Tridion.Utils.Url.isSameDomain" staticName="Url.isSameDomain" synopsis="isSameDomain(url1: Object, url2: Object): Void" synopsisExtended="isSameDomain(url1: Object, url2: Object): Void" type="Object">
                          <arguments value="url1, url2">
                            <argument name="url1" type="Object" />
                            <argument name="url2" type="Object" />
                          </arguments>
                        </method>
                        <method name="getDomain" url=".Anguilla.Url.js.Tridion.Utils.Url.getDomain.html" visibility="static" rawName="Tridion.Utils.Url.getDomain" fullName="Tridion.Utils.Url.getDomain" staticName="Url.getDomain" synopsis="getDomain(url: Object): Void" synopsisExtended="getDomain(url: Object): Void" type="Object">
                          <arguments value="url">
                            <argument name="url" type="Object" />
                          </arguments>
                        </method>
                      </methods>
                    </members>
                  </class>
                </classes>
              </members>
            </property>
          </properties>
        </members>
      </property>
    </properties>
  </members>
</document>