<document name="UserGroup.js" url="UserGroup.js.html" visibility="default" rawName="UserGroup.js" fullName="UserGroup.js" staticName="Anguilla.UserGroup.js">
  <members>
    <properties>
      <property name="Tridion" url=".Anguilla.UserGroup.js.Tridion.html" visibility="public" rawName="Tridion" fullName="Tridion" staticName="UserGroup.js.Tridion" synopsis="UserGroup.js.Tridion: Object;" synopsisExtended="UserGroup.js.Tridion: &lt;a href=&quot;&quot;&gt;Object&lt;/a&gt;;" type="Object" virtual="true">
        <members>
          <properties>
            <property name="Cme" url=".Anguilla.UserGroup.js.Tridion.Cme.html" visibility="static" rawName="Tridion.Cme" fullName="Tridion.Cme" staticName="Tridion.Cme" synopsis="Tridion.Cme: Object;" synopsisExtended="Tridion.Cme: &lt;a href=&quot;&quot;&gt;Object&lt;/a&gt;;" type="Object" virtual="true">
              <members>
                <properties>
                  <property name="Views" url=".Anguilla.UserGroup.js.Tridion.Cme.Views.html" visibility="static" rawName="Tridion.Cme.Views" fullName="Tridion.Cme.Views" staticName="Cme.Views" synopsis="Cme.Views: Object;" synopsisExtended="Cme.Views: &lt;a href=&quot;&quot;&gt;Object&lt;/a&gt;;" type="Object" virtual="true">
                    <members>
                      <classes>
                        <class name="UserGroup" url=".Anguilla.UserGroup.js.Tridion.Cme.Views.UserGroup.html" visibility="static" rawName="Tridion.Cme.Views.UserGroup" fullName="Tridion.Cme.Views.UserGroup" staticName="Views.UserGroup" synopsis="var x: UserGroup = new UserGroup();" synopsisExtended="var x: &lt;a href=&quot;.Anguilla.UserGroup.js.Tridion.Cme.Views.UserGroup.html&quot;&gt;UserGroup&lt;/a&gt; = new UserGroup();" type="Object">
                          <extends />
                          <documentation rawString="&#xA; * Implements the UserGroup view.&#xA; * @constructor&#xA; ">
                            <summary>Implements the UserGroup view.</summary>
                          </documentation>
                          <members>
                            <methods>
                              <method name="_onUsageConstrainsRendered" url=".Anguilla.UserGroup.js.Tridion.Cme.Views.UserGroup._onUsageConstrainsRendered.html" visibility="prototype" rawName="Tridion.Cme.Views.UserGroup.prototype._onUsageConstrainsRendered" fullName="Tridion.Cme.Views.UserGroup._onUsageConstrainsRendered" staticName="UserGroup._onUsageConstrainsRendered" synopsis="_onUsageConstrainsRendered(event: Tridion.Core.Event): Void" synopsisExtended="_onUsageConstrainsRendered(event: Tridion.Core.Event): Void" type="Object">
                                <arguments value="event">
                                  <argument name="event" type="Tridion.Core.Event" description="The event is the event fired from the &lt;c&gt;Tridion.Controls.List&lt;/c&gt; control." />
                                </arguments>
                                <documentation rawString="&#xA; * Handles the draw event from the &lt;c&gt;Tridion.Controls.List&lt;/c&gt; control.&#xA; * @param {Tridion.Core.Event} event The event is the event fired from the &lt;c&gt;Tridion.Controls.List&lt;/c&gt; control.&#xA; ">
                                  <summary>Handles the draw event from the &lt;c&gt;Tridion.Controls.List&lt;/c&gt; control.</summary>
                                </documentation>
                              </method>
                              <method name="_asyncLoadUsageConstrainsListHeader" url=".Anguilla.UserGroup.js.Tridion.Cme.Views.UserGroup._asyncLoadUsageConstrainsListHeader.html" visibility="prototype" rawName="Tridion.Cme.Views.UserGroup.prototype._asyncLoadUsageConstrainsListHeader" fullName="Tridion.Cme.Views.UserGroup._asyncLoadUsageConstrainsListHeader" staticName="UserGroup._asyncLoadUsageConstrainsListHeader" synopsis="_asyncLoadUsageConstrainsListHeader(): Void" synopsisExtended="_asyncLoadUsageConstrainsListHeader(): Void" type="Object">
                                <documentation rawString="&#xA; * Asynchronously load checkbox list header.&#xA; ">
                                  <summary>Asynchronously load checkbox list header.</summary>
                                </documentation>
                              </method>
                              <method name="_usageConstrainsListHeaderLoadFailed" url=".Anguilla.UserGroup.js.Tridion.Cme.Views.UserGroup._usageConstrainsListHeaderLoadFailed.html" visibility="prototype" rawName="Tridion.Cme.Views.UserGroup.prototype._usageConstrainsListHeaderLoadFailed" fullName="Tridion.Cme.Views.UserGroup._usageConstrainsListHeaderLoadFailed" staticName="UserGroup._usageConstrainsListHeaderLoadFailed" synopsis="_usageConstrainsListHeaderLoadFailed(): Void" synopsisExtended="_usageConstrainsListHeaderLoadFailed(): Void" type="Object">
                                <documentation rawString="&#xA; * Handles the definitions XML document load load failed event.&#xA; ">
                                  <summary>Handles the definitions XML document load load failed event.</summary>
                                </documentation>
                              </method>
                              <method name="_usageConstrainsListHeaderLoaded" url=".Anguilla.UserGroup.js.Tridion.Cme.Views.UserGroup._usageConstrainsListHeaderLoaded.html" visibility="prototype" rawName="Tridion.Cme.Views.UserGroup.prototype._usageConstrainsListHeaderLoaded" fullName="Tridion.Cme.Views.UserGroup._usageConstrainsListHeaderLoaded" staticName="UserGroup._usageConstrainsListHeaderLoaded" synopsis="_usageConstrainsListHeaderLoaded(headXml: XMLDocument): Void" synopsisExtended="_usageConstrainsListHeaderLoaded(headXml: XMLDocument): Void" type="Object">
                                <arguments value="headXml">
                                  <argument name="headXml" type="XMLDocument" description="Definitions XML document." />
                                </arguments>
                                <documentation rawString="&#xA; * Handles the definitions XML document load event.&#xA; * @param {XMLDocument} headXml Definitions XML document.&#xA; ">
                                  <summary>Handles the definitions XML document load event.</summary>
                                </documentation>
                              </method>
                              <method name="_copyDescription" url=".Anguilla.UserGroup.js.Tridion.Cme.Views.UserGroup._copyDescription.html" visibility="prototype" rawName="Tridion.Cme.Views.UserGroup.prototype._copyDescription" fullName="Tridion.Cme.Views.UserGroup._copyDescription" staticName="UserGroup._copyDescription" synopsis="_copyDescription(): Void" synopsisExtended="_copyDescription(): Void" type="Object">
                                <documentation rawString="&#xA; * Populates description with the same as title value.&#xA; ">
                                  <summary>Populates description with the same as title value.</summary>
                                </documentation>
                              </method>
                              <method name="onRefresh" url=".Anguilla.UserGroup.js.Tridion.Cme.Views.UserGroup.onRefresh.html" visibility="prototype" rawName="Tridion.Cme.Views.UserGroup.prototype.onRefresh" fullName="Tridion.Cme.Views.UserGroup.onRefresh" staticName="UserGroup.onRefresh" synopsis="onRefresh(): Void" synopsisExtended="onRefresh(): Void" type="Object">
                                <documentation rawString="&#xA; * Reacts on Display Refresh event.&#xA; ">
                                  <summary>Reacts on Display Refresh event.</summary>
                                </documentation>
                              </method>
                              <method name="updateView" url=".Anguilla.UserGroup.js.Tridion.Cme.Views.UserGroup.updateView.html" visibility="prototype" rawName="Tridion.Cme.Views.UserGroup.prototype.updateView" fullName="Tridion.Cme.Views.UserGroup.updateView" staticName="UserGroup.updateView" synopsis="updateView(): Void" synopsisExtended="updateView(): Void" type="Object">
                                <documentation rawString="&#xA; * Updating view representation.&#xA; ">
                                  <summary>Updating view representation.</summary>
                                </documentation>
                              </method>
                              <method name="onItemChanged" url=".Anguilla.UserGroup.js.Tridion.Cme.Views.UserGroup.onItemChanged.html" visibility="prototype" rawName="Tridion.Cme.Views.UserGroup.prototype.onItemChanged" fullName="Tridion.Cme.Views.UserGroup.onItemChanged" staticName="UserGroup.onItemChanged" synopsis="onItemChanged(The: event.): Void" synopsisExtended="onItemChanged(The: event.): Void" type="Object">
                                <arguments value="event">
                                  <argument name="The" type="event." description="event fired from the Item." />
                                </arguments>
                                <documentation rawString="&#xA; * Handles the change event in Item.&#xA; * @param {Tridion.Core.Event} event. The event fired from the Item.&#xA; ">
                                  <summary>Handles the change event in Item.</summary>
                                </documentation>
                              </method>
                              <method name="_setUsageConstrainsList" url=".Anguilla.UserGroup.js.Tridion.Cme.Views.UserGroup._setUsageConstrainsList.html" visibility="prototype" rawName="Tridion.Cme.Views.UserGroup.prototype._setUsageConstrainsList" fullName="Tridion.Cme.Views.UserGroup._setUsageConstrainsList" staticName="UserGroup._setUsageConstrainsList" synopsis="_setUsageConstrainsList(The: items.): Void" synopsisExtended="_setUsageConstrainsList(The: items.): Void" type="Object">
                                <arguments value="items">
                                  <argument name="The" type="items." description="array of publication uris." />
                                </arguments>
                                <documentation rawString="&#xA; * Shows the current usage constrains item in the lits.&#xA; * @param {Array} items. The array of publication uris.&#xA; ">
                                  <summary>Shows the current usage constrains item in the lits.</summary>
                                </documentation>
                              </method>
                              <method name="onItemValidate" url=".Anguilla.UserGroup.js.Tridion.Cme.Views.UserGroup.onItemValidate.html" visibility="prototype" rawName="Tridion.Cme.Views.UserGroup.prototype.onItemValidate" fullName="Tridion.Cme.Views.UserGroup.onItemValidate" staticName="UserGroup.onItemValidate" synopsis="onItemValidate(The: event.): Bollean" synopsisExtended="onItemValidate(The: event.): Bollean" type="Object">
                                <arguments value="event">
                                  <argument name="The" type="event." description="event is the event fired from the &lt;c&gt;Tridion.FormatArea&lt;/c&gt;." />
                                </arguments>
                                <documentation rawString="&#xA; * Handles the validate event in Item.&#xA; * @param {Tridion.Core.Event} event. The event is the event fired from the &lt;c&gt;Tridion.FormatArea&lt;/c&gt;.&#xA; * @returns {Bollean} True if item is Valid.&#xA; ">
                                  <summary>Handles the validate event in Item.</summary>
                                </documentation>
                                <members>
                                  <methods>
                                    <method name="UserGroup$onItemValidate$onModalPopupUnloaded" url=".Anguilla.UserGroup.js.Tridion.Cme.Views.UserGroup.onItemValidate.UserGroup$onItemValidate$onModalPopupUnloaded.html" visibility="private" rawName="UserGroup$onItemValidate$onModalPopupUnloaded" fullName="UserGroup$onItemValidate$onModalPopupUnloaded" staticName="onItemValidate.UserGroup$onItemValidate$onModalPopupUnloaded" synopsis="UserGroup$onItemValidate$onModalPopupUnloaded(): Void" synopsisExtended="UserGroup$onItemValidate$onModalPopupUnloaded(): Void" type="Object" />
                                  </methods>
                                </members>
                                <returns type="Bollean" description="True if item is Valid." />
                              </method>
                              <method name="collectFieldData" url=".Anguilla.UserGroup.js.Tridion.Cme.Views.UserGroup.collectFieldData.html" visibility="prototype" rawName="Tridion.Cme.Views.UserGroup.prototype.collectFieldData" fullName="Tridion.Cme.Views.UserGroup.collectFieldData" staticName="UserGroup.collectFieldData" synopsis="collectFieldData(Field: field.): Void" synopsisExtended="collectFieldData(Field: field.): Void" type="Object">
                                <arguments value="field">
                                  <argument name="Field" type="field." description="which data was changed." />
                                </arguments>
                                <documentation rawString="&#xA; * Collects Data from field.&#xA; * @param {Object} field. Field which data was changed.&#xA; ">
                                  <summary>Collects Data from field.</summary>
                                </documentation>
                              </method>
                              <method name="initialize" url=".Anguilla.UserGroup.js.Tridion.Cme.Views.UserGroup.initialize.html" visibility="private" rawName="Tridion.Cme.Views.UserGroup.prototype.initialize" fullName="Tridion.Cme.Views.UserGroup.initialize" staticName="UserGroup.initialize" synopsis="initialize(): Void" synopsisExtended="initialize(): Void" type="Object">
                                <documentation rawString="&#xA; * Initializes the UserGroup view&#xA; * @private&#xA; ">
                                  <summary>Initializes the UserGroup view</summary>
                                </documentation>
                              </method>
                              <method name="_onUsageConstrainsSelectionChanged" url=".Anguilla.UserGroup.js.Tridion.Cme.Views.UserGroup._onUsageConstrainsSelectionChanged.html" visibility="private" rawName="Tridion.Cme.Views.UserGroup.prototype._onUsageConstrainsSelectionChanged" fullName="Tridion.Cme.Views.UserGroup._onUsageConstrainsSelectionChanged" staticName="UserGroup._onUsageConstrainsSelectionChanged" synopsis="_onUsageConstrainsSelectionChanged(The: event.): Void" synopsisExtended="_onUsageConstrainsSelectionChanged(The: event.): Void" type="Object">
                                <arguments value="event">
                                  <argument name="The" type="event." description="event is the event fired from the list." />
                                </arguments>
                                <documentation rawString="&#xA; * Handles the list selection change event.&#xA; * @param {Tridion.Core.Event} event. The event is the event fired from the list.&#xA; * @private&#xA; ">
                                  <summary>Handles the list selection change event.</summary>
                                </documentation>
                                <members>
                                  <methods>
                                    <method name="unselectAllItems" url=".Anguilla.UserGroup.js.Tridion.Cme.Views.UserGroup._onUsageConstrainsSelectionChanged.unselectAllItems.html" visibility="private" rawName="unselectAllItems" fullName="unselectAllItems" staticName="_onUsageConstrainsSelectionChanged.unselectAllItems" synopsis="unselectAllItems(): Void" synopsisExtended="unselectAllItems(): Void" type="Object" />
                                  </methods>
                                </members>
                              </method>
                              <method name="_loadUsageConstrainsList" url=".Anguilla.UserGroup.js.Tridion.Cme.Views.UserGroup._loadUsageConstrainsList.html" visibility="private" rawName="Tridion.Cme.Views.UserGroup.prototype._loadUsageConstrainsList" fullName="Tridion.Cme.Views.UserGroup._loadUsageConstrainsList" staticName="UserGroup._loadUsageConstrainsList" synopsis="_loadUsageConstrainsList(): Void" synopsisExtended="_loadUsageConstrainsList(): Void" type="Object">
                                <documentation rawString="&#xA; * Loads list usage constrains from TCM.&#xA; * @private  &#xA; ">
                                  <summary>Loads list usage constrains from TCM.</summary>
                                </documentation>
                                <members>
                                  <methods>
                                    <method name="populateList" url=".Anguilla.UserGroup.js.Tridion.Cme.Views.UserGroup._loadUsageConstrainsList.populateList.html" visibility="private" rawName="populateList" fullName="populateList" staticName="_loadUsageConstrainsList.populateList" synopsis="populateList(event: Object): Void" synopsisExtended="populateList(event: Object): Void" type="Object">
                                      <arguments value="event">
                                        <argument name="event" type="Object" />
                                      </arguments>
                                    </method>
                                  </methods>
                                </members>
                              </method>
                            </methods>
                          </members>
                        </class>
                      </classes>
                    </members>
                  </property>
                </properties>
              </members>
            </property>
          </properties>
        </members>
      </property>
    </properties>
  </members>
</document>