<document name="User.js" url="User.js.html" visibility="default" rawName="User.js" fullName="User.js" staticName="Anguilla.User.js">
  <members>
    <properties>
      <property name="Tridion" url=".Anguilla.User.js.Tridion.html" visibility="public" rawName="Tridion" fullName="Tridion" staticName="User.js.Tridion" synopsis="User.js.Tridion: Object;" synopsisExtended="User.js.Tridion: &lt;a href=&quot;&quot;&gt;Object&lt;/a&gt;;" type="Object" virtual="true">
        <members>
          <properties>
            <property name="Cme" url=".Anguilla.User.js.Tridion.Cme.html" visibility="static" rawName="Tridion.Cme" fullName="Tridion.Cme" staticName="Tridion.Cme" synopsis="Tridion.Cme: Object;" synopsisExtended="Tridion.Cme: &lt;a href=&quot;&quot;&gt;Object&lt;/a&gt;;" type="Object" virtual="true">
              <members>
                <properties>
                  <property name="Views" url=".Anguilla.User.js.Tridion.Cme.Views.html" visibility="static" rawName="Tridion.Cme.Views" fullName="Tridion.Cme.Views" staticName="Cme.Views" synopsis="Cme.Views: Object;" synopsisExtended="Cme.Views: &lt;a href=&quot;&quot;&gt;Object&lt;/a&gt;;" type="Object" virtual="true">
                    <members>
                      <classes>
                        <class name="User" url=".Anguilla.User.js.Tridion.Cme.Views.User.html" visibility="static" rawName="Tridion.Cme.Views.User" fullName="Tridion.Cme.Views.User" staticName="Views.User" synopsis="var x: User = new User();" synopsisExtended="var x: &lt;a href=&quot;.Anguilla.User.js.Tridion.Cme.Views.User.html&quot;&gt;User&lt;/a&gt; = new User();" type="Object">
                          <extends />
                          <documentation rawString="&#xA; * Implements the User view.&#xA; * @constructor&#xA; ">
                            <summary>Implements the User view.</summary>
                          </documentation>
                          <members>
                            <methods>
                              <method name="updateView" url=".Anguilla.User.js.Tridion.Cme.Views.User.updateView.html" visibility="prototype" rawName="Tridion.Cme.Views.User.prototype.updateView" fullName="Tridion.Cme.Views.User.updateView" staticName="User.updateView" synopsis="updateView(): Void" synopsisExtended="updateView(): Void" type="Object">
                                <documentation rawString="&#xA; * Updating view representation.&#xA; ">
                                  <summary>Updating view representation.</summary>
                                </documentation>
                              </method>
                              <method name="onItemChanged" url=".Anguilla.User.js.Tridion.Cme.Views.User.onItemChanged.html" visibility="prototype" rawName="Tridion.Cme.Views.User.prototype.onItemChanged" fullName="Tridion.Cme.Views.User.onItemChanged" staticName="User.onItemChanged" synopsis="onItemChanged(The: event.): Void" synopsisExtended="onItemChanged(The: event.): Void" type="Object">
                                <arguments value="event">
                                  <argument name="The" type="event." description="event fired from the Item." />
                                </arguments>
                                <documentation rawString="&#xA; * Handles the change event in Item.&#xA; * @param {Tridion.Core.Event} event. The event fired from the Item.&#xA; ">
                                  <summary>Handles the change event in Item.</summary>
                                </documentation>
                              </method>
                              <method name="onItemValidate" url=".Anguilla.User.js.Tridion.Cme.Views.User.onItemValidate.html" visibility="prototype" rawName="Tridion.Cme.Views.User.prototype.onItemValidate" fullName="Tridion.Cme.Views.User.onItemValidate" staticName="User.onItemValidate" synopsis="onItemValidate(The: event.): Bollean" synopsisExtended="onItemValidate(The: event.): Bollean" type="Object">
                                <arguments value="event">
                                  <argument name="The" type="event." description="event is the event fired from the &lt;c&gt;Tridion.FormatArea&lt;/c&gt;." />
                                </arguments>
                                <documentation rawString="&#xA; * Handles the validate event in Item.&#xA; * @param {Tridion.Core.Event} event. The event is the event fired from the &lt;c&gt;Tridion.FormatArea&lt;/c&gt;.&#xA; * @returns {Bollean} True if item is Valid.&#xA; ">
                                  <summary>Handles the validate event in Item.</summary>
                                </documentation>
                                <members>
                                  <methods>
                                    <method name="UserGroup$onItemValidate$onModalPopupUnloaded" url=".Anguilla.User.js.Tridion.Cme.Views.User.onItemValidate.UserGroup$onItemValidate$onModalPopupUnloaded.html" visibility="private" rawName="UserGroup$onItemValidate$onModalPopupUnloaded" fullName="UserGroup$onItemValidate$onModalPopupUnloaded" staticName="onItemValidate.UserGroup$onItemValidate$onModalPopupUnloaded" synopsis="UserGroup$onItemValidate$onModalPopupUnloaded(): Void" synopsisExtended="UserGroup$onItemValidate$onModalPopupUnloaded(): Void" type="Object" />
                                  </methods>
                                </members>
                                <returns type="Bollean" description="True if item is Valid." />
                              </method>
                              <method name="onFieldsChanged" url=".Anguilla.User.js.Tridion.Cme.Views.User.onFieldsChanged.html" visibility="prototype" rawName="Tridion.Cme.Views.User.prototype.onFieldsChanged" fullName="Tridion.Cme.Views.User.onFieldsChanged" staticName="User.onFieldsChanged" synopsis="onFieldsChanged(The: event.): Void" synopsisExtended="onFieldsChanged(The: event.): Void" type="Object">
                                <arguments value="event">
                                  <argument name="The" type="event." description="event is the event fired from the Fields." />
                                </arguments>
                                <documentation rawString="&#xA;* Handles the change events from Fields.&#xA;* @param {Tridion.Core.Event} event. The event is the event fired from the Fields.&#xA;">
                                  <summary>Handles the change events from Fields.</summary>
                                </documentation>
                              </method>
                              <method name="collectFieldData" url=".Anguilla.User.js.Tridion.Cme.Views.User.collectFieldData.html" visibility="prototype" rawName="Tridion.Cme.Views.User.prototype.collectFieldData" fullName="Tridion.Cme.Views.User.collectFieldData" staticName="User.collectFieldData" synopsis="collectFieldData(Field: field.): Void" synopsisExtended="collectFieldData(Field: field.): Void" type="Object">
                                <arguments value="field">
                                  <argument name="Field" type="field." description="which data was changed." />
                                </arguments>
                                <documentation rawString="&#xA; * Collects Data from field.&#xA; * @param {Object} field. Field which data was changed.&#xA; ">
                                  <summary>Collects Data from field.</summary>
                                </documentation>
                              </method>
                              <method name="initialize" url=".Anguilla.User.js.Tridion.Cme.Views.User.initialize.html" visibility="private" rawName="Tridion.Cme.Views.User.prototype.initialize" fullName="Tridion.Cme.Views.User.initialize" staticName="User.initialize" synopsis="initialize(): Void" synopsisExtended="initialize(): Void" type="Object">
                                <documentation rawString="&#xA; * Initializes the User view&#xA; * @private&#xA; ">
                                  <summary>Initializes the User view</summary>
                                </documentation>
                              </method>
                            </methods>
                          </members>
                        </class>
                      </classes>
                    </members>
                  </property>
                </properties>
              </members>
            </property>
          </properties>
        </members>
      </property>
    </properties>
  </members>
</document>