<class name="UserManagementFolder.js" url="UserManagementFolder.js.html" visibility="default" rawName="UserManagementFolder.js" fullName="UserManagementFolder.js" staticName="Anguilla.UserManagementFolder.js">
  <documentation rawString="&#xA; * Represents a user management folder.&#xA; * @namespace {Tridion.ContentManager}&#xA; * @constructor&#xA; * @param {String} id&#xA; ">
    <summary>Represents a user management folder.</summary>
  </documentation>
  <members>
    <properties>
      <property name="Tridion" url=".Anguilla.UserManagementFolder.js.Tridion.html" visibility="public" rawName="Tridion" fullName="Tridion" staticName="UserManagementFolder.js.Tridion" synopsis="UserManagementFolder.js.Tridion: Object;" synopsisExtended="UserManagementFolder.js.Tridion: &lt;a href=&quot;&quot;&gt;Object&lt;/a&gt;;" type="Object" virtual="true">
        <members>
          <properties>
            <property name="Cme" url=".Anguilla.UserManagementFolder.js.Tridion.Cme.html" visibility="static" rawName="Tridion.Cme" fullName="Tridion.Cme" staticName="Tridion.Cme" synopsis="Tridion.Cme: Object;" synopsisExtended="Tridion.Cme: &lt;a href=&quot;&quot;&gt;Object&lt;/a&gt;;" type="Object" virtual="true">
              <members>
                <properties>
                  <property name="Model" url=".Anguilla.UserManagementFolder.js.Tridion.Cme.Model.html" visibility="static" rawName="Tridion.Cme.Model" fullName="Tridion.Cme.Model" staticName="Cme.Model" synopsis="Cme.Model: Object;" synopsisExtended="Cme.Model: &lt;a href=&quot;&quot;&gt;Object&lt;/a&gt;;" type="Object" virtual="true">
                    <members>
                      <classes>
                        <class name="UserManagementFolder" url=".Anguilla.UserManagementFolder.js.Tridion.Cme.Model.UserManagementFolder.html" visibility="static" rawName="Tridion.Cme.Model.UserManagementFolder" fullName="Tridion.Cme.Model.UserManagementFolder" staticName="Model.UserManagementFolder" synopsis="var x: UserManagementFolder = new UserManagementFolder(id: Object);" synopsisExtended="var x: &lt;a href=&quot;.Anguilla.UserManagementFolder.js.Tridion.Cme.Model.UserManagementFolder.html&quot;&gt;UserManagementFolder&lt;/a&gt; = new UserManagementFolder(id: Object);" type="Object">
                          <arguments value="id">
                            <argument name="id" type="Object" />
                          </arguments>
                          <extends />
                          <documentation rawString="&#xA; * Represents a user management folder.&#xA; * @namespace {Tridion.ContentManager}&#xA; * @constructor&#xA; * @param {String} id&#xA; ">
                            <summary>Represents a user management folder.</summary>
                          </documentation>
                          <members>
                            <methods>
                              <method name="isFilterReusable" url=".Anguilla.UserManagementFolder.js.Tridion.Cme.Model.UserManagementFolder.isFilterReusable.html" visibility="prototype" rawName="Tridion.Cme.Model.UserManagementFolder.prototype.isFilterReusable" fullName="Tridion.Cme.Model.UserManagementFolder.isFilterReusable" staticName="UserManagementFolder.isFilterReusable" synopsis="isFilterReusable(rowsExclusive: Boolean, columnsExclusive: Boolean): Boolean" synopsisExtended="isFilterReusable(rowsExclusive: Boolean, columnsExclusive: Boolean): Boolean" type="Object">
                                <arguments value="filter1, filter2, rowsExclusive, columnsExclusive">
                                  <argument name="rowsExclusive" type="Boolean" description="Indicates whether to use exact match for rows." />
                                  <argument name="columnsExclusive" type="Boolean" description="Indicates whether to use exact match for columns." />
                                </arguments>
                                <documentation rawString="&#xA; * Indicates whether a filter is equivalent to another one.&#xA; * @param {Tridion.ContentManager.ListFilter} filter1&#xA; * @param {Tridion.ContentManager.ListFilter} filter2&#xA; * @param {Boolean} rowsExclusive Indicates whether to use exact match for rows.&#xA; * @param {Boolean} columnsExclusive Indicates whether to use exact match for columns.&#xA; * @return {Boolean}&#xA; ">
                                  <summary>Indicates whether a filter is equivalent to another one.</summary>
                                </documentation>
                                <returns type="Boolean" />
                              </method>
                              <method name="getTitle" url=".Anguilla.UserManagementFolder.js.Tridion.Cme.Model.UserManagementFolder.getTitle.html" visibility="prototype" rawName="Tridion.Cme.Model.UserManagementFolder.prototype.getTitle" fullName="Tridion.Cme.Model.UserManagementFolder.getTitle" staticName="UserManagementFolder.getTitle" synopsis="getTitle(): String" synopsisExtended="getTitle(): String" type="Object">
                                <documentation rawString="&#xA; * Gets the folder title.&#xA; * @returns {String} The item title&#xA; ">
                                  <summary>Gets the folder title.</summary>
                                </documentation>
                                <returns type="String" description="The item title" />
                              </method>
                              <method name="getOrganizationalItemId" url=".Anguilla.UserManagementFolder.js.Tridion.Cme.Model.UserManagementFolder.getOrganizationalItemId.html" visibility="prototype" rawName="Tridion.Cme.Model.UserManagementFolder.prototype.getOrganizationalItemId" fullName="Tridion.Cme.Model.UserManagementFolder.getOrganizationalItemId" staticName="UserManagementFolder.getOrganizationalItemId" synopsis="getOrganizationalItemId(): String" synopsisExtended="getOrganizationalItemId(): String" type="Object">
                                <documentation rawString="&#xA; * Returns the id of the Organizational Item containing this Item.&#xA; * @return {String} the id of Organizational Item.&#xA; ">
                                  <summary>Returns the id of the Organizational Item containing this Item.</summary>
                                </documentation>
                                <returns type="String" description="the id of Organizational Item." />
                              </method>
                              <method name="getList" url=".Anguilla.UserManagementFolder.js.Tridion.Cme.Model.UserManagementFolder.getList.html" visibility="prototype" rawName="Tridion.Cme.Model.UserManagementFolder.prototype.getList" fullName="Tridion.Cme.Model.UserManagementFolder.getList" staticName="UserManagementFolder.getList" synopsis="getList(filter: Tridion.ContentManager.ListFilter, rowsExclusive: Boolean, columnsExclusive: Boolean, listImplementation: String): Tridion.ContentManager.ListUsers" synopsisExtended="getList(filter: Tridion.ContentManager.ListFilter, rowsExclusive: Boolean, columnsExclusive: Boolean, listImplementation: String): Tridion.ContentManager.ListUsers" type="Object">
                                <arguments value="filter, rowsExclusive, columnsExclusive">
                                  <argument name="filter" type="Tridion.ContentManager.ListFilter" description="The list filter to use." />
                                  <argument name="rowsExclusive" type="Boolean" description="Indicates whether only the specified types are used." />
                                  <argument name="columnsExclusive" type="Boolean" description="Indicates whether only the specified types are used." />
                                  <argument name="listImplementation" type="String" description="The List implementation to use." />
                                </arguments>
                                <documentation rawString="&#xA; * Gets list userss.&#xA; * @param {Tridion.ContentManager.ListFilter} filter The list filter to use.&#xA; * @param {Boolean} rowsExclusive Indicates whether only the specified types are used.&#xA; * @param {Boolean} columnsExclusive Indicates whether only the specified types are used.&#xA; * @param {String} listImplementation The List implementation to use.&#xA; * @returns {Tridion.ContentManager.ListUsers} List Users.&#xA; ">
                                  <summary>Gets list userss.</summary>
                                </documentation>
                                <returns type="Tridion.ContentManager.ListUsers" description="List Users." />
                              </method>
                              <method name="getItemIcon" url=".Anguilla.UserManagementFolder.js.Tridion.Cme.Model.UserManagementFolder.getItemIcon.html" visibility="prototype" rawName="Tridion.Cme.Model.UserManagementFolder.prototype.getItemIcon" fullName="Tridion.Cme.Model.UserManagementFolder.getItemIcon" staticName="UserManagementFolder.getItemIcon" synopsis="getItemIcon(): String" synopsisExtended="getItemIcon(): String" type="Object">
                                <documentation rawString="&#xA;Get item icon.&#xA;@return {String} the base filename of the icon.&#xA;">
                                  <description>Get item icon.</description>
                                </documentation>
                                <returns type="String" description="the base filename of the icon." />
                              </method>
                            </methods>
                          </members>
                        </class>
                      </classes>
                    </members>
                  </property>
                </properties>
              </members>
            </property>
          </properties>
        </members>
      </property>
    </properties>
  </members>
</class>