<document name="View.js" url="View.js.html" visibility="default" rawName="View.js" fullName="View.js" staticName="Anguilla.View.js">
  <members>
    <properties>
      <property name="Tridion" url=".Anguilla.View.js.Tridion.html" visibility="public" rawName="Tridion" fullName="Tridion" staticName="View.js.Tridion" synopsis="View.js.Tridion: Object;" synopsisExtended="View.js.Tridion: &lt;a href=&quot;&quot;&gt;Object&lt;/a&gt;;" type="Object" virtual="true">
        <members>
          <properties>
            <property name="Cme" url=".Anguilla.View.js.Tridion.Cme.html" visibility="static" rawName="Tridion.Cme" fullName="Tridion.Cme" staticName="Tridion.Cme" synopsis="Tridion.Cme: Object;" synopsisExtended="Tridion.Cme: &lt;a href=&quot;&quot;&gt;Object&lt;/a&gt;;" type="Object" virtual="true">
              <members>
                <classes>
                  <class name="View" url=".Anguilla.View.js.Tridion.Cme.View.html" visibility="static" rawName="Tridion.Cme.View" fullName="Tridion.Cme.View" staticName="Cme.View" synopsis="var x: View = new View();" synopsisExtended="var x: &lt;a href=&quot;.Anguilla.View.js.Tridion.Cme.View.html&quot;&gt;View&lt;/a&gt; = new View();" type="Object">
                    <extends />
                    <documentation rawString="&#xA; * Implements View base Object.&#xA; * @constructor&#xA; ">
                      <summary>Implements View base Object.</summary>
                    </documentation>
                    <members>
                      <methods>
                        <method name="getId" url=".Anguilla.View.js.Tridion.Cme.View.getId.html" visibility="prototype" rawName="Tridion.Cme.View.prototype.getId" fullName="Tridion.Cme.View.getId" staticName="View.getId" synopsis="getId(): String" synopsisExtended="getId(): String" type="Object">
                          <documentation rawString="&#xA; * Gets the view Id.&#xA; * @returns {String} view element id.&#xA; ">
                            <summary>Gets the view Id.</summary>
                          </documentation>
                          <returns type="String" description="view element id." />
                        </method>
                        <method name="onRefresh" url=".Anguilla.View.js.Tridion.Cme.View.onRefresh.html" visibility="prototype" rawName="Tridion.Cme.View.prototype.onRefresh" fullName="Tridion.Cme.View.onRefresh" staticName="View.onRefresh" synopsis="onRefresh(The: e.): Void" synopsisExtended="onRefresh(The: e.): Void" type="Object">
                          <arguments value="e">
                            <argument name="The" type="e." description="event is fired from the &lt;c&gt;Tridion.DisplayController&lt;/c&gt;." />
                          </arguments>
                          <documentation rawString="&#xA; * Reacts on Display Refresh event.&#xA; * @param {Tridion.Core.Event} e. The event is fired from the &lt;c&gt;Tridion.DisplayController&lt;/c&gt;.&#xA; ">
                            <summary>Reacts on Display Refresh event.</summary>
                          </documentation>
                        </method>
                        <method name="disposeInterface" url=".Anguilla.View.js.Tridion.Cme.View.disposeInterface.html" visibility="prototype" rawName="Tridion.Cme.View.prototype.disposeInterface" fullName="Tridion.Cme.View.disposeInterface" staticName="View.disposeInterface" synopsis="disposeInterface(): Void" synopsisExtended="disposeInterface(): Void" type="Object">
                          <documentation rawString="&#xA; * Clean up.&#xA; ">
                            <summary>Clean up.</summary>
                          </documentation>
                        </method>
                        <method name="initialize" url=".Anguilla.View.js.Tridion.Cme.View.initialize.html" visibility="private" rawName="Tridion.Cme.View.prototype.initialize" fullName="Tridion.Cme.View.initialize" staticName="View.initialize" synopsis="initialize(): Void" synopsisExtended="initialize(): Void" type="Object">
                          <documentation rawString="&#xA; * Initializes View base Object.&#xA; * @private&#xA; ">
                            <summary>Initializes View base Object.</summary>
                          </documentation>
                        </method>
                      </methods>
                    </members>
                  </class>
                </classes>
              </members>
            </property>
          </properties>
        </members>
      </property>
    </properties>
  </members>
</document>