<document name="ViewWithToolbar.js" url="ViewWithToolbar.js.html" visibility="default" rawName="ViewWithToolbar.js" fullName="ViewWithToolbar.js" staticName="Anguilla.ViewWithToolbar.js">
  <members>
    <properties>
      <property name="Tridion" url=".Anguilla.ViewWithToolbar.js.Tridion.html" visibility="public" rawName="Tridion" fullName="Tridion" staticName="ViewWithToolbar.js.Tridion" synopsis="ViewWithToolbar.js.Tridion: Object;" synopsisExtended="ViewWithToolbar.js.Tridion: &lt;a href=&quot;&quot;&gt;Object&lt;/a&gt;;" type="Object" virtual="true">
        <members>
          <properties>
            <property name="Cme" url=".Anguilla.ViewWithToolbar.js.Tridion.Cme.html" visibility="static" rawName="Tridion.Cme" fullName="Tridion.Cme" staticName="Tridion.Cme" synopsis="Tridion.Cme: Object;" synopsisExtended="Tridion.Cme: &lt;a href=&quot;&quot;&gt;Object&lt;/a&gt;;" type="Object" virtual="true">
              <members>
                <properties>
                  <property name="Views" url=".Anguilla.ViewWithToolbar.js.Tridion.Cme.Views.html" visibility="static" rawName="Tridion.Cme.Views" fullName="Tridion.Cme.Views" staticName="Cme.Views" synopsis="Cme.Views: Object;" synopsisExtended="Cme.Views: &lt;a href=&quot;&quot;&gt;Object&lt;/a&gt;;" type="Object" virtual="true">
                    <members>
                      <classes>
                        <class name="ViewWithToolbar" url=".Anguilla.ViewWithToolbar.js.Tridion.Cme.Views.ViewWithToolbar.html" visibility="static" rawName="Tridion.Cme.Views.ViewWithToolbar" fullName="Tridion.Cme.Views.ViewWithToolbar" staticName="Views.ViewWithToolbar" synopsis="var x: ViewWithToolbar = new ViewWithToolbar();" synopsisExtended="var x: &lt;a href=&quot;.Anguilla.ViewWithToolbar.js.Tridion.Cme.Views.ViewWithToolbar.html&quot;&gt;ViewWithToolbar&lt;/a&gt; = new ViewWithToolbar();" type="Object">
                          <extends />
                          <documentation rawString="&#xA; * Implements the Item with Toolbar View.&#xA; * @constructor&#xA; ">
                            <summary>Implements the Item with Toolbar View.</summary>
                          </documentation>
                          <members>
                            <methods>
                              <method name="initialize" url=".Anguilla.ViewWithToolbar.js.Tridion.Cme.Views.ViewWithToolbar.initialize.html" visibility="prototype" rawName="Tridion.Cme.Views.ViewWithToolbar.prototype.initialize" fullName="Tridion.Cme.Views.ViewWithToolbar.initialize" staticName="ViewWithToolbar.initialize" synopsis="initialize(): Void" synopsisExtended="initialize(): Void" type="Object">
                                <documentation rawString="&#xA; * Initializes the Item with Toolbar View.&#xA; ">
                                  <summary>Initializes the Item with Toolbar View.</summary>
                                </documentation>
                              </method>
                              <method name="_getToolbarControls" url=".Anguilla.ViewWithToolbar.js.Tridion.Cme.Views.ViewWithToolbar._getToolbarControls.html" visibility="prototype" rawName="Tridion.Cme.Views.ViewWithToolbar.prototype._getToolbarControls" fullName="Tridion.Cme.Views.ViewWithToolbar._getToolbarControls" staticName="ViewWithToolbar._getToolbarControls" synopsis="_getToolbarControls(): Void" synopsisExtended="_getToolbarControls(): Void" type="Object" />
                              <method name="_onToolbarResize" url=".Anguilla.ViewWithToolbar.js.Tridion.Cme.Views.ViewWithToolbar._onToolbarResize.html" visibility="prototype" rawName="Tridion.Cme.Views.ViewWithToolbar.prototype._onToolbarResize" fullName="Tridion.Cme.Views.ViewWithToolbar._onToolbarResize" staticName="ViewWithToolbar._onToolbarResize" synopsis="_onToolbarResize(The: e.): Void" synopsisExtended="_onToolbarResize(The: e.): Void" type="Object">
                                <arguments value="e">
                                  <argument name="The" type="e." description="event is fired from the &lt;c&gt;Tridion.Controls.RibbonToolbar&lt;/c&gt;." />
                                </arguments>
                                <documentation rawString="&#xA; * Handles the resize even on toolbar.&#xA; * @param {Tridion.Core.Event} e. The event is fired from the &lt;c&gt;Tridion.Controls.RibbonToolbar&lt;/c&gt;.&#xA; ">
                                  <summary>Handles the resize even on toolbar.</summary>
                                </documentation>
                              </method>
                              <method name="_onPreferencesLoadFailed" url=".Anguilla.ViewWithToolbar.js.Tridion.Cme.Views.ViewWithToolbar._onPreferencesLoadFailed.html" visibility="private" rawName="Tridion.Cme.Views.ViewWithToolbar.prototype._onPreferencesLoadFailed" fullName="Tridion.Cme.Views.ViewWithToolbar._onPreferencesLoadFailed" staticName="ViewWithToolbar._onPreferencesLoadFailed" synopsis="_onPreferencesLoadFailed(error: Object): Void" synopsisExtended="_onPreferencesLoadFailed(error: Object): Void" type="Object">
                                <arguments value="error">
                                  <argument name="error" type="Object" description="Load error object." />
                                </arguments>
                                <documentation rawString="&#xA; * Handles the user preferences load failed event.&#xA; * @private &#xA; * @param {Object} error Load error object. &#xA; ">
                                  <summary>Handles the user preferences load failed event.</summary>
                                </documentation>
                              </method>
                              <method name="_setToolbarMode" url=".Anguilla.ViewWithToolbar.js.Tridion.Cme.Views.ViewWithToolbar._setToolbarMode.html" visibility="private" rawName="Tridion.Cme.Views.ViewWithToolbar.prototype._setToolbarMode" fullName="Tridion.Cme.Views.ViewWithToolbar._setToolbarMode" staticName="ViewWithToolbar._setToolbarMode" synopsis="_setToolbarMode(): Void" synopsisExtended="_setToolbarMode(): Void" type="Object">
                                <documentation rawString="&#xA; * Sets the toolbar maximized mode.&#xA; * @private&#xA; ">
                                  <summary>Sets the toolbar maximized mode.</summary>
                                </documentation>
                              </method>
                            </methods>
                          </members>
                        </class>
                      </classes>
                    </members>
                  </property>
                </properties>
              </members>
            </property>
          </properties>
        </members>
      </property>
    </properties>
  </members>
</document>