<document name="WhereUsed.js" url="WhereUsed.js.html" visibility="default" rawName="WhereUsed.js" fullName="WhereUsed.js" staticName="Anguilla.WhereUsed.js">
  <members>
    <properties>
      <property name="Tridion" url=".Anguilla.WhereUsed.js.Tridion.html" visibility="public" rawName="Tridion" fullName="Tridion" staticName="WhereUsed.js.Tridion" synopsis="WhereUsed.js.Tridion: Object;" synopsisExtended="WhereUsed.js.Tridion: &lt;a href=&quot;&quot;&gt;Object&lt;/a&gt;;" type="Object" virtual="true">
        <members>
          <properties>
            <property name="Cme" url=".Anguilla.WhereUsed.js.Tridion.Cme.html" visibility="static" rawName="Tridion.Cme" fullName="Tridion.Cme" staticName="Tridion.Cme" synopsis="Tridion.Cme: Object;" synopsisExtended="Tridion.Cme: &lt;a href=&quot;&quot;&gt;Object&lt;/a&gt;;" type="Object" virtual="true">
              <members>
                <properties>
                  <property name="Views" url=".Anguilla.WhereUsed.js.Tridion.Cme.Views.html" visibility="static" rawName="Tridion.Cme.Views" fullName="Tridion.Cme.Views" staticName="Cme.Views" synopsis="Cme.Views: Object;" synopsisExtended="Cme.Views: &lt;a href=&quot;&quot;&gt;Object&lt;/a&gt;;" type="Object" virtual="true">
                    <members>
                      <classes>
                        <class name="WhereUsed" url=".Anguilla.WhereUsed.js.Tridion.Cme.Views.WhereUsed.html" visibility="static" rawName="Tridion.Cme.Views.WhereUsed" fullName="Tridion.Cme.Views.WhereUsed" staticName="Views.WhereUsed" synopsis="var x: WhereUsed = new WhereUsed();" synopsisExtended="var x: &lt;a href=&quot;.Anguilla.WhereUsed.js.Tridion.Cme.Views.WhereUsed.html&quot;&gt;WhereUsed&lt;/a&gt; = new WhereUsed();" type="Object">
                          <extends />
                          <documentation rawString="&#xA; * Implements Where Used popup view.&#xA; * @constructor&#xA; ">
                            <summary>Implements Where Used popup view.</summary>
                          </documentation>
                          <members>
                            <methods>
                              <method name="setup" url=".Anguilla.WhereUsed.js.Tridion.Cme.Views.WhereUsed.setup.html" visibility="prototype" rawName="Tridion.Cme.Views.WhereUsed.prototype.setup" fullName="Tridion.Cme.Views.WhereUsed.setup" staticName="WhereUsed.setup" synopsis="setup(): Void" synopsisExtended="setup(): Void" type="Object">
                                <documentation rawString="&#xA; * Sets up view controls and determines the pages used.&#xA; ">
                                  <summary>Sets up view controls and determines the pages used.</summary>
                                </documentation>
                              </method>
                              <method name="initializeTab" url=".Anguilla.WhereUsed.js.Tridion.Cme.Views.WhereUsed.initializeTab.html" visibility="prototype" rawName="Tridion.Cme.Views.WhereUsed.prototype.initializeTab" fullName="Tridion.Cme.Views.WhereUsed.initializeTab" staticName="WhereUsed.initializeTab" synopsis="initializeTab(page: Tridion.Controls.DeckPage): Void" synopsisExtended="initializeTab(page: Tridion.Controls.DeckPage): Void" type="Object">
                                <arguments value="page">
                                  <argument name="page" type="Tridion.Controls.DeckPage" description="Tab to initialize" />
                                </arguments>
                                <documentation rawString="&#xA; * Initializes Tab specified&#xA; * @param {Tridion.Controls.DeckPage} page Tab to initialize&#xA; ">
                                  <summary>Initializes Tab specified</summary>
                                </documentation>
                              </method>
                              <method name="loadList" url=".Anguilla.WhereUsed.js.Tridion.Cme.Views.WhereUsed.loadList.html" visibility="prototype" rawName="Tridion.Cme.Views.WhereUsed.prototype.loadList" fullName="Tridion.Cme.Views.WhereUsed.loadList" staticName="WhereUsed.loadList" synopsis="loadList(reload: Boolean): Void" synopsisExtended="loadList(reload: Boolean): Void" type="Object">
                                <arguments value="reload">
                                  <argument name="reload" type="Boolean" description="True to reload list, otherwise false" />
                                </arguments>
                                <documentation rawString="&#xA; * Loads list items.&#xA; * @param {Boolean} reload True to reload list, otherwise false&#xA; ">
                                  <summary>Loads list items.</summary>
                                </documentation>
                                <members>
                                  <methods>
                                    <method name="WhereUsed$listLoaded" url=".Anguilla.WhereUsed.js.Tridion.Cme.Views.WhereUsed.loadList.WhereUsed$listLoaded.html" visibility="private" rawName="WhereUsed$listLoaded" fullName="WhereUsed$listLoaded" staticName="loadList.WhereUsed$listLoaded" synopsis="WhereUsed$listLoaded(): Void" synopsisExtended="WhereUsed$listLoaded(): Void" type="Object" />
                                    <method name="WhereUsed$listLoadFailed" url=".Anguilla.WhereUsed.js.Tridion.Cme.Views.WhereUsed.loadList.WhereUsed$listLoadFailed.html" visibility="private" rawName="WhereUsed$listLoadFailed" fullName="WhereUsed$listLoadFailed" staticName="loadList.WhereUsed$listLoadFailed" synopsis="WhereUsed$listLoadFailed(): Void" synopsisExtended="WhereUsed$listLoadFailed(): Void" type="Object" />
                                  </methods>
                                </members>
                              </method>
                              <method name="getListItems" url=".Anguilla.WhereUsed.js.Tridion.Cme.Views.WhereUsed.getListItems.html" visibility="prototype" rawName="Tridion.Cme.Views.WhereUsed.prototype.getListItems" fullName="Tridion.Cme.Views.WhereUsed.getListItems" staticName="WhereUsed.getListItems" synopsis="getListItems(tabType: Enum): Object" synopsisExtended="getListItems(tabType: Enum): Object" type="Object">
                                <arguments value="tabType">
                                  <argument name="tabType" type="Enum" description="Type of opened tab." />
                                </arguments>
                                <documentation rawString="&#xA; * Gets Items List. &#xA; * @param {Enum} tabType Type of opened tab.&#xA; * @returns {Object} Items List. &#xA; ">
                                  <summary>Gets Items List.</summary>
                                </documentation>
                                <returns type="Object" description="Items List." />
                              </method>
                              <method name="onOpenBtnClicked" url=".Anguilla.WhereUsed.js.Tridion.Cme.Views.WhereUsed.onOpenBtnClicked.html" visibility="prototype" rawName="Tridion.Cme.Views.WhereUsed.prototype.onOpenBtnClicked" fullName="Tridion.Cme.Views.WhereUsed.onOpenBtnClicked" staticName="WhereUsed.onOpenBtnClicked" synopsis="onOpenBtnClicked(event: DOMEvent): Void" synopsisExtended="onOpenBtnClicked(event: DOMEvent): Void" type="Object">
                                <arguments value="event">
                                  <argument name="event" type="DOMEvent" description="The DOM click event that occured." />
                                </arguments>
                                <documentation rawString="&#xA; * Reacts to the DOM click event.&#xA; * @param {DOMEvent} event The DOM click event that occured.&#xA; ">
                                  <summary>Reacts to the DOM click event.</summary>
                                </documentation>
                              </method>
                              <method name="onGoToBtnClicked" url=".Anguilla.WhereUsed.js.Tridion.Cme.Views.WhereUsed.onGoToBtnClicked.html" visibility="prototype" rawName="Tridion.Cme.Views.WhereUsed.prototype.onGoToBtnClicked" fullName="Tridion.Cme.Views.WhereUsed.onGoToBtnClicked" staticName="WhereUsed.onGoToBtnClicked" synopsis="onGoToBtnClicked(event: DOMEvent): Void" synopsisExtended="onGoToBtnClicked(event: DOMEvent): Void" type="Object">
                                <arguments value="event">
                                  <argument name="event" type="DOMEvent" description="The DOM click event that occured." />
                                </arguments>
                                <documentation rawString="&#xA; * Reacts to the DOM click event.&#xA; * @param {DOMEvent} event The DOM click event that occured.&#xA; ">
                                  <summary>Reacts to the DOM click event.</summary>
                                </documentation>
                              </method>
                              <method name="onRefreshBtnClicked" url=".Anguilla.WhereUsed.js.Tridion.Cme.Views.WhereUsed.onRefreshBtnClicked.html" visibility="prototype" rawName="Tridion.Cme.Views.WhereUsed.prototype.onRefreshBtnClicked" fullName="Tridion.Cme.Views.WhereUsed.onRefreshBtnClicked" staticName="WhereUsed.onRefreshBtnClicked" synopsis="onRefreshBtnClicked(The: e.): Void" synopsisExtended="onRefreshBtnClicked(The: e.): Void" type="Object">
                                <arguments value="event">
                                  <argument name="The" type="e." description="event is the event fired from the Button." />
                                </arguments>
                                <documentation rawString="&#xA; * Handles the click event from Button.&#xA; * @param {DOMEvent} e. The event is the event fired from the Button.&#xA; ">
                                  <summary>Handles the click event from Button.</summary>
                                </documentation>
                              </method>
                              <method name="onCloseBtnClicked" url=".Anguilla.WhereUsed.js.Tridion.Cme.Views.WhereUsed.onCloseBtnClicked.html" visibility="prototype" rawName="Tridion.Cme.Views.WhereUsed.prototype.onCloseBtnClicked" fullName="Tridion.Cme.Views.WhereUsed.onCloseBtnClicked" staticName="WhereUsed.onCloseBtnClicked" synopsis="onCloseBtnClicked(event: DOMEvent): Void" synopsisExtended="onCloseBtnClicked(event: DOMEvent): Void" type="Object">
                                <arguments value="event">
                                  <argument name="event" type="DOMEvent" description="The DOM click event that occured." />
                                </arguments>
                                <documentation rawString="&#xA; * Reacts to the DOM click event.&#xA; * @param {DOMEvent} event The DOM click event that occured.&#xA; ">
                                  <summary>Reacts to the DOM click event.</summary>
                                </documentation>
                              </method>
                              <method name="onListSelectionChanged" url=".Anguilla.WhereUsed.js.Tridion.Cme.Views.WhereUsed.onListSelectionChanged.html" visibility="prototype" rawName="Tridion.Cme.Views.WhereUsed.prototype.onListSelectionChanged" fullName="Tridion.Cme.Views.WhereUsed.onListSelectionChanged" staticName="WhereUsed.onListSelectionChanged" synopsis="onListSelectionChanged(The: event.): Void" synopsisExtended="onListSelectionChanged(The: event.): Void" type="Object">
                                <arguments value="event">
                                  <argument name="The" type="event." description="event is the event fired from the list." />
                                </arguments>
                                <documentation rawString="&#xA; * Handles the list selection change event.&#xA; * @param {Tridion.Core.Event} event. The event is the event fired from the list.&#xA; ">
                                  <summary>Handles the list selection change event.</summary>
                                </documentation>
                              </method>
                              <method name="updateItemDetails" url=".Anguilla.WhereUsed.js.Tridion.Cme.Views.WhereUsed.updateItemDetails.html" visibility="prototype" rawName="Tridion.Cme.Views.WhereUsed.prototype.updateItemDetails" fullName="Tridion.Cme.Views.WhereUsed.updateItemDetails" staticName="WhereUsed.updateItemDetails" synopsis="updateItemDetails(): Void" synopsisExtended="updateItemDetails(): Void" type="Object">
                                <documentation rawString="&#xA; * Updates Item details.&#xA; ">
                                  <summary>Updates Item details.</summary>
                                </documentation>
                              </method>
                              <method name="getSelection" url=".Anguilla.WhereUsed.js.Tridion.Cme.Views.WhereUsed.getSelection.html" visibility="prototype" rawName="Tridion.Cme.Views.WhereUsed.prototype.getSelection" fullName="Tridion.Cme.Views.WhereUsed.getSelection" staticName="WhereUsed.getSelection" synopsis="getSelection(): Tridion.Cme.Selection" synopsisExtended="getSelection(): Tridion.Cme.Selection" type="Object">
                                <documentation rawString="&#xA; * Gets View Selection.&#xA; * @returns {Tridion.Cme.Selection} View Selection.&#xA; ">
                                  <summary>Gets View Selection.</summary>
                                </documentation>
                                <returns type="Tridion.Cme.Selection" description="View Selection." />
                              </method>
                              <method name="getItem" url=".Anguilla.WhereUsed.js.Tridion.Cme.Views.WhereUsed.getItem.html" visibility="prototype" rawName="Tridion.Cme.Views.WhereUsed.prototype.getItem" fullName="Tridion.Cme.Views.WhereUsed.getItem" staticName="WhereUsed.getItem" synopsis="getItem(): Object" synopsisExtended="getItem(): Object" type="Object">
                                <documentation rawString="&#xA; * Gets TCM Item object.&#xA; * @returns {Object} TCM Item object.&#xA; ">
                                  <summary>Gets TCM Item object.</summary>
                                </documentation>
                                <returns type="Object" description="TCM Item object." />
                              </method>
                              <method name="getSelectedPageID" url=".Anguilla.WhereUsed.js.Tridion.Cme.Views.WhereUsed.getSelectedPageID.html" visibility="prototype" rawName="Tridion.Cme.Views.WhereUsed.prototype.getSelectedPageID" fullName="Tridion.Cme.Views.WhereUsed.getSelectedPageID" staticName="WhereUsed.getSelectedPageID" synopsis="getSelectedPageID(): String" synopsisExtended="getSelectedPageID(): String" type="Object">
                                <documentation rawString="&#xA; * Returns the Selected Page Id.&#xA; * @returns {String} Selected Page ID.&#xA; ">
                                  <summary>Returns the Selected Page Id.</summary>
                                </documentation>
                                <returns type="String" description="Selected Page ID." />
                              </method>
                              <method name="getSelectedTabType" url=".Anguilla.WhereUsed.js.Tridion.Cme.Views.WhereUsed.getSelectedTabType.html" visibility="prototype" rawName="Tridion.Cme.Views.WhereUsed.prototype.getSelectedTabType" fullName="Tridion.Cme.Views.WhereUsed.getSelectedTabType" staticName="WhereUsed.getSelectedTabType" synopsis="getSelectedTabType(): Object" synopsisExtended="getSelectedTabType(): Object" type="Object">
                                <documentation rawString="&#xA; * Returns the Selected tab type.&#xA; * @returns {Object} Selected Tab type object.&#xA; ">
                                  <summary>Returns the Selected tab type.</summary>
                                </documentation>
                                <returns type="Object" description="Selected Tab type object." />
                              </method>
                              <method name="isCommandAvailable" url=".Anguilla.WhereUsed.js.Tridion.Cme.Views.WhereUsed.isCommandAvailable.html" visibility="prototype" rawName="Tridion.Cme.Views.WhereUsed.prototype.isCommandAvailable" fullName="Tridion.Cme.Views.WhereUsed.isCommandAvailable" staticName="WhereUsed.isCommandAvailable" synopsis="isCommandAvailable(commandName: String, selection: Tridion.Core.Selection): Boolean" synopsisExtended="isCommandAvailable(commandName: String, selection: Tridion.Core.Selection): Boolean" type="Object">
                                <arguments value="commandName, selection">
                                  <argument name="commandName" type="String" description="The command name" />
                                  <argument name="selection" type="Tridion.Core.Selection" description="The current selection" />
                                </arguments>
                                <documentation rawString="&#xA; * Returns a value indicating whether this command can applicable for the selected item(s)&#xA; * @param {String} commandName The command name&#xA; * @param {Tridion.Core.Selection} selection The current selection&#xA; * @returns {Boolean} &lt;c&gt;true&lt;/c&gt; if this command can be executed; otherwise false.&#xA; ">
                                  <summary>Returns a value indicating whether this command can applicable for the selected item(s)</summary>
                                </documentation>
                                <returns type="Boolean" description="&lt;c&gt;true&lt;/c&gt; if this command can be executed; otherwise false." />
                              </method>
                              <method name="initialize" url=".Anguilla.WhereUsed.js.Tridion.Cme.Views.WhereUsed.initialize.html" visibility="private" rawName="Tridion.Cme.Views.WhereUsed.prototype.initialize" fullName="Tridion.Cme.Views.WhereUsed.initialize" staticName="WhereUsed.initialize" synopsis="initialize(): Void" synopsisExtended="initialize(): Void" type="Object">
                                <documentation rawString="&#xA; * Initializes Where Used popup view.&#xA; * @private&#xA; ">
                                  <summary>Initializes Where Used popup view.</summary>
                                </documentation>
                                <members>
                                  <methods>
                                    <method name="WhereUsed$onItemLoaded" url=".Anguilla.WhereUsed.js.Tridion.Cme.Views.WhereUsed.initialize.WhereUsed$onItemLoaded.html" visibility="private" rawName="WhereUsed$onItemLoaded" fullName="WhereUsed$onItemLoaded" staticName="initialize.WhereUsed$onItemLoaded" synopsis="WhereUsed$onItemLoaded(): Void" synopsisExtended="WhereUsed$onItemLoaded(): Void" type="Object" />
                                  </methods>
                                </members>
                              </method>
                              <method name="renderList" url=".Anguilla.WhereUsed.js.Tridion.Cme.Views.WhereUsed.renderList.html" visibility="private" rawName="Tridion.Cme.Views.WhereUsed.prototype.renderList" fullName="Tridion.Cme.Views.WhereUsed.renderList" staticName="WhereUsed.renderList" synopsis="renderList(tabType: String, bodyXml: String): Void" synopsisExtended="renderList(tabType: String, bodyXml: String): Void" type="Object">
                                <arguments value="tabType, bodyXml">
                                  <argument name="tabType" type="String" description="Using/uses list type." />
                                  <argument name="bodyXml" type="String" description="The XML representation of list." />
                                </arguments>
                                <documentation rawString="&#xA; * Populates list using/uses items.&#xA; * @private &#xA; * @param {String} tabType Using/uses list type.&#xA; * @param {String} bodyXml The XML representation of list. &#xA; ">
                                  <summary>Populates list using/uses items.</summary>
                                </documentation>
                                <members>
                                  <methods>
                                    <method name="WhereUsed$drawControl" url=".Anguilla.WhereUsed.js.Tridion.Cme.Views.WhereUsed.renderList.WhereUsed$drawControl.html" visibility="private" rawName="WhereUsed$drawControl" fullName="WhereUsed$drawControl" staticName="renderList.WhereUsed$drawControl" synopsis="WhereUsed$drawControl(definitionDocument: Object): Void" synopsisExtended="WhereUsed$drawControl(definitionDocument: Object): Void" type="Object">
                                      <arguments value="definitionDocument">
                                        <argument name="definitionDocument" type="Object" />
                                      </arguments>
                                    </method>
                                    <method name="WhereUsed$headDocumentLoaded" url=".Anguilla.WhereUsed.js.Tridion.Cme.Views.WhereUsed.renderList.WhereUsed$headDocumentLoaded.html" visibility="private" rawName="WhereUsed$headDocumentLoaded" fullName="WhereUsed$headDocumentLoaded" staticName="renderList.WhereUsed$headDocumentLoaded" synopsis="WhereUsed$headDocumentLoaded(headDocument: Object): Void" synopsisExtended="WhereUsed$headDocumentLoaded(headDocument: Object): Void" type="Object">
                                      <arguments value="headDocument">
                                        <argument name="headDocument" type="Object" />
                                      </arguments>
                                    </method>
                                    <method name="WhereUsed$headDocumentLoadFailed" url=".Anguilla.WhereUsed.js.Tridion.Cme.Views.WhereUsed.renderList.WhereUsed$headDocumentLoadFailed.html" visibility="private" rawName="WhereUsed$headDocumentLoadFailed" fullName="WhereUsed$headDocumentLoadFailed" staticName="renderList.WhereUsed$headDocumentLoadFailed" synopsis="WhereUsed$headDocumentLoadFailed(): Void" synopsisExtended="WhereUsed$headDocumentLoadFailed(): Void" type="Object" />
                                  </methods>
                                </members>
                              </method>
                            </methods>
                            <properties>
                              <property name="USEDIN" url=".Anguilla.WhereUsed.js.Tridion.Cme.Views.WhereUsed.USEDIN.html" visibility="static" rawName="Tridion.Cme.Views.WhereUsed.USEDIN" fullName="Tridion.Cme.Views.WhereUsed.USEDIN" staticName="WhereUsed.USEDIN" synopsis="WhereUsed.USEDIN: Object;" synopsisExtended="WhereUsed.USEDIN: &lt;a href=&quot;&quot;&gt;Object&lt;/a&gt;;" type="Object">
                                <documentation rawString="&#xA; * Defines the where used &quot;Used in&quot; tab type index&#xA; ">
                                  <summary>Defines the where used "Used in" tab type index</summary>
                                </documentation>
                              </property>
                              <property name="USES" url=".Anguilla.WhereUsed.js.Tridion.Cme.Views.WhereUsed.USES.html" visibility="static" rawName="Tridion.Cme.Views.WhereUsed.USES" fullName="Tridion.Cme.Views.WhereUsed.USES" staticName="WhereUsed.USES" synopsis="WhereUsed.USES: Object;" synopsisExtended="WhereUsed.USES: &lt;a href=&quot;&quot;&gt;Object&lt;/a&gt;;" type="Object">
                                <documentation rawString="&#xA; * Defines the where used &quot;Uses&quot; tab type index&#xA; ">
                                  <summary>Defines the where used "Uses" tab type index</summary>
                                </documentation>
                              </property>
                              <property name="PUBLISHEDTO" url=".Anguilla.WhereUsed.js.Tridion.Cme.Views.WhereUsed.PUBLISHEDTO.html" visibility="static" rawName="Tridion.Cme.Views.WhereUsed.PUBLISHEDTO" fullName="Tridion.Cme.Views.WhereUsed.PUBLISHEDTO" staticName="WhereUsed.PUBLISHEDTO" synopsis="WhereUsed.PUBLISHEDTO: Object;" synopsisExtended="WhereUsed.PUBLISHEDTO: &lt;a href=&quot;&quot;&gt;Object&lt;/a&gt;;" type="Object">
                                <documentation rawString="&#xA; * Defines the where used &quot;Published To&quot; tab type index&#xA; ">
                                  <summary>Defines the where used "Published To" tab type index</summary>
                                </documentation>
                              </property>
                              <property name="USEDINLIST_HEAD_PATH" url=".Anguilla.WhereUsed.js.Tridion.Cme.Views.WhereUsed.USEDINLIST_HEAD_PATH.html" visibility="static" rawName="Tridion.Cme.Views.WhereUsed.USEDINLIST_HEAD_PATH" fullName="Tridion.Cme.Views.WhereUsed.USEDINLIST_HEAD_PATH" staticName="WhereUsed.USEDINLIST_HEAD_PATH" synopsis="WhereUsed.USEDINLIST_HEAD_PATH: Object;" synopsisExtended="WhereUsed.USEDINLIST_HEAD_PATH: &lt;a href=&quot;&quot;&gt;Object&lt;/a&gt;;" type="Object">
                                <documentation rawString="&#xA; * Defines the used in items List definition Path&#xA; ">
                                  <summary>Defines the used in items List definition Path</summary>
                                </documentation>
                              </property>
                              <property name="USESLIST_HEAD_PATH" url=".Anguilla.WhereUsed.js.Tridion.Cme.Views.WhereUsed.USESLIST_HEAD_PATH.html" visibility="static" rawName="Tridion.Cme.Views.WhereUsed.USESLIST_HEAD_PATH" fullName="Tridion.Cme.Views.WhereUsed.USESLIST_HEAD_PATH" staticName="WhereUsed.USESLIST_HEAD_PATH" synopsis="WhereUsed.USESLIST_HEAD_PATH: Object;" synopsisExtended="WhereUsed.USESLIST_HEAD_PATH: &lt;a href=&quot;&quot;&gt;Object&lt;/a&gt;;" type="Object">
                                <documentation rawString="&#xA; * Defines the uses items List definition Path&#xA; ">
                                  <summary>Defines the uses items List definition Path</summary>
                                </documentation>
                              </property>
                              <property name="PUBLISHEDTO_HEAD_PATH" url=".Anguilla.WhereUsed.js.Tridion.Cme.Views.WhereUsed.PUBLISHEDTO_HEAD_PATH.html" visibility="static" rawName="Tridion.Cme.Views.WhereUsed.PUBLISHEDTO_HEAD_PATH" fullName="Tridion.Cme.Views.WhereUsed.PUBLISHEDTO_HEAD_PATH" staticName="WhereUsed.PUBLISHEDTO_HEAD_PATH" synopsis="WhereUsed.PUBLISHEDTO_HEAD_PATH: Object;" synopsisExtended="WhereUsed.PUBLISHEDTO_HEAD_PATH: &lt;a href=&quot;&quot;&gt;Object&lt;/a&gt;;" type="Object">
                                <documentation rawString="&#xA; * Defines the List published to items definition Path&#xA; ">
                                  <summary>Defines the List published to items definition Path</summary>
                                </documentation>
                              </property>
                            </properties>
                          </members>
                        </class>
                      </classes>
                    </members>
                  </property>
                </properties>
              </members>
            </property>
          </properties>
        </members>
      </property>
    </properties>
  </members>
</document>