<document name="WorkflowProcess.js" url="WorkflowProcess.js.html" visibility="default" rawName="WorkflowProcess.js" fullName="WorkflowProcess.js" staticName="Anguilla.WorkflowProcess.js">
  <members>
    <properties>
      <property name="Tridion" url=".Anguilla.WorkflowProcess.js.Tridion.html" visibility="public" rawName="Tridion" fullName="Tridion" staticName="WorkflowProcess.js.Tridion" synopsis="WorkflowProcess.js.Tridion: Object;" synopsisExtended="WorkflowProcess.js.Tridion: &lt;a href=&quot;&quot;&gt;Object&lt;/a&gt;;" type="Object" virtual="true">
        <members>
          <properties>
            <property name="Cme" url=".Anguilla.WorkflowProcess.js.Tridion.Cme.html" visibility="static" rawName="Tridion.Cme" fullName="Tridion.Cme" staticName="Tridion.Cme" synopsis="Tridion.Cme: Object;" synopsisExtended="Tridion.Cme: &lt;a href=&quot;&quot;&gt;Object&lt;/a&gt;;" type="Object" virtual="true">
              <members>
                <properties>
                  <property name="Views" url=".Anguilla.WorkflowProcess.js.Tridion.Cme.Views.html" visibility="static" rawName="Tridion.Cme.Views" fullName="Tridion.Cme.Views" staticName="Cme.Views" synopsis="Cme.Views: Object;" synopsisExtended="Cme.Views: &lt;a href=&quot;&quot;&gt;Object&lt;/a&gt;;" type="Object" virtual="true">
                    <members>
                      <classes>
                        <class name="WorkflowProcess" url=".Anguilla.WorkflowProcess.js.Tridion.Cme.Views.WorkflowProcess.html" visibility="static" rawName="Tridion.Cme.Views.WorkflowProcess" fullName="Tridion.Cme.Views.WorkflowProcess" staticName="Views.WorkflowProcess" synopsis="var x: WorkflowProcess = new WorkflowProcess();" synopsisExtended="var x: &lt;a href=&quot;.Anguilla.WorkflowProcess.js.Tridion.Cme.Views.WorkflowProcess.html&quot;&gt;WorkflowProcess&lt;/a&gt; = new WorkflowProcess();" type="Object">
                          <extends />
                          <documentation rawString="&#xA; * Implements WorkflowProcess view.&#xA; * @constructor&#xA; ">
                            <summary>Implements WorkflowProcess view.</summary>
                          </documentation>
                          <members>
                            <methods>
                              <method name="initialize" url=".Anguilla.WorkflowProcess.js.Tridion.Cme.Views.WorkflowProcess.initialize.html" visibility="prototype" rawName="Tridion.Cme.Views.WorkflowProcess.prototype.initialize" fullName="Tridion.Cme.Views.WorkflowProcess.initialize" staticName="WorkflowProcess.initialize" synopsis="initialize(): Void" synopsisExtended="initialize(): Void" type="Object">
                                <documentation rawString="&#xA; * Initializes WorkflowProcess view.&#xA; ">
                                  <summary>Initializes WorkflowProcess view.</summary>
                                </documentation>
                              </method>
                            </methods>
                          </members>
                        </class>
                      </classes>
                    </members>
                  </property>
                </properties>
              </members>
            </property>
          </properties>
        </members>
      </property>
    </properties>
  </members>
</document>