<document name="WorkflowActivities.js" url="WorkflowActivities.js.html" visibility="default" rawName="WorkflowActivities.js" fullName="WorkflowActivities.js" staticName="Anguilla.WorkflowActivities.js">
  <members>
    <properties>
      <property name="Tridion" url=".Anguilla.WorkflowActivities.js.Tridion.html" visibility="public" rawName="Tridion" fullName="Tridion" staticName="WorkflowActivities.js.Tridion" synopsis="WorkflowActivities.js.Tridion: Object;" synopsisExtended="WorkflowActivities.js.Tridion: &lt;a href=&quot;&quot;&gt;Object&lt;/a&gt;;" type="Object" virtual="true">
        <members>
          <properties>
            <property name="Cme" url=".Anguilla.WorkflowActivities.js.Tridion.Cme.html" visibility="static" rawName="Tridion.Cme" fullName="Tridion.Cme" staticName="Tridion.Cme" synopsis="Tridion.Cme: Object;" synopsisExtended="Tridion.Cme: &lt;a href=&quot;&quot;&gt;Object&lt;/a&gt;;" type="Object" virtual="true">
              <members>
                <classes>
                  <class name="WorkflowActivities" url=".Anguilla.WorkflowActivities.js.Tridion.Cme.WorkflowActivities.html" visibility="static" rawName="Tridion.Cme.WorkflowActivities" fullName="Tridion.Cme.WorkflowActivities" staticName="Cme.WorkflowActivities" synopsis="var x: WorkflowActivities = new WorkflowActivities(element: Object);" synopsisExtended="var x: &lt;a href=&quot;.Anguilla.WorkflowActivities.js.Tridion.Cme.WorkflowActivities.html&quot;&gt;WorkflowActivities&lt;/a&gt; = new WorkflowActivities(element: Object);" type="Object">
                    <arguments value="element">
                      <argument name="element" type="Object" />
                    </arguments>
                    <extends />
                    <members>
                      <methods>
                        <method name="initialize" url=".Anguilla.WorkflowActivities.js.Tridion.Cme.WorkflowActivities.initialize.html" visibility="prototype" rawName="Tridion.Cme.WorkflowActivities.prototype.initialize" fullName="Tridion.Cme.WorkflowActivities.initialize" staticName="WorkflowActivities.initialize" synopsis="initialize(): Void" synopsisExtended="initialize(): Void" type="Object" />
                        <method name="getContainerControl" url=".Anguilla.WorkflowActivities.js.Tridion.Cme.WorkflowActivities.getContainerControl.html" visibility="prototype" rawName="Tridion.Cme.WorkflowActivities.prototype.getContainerControl" fullName="Tridion.Cme.WorkflowActivities.getContainerControl" staticName="WorkflowActivities.getContainerControl" synopsis="getContainerControl(): Void" synopsisExtended="getContainerControl(): Void" type="Object" />
                        <method name="_selectActivitiesListPage" url=".Anguilla.WorkflowActivities.js.Tridion.Cme.WorkflowActivities._selectActivitiesListPage.html" visibility="prototype" rawName="Tridion.Cme.WorkflowActivities.prototype._selectActivitiesListPage" fullName="Tridion.Cme.WorkflowActivities._selectActivitiesListPage" staticName="WorkflowActivities._selectActivitiesListPage" synopsis="_selectActivitiesListPage(event: Object): Void" synopsisExtended="_selectActivitiesListPage(event: Object): Void" type="Object">
                          <arguments value="event">
                            <argument name="event" type="Object" />
                          </arguments>
                        </method>
                        <method name="_handleAction" url=".Anguilla.WorkflowActivities.js.Tridion.Cme.WorkflowActivities._handleAction.html" visibility="prototype" rawName="Tridion.Cme.WorkflowActivities.prototype._handleAction" fullName="Tridion.Cme.WorkflowActivities._handleAction" staticName="WorkflowActivities._handleAction" synopsis="_handleAction(event: Object): Void" synopsisExtended="_handleAction(event: Object): Void" type="Object">
                          <arguments value="event">
                            <argument name="event" type="Object" />
                          </arguments>
                        </method>
                        <method name="_handleTaskCreated" url=".Anguilla.WorkflowActivities.js.Tridion.Cme.WorkflowActivities._handleTaskCreated.html" visibility="prototype" rawName="Tridion.Cme.WorkflowActivities.prototype._handleTaskCreated" fullName="Tridion.Cme.WorkflowActivities._handleTaskCreated" staticName="WorkflowActivities._handleTaskCreated" synopsis="_handleTaskCreated(event: Object): Void" synopsisExtended="_handleTaskCreated(event: Object): Void" type="Object">
                          <arguments value="event">
                            <argument name="event" type="Object" />
                          </arguments>
                        </method>
                      </methods>
                    </members>
                  </class>
                </classes>
              </members>
            </property>
          </properties>
        </members>
      </property>
    </properties>
  </members>
</document>