<document name="WorkflowInfo.js" url="WorkflowInfo.js.html" visibility="default" rawName="WorkflowInfo.js" fullName="WorkflowInfo.js" staticName="Anguilla.WorkflowInfo.js">
  <members>
    <properties>
      <property name="Tridion" url=".Anguilla.WorkflowInfo.js.Tridion.html" visibility="public" rawName="Tridion" fullName="Tridion" staticName="WorkflowInfo.js.Tridion" synopsis="WorkflowInfo.js.Tridion: Object;" synopsisExtended="WorkflowInfo.js.Tridion: &lt;a href=&quot;&quot;&gt;Object&lt;/a&gt;;" type="Object" virtual="true">
        <members>
          <properties>
            <property name="ContentManager" url=".Anguilla.WorkflowInfo.js.Tridion.ContentManager.html" visibility="static" rawName="Tridion.ContentManager" fullName="Tridion.ContentManager" staticName="Tridion.ContentManager" synopsis="Tridion.ContentManager: Object;" synopsisExtended="Tridion.ContentManager: &lt;a href=&quot;&quot;&gt;Object&lt;/a&gt;;" type="Object" virtual="true">
              <members>
                <classes>
                  <class name="WorkflowInfo" url=".Anguilla.WorkflowInfo.js.Tridion.ContentManager.WorkflowInfo.html" visibility="static" rawName="Tridion.ContentManager.WorkflowInfo" fullName="Tridion.ContentManager.WorkflowInfo" staticName="ContentManager.WorkflowInfo" synopsis="var x: WorkflowInfo = new WorkflowInfo(processTitle: String, title: String, description: String, assignedTo: String, perfomedBy: String, created: String, started: String, finished: String, message: String);" synopsisExtended="var x: &lt;a href=&quot;.Anguilla.WorkflowInfo.js.Tridion.ContentManager.WorkflowInfo.html&quot;&gt;WorkflowInfo&lt;/a&gt; = new WorkflowInfo(processTitle: String, title: String, description: String, assignedTo: String, perfomedBy: String, created: String, started: String, finished: String, message: String);" type="Object">
                    <arguments value="processTitle, processId, activityId, title, description,&#xA;	assignedTo, assignedToID, perfomedBy, perfomedByID, created, started, finished,	message">
                      <argument name="processTitle" type="String" description="The title of the workflow process." />
                      <argument name="title" type="String" description="The title of the workflow process." />
                      <argument name="description" type="String" description="The description of the workflow activity." />
                      <argument name="assignedTo" type="String" description="Assignet person." />
                      <argument name="perfomedBy" type="String" description="Activity perfomer." />
                      <argument name="created" type="String" description="Activity creation time." />
                      <argument name="started" type="String" description="Activity starting time." />
                      <argument name="finished" type="String" description="Activity finishing time." />
                      <argument name="message" type="String" description="Messages from the previous avtivities." />
                    </arguments>
                    <extends />
                    <documentation rawString="&#xA; * Provides information about a TCM item workflow.&#xA; * @constructor&#xA; * @param {String} processTitle The title of the workflow process.&#xA; * @param {String} title The title of the workflow process.&#xA; * @param {String} description The description of the workflow activity.&#xA; * @param {String} assignedTo Assignet person.&#xA; * @param {String} perfomedBy Activity perfomer.&#xA; * @param {String} created Activity creation time.&#xA; * @param {String} started Activity starting time.&#xA; * @param {String} finished Activity finishing time.&#xA; * @param {String} message Messages from the previous avtivities.&#xA; ">
                      <summary>Provides information about a TCM item workflow.</summary>
                    </documentation>
                    <members>
                      <methods>
                        <method name="addProperty" url=".Anguilla.WorkflowInfo.js.Tridion.ContentManager.WorkflowInfo.addProperty.html" visibility="prototype" rawName="Tridion.ContentManager.WorkflowInfo.prototype.addProperty" fullName="Tridion.ContentManager.WorkflowInfo.addProperty" staticName="WorkflowInfo.addProperty" synopsis="addProperty(property: String, value: String): Boolean" synopsisExtended="addProperty(property: String, value: String): Boolean" type="Object">
                          <arguments value="property, value">
                            <argument name="property" type="String" description="The name of the property to set." />
                            <argument name="value" type="String" description="The value of the property to set." />
                          </arguments>
                          <documentation rawString="&#xA; * Adds or sets a property of this object.&#xA; * @param {String} property The name of the property to set.&#xA; * @param {String} value The value of the property to set.&#xA; * @returns {Boolean} &lt;c&gt;true&lt;/c&gt; if the property has been successfully set; otherwise &lt;c&gt;false&lt;/c&gt;.&#xA; ">
                            <summary>Adds or sets a property of this object.</summary>
                          </documentation>
                          <returns type="Boolean" description="&lt;c&gt;true&lt;/c&gt; if the property has been successfully set; otherwise &lt;c&gt;false&lt;/c&gt;." />
                        </method>
                      </methods>
                      <properties>
                        <property name="ProcessTitle" url=".Anguilla.WorkflowInfo.js.Tridion.ContentManager.WorkflowInfo.ProcessTitle.html" visibility="instance" rawName="this.ProcessTitle" fullName="this.ProcessTitle" staticName="WorkflowInfo.ProcessTitle" synopsis="WorkflowInfo.ProcessTitle: String;" synopsisExtended="WorkflowInfo.ProcessTitle: &lt;a href=&quot;&quot;&gt;String&lt;/a&gt;;" type="String">
                          <documentation rawString="&#xA;	* The title of the workflow process.&#xA;	* @type {String}&#xA;	">
                            <summary>The title of the workflow process.</summary>
                          </documentation>
                        </property>
                        <property name="ProcessId" url=".Anguilla.WorkflowInfo.js.Tridion.ContentManager.WorkflowInfo.ProcessId.html" visibility="instance" rawName="this.ProcessId" fullName="this.ProcessId" staticName="WorkflowInfo.ProcessId" synopsis="WorkflowInfo.ProcessId: String;" synopsisExtended="WorkflowInfo.ProcessId: &lt;a href=&quot;&quot;&gt;String&lt;/a&gt;;" type="String">
                          <documentation rawString="&#xA;	* The id of the workflow process.&#xA;	* @type {String}&#xA;	">
                            <summary>The id of the workflow process.</summary>
                          </documentation>
                        </property>
                        <property name="ActivityId" url=".Anguilla.WorkflowInfo.js.Tridion.ContentManager.WorkflowInfo.ActivityId.html" visibility="instance" rawName="this.ActivityId" fullName="this.ActivityId" staticName="WorkflowInfo.ActivityId" synopsis="WorkflowInfo.ActivityId: String;" synopsisExtended="WorkflowInfo.ActivityId: &lt;a href=&quot;&quot;&gt;String&lt;/a&gt;;" type="String">
                          <documentation rawString="&#xA;	* The id of the workflow process.&#xA;	* @type {String}&#xA;	">
                            <summary>The id of the workflow process.</summary>
                          </documentation>
                        </property>
                        <property name="ActivityTitle" url=".Anguilla.WorkflowInfo.js.Tridion.ContentManager.WorkflowInfo.ActivityTitle.html" visibility="instance" rawName="this.ActivityTitle" fullName="this.ActivityTitle" staticName="WorkflowInfo.ActivityTitle" synopsis="WorkflowInfo.ActivityTitle: String;" synopsisExtended="WorkflowInfo.ActivityTitle: &lt;a href=&quot;&quot;&gt;String&lt;/a&gt;;" type="String">
                          <documentation rawString="&#xA;	* The title of the workflow activity.&#xA;	* @type {String}&#xA;	">
                            <summary>The title of the workflow activity.</summary>
                          </documentation>
                        </property>
                        <property name="ActivityDescription" url=".Anguilla.WorkflowInfo.js.Tridion.ContentManager.WorkflowInfo.ActivityDescription.html" visibility="instance" rawName="this.ActivityDescription" fullName="this.ActivityDescription" staticName="WorkflowInfo.ActivityDescription" synopsis="WorkflowInfo.ActivityDescription: String;" synopsisExtended="WorkflowInfo.ActivityDescription: &lt;a href=&quot;&quot;&gt;String&lt;/a&gt;;" type="String">
                          <documentation rawString="&#xA;	* The description of the workflow activity.&#xA;	* @type {String}&#xA;	">
                            <summary>The description of the workflow activity.</summary>
                          </documentation>
                        </property>
                        <property name="ActivityAssignedTo" url=".Anguilla.WorkflowInfo.js.Tridion.ContentManager.WorkflowInfo.ActivityAssignedTo.html" visibility="instance" rawName="this.ActivityAssignedTo" fullName="this.ActivityAssignedTo" staticName="WorkflowInfo.ActivityAssignedTo" synopsis="WorkflowInfo.ActivityAssignedTo: String;" synopsisExtended="WorkflowInfo.ActivityAssignedTo: &lt;a href=&quot;&quot;&gt;String&lt;/a&gt;;" type="String">
                          <documentation rawString="&#xA;	* Assigned person's name.&#xA;	* @type {String}&#xA;	">
                            <summary>Assigned person's name.</summary>
                          </documentation>
                        </property>
                        <property name="ActivityAssignedToID" url=".Anguilla.WorkflowInfo.js.Tridion.ContentManager.WorkflowInfo.ActivityAssignedToID.html" visibility="instance" rawName="this.ActivityAssignedToID" fullName="this.ActivityAssignedToID" staticName="WorkflowInfo.ActivityAssignedToID" synopsis="WorkflowInfo.ActivityAssignedToID: String;" synopsisExtended="WorkflowInfo.ActivityAssignedToID: &lt;a href=&quot;&quot;&gt;String&lt;/a&gt;;" type="String">
                          <documentation rawString="&#xA;	* Assigned person's ID.&#xA;	* @type {String}&#xA;	">
                            <summary>Assigned person's ID.</summary>
                          </documentation>
                        </property>
                        <property name="ActivityPerfomedBy" url=".Anguilla.WorkflowInfo.js.Tridion.ContentManager.WorkflowInfo.ActivityPerfomedBy.html" visibility="instance" rawName="this.ActivityPerfomedBy" fullName="this.ActivityPerfomedBy" staticName="WorkflowInfo.ActivityPerfomedBy" synopsis="WorkflowInfo.ActivityPerfomedBy: String;" synopsisExtended="WorkflowInfo.ActivityPerfomedBy: &lt;a href=&quot;&quot;&gt;String&lt;/a&gt;;" type="String">
                          <documentation rawString="&#xA;	* Activity perfomer's name.&#xA;	* @type {String}&#xA;	">
                            <summary>Activity perfomer's name.</summary>
                          </documentation>
                        </property>
                        <property name="ActivityPerfomedByID" url=".Anguilla.WorkflowInfo.js.Tridion.ContentManager.WorkflowInfo.ActivityPerfomedByID.html" visibility="instance" rawName="this.ActivityPerfomedByID" fullName="this.ActivityPerfomedByID" staticName="WorkflowInfo.ActivityPerfomedByID" synopsis="WorkflowInfo.ActivityPerfomedByID: String;" synopsisExtended="WorkflowInfo.ActivityPerfomedByID: &lt;a href=&quot;&quot;&gt;String&lt;/a&gt;;" type="String">
                          <documentation rawString="&#xA;	* Activity perfomer's ID.&#xA;	* @type {String}&#xA;	">
                            <summary>Activity perfomer's ID.</summary>
                          </documentation>
                        </property>
                        <property name="ActivityCreated" url=".Anguilla.WorkflowInfo.js.Tridion.ContentManager.WorkflowInfo.ActivityCreated.html" visibility="instance" rawName="this.ActivityCreated" fullName="this.ActivityCreated" staticName="WorkflowInfo.ActivityCreated" synopsis="WorkflowInfo.ActivityCreated: String;" synopsisExtended="WorkflowInfo.ActivityCreated: &lt;a href=&quot;&quot;&gt;String&lt;/a&gt;;" type="String">
                          <documentation rawString="&#xA;	* Activity creation time.&#xA;	* @type {String}&#xA;	">
                            <summary>Activity creation time.</summary>
                          </documentation>
                        </property>
                        <property name="ActivityStarted" url=".Anguilla.WorkflowInfo.js.Tridion.ContentManager.WorkflowInfo.ActivityStarted.html" visibility="instance" rawName="this.ActivityStarted" fullName="this.ActivityStarted" staticName="WorkflowInfo.ActivityStarted" synopsis="WorkflowInfo.ActivityStarted: String;" synopsisExtended="WorkflowInfo.ActivityStarted: &lt;a href=&quot;&quot;&gt;String&lt;/a&gt;;" type="String">
                          <documentation rawString="&#xA;	* Activity starting time.&#xA;	* @type {String}&#xA;	">
                            <summary>Activity starting time.</summary>
                          </documentation>
                        </property>
                        <property name="ActivityFinished" url=".Anguilla.WorkflowInfo.js.Tridion.ContentManager.WorkflowInfo.ActivityFinished.html" visibility="instance" rawName="this.ActivityFinished" fullName="this.ActivityFinished" staticName="WorkflowInfo.ActivityFinished" synopsis="WorkflowInfo.ActivityFinished: String;" synopsisExtended="WorkflowInfo.ActivityFinished: &lt;a href=&quot;&quot;&gt;String&lt;/a&gt;;" type="String">
                          <documentation rawString="&#xA;	* Activity finishing time.&#xA;	* @type {String}&#xA;	">
                            <summary>Activity finishing time.</summary>
                          </documentation>
                        </property>
                        <property name="PreviousMessage" url=".Anguilla.WorkflowInfo.js.Tridion.ContentManager.WorkflowInfo.PreviousMessage.html" visibility="instance" rawName="this.PreviousMessage" fullName="this.PreviousMessage" staticName="WorkflowInfo.PreviousMessage" synopsis="WorkflowInfo.PreviousMessage: String;" synopsisExtended="WorkflowInfo.PreviousMessage: &lt;a href=&quot;&quot;&gt;String&lt;/a&gt;;" type="String">
                          <documentation rawString="&#xA;	* Messages from the previous avtivities.&#xA;	* @type {String}&#xA;	">
                            <summary>Messages from the previous avtivities.</summary>
                          </documentation>
                        </property>
                      </properties>
                    </members>
                  </class>
                </classes>
              </members>
            </property>
          </properties>
        </members>
      </property>
    </properties>
  </members>
</document>