<document name="WorkflowSchema.js" url="WorkflowSchema.js.html" visibility="default" rawName="WorkflowSchema.js" fullName="WorkflowSchema.js" staticName="Anguilla.WorkflowSchema.js">
  <members>
    <properties>
      <property name="Tridion" url=".Anguilla.WorkflowSchema.js.Tridion.html" visibility="public" rawName="Tridion" fullName="Tridion" staticName="WorkflowSchema.js.Tridion" synopsis="WorkflowSchema.js.Tridion: Object;" synopsisExtended="WorkflowSchema.js.Tridion: &lt;a href=&quot;&quot;&gt;Object&lt;/a&gt;;" type="Object" virtual="true">
        <members>
          <properties>
            <property name="Cme" url=".Anguilla.WorkflowSchema.js.Tridion.Cme.html" visibility="static" rawName="Tridion.Cme" fullName="Tridion.Cme" staticName="Tridion.Cme" synopsis="Tridion.Cme: Object;" synopsisExtended="Tridion.Cme: &lt;a href=&quot;&quot;&gt;Object&lt;/a&gt;;" type="Object" virtual="true">
              <members>
                <properties>
                  <property name="WorkflowTab" url=".Anguilla.WorkflowSchema.js.Tridion.Cme.WorkflowTab.html" visibility="static" rawName="Tridion.Cme.WorkflowTab" fullName="Tridion.Cme.WorkflowTab" staticName="Cme.WorkflowTab" synopsis="Cme.WorkflowTab: Object;" synopsisExtended="Cme.WorkflowTab: &lt;a href=&quot;&quot;&gt;Object&lt;/a&gt;;" type="Object" virtual="true">
                    <members>
                      <classes>
                        <class name="WorkflowSchema" url=".Anguilla.WorkflowSchema.js.Tridion.Cme.WorkflowTab.WorkflowSchema.html" visibility="static" rawName="Tridion.Cme.WorkflowTab.WorkflowSchema" fullName="Tridion.Cme.WorkflowTab.WorkflowSchema" staticName="WorkflowTab.WorkflowSchema" synopsis="var x: WorkflowSchema = new WorkflowSchema(element: Object);" synopsisExtended="var x: &lt;a href=&quot;.Anguilla.WorkflowSchema.js.Tridion.Cme.WorkflowTab.WorkflowSchema.html&quot;&gt;WorkflowSchema&lt;/a&gt; = new WorkflowSchema(element: Object);" type="Object">
                          <arguments value="element">
                            <argument name="element" type="Object" />
                          </arguments>
                          <extends />
                          <documentation rawString="&#xA; * Implements Workflow for Schema view.&#xA; * @constructor&#xA; ">
                            <summary>Implements Workflow for Schema view.</summary>
                          </documentation>
                          <members>
                            <methods>
                              <method name="initialize" url=".Anguilla.WorkflowSchema.js.Tridion.Cme.WorkflowTab.WorkflowSchema.initialize.html" visibility="prototype" rawName="Tridion.Cme.WorkflowTab.WorkflowSchema.prototype.initialize" fullName="Tridion.Cme.WorkflowTab.WorkflowSchema.initialize" staticName="WorkflowSchema.initialize" synopsis="initialize(): Void" synopsisExtended="initialize(): Void" type="Object" />
                              <method name="disposeInterface" url=".Anguilla.WorkflowSchema.js.Tridion.Cme.WorkflowTab.WorkflowSchema.disposeInterface.html" visibility="prototype" rawName="Tridion.Cme.WorkflowTab.WorkflowSchema.prototype.disposeInterface" fullName="Tridion.Cme.WorkflowTab.WorkflowSchema.disposeInterface" staticName="WorkflowSchema.disposeInterface" synopsis="disposeInterface(): Void" synopsisExtended="disposeInterface(): Void" type="Object" />
                              <method name="repaint" url=".Anguilla.WorkflowSchema.js.Tridion.Cme.WorkflowTab.WorkflowSchema.repaint.html" visibility="prototype" rawName="Tridion.Cme.WorkflowTab.WorkflowSchema.prototype.repaint" fullName="Tridion.Cme.WorkflowTab.WorkflowSchema.repaint" staticName="WorkflowSchema.repaint" synopsis="repaint(): Void" synopsisExtended="repaint(): Void" type="Object" />
                              <method name="_onTabSelect" url=".Anguilla.WorkflowSchema.js.Tridion.Cme.WorkflowTab.WorkflowSchema._onTabSelect.html" visibility="prototype" rawName="Tridion.Cme.WorkflowTab.WorkflowSchema.prototype._onTabSelect" fullName="Tridion.Cme.WorkflowTab.WorkflowSchema._onTabSelect" staticName="WorkflowSchema._onTabSelect" synopsis="_onTabSelect(The: event.): Void" synopsisExtended="_onTabSelect(The: event.): Void" type="Object">
                                <arguments value="event">
                                  <argument name="The" type="event." description="event is the event fired from the tab control." />
                                </arguments>
                                <documentation rawString="&#xA; * Handles the beforeselect events of tab control&#xA; * @param {Tridion.Core.Event} event. The event is the event fired from the tab control.&#xA; ">
                                  <summary>Handles the beforeselect events of tab control</summary>
                                </documentation>
                              </method>
                              <method name="onRefresh" url=".Anguilla.WorkflowSchema.js.Tridion.Cme.WorkflowTab.WorkflowSchema.onRefresh.html" visibility="prototype" rawName="Tridion.Cme.WorkflowTab.WorkflowSchema.prototype.onRefresh" fullName="Tridion.Cme.WorkflowTab.WorkflowSchema.onRefresh" staticName="WorkflowSchema.onRefresh" synopsis="onRefresh(The: e.): Void" synopsisExtended="onRefresh(The: e.): Void" type="Object">
                                <arguments value="e">
                                  <argument name="The" type="e." description="event is fired from the &lt;c&gt;Tridion.DisplayController&lt;/c&gt;." />
                                </arguments>
                                <documentation rawString="&#xA; * Reacts on Display Refresh event.&#xA; * @param {Tridion.Core.Event} e. The event is fired from the &lt;c&gt;Tridion.DisplayController&lt;/c&gt;.&#xA; ">
                                  <summary>Reacts on Display Refresh event.</summary>
                                </documentation>
                              </method>
                              <method name="itemLoaded" url=".Anguilla.WorkflowSchema.js.Tridion.Cme.WorkflowTab.WorkflowSchema.itemLoaded.html" visibility="prototype" rawName="Tridion.Cme.WorkflowTab.WorkflowSchema.prototype.itemLoaded" fullName="Tridion.Cme.WorkflowTab.WorkflowSchema.itemLoaded" staticName="WorkflowSchema.itemLoaded" synopsis="itemLoaded(): Void" synopsisExtended="itemLoaded(): Void" type="Object">
                                <documentation rawString="&#xA; * Handles the item loaded event on the Item.&#xA; ">
                                  <summary>Handles the item loaded event on the Item.</summary>
                                </documentation>
                              </method>
                              <method name="itemLoadFailed" url=".Anguilla.WorkflowSchema.js.Tridion.Cme.WorkflowTab.WorkflowSchema.itemLoadFailed.html" visibility="prototype" rawName="Tridion.Cme.WorkflowTab.WorkflowSchema.prototype.itemLoadFailed" fullName="Tridion.Cme.WorkflowTab.WorkflowSchema.itemLoadFailed" staticName="WorkflowSchema.itemLoadFailed" synopsis="itemLoadFailed(): Void" synopsisExtended="itemLoadFailed(): Void" type="Object">
                                <documentation rawString="&#xA; * Handles the item loaded event on the Item.&#xA; ">
                                  <summary>Handles the item loaded event on the Item.</summary>
                                </documentation>
                              </method>
                              <method name="itemLoading" url=".Anguilla.WorkflowSchema.js.Tridion.Cme.WorkflowTab.WorkflowSchema.itemLoading.html" visibility="prototype" rawName="Tridion.Cme.WorkflowTab.WorkflowSchema.prototype.itemLoading" fullName="Tridion.Cme.WorkflowTab.WorkflowSchema.itemLoading" staticName="WorkflowSchema.itemLoading" synopsis="itemLoading(): Void" synopsisExtended="itemLoading(): Void" type="Object">
                                <documentation rawString="&#xA; * Handles the item loading event on the Item.&#xA; ">
                                  <summary>Handles the item loading event on the Item.</summary>
                                </documentation>
                              </method>
                              <method name="onFieldsChanged" url=".Anguilla.WorkflowSchema.js.Tridion.Cme.WorkflowTab.WorkflowSchema.onFieldsChanged.html" visibility="prototype" rawName="Tridion.Cme.WorkflowTab.WorkflowSchema.prototype.onFieldsChanged" fullName="Tridion.Cme.WorkflowTab.WorkflowSchema.onFieldsChanged" staticName="WorkflowSchema.onFieldsChanged" synopsis="onFieldsChanged(The: event.): Void" synopsisExtended="onFieldsChanged(The: event.): Void" type="Object">
                                <arguments value="event">
                                  <argument name="The" type="event." description="event is the event fired from the Fields." />
                                </arguments>
                                <documentation rawString="&#xA; * Handles the change events from Fields.&#xA; * @param {Tridion.Core.Event} event. The event is the event fired from the Fields.&#xA; ">
                                  <summary>Handles the change events from Fields.</summary>
                                </documentation>
                              </method>
                              <method name="itemChanged" url=".Anguilla.WorkflowSchema.js.Tridion.Cme.WorkflowTab.WorkflowSchema.itemChanged.html" visibility="prototype" rawName="Tridion.Cme.WorkflowTab.WorkflowSchema.prototype.itemChanged" fullName="Tridion.Cme.WorkflowTab.WorkflowSchema.itemChanged" staticName="WorkflowSchema.itemChanged" synopsis="itemChanged(event: Object): Void" synopsisExtended="itemChanged(event: Object): Void" type="Object">
                                <arguments value="event">
                                  <argument name="event" type="Object" />
                                </arguments>
                              </method>
                              <method name="_showInitialPreferredBundleProcessDropdownValue" url=".Anguilla.WorkflowSchema.js.Tridion.Cme.WorkflowTab.WorkflowSchema._showInitialPreferredBundleProcessDropdownValue.html" visibility="prototype" rawName="Tridion.Cme.WorkflowTab.WorkflowSchema.prototype._showInitialPreferredBundleProcessDropdownValue" fullName="Tridion.Cme.WorkflowTab.WorkflowSchema._showInitialPreferredBundleProcessDropdownValue" staticName="WorkflowSchema._showInitialPreferredBundleProcessDropdownValue" synopsis="_showInitialPreferredBundleProcessDropdownValue(): Void" synopsisExtended="_showInitialPreferredBundleProcessDropdownValue(): Void" type="Object" />
                              <method name="_getControlDependedList" url=".Anguilla.WorkflowSchema.js.Tridion.Cme.WorkflowTab.WorkflowSchema._getControlDependedList.html" visibility="prototype" rawName="Tridion.Cme.WorkflowTab.WorkflowSchema.prototype._getControlDependedList" fullName="Tridion.Cme.WorkflowTab.WorkflowSchema._getControlDependedList" staticName="WorkflowSchema._getControlDependedList" synopsis="_getControlDependedList(dropdownControl: Tridion.Controls.Dropdown): Tridion.ContentManager.List" synopsisExtended="_getControlDependedList(dropdownControl: Tridion.Controls.Dropdown): Tridion.ContentManager.List" type="Object">
                                <arguments value="dropdownControl">
                                  <argument name="dropdownControl" type="Tridion.Controls.Dropdown" description="A reference to used dropdown control." />
                                </arguments>
                                <documentation rawString="&#xA; * Gets the list which corresponds to dropdown control&#xA; * @param {Tridion.Controls.Dropdown} dropdownControl A reference to used dropdown control.&#xA; * @return {Tridion.ContentManager.List} Corresponded list.&#xA; ">
                                  <summary>Gets the list which corresponds to dropdown control</summary>
                                </documentation>
                                <returns type="Tridion.ContentManager.List" description="Corresponded list." />
                              </method>
                              <method name="_onPreferredBundleProcessDropdownLoaded" url=".Anguilla.WorkflowSchema.js.Tridion.Cme.WorkflowTab.WorkflowSchema._onPreferredBundleProcessDropdownLoaded.html" visibility="prototype" rawName="Tridion.Cme.WorkflowTab.WorkflowSchema.prototype._onPreferredBundleProcessDropdownLoaded" fullName="Tridion.Cme.WorkflowTab.WorkflowSchema._onPreferredBundleProcessDropdownLoaded" staticName="WorkflowSchema._onPreferredBundleProcessDropdownLoaded" synopsis="_onPreferredBundleProcessDropdownLoaded(event: Object): Void" synopsisExtended="_onPreferredBundleProcessDropdownLoaded(event: Object): Void" type="Object">
                                <arguments value="event">
                                  <argument name="event" type="Object" />
                                </arguments>
                              </method>
                              <method name="initializeControls" url=".Anguilla.WorkflowSchema.js.Tridion.Cme.WorkflowTab.WorkflowSchema.initializeControls.html" visibility="private" rawName="Tridion.Cme.WorkflowTab.WorkflowSchema.prototype.initializeControls" fullName="Tridion.Cme.WorkflowTab.WorkflowSchema.initializeControls" staticName="WorkflowSchema.initializeControls" synopsis="initializeControls(): Void" synopsisExtended="initializeControls(): Void" type="Object">
                                <documentation rawString="&#xA; * Initializes related controls.&#xA; * @private&#xA; ">
                                  <summary>Initializes related controls.</summary>
                                </documentation>
                              </method>
                            </methods>
                          </members>
                        </class>
                      </classes>
                    </members>
                  </property>
                </properties>
              </members>
            </property>
          </properties>
        </members>
      </property>
    </properties>
  </members>
</document>