<document name="Workflow.Translator.ascx.js" url="Workflow.Translator.ascx.js.html" visibility="default" rawName="Workflow.Translator.ascx.js" fullName="Workflow.Translator.ascx.js" staticName="Anguilla.Workflow.Translator.ascx.js">
  <members>
    <properties>
      <property name="Tridion" url=".Anguilla.Workflow.Translator.ascx.js.Tridion.html" visibility="public" rawName="Tridion" fullName="Tridion" staticName="Workflow.Translator.ascx.js.Tridion" synopsis="Workflow.Translator.ascx.js.Tridion: Object;" synopsisExtended="Workflow.Translator.ascx.js.Tridion: &lt;a href=&quot;&quot;&gt;Object&lt;/a&gt;;" type="Object" virtual="true">
        <members>
          <properties>
            <property name="Cme" url=".Anguilla.Workflow.Translator.ascx.js.Tridion.Cme.html" visibility="static" rawName="Tridion.Cme" fullName="Tridion.Cme" staticName="Tridion.Cme" synopsis="Tridion.Cme: Object;" synopsisExtended="Tridion.Cme: &lt;a href=&quot;&quot;&gt;Object&lt;/a&gt;;" type="Object" virtual="true">
              <members>
                <properties>
                  <property name="TridionDashboard" url=".Anguilla.Workflow.Translator.ascx.js.Tridion.Cme.TridionDashboard.html" visibility="static" rawName="Tridion.Cme.TridionDashboard" fullName="Tridion.Cme.TridionDashboard" staticName="Cme.TridionDashboard" synopsis="Cme.TridionDashboard: Object;" synopsisExtended="Cme.TridionDashboard: &lt;a href=&quot;&quot;&gt;Object&lt;/a&gt;;" type="Object" virtual="true">
                    <members>
                      <methods>
                        <method name="WorkflowPageItemTitleTranslator" url=".Anguilla.Workflow.Translator.ascx.js.Tridion.Cme.TridionDashboard.WorkflowPageItemTitleTranslator.html" visibility="static" rawName="Tridion.Cme.TridionDashboard.WorkflowPageItemTitleTranslator" fullName="Tridion.Cme.TridionDashboard.WorkflowPageItemTitleTranslator" staticName="TridionDashboard.WorkflowPageItemTitleTranslator" synopsis="WorkflowPageItemTitleTranslator(itemTitle: Object): Void" synopsisExtended="WorkflowPageItemTitleTranslator(itemTitle: Object): Void" type="Object">
                          <arguments value="itemTitle">
                            <argument name="itemTitle" type="Object" />
                          </arguments>
                        </method>
                        <method name="WorkflowPageAvatarTranslator" url=".Anguilla.Workflow.Translator.ascx.js.Tridion.Cme.TridionDashboard.WorkflowPageAvatarTranslator.html" visibility="static" rawName="Tridion.Cme.TridionDashboard.WorkflowPageAvatarTranslator" fullName="Tridion.Cme.TridionDashboard.WorkflowPageAvatarTranslator" staticName="TridionDashboard.WorkflowPageAvatarTranslator" synopsis="WorkflowPageAvatarTranslator(owner: Object): Void" synopsisExtended="WorkflowPageAvatarTranslator(owner: Object): Void" type="Object">
                          <arguments value="owner">
                            <argument name="owner" type="Object" />
                          </arguments>
                        </method>
                        <method name="WorkflowPageAssigneeTranslator" url=".Anguilla.Workflow.Translator.ascx.js.Tridion.Cme.TridionDashboard.WorkflowPageAssigneeTranslator.html" visibility="static" rawName="Tridion.Cme.TridionDashboard.WorkflowPageAssigneeTranslator" fullName="Tridion.Cme.TridionDashboard.WorkflowPageAssigneeTranslator" staticName="TridionDashboard.WorkflowPageAssigneeTranslator" synopsis="WorkflowPageAssigneeTranslator(assignee: Object): Void" synopsisExtended="WorkflowPageAssigneeTranslator(assignee: Object): Void" type="Object">
                          <arguments value="assignee">
                            <argument name="assignee" type="Object" />
                          </arguments>
                        </method>
                        <method name="WorkflowPageFinishedByTranslator" url=".Anguilla.Workflow.Translator.ascx.js.Tridion.Cme.TridionDashboard.WorkflowPageFinishedByTranslator.html" visibility="static" rawName="Tridion.Cme.TridionDashboard.WorkflowPageFinishedByTranslator" fullName="Tridion.Cme.TridionDashboard.WorkflowPageFinishedByTranslator" staticName="TridionDashboard.WorkflowPageFinishedByTranslator" synopsis="WorkflowPageFinishedByTranslator(owner: Object): Void" synopsisExtended="WorkflowPageFinishedByTranslator(owner: Object): Void" type="Object">
                          <arguments value="owner">
                            <argument name="owner" type="Object" />
                          </arguments>
                        </method>
                        <method name="WorkflowPageProcessInstanceTranslator" url=".Anguilla.Workflow.Translator.ascx.js.Tridion.Cme.TridionDashboard.WorkflowPageProcessInstanceTranslator.html" visibility="static" rawName="Tridion.Cme.TridionDashboard.WorkflowPageProcessInstanceTranslator" fullName="Tridion.Cme.TridionDashboard.WorkflowPageProcessInstanceTranslator" staticName="TridionDashboard.WorkflowPageProcessInstanceTranslator" synopsis="WorkflowPageProcessInstanceTranslator(value: Object): Void" synopsisExtended="WorkflowPageProcessInstanceTranslator(value: Object): Void" type="Object">
                          <arguments value="value">
                            <argument name="value" type="Object" />
                          </arguments>
                        </method>
                        <method name="WorkflowPageAssignedDateTranslator" url=".Anguilla.Workflow.Translator.ascx.js.Tridion.Cme.TridionDashboard.WorkflowPageAssignedDateTranslator.html" visibility="static" rawName="Tridion.Cme.TridionDashboard.WorkflowPageAssignedDateTranslator" fullName="Tridion.Cme.TridionDashboard.WorkflowPageAssignedDateTranslator" staticName="TridionDashboard.WorkflowPageAssignedDateTranslator" synopsis="WorkflowPageAssignedDateTranslator(date: Object): Void" synopsisExtended="WorkflowPageAssignedDateTranslator(date: Object): Void" type="Object">
                          <arguments value="date">
                            <argument name="date" type="Object" />
                          </arguments>
                        </method>
                        <method name="WorkflowPageFinishedDateTranslator" url=".Anguilla.Workflow.Translator.ascx.js.Tridion.Cme.TridionDashboard.WorkflowPageFinishedDateTranslator.html" visibility="static" rawName="Tridion.Cme.TridionDashboard.WorkflowPageFinishedDateTranslator" fullName="Tridion.Cme.TridionDashboard.WorkflowPageFinishedDateTranslator" staticName="TridionDashboard.WorkflowPageFinishedDateTranslator" synopsis="WorkflowPageFinishedDateTranslator(date: Object): Void" synopsisExtended="WorkflowPageFinishedDateTranslator(date: Object): Void" type="Object">
                          <arguments value="date">
                            <argument name="date" type="Object" />
                          </arguments>
                        </method>
                        <method name="WorkflowPageItemTypeNameTranslator" url=".Anguilla.Workflow.Translator.ascx.js.Tridion.Cme.TridionDashboard.WorkflowPageItemTypeNameTranslator.html" visibility="static" rawName="Tridion.Cme.TridionDashboard.WorkflowPageItemTypeNameTranslator" fullName="Tridion.Cme.TridionDashboard.WorkflowPageItemTypeNameTranslator" staticName="TridionDashboard.WorkflowPageItemTypeNameTranslator" synopsis="WorkflowPageItemTypeNameTranslator(itemType: Object): Void" synopsisExtended="WorkflowPageItemTypeNameTranslator(itemType: Object): Void" type="Object">
                          <arguments value="itemType">
                            <argument name="itemType" type="Object" />
                          </arguments>
                        </method>
                        <method name="WorkflowPageItemTypeTranslator" url=".Anguilla.Workflow.Translator.ascx.js.Tridion.Cme.TridionDashboard.WorkflowPageItemTypeTranslator.html" visibility="static" rawName="Tridion.Cme.TridionDashboard.WorkflowPageItemTypeTranslator" fullName="Tridion.Cme.TridionDashboard.WorkflowPageItemTypeTranslator" staticName="TridionDashboard.WorkflowPageItemTypeTranslator" synopsis="WorkflowPageItemTypeTranslator(itemType: Object): Void" synopsisExtended="WorkflowPageItemTypeTranslator(itemType: Object): Void" type="Object">
                          <arguments value="itemType">
                            <argument name="itemType" type="Object" />
                          </arguments>
                        </method>
                        <method name="WorkflowPageItemCreateDateTranslator" url=".Anguilla.Workflow.Translator.ascx.js.Tridion.Cme.TridionDashboard.WorkflowPageItemCreateDateTranslator.html" visibility="static" rawName="Tridion.Cme.TridionDashboard.WorkflowPageItemCreateDateTranslator" fullName="Tridion.Cme.TridionDashboard.WorkflowPageItemCreateDateTranslator" staticName="TridionDashboard.WorkflowPageItemCreateDateTranslator" synopsis="WorkflowPageItemCreateDateTranslator(date: Object): Void" synopsisExtended="WorkflowPageItemCreateDateTranslator(date: Object): Void" type="Object">
                          <arguments value="date">
                            <argument name="date" type="Object" />
                          </arguments>
                        </method>
                        <method name="WorkflowPageItemStartDateTranslator" url=".Anguilla.Workflow.Translator.ascx.js.Tridion.Cme.TridionDashboard.WorkflowPageItemStartDateTranslator.html" visibility="static" rawName="Tridion.Cme.TridionDashboard.WorkflowPageItemStartDateTranslator" fullName="Tridion.Cme.TridionDashboard.WorkflowPageItemStartDateTranslator" staticName="TridionDashboard.WorkflowPageItemStartDateTranslator" synopsis="WorkflowPageItemStartDateTranslator(date: Object): Void" synopsisExtended="WorkflowPageItemStartDateTranslator(date: Object): Void" type="Object">
                          <arguments value="date">
                            <argument name="date" type="Object" />
                          </arguments>
                        </method>
                        <method name="WorkflowPageItemFinishDateTranslator" url=".Anguilla.Workflow.Translator.ascx.js.Tridion.Cme.TridionDashboard.WorkflowPageItemFinishDateTranslator.html" visibility="static" rawName="Tridion.Cme.TridionDashboard.WorkflowPageItemFinishDateTranslator" fullName="Tridion.Cme.TridionDashboard.WorkflowPageItemFinishDateTranslator" staticName="TridionDashboard.WorkflowPageItemFinishDateTranslator" synopsis="WorkflowPageItemFinishDateTranslator(date: Object): Void" synopsisExtended="WorkflowPageItemFinishDateTranslator(date: Object): Void" type="Object">
                          <arguments value="date">
                            <argument name="date" type="Object" />
                          </arguments>
                        </method>
                      </methods>
                    </members>
                  </property>
                </properties>
              </members>
            </property>
          </properties>
        </members>
      </property>
    </properties>
  </members>
</document>